plot_group,estimator,workload,query_id,seed,q_error,signed_log10_qerror,source
base_selection_cardinality,DuckDB,JOB,1a:ct,,1.0,0.0,C:\Users\vanya\Documents\DATA_SYS_LAB\test44\final_benchmarks\final_paper_results\base_selection_table1\base_selection_qerrors.csv
base_selection_cardinality,PostgreSQL,JOB,1a:ct,,1.0,0.0,C:\Users\vanya\Documents\DATA_SYS_LAB\test44\final_benchmarks\final_paper_results\base_selection_table1\base_selection_qerrors.csv
base_selection_cardinality,DuckDB,JOB,1a:it,,2.0,0.3010299956639812,C:\Users\vanya\Documents\DATA_SYS_LAB\test44\final_benchmarks\final_paper_results\base_selection_table1\base_selection_qerrors.csv
base_selection_cardinality,PostgreSQL,JOB,1a:it,,1.0,0.0,C:\Users\vanya\Documents\DATA_SYS_LAB\test44\final_benchmarks\final_paper_results\base_selection_table1\base_selection_qerrors.csv
base_selection_cardinality,DuckDB,JOB,1a:mc,,1.0180021379671116,0.007748690089486548,C:\Users\vanya\Documents\DATA_SYS_LAB\test44\final_benchmarks\final_paper_results\base_selection_table1\base_selection_qerrors.csv
base_selection_cardinality,PostgreSQL,JOB,1a:mc,,1.7301668503069416,-0.2380879867551057,C:\Users\vanya\Documents\DATA_SYS_LAB\test44\final_benchmarks\final_paper_results\base_selection_table1\base_selection_qerrors.csv
base_selection_cardinality,DuckDB,JOB,1b:ct,,1.0,0.0,C:\Users\vanya\Documents\DATA_SYS_LAB\test44\final_benchmarks\final_paper_results\base_selection_table1\base_selection_qerrors.csv
base_selection_cardinality,PostgreSQL,JOB,1b:ct,,1.0,0.0,C:\Users\vanya\Documents\DATA_SYS_LAB\test44\final_benchmarks\final_paper_results\base_selection_table1\base_selection_qerrors.csv
base_selection_cardinality,DuckDB,JOB,1b:it,,2.0,0.3010299956639812,C:\Users\vanya\Documents\DATA_SYS_LAB\test44\final_benchmarks\final_paper_results\base_selection_table1\base_selection_qerrors.csv
base_selection_cardinality,PostgreSQL,JOB,1b:it,,1.0,0.0,C:\Users\vanya\Documents\DATA_SYS_LAB\test44\final_benchmarks\final_paper_results\base_selection_table1\base_selection_qerrors.csv
base_selection_cardinality,DuckDB,JOB,1b:mc,,2.8806818816537643,-0.45949530108828035,C:\Users\vanya\Documents\DATA_SYS_LAB\test44\final_benchmarks\final_paper_results\base_selection_table1\base_selection_qerrors.csv
base_selection_cardinality,PostgreSQL,JOB,1b:mc,,1.0039671152130918,0.0017194877936744573,C:\Users\vanya\Documents\DATA_SYS_LAB\test44\final_benchmarks\final_paper_results\base_selection_table1\base_selection_qerrors.csv
base_selection_cardinality,DuckDB,JOB,1c:ct,,1.0,0.0,C:\Users\vanya\Documents\DATA_SYS_LAB\test44\final_benchmarks\final_paper_results\base_selection_table1\base_selection_qerrors.csv
base_selection_cardinality,PostgreSQL,JOB,1c:ct,,1.0,0.0,C:\Users\vanya\Documents\DATA_SYS_LAB\test44\final_benchmarks\final_paper_results\base_selection_table1\base_selection_qerrors.csv
base_selection_cardinality,DuckDB,JOB,1c:it,,2.0,0.3010299956639812,C:\Users\vanya\Documents\DATA_SYS_LAB\test44\final_benchmarks\final_paper_results\base_selection_table1\base_selection_qerrors.csv
base_selection_cardinality,PostgreSQL,JOB,1c:it,,1.0,0.0,C:\Users\vanya\Documents\DATA_SYS_LAB\test44\final_benchmarks\final_paper_results\base_selection_table1\base_selection_qerrors.csv
base_selection_cardinality,DuckDB,JOB,1c:mc,,1.0180021379671116,0.007748690089486548,C:\Users\vanya\Documents\DATA_SYS_LAB\test44\final_benchmarks\final_paper_results\base_selection_table1\base_selection_qerrors.csv
base_selection_cardinality,PostgreSQL,JOB,1c:mc,,1.7301668503069416,-0.2380879867551057,C:\Users\vanya\Documents\DATA_SYS_LAB\test44\final_benchmarks\final_paper_results\base_selection_table1\base_selection_qerrors.csv
base_selection_cardinality,DuckDB,JOB,1c:t,,5.0,-0.6989700043360189,C:\Users\vanya\Documents\DATA_SYS_LAB\test44\final_benchmarks\final_paper_results\base_selection_table1\base_selection_qerrors.csv
base_selection_cardinality,PostgreSQL,JOB,1c:t,,1.0,0.0,C:\Users\vanya\Documents\DATA_SYS_LAB\test44\final_benchmarks\final_paper_results\base_selection_table1\base_selection_qerrors.csv
base_selection_cardinality,DuckDB,JOB,1d:ct,,1.0,0.0,C:\Users\vanya\Documents\DATA_SYS_LAB\test44\final_benchmarks\final_paper_results\base_selection_table1\base_selection_qerrors.csv
base_selection_cardinality,PostgreSQL,JOB,1d:ct,,1.0,0.0,C:\Users\vanya\Documents\DATA_SYS_LAB\test44\final_benchmarks\final_paper_results\base_selection_table1\base_selection_qerrors.csv
base_selection_cardinality,DuckDB,JOB,1d:it,,2.0,0.3010299956639812,C:\Users\vanya\Documents\DATA_SYS_LAB\test44\final_benchmarks\final_paper_results\base_selection_table1\base_selection_qerrors.csv
base_selection_cardinality,PostgreSQL,JOB,1d:it,,1.0,0.0,C:\Users\vanya\Documents\DATA_SYS_LAB\test44\final_benchmarks\final_paper_results\base_selection_table1\base_selection_qerrors.csv
base_selection_cardinality,DuckDB,JOB,1d:mc,,2.8806818816537643,-0.45949530108828035,C:\Users\vanya\Documents\DATA_SYS_LAB\test44\final_benchmarks\final_paper_results\base_selection_table1\base_selection_qerrors.csv
base_selection_cardinality,PostgreSQL,JOB,1d:mc,,1.0039671152130918,0.0017194877936744573,C:\Users\vanya\Documents\DATA_SYS_LAB\test44\final_benchmarks\final_paper_results\base_selection_table1\base_selection_qerrors.csv
base_selection_cardinality,DuckDB,JOB,1d:t,,5.0,-0.6989700043360189,C:\Users\vanya\Documents\DATA_SYS_LAB\test44\final_benchmarks\final_paper_results\base_selection_table1\base_selection_qerrors.csv
base_selection_cardinality,PostgreSQL,JOB,1d:t,,1.0,0.0,C:\Users\vanya\Documents\DATA_SYS_LAB\test44\final_benchmarks\final_paper_results\base_selection_table1\base_selection_qerrors.csv
base_selection_cardinality,DuckDB,JOB,2a:cn,,23.75,-1.3756636139608853,C:\Users\vanya\Documents\DATA_SYS_LAB\test44\final_benchmarks\final_paper_results\base_selection_table1\base_selection_qerrors.csv
base_selection_cardinality,PostgreSQL,JOB,2a:cn,,1.0,0.0,C:\Users\vanya\Documents\DATA_SYS_LAB\test44\final_benchmarks\final_paper_results\base_selection_table1\base_selection_qerrors.csv
base_selection_cardinality,DuckDB,JOB,2a:k,,1.0,0.0,C:\Users\vanya\Documents\DATA_SYS_LAB\test44\final_benchmarks\final_paper_results\base_selection_table1\base_selection_qerrors.csv
base_selection_cardinality,PostgreSQL,JOB,2a:k,,1.0,0.0,C:\Users\vanya\Documents\DATA_SYS_LAB\test44\final_benchmarks\final_paper_results\base_selection_table1\base_selection_qerrors.csv
base_selection_cardinality,DuckDB,JOB,2b:cn,,23.75,-1.3756636139608853,C:\Users\vanya\Documents\DATA_SYS_LAB\test44\final_benchmarks\final_paper_results\base_selection_table1\base_selection_qerrors.csv
base_selection_cardinality,PostgreSQL,JOB,2b:cn,,1.0,0.0,C:\Users\vanya\Documents\DATA_SYS_LAB\test44\final_benchmarks\final_paper_results\base_selection_table1\base_selection_qerrors.csv
base_selection_cardinality,DuckDB,JOB,2b:k,,1.0,0.0,C:\Users\vanya\Documents\DATA_SYS_LAB\test44\final_benchmarks\final_paper_results\base_selection_table1\base_selection_qerrors.csv
base_selection_cardinality,PostgreSQL,JOB,2b:k,,1.0,0.0,C:\Users\vanya\Documents\DATA_SYS_LAB\test44\final_benchmarks\final_paper_results\base_selection_table1\base_selection_qerrors.csv
base_selection_cardinality,DuckDB,JOB,2c:cn,,23.75,-1.3756636139608853,C:\Users\vanya\Documents\DATA_SYS_LAB\test44\final_benchmarks\final_paper_results\base_selection_table1\base_selection_qerrors.csv
base_selection_cardinality,PostgreSQL,JOB,2c:cn,,1.0,0.0,C:\Users\vanya\Documents\DATA_SYS_LAB\test44\final_benchmarks\final_paper_results\base_selection_table1\base_selection_qerrors.csv
base_selection_cardinality,DuckDB,JOB,2c:k,,1.0,0.0,C:\Users\vanya\Documents\DATA_SYS_LAB\test44\final_benchmarks\final_paper_results\base_selection_table1\base_selection_qerrors.csv
base_selection_cardinality,PostgreSQL,JOB,2c:k,,1.0,0.0,C:\Users\vanya\Documents\DATA_SYS_LAB\test44\final_benchmarks\final_paper_results\base_selection_table1\base_selection_qerrors.csv
base_selection_cardinality,DuckDB,JOB,2d:cn,,23.75,-1.3756636139608853,C:\Users\vanya\Documents\DATA_SYS_LAB\test44\final_benchmarks\final_paper_results\base_selection_table1\base_selection_qerrors.csv
base_selection_cardinality,PostgreSQL,JOB,2d:cn,,1.0,0.0,C:\Users\vanya\Documents\DATA_SYS_LAB\test44\final_benchmarks\final_paper_results\base_selection_table1\base_selection_qerrors.csv
base_selection_cardinality,DuckDB,JOB,2d:k,,1.0,0.0,C:\Users\vanya\Documents\DATA_SYS_LAB\test44\final_benchmarks\final_paper_results\base_selection_table1\base_selection_qerrors.csv
base_selection_cardinality,PostgreSQL,JOB,2d:k,,1.0,0.0,C:\Users\vanya\Documents\DATA_SYS_LAB\test44\final_benchmarks\final_paper_results\base_selection_table1\base_selection_qerrors.csv
base_selection_cardinality,DuckDB,JOB,3a:k,,2283.0,3.3585059114902354,C:\Users\vanya\Documents\DATA_SYS_LAB\test44\final_benchmarks\final_paper_results\base_selection_table1\base_selection_qerrors.csv
base_selection_cardinality,PostgreSQL,JOB,3a:k,,1.0,0.0,C:\Users\vanya\Documents\DATA_SYS_LAB\test44\final_benchmarks\final_paper_results\base_selection_table1\base_selection_qerrors.csv
base_selection_cardinality,DuckDB,JOB,3a:mi,,19.803494494973673,1.2967418319774906,C:\Users\vanya\Documents\DATA_SYS_LAB\test44\final_benchmarks\final_paper_results\base_selection_table1\base_selection_qerrors.csv
base_selection_cardinality,PostgreSQL,JOB,3a:mi,,1.3409650155129988,-0.12741744767423285,C:\Users\vanya\Documents\DATA_SYS_LAB\test44\final_benchmarks\final_paper_results\base_selection_table1\base_selection_qerrors.csv
base_selection_cardinality,DuckDB,JOB,3a:t,,5.0,-0.6989700043360189,C:\Users\vanya\Documents\DATA_SYS_LAB\test44\final_benchmarks\final_paper_results\base_selection_table1\base_selection_qerrors.csv
base_selection_cardinality,PostgreSQL,JOB,3a:t,,1.0,0.0,C:\Users\vanya\Documents\DATA_SYS_LAB\test44\final_benchmarks\final_paper_results\base_selection_table1\base_selection_qerrors.csv
base_selection_cardinality,DuckDB,JOB,3b:k,,2283.0,3.3585059114902354,C:\Users\vanya\Documents\DATA_SYS_LAB\test44\final_benchmarks\final_paper_results\base_selection_table1\base_selection_qerrors.csv
base_selection_cardinality,PostgreSQL,JOB,3b:k,,1.0,0.0,C:\Users\vanya\Documents\DATA_SYS_LAB\test44\final_benchmarks\final_paper_results\base_selection_table1\base_selection_qerrors.csv
base_selection_cardinality,DuckDB,JOB,3b:mi,,5882.35294117647,-3.769551078621726,C:\Users\vanya\Documents\DATA_SYS_LAB\test44\final_benchmarks\final_paper_results\base_selection_table1\base_selection_qerrors.csv
base_selection_cardinality,PostgreSQL,JOB,3b:mi,,1.00031,0.00013461042585185323,C:\Users\vanya\Documents\DATA_SYS_LAB\test44\final_benchmarks\final_paper_results\base_selection_table1\base_selection_qerrors.csv
base_selection_cardinality,DuckDB,JOB,3b:t,,5.0,-0.6989700043360189,C:\Users\vanya\Documents\DATA_SYS_LAB\test44\final_benchmarks\final_paper_results\base_selection_table1\base_selection_qerrors.csv
base_selection_cardinality,PostgreSQL,JOB,3b:t,,1.0,0.0,C:\Users\vanya\Documents\DATA_SYS_LAB\test44\final_benchmarks\final_paper_results\base_selection_table1\base_selection_qerrors.csv
base_selection_cardinality,DuckDB,JOB,3c:k,,2283.0,3.3585059114902354,C:\Users\vanya\Documents\DATA_SYS_LAB\test44\final_benchmarks\final_paper_results\base_selection_table1\base_selection_qerrors.csv
base_selection_cardinality,PostgreSQL,JOB,3c:k,,1.0,0.0,C:\Users\vanya\Documents\DATA_SYS_LAB\test44\final_benchmarks\final_paper_results\base_selection_table1\base_selection_qerrors.csv
base_selection_cardinality,DuckDB,JOB,3c:mi,,13.60354040500918,1.1336519508893146,C:\Users\vanya\Documents\DATA_SYS_LAB\test44\final_benchmarks\final_paper_results\base_selection_table1\base_selection_qerrors.csv
base_selection_cardinality,PostgreSQL,JOB,3c:mi,,1.2027222991233275,-0.0801653630999213,C:\Users\vanya\Documents\DATA_SYS_LAB\test44\final_benchmarks\final_paper_results\base_selection_table1\base_selection_qerrors.csv
base_selection_cardinality,DuckDB,JOB,3c:t,,5.0,-0.6989700043360189,C:\Users\vanya\Documents\DATA_SYS_LAB\test44\final_benchmarks\final_paper_results\base_selection_table1\base_selection_qerrors.csv
base_selection_cardinality,PostgreSQL,JOB,3c:t,,1.0,0.0,C:\Users\vanya\Documents\DATA_SYS_LAB\test44\final_benchmarks\final_paper_results\base_selection_table1\base_selection_qerrors.csv
base_selection_cardinality,DuckDB,JOB,4a:it,,2.0,0.3010299956639812,C:\Users\vanya\Documents\DATA_SYS_LAB\test44\final_benchmarks\final_paper_results\base_selection_table1\base_selection_qerrors.csv
base_selection_cardinality,PostgreSQL,JOB,4a:it,,1.0,0.0,C:\Users\vanya\Documents\DATA_SYS_LAB\test44\final_benchmarks\final_paper_results\base_selection_table1\base_selection_qerrors.csv
base_selection_cardinality,DuckDB,JOB,4a:k,,152.2,2.182414652434554,C:\Users\vanya\Documents\DATA_SYS_LAB\test44\final_benchmarks\final_paper_results\base_selection_table1\base_selection_qerrors.csv
base_selection_cardinality,PostgreSQL,JOB,4a:k,,15.0,-1.1760912590556813,C:\Users\vanya\Documents\DATA_SYS_LAB\test44\final_benchmarks\final_paper_results\base_selection_table1\base_selection_qerrors.csv
base_selection_cardinality,DuckDB,JOB,4a:mi_idx,,4.650307053282191,-0.6674816296950078,C:\Users\vanya\Documents\DATA_SYS_LAB\test44\final_benchmarks\final_paper_results\base_selection_table1\base_selection_qerrors.csv
base_selection_cardinality,PostgreSQL,JOB,4a:mi_idx,,1.003174639822682,-0.0013765446944941327,C:\Users\vanya\Documents\DATA_SYS_LAB\test44\final_benchmarks\final_paper_results\base_selection_table1\base_selection_qerrors.csv
base_selection_cardinality,DuckDB,JOB,4a:t,,4.801614603010479,-0.6813872988899298,C:\Users\vanya\Documents\DATA_SYS_LAB\test44\final_benchmarks\final_paper_results\base_selection_table1\base_selection_qerrors.csv
base_selection_cardinality,PostgreSQL,JOB,4a:t,,1.0001490819039416,6.474062252572449e-05,C:\Users\vanya\Documents\DATA_SYS_LAB\test44\final_benchmarks\final_paper_results\base_selection_table1\base_selection_qerrors.csv
base_selection_cardinality,DuckDB,JOB,4b:it,,2.0,0.3010299956639812,C:\Users\vanya\Documents\DATA_SYS_LAB\test44\final_benchmarks\final_paper_results\base_selection_table1\base_selection_qerrors.csv
base_selection_cardinality,PostgreSQL,JOB,4b:it,,1.0,0.0,C:\Users\vanya\Documents\DATA_SYS_LAB\test44\final_benchmarks\final_paper_results\base_selection_table1\base_selection_qerrors.csv
base_selection_cardinality,DuckDB,JOB,4b:k,,2283.0,3.3585059114902354,C:\Users\vanya\Documents\DATA_SYS_LAB\test44\final_benchmarks\final_paper_results\base_selection_table1\base_selection_qerrors.csv
base_selection_cardinality,PostgreSQL,JOB,4b:k,,1.0,0.0,C:\Users\vanya\Documents\DATA_SYS_LAB\test44\final_benchmarks\final_paper_results\base_selection_table1\base_selection_qerrors.csv
base_selection_cardinality,DuckDB,JOB,4b:mi_idx,,1.9514279468171791,-0.29035252032267195,C:\Users\vanya\Documents\DATA_SYS_LAB\test44\final_benchmarks\final_paper_results\base_selection_table1\base_selection_qerrors.csv
base_selection_cardinality,PostgreSQL,JOB,4b:mi_idx,,1.003572573799868,-0.0015487841589824879,C:\Users\vanya\Documents\DATA_SYS_LAB\test44\final_benchmarks\final_paper_results\base_selection_table1\base_selection_qerrors.csv
base_selection_cardinality,DuckDB,JOB,4b:t,,5.0,-0.6989700043360189,C:\Users\vanya\Documents\DATA_SYS_LAB\test44\final_benchmarks\final_paper_results\base_selection_table1\base_selection_qerrors.csv
base_selection_cardinality,PostgreSQL,JOB,4b:t,,1.0,0.0,C:\Users\vanya\Documents\DATA_SYS_LAB\test44\final_benchmarks\final_paper_results\base_selection_table1\base_selection_qerrors.csv
base_selection_cardinality,DuckDB,JOB,4c:it,,2.0,0.3010299956639812,C:\Users\vanya\Documents\DATA_SYS_LAB\test44\final_benchmarks\final_paper_results\base_selection_table1\base_selection_qerrors.csv
base_selection_cardinality,PostgreSQL,JOB,4c:it,,1.0,0.0,C:\Users\vanya\Documents\DATA_SYS_LAB\test44\final_benchmarks\final_paper_results\base_selection_table1\base_selection_qerrors.csv
base_selection_cardinality,DuckDB,JOB,4c:k,,152.2,2.182414652434554,C:\Users\vanya\Documents\DATA_SYS_LAB\test44\final_benchmarks\final_paper_results\base_selection_table1\base_selection_qerrors.csv
base_selection_cardinality,PostgreSQL,JOB,4c:k,,15.0,-1.1760912590556813,C:\Users\vanya\Documents\DATA_SYS_LAB\test44\final_benchmarks\final_paper_results\base_selection_table1\base_selection_qerrors.csv
base_selection_cardinality,DuckDB,JOB,4c:mi_idx,,4.987529065723314,-0.6978854396314395,C:\Users\vanya\Documents\DATA_SYS_LAB\test44\final_benchmarks\final_paper_results\base_selection_table1\base_selection_qerrors.csv
base_selection_cardinality,PostgreSQL,JOB,4c:mi_idx,,1.0006012845877184,0.00026105610185715467,C:\Users\vanya\Documents\DATA_SYS_LAB\test44\final_benchmarks\final_paper_results\base_selection_table1\base_selection_qerrors.csv
base_selection_cardinality,DuckDB,JOB,4c:t,,5.0,-0.6989700043360189,C:\Users\vanya\Documents\DATA_SYS_LAB\test44\final_benchmarks\final_paper_results\base_selection_table1\base_selection_qerrors.csv
base_selection_cardinality,PostgreSQL,JOB,4c:t,,1.0,0.0,C:\Users\vanya\Documents\DATA_SYS_LAB\test44\final_benchmarks\final_paper_results\base_selection_table1\base_selection_qerrors.csv
base_selection_cardinality,DuckDB,JOB,5a:ct,,1.0,0.0,C:\Users\vanya\Documents\DATA_SYS_LAB\test44\final_benchmarks\final_paper_results\base_selection_table1\base_selection_qerrors.csv
base_selection_cardinality,PostgreSQL,JOB,5a:ct,,1.0,0.0,C:\Users\vanya\Documents\DATA_SYS_LAB\test44\final_benchmarks\final_paper_results\base_selection_table1\base_selection_qerrors.csv
base_selection_cardinality,DuckDB,JOB,5a:mc,,1.0180021379671116,0.007748690089486548,C:\Users\vanya\Documents\DATA_SYS_LAB\test44\final_benchmarks\final_paper_results\base_selection_table1\base_selection_qerrors.csv
base_selection_cardinality,PostgreSQL,JOB,5a:mc,,5.097918719925793,-0.7073929068945043,C:\Users\vanya\Documents\DATA_SYS_LAB\test44\final_benchmarks\final_paper_results\base_selection_table1\base_selection_qerrors.csv
base_selection_cardinality,DuckDB,JOB,5a:mi,,4.283554658176076,0.6318043128716998,C:\Users\vanya\Documents\DATA_SYS_LAB\test44\final_benchmarks\final_paper_results\base_selection_table1\base_selection_qerrors.csv
base_selection_cardinality,PostgreSQL,JOB,5a:mi,,1.0595834552369807,-0.025135168429100116,C:\Users\vanya\Documents\DATA_SYS_LAB\test44\final_benchmarks\final_paper_results\base_selection_table1\base_selection_qerrors.csv
base_selection_cardinality,DuckDB,JOB,5a:t,,5.0,-0.6989700043360189,C:\Users\vanya\Documents\DATA_SYS_LAB\test44\final_benchmarks\final_paper_results\base_selection_table1\base_selection_qerrors.csv
base_selection_cardinality,PostgreSQL,JOB,5a:t,,1.0,0.0,C:\Users\vanya\Documents\DATA_SYS_LAB\test44\final_benchmarks\final_paper_results\base_selection_table1\base_selection_qerrors.csv
base_selection_cardinality,DuckDB,JOB,5b:ct,,1.0,0.0,C:\Users\vanya\Documents\DATA_SYS_LAB\test44\final_benchmarks\final_paper_results\base_selection_table1\base_selection_qerrors.csv
base_selection_cardinality,PostgreSQL,JOB,5b:ct,,1.0,0.0,C:\Users\vanya\Documents\DATA_SYS_LAB\test44\final_benchmarks\final_paper_results\base_selection_table1\base_selection_qerrors.csv
base_selection_cardinality,DuckDB,JOB,5b:mc,,1.0180021379671116,0.007748690089486548,C:\Users\vanya\Documents\DATA_SYS_LAB\test44\final_benchmarks\final_paper_results\base_selection_table1\base_selection_qerrors.csv
base_selection_cardinality,PostgreSQL,JOB,5b:mc,,25.969875959834614,-1.4144698753093947,C:\Users\vanya\Documents\DATA_SYS_LAB\test44\final_benchmarks\final_paper_results\base_selection_table1\base_selection_qerrors.csv
base_selection_cardinality,DuckDB,JOB,5b:mi,,4.96434,0.695861518005424,C:\Users\vanya\Documents\DATA_SYS_LAB\test44\final_benchmarks\final_paper_results\base_selection_table1\base_selection_qerrors.csv
base_selection_cardinality,PostgreSQL,JOB,5b:mi,,1.00097,0.0004210614656340105,C:\Users\vanya\Documents\DATA_SYS_LAB\test44\final_benchmarks\final_paper_results\base_selection_table1\base_selection_qerrors.csv
base_selection_cardinality,DuckDB,JOB,5b:t,,5.0,-0.6989700043360189,C:\Users\vanya\Documents\DATA_SYS_LAB\test44\final_benchmarks\final_paper_results\base_selection_table1\base_selection_qerrors.csv
base_selection_cardinality,PostgreSQL,JOB,5b:t,,1.0,0.0,C:\Users\vanya\Documents\DATA_SYS_LAB\test44\final_benchmarks\final_paper_results\base_selection_table1\base_selection_qerrors.csv
base_selection_cardinality,DuckDB,JOB,5c:ct,,1.0,0.0,C:\Users\vanya\Documents\DATA_SYS_LAB\test44\final_benchmarks\final_paper_results\base_selection_table1\base_selection_qerrors.csv
base_selection_cardinality,PostgreSQL,JOB,5c:ct,,1.0,0.0,C:\Users\vanya\Documents\DATA_SYS_LAB\test44\final_benchmarks\final_paper_results\base_selection_table1\base_selection_qerrors.csv
base_selection_cardinality,DuckDB,JOB,5c:mc,,1.0180021379671116,0.007748690089486548,C:\Users\vanya\Documents\DATA_SYS_LAB\test44\final_benchmarks\final_paper_results\base_selection_table1\base_selection_qerrors.csv
base_selection_cardinality,PostgreSQL,JOB,5c:mc,,3.0701068361147965,-0.48715348867842784,C:\Users\vanya\Documents\DATA_SYS_LAB\test44\final_benchmarks\final_paper_results\base_selection_table1\base_selection_qerrors.csv
base_selection_cardinality,DuckDB,JOB,5c:mi,,3.8991658681411896,0.5909717102036935,C:\Users\vanya\Documents\DATA_SYS_LAB\test44\final_benchmarks\final_paper_results\base_selection_table1\base_selection_qerrors.csv
base_selection_cardinality,PostgreSQL,JOB,5c:mi,,1.0520062136435748,-0.02201830497280352,C:\Users\vanya\Documents\DATA_SYS_LAB\test44\final_benchmarks\final_paper_results\base_selection_table1\base_selection_qerrors.csv
base_selection_cardinality,DuckDB,JOB,5c:t,,5.0,-0.6989700043360189,C:\Users\vanya\Documents\DATA_SYS_LAB\test44\final_benchmarks\final_paper_results\base_selection_table1\base_selection_qerrors.csv
base_selection_cardinality,PostgreSQL,JOB,5c:t,,1.0,0.0,C:\Users\vanya\Documents\DATA_SYS_LAB\test44\final_benchmarks\final_paper_results\base_selection_table1\base_selection_qerrors.csv
base_selection_cardinality,DuckDB,JOB,6a:k,,1.0,0.0,C:\Users\vanya\Documents\DATA_SYS_LAB\test44\final_benchmarks\final_paper_results\base_selection_table1\base_selection_qerrors.csv
base_selection_cardinality,PostgreSQL,JOB,6a:k,,1.0,0.0,C:\Users\vanya\Documents\DATA_SYS_LAB\test44\final_benchmarks\final_paper_results\base_selection_table1\base_selection_qerrors.csv
base_selection_cardinality,DuckDB,JOB,6a:n,,48000.0,4.681241237375588,C:\Users\vanya\Documents\DATA_SYS_LAB\test44\final_benchmarks\final_paper_results\base_selection_table1\base_selection_qerrors.csv
base_selection_cardinality,PostgreSQL,JOB,6a:n,,24.0,1.380211241711606,C:\Users\vanya\Documents\DATA_SYS_LAB\test44\final_benchmarks\final_paper_results\base_selection_table1\base_selection_qerrors.csv
base_selection_cardinality,DuckDB,JOB,6a:t,,5.0,-0.6989700043360189,C:\Users\vanya\Documents\DATA_SYS_LAB\test44\final_benchmarks\final_paper_results\base_selection_table1\base_selection_qerrors.csv
base_selection_cardinality,PostgreSQL,JOB,6a:t,,1.0,0.0,C:\Users\vanya\Documents\DATA_SYS_LAB\test44\final_benchmarks\final_paper_results\base_selection_table1\base_selection_qerrors.csv
base_selection_cardinality,DuckDB,JOB,6b:k,,761.0,2.8813846567705728,C:\Users\vanya\Documents\DATA_SYS_LAB\test44\final_benchmarks\final_paper_results\base_selection_table1\base_selection_qerrors.csv
base_selection_cardinality,PostgreSQL,JOB,6b:k,,2.6666666666666665,0.4259687322722811,C:\Users\vanya\Documents\DATA_SYS_LAB\test44\final_benchmarks\final_paper_results\base_selection_table1\base_selection_qerrors.csv
base_selection_cardinality,DuckDB,JOB,6b:n,,48000.0,4.681241237375588,C:\Users\vanya\Documents\DATA_SYS_LAB\test44\final_benchmarks\final_paper_results\base_selection_table1\base_selection_qerrors.csv
base_selection_cardinality,PostgreSQL,JOB,6b:n,,24.0,1.380211241711606,C:\Users\vanya\Documents\DATA_SYS_LAB\test44\final_benchmarks\final_paper_results\base_selection_table1\base_selection_qerrors.csv
base_selection_cardinality,DuckDB,JOB,6b:t,,5.0,-0.6989700043360189,C:\Users\vanya\Documents\DATA_SYS_LAB\test44\final_benchmarks\final_paper_results\base_selection_table1\base_selection_qerrors.csv
base_selection_cardinality,PostgreSQL,JOB,6b:t,,1.0,0.0,C:\Users\vanya\Documents\DATA_SYS_LAB\test44\final_benchmarks\final_paper_results\base_selection_table1\base_selection_qerrors.csv
base_selection_cardinality,DuckDB,JOB,6c:k,,1.0,0.0,C:\Users\vanya\Documents\DATA_SYS_LAB\test44\final_benchmarks\final_paper_results\base_selection_table1\base_selection_qerrors.csv
base_selection_cardinality,PostgreSQL,JOB,6c:k,,1.0,0.0,C:\Users\vanya\Documents\DATA_SYS_LAB\test44\final_benchmarks\final_paper_results\base_selection_table1\base_selection_qerrors.csv
base_selection_cardinality,DuckDB,JOB,6c:n,,4.568854166666667,-0.6598072960240301,C:\Users\vanya\Documents\DATA_SYS_LAB\test44\final_benchmarks\final_paper_results\base_selection_table1\base_selection_qerrors.csv
base_selection_cardinality,PostgreSQL,JOB,6c:n,,1.0642722300677954,-0.027052730303199605,C:\Users\vanya\Documents\DATA_SYS_LAB\test44\final_benchmarks\final_paper_results\base_selection_table1\base_selection_qerrors.csv
base_selection_cardinality,DuckDB,JOB,6c:t,,4.801614603010479,-0.6813872988899298,C:\Users\vanya\Documents\DATA_SYS_LAB\test44\final_benchmarks\final_paper_results\base_selection_table1\base_selection_qerrors.csv
base_selection_cardinality,PostgreSQL,JOB,6c:t,,1.0001490819039416,6.474062252572449e-05,C:\Users\vanya\Documents\DATA_SYS_LAB\test44\final_benchmarks\final_paper_results\base_selection_table1\base_selection_qerrors.csv
base_selection_cardinality,DuckDB,JOB,6d:k,,761.0,2.8813846567705728,C:\Users\vanya\Documents\DATA_SYS_LAB\test44\final_benchmarks\final_paper_results\base_selection_table1\base_selection_qerrors.csv
base_selection_cardinality,PostgreSQL,JOB,6d:k,,2.6666666666666665,0.4259687322722811,C:\Users\vanya\Documents\DATA_SYS_LAB\test44\final_benchmarks\final_paper_results\base_selection_table1\base_selection_qerrors.csv
base_selection_cardinality,DuckDB,JOB,6d:n,,48000.0,4.681241237375588,C:\Users\vanya\Documents\DATA_SYS_LAB\test44\final_benchmarks\final_paper_results\base_selection_table1\base_selection_qerrors.csv
base_selection_cardinality,PostgreSQL,JOB,6d:n,,24.0,1.380211241711606,C:\Users\vanya\Documents\DATA_SYS_LAB\test44\final_benchmarks\final_paper_results\base_selection_table1\base_selection_qerrors.csv
base_selection_cardinality,DuckDB,JOB,6d:t,,5.0,-0.6989700043360189,C:\Users\vanya\Documents\DATA_SYS_LAB\test44\final_benchmarks\final_paper_results\base_selection_table1\base_selection_qerrors.csv
base_selection_cardinality,PostgreSQL,JOB,6d:t,,1.0,0.0,C:\Users\vanya\Documents\DATA_SYS_LAB\test44\final_benchmarks\final_paper_results\base_selection_table1\base_selection_qerrors.csv
base_selection_cardinality,DuckDB,JOB,6e:k,,1.0,0.0,C:\Users\vanya\Documents\DATA_SYS_LAB\test44\final_benchmarks\final_paper_results\base_selection_table1\base_selection_qerrors.csv
base_selection_cardinality,PostgreSQL,JOB,6e:k,,1.0,0.0,C:\Users\vanya\Documents\DATA_SYS_LAB\test44\final_benchmarks\final_paper_results\base_selection_table1\base_selection_qerrors.csv
base_selection_cardinality,DuckDB,JOB,6e:n,,48000.0,4.681241237375588,C:\Users\vanya\Documents\DATA_SYS_LAB\test44\final_benchmarks\final_paper_results\base_selection_table1\base_selection_qerrors.csv
base_selection_cardinality,PostgreSQL,JOB,6e:n,,24.0,1.380211241711606,C:\Users\vanya\Documents\DATA_SYS_LAB\test44\final_benchmarks\final_paper_results\base_selection_table1\base_selection_qerrors.csv
base_selection_cardinality,DuckDB,JOB,6e:t,,5.0,-0.6989700043360189,C:\Users\vanya\Documents\DATA_SYS_LAB\test44\final_benchmarks\final_paper_results\base_selection_table1\base_selection_qerrors.csv
base_selection_cardinality,PostgreSQL,JOB,6e:t,,1.0,0.0,C:\Users\vanya\Documents\DATA_SYS_LAB\test44\final_benchmarks\final_paper_results\base_selection_table1\base_selection_qerrors.csv
base_selection_cardinality,DuckDB,JOB,6f:k,,761.0,2.8813846567705728,C:\Users\vanya\Documents\DATA_SYS_LAB\test44\final_benchmarks\final_paper_results\base_selection_table1\base_selection_qerrors.csv
base_selection_cardinality,PostgreSQL,JOB,6f:k,,2.6666666666666665,0.4259687322722811,C:\Users\vanya\Documents\DATA_SYS_LAB\test44\final_benchmarks\final_paper_results\base_selection_table1\base_selection_qerrors.csv
base_selection_cardinality,DuckDB,JOB,6f:t,,5.0,-0.6989700043360189,C:\Users\vanya\Documents\DATA_SYS_LAB\test44\final_benchmarks\final_paper_results\base_selection_table1\base_selection_qerrors.csv
base_selection_cardinality,PostgreSQL,JOB,6f:t,,1.0,0.0,C:\Users\vanya\Documents\DATA_SYS_LAB\test44\final_benchmarks\final_paper_results\base_selection_table1\base_selection_qerrors.csv
base_selection_cardinality,DuckDB,JOB,7a:an,,1484.8,3.171667958874787,C:\Users\vanya\Documents\DATA_SYS_LAB\test44\final_benchmarks\final_paper_results\base_selection_table1\base_selection_qerrors.csv
base_selection_cardinality,PostgreSQL,JOB,7a:an,,1.25,-0.09691001300805642,C:\Users\vanya\Documents\DATA_SYS_LAB\test44\final_benchmarks\final_paper_results\base_selection_table1\base_selection_qerrors.csv
base_selection_cardinality,DuckDB,JOB,7a:it,,2.0,0.3010299956639812,C:\Users\vanya\Documents\DATA_SYS_LAB\test44\final_benchmarks\final_paper_results\base_selection_table1\base_selection_qerrors.csv
base_selection_cardinality,PostgreSQL,JOB,7a:it,,1.0,0.0,C:\Users\vanya\Documents\DATA_SYS_LAB\test44\final_benchmarks\final_paper_results\base_selection_table1\base_selection_qerrors.csv
base_selection_cardinality,DuckDB,JOB,7a:lt,,2.0,0.3010299956639812,C:\Users\vanya\Documents\DATA_SYS_LAB\test44\final_benchmarks\final_paper_results\base_selection_table1\base_selection_qerrors.csv
base_selection_cardinality,PostgreSQL,JOB,7a:lt,,1.0,0.0,C:\Users\vanya\Documents\DATA_SYS_LAB\test44\final_benchmarks\final_paper_results\base_selection_table1\base_selection_qerrors.csv
base_selection_cardinality,DuckDB,JOB,7a:n,,6.855967548420271,0.8360687532594591,C:\Users\vanya\Documents\DATA_SYS_LAB\test44\final_benchmarks\final_paper_results\base_selection_table1\base_selection_qerrors.csv
base_selection_cardinality,PostgreSQL,JOB,7a:n,,1.011940810146832,0.005155110746481853,C:\Users\vanya\Documents\DATA_SYS_LAB\test44\final_benchmarks\final_paper_results\base_selection_table1\base_selection_qerrors.csv
base_selection_cardinality,DuckDB,JOB,7a:pi,,5.0001875,0.6989862900737345,C:\Users\vanya\Documents\DATA_SYS_LAB\test44\final_benchmarks\final_paper_results\base_selection_table1\base_selection_qerrors.csv
base_selection_cardinality,PostgreSQL,JOB,7a:pi,,1.0090416666666666,0.0039091000622760545,C:\Users\vanya\Documents\DATA_SYS_LAB\test44\final_benchmarks\final_paper_results\base_selection_table1\base_selection_qerrors.csv
base_selection_cardinality,DuckDB,JOB,7b:an,,7424.0,3.8706379632108057,C:\Users\vanya\Documents\DATA_SYS_LAB\test44\final_benchmarks\final_paper_results\base_selection_table1\base_selection_qerrors.csv
base_selection_cardinality,PostgreSQL,JOB,7b:an,,4.0,0.6020599913279624,C:\Users\vanya\Documents\DATA_SYS_LAB\test44\final_benchmarks\final_paper_results\base_selection_table1\base_selection_qerrors.csv
base_selection_cardinality,DuckDB,JOB,7b:it,,2.0,0.3010299956639812,C:\Users\vanya\Documents\DATA_SYS_LAB\test44\final_benchmarks\final_paper_results\base_selection_table1\base_selection_qerrors.csv
base_selection_cardinality,PostgreSQL,JOB,7b:it,,1.0,0.0,C:\Users\vanya\Documents\DATA_SYS_LAB\test44\final_benchmarks\final_paper_results\base_selection_table1\base_selection_qerrors.csv
base_selection_cardinality,DuckDB,JOB,7b:lt,,2.0,0.3010299956639812,C:\Users\vanya\Documents\DATA_SYS_LAB\test44\final_benchmarks\final_paper_results\base_selection_table1\base_selection_qerrors.csv
base_selection_cardinality,PostgreSQL,JOB,7b:lt,,1.0,0.0,C:\Users\vanya\Documents\DATA_SYS_LAB\test44\final_benchmarks\final_paper_results\base_selection_table1\base_selection_qerrors.csv
base_selection_cardinality,DuckDB,JOB,7b:n,,17142.85714285714,4.234083206033368,C:\Users\vanya\Documents\DATA_SYS_LAB\test44\final_benchmarks\final_paper_results\base_selection_table1\base_selection_qerrors.csv
base_selection_cardinality,PostgreSQL,JOB,7b:n,,1.4285714285714286,0.1549019599857432,C:\Users\vanya\Documents\DATA_SYS_LAB\test44\final_benchmarks\final_paper_results\base_selection_table1\base_selection_qerrors.csv
base_selection_cardinality,DuckDB,JOB,7b:pi,,5.0001875,0.6989862900737345,C:\Users\vanya\Documents\DATA_SYS_LAB\test44\final_benchmarks\final_paper_results\base_selection_table1\base_selection_qerrors.csv
base_selection_cardinality,PostgreSQL,JOB,7b:pi,,1.0090416666666666,0.0039091000622760545,C:\Users\vanya\Documents\DATA_SYS_LAB\test44\final_benchmarks\final_paper_results\base_selection_table1\base_selection_qerrors.csv
base_selection_cardinality,DuckDB,JOB,7c:an,,3.6691810344827585,-0.5645691400299419,C:\Users\vanya\Documents\DATA_SYS_LAB\test44\final_benchmarks\final_paper_results\base_selection_table1\base_selection_qerrors.csv
base_selection_cardinality,PostgreSQL,JOB,7c:an,,1.0748530166120822,-0.03134907965750505,C:\Users\vanya\Documents\DATA_SYS_LAB\test44\final_benchmarks\final_paper_results\base_selection_table1\base_selection_qerrors.csv
base_selection_cardinality,DuckDB,JOB,7c:it,,2.0,0.3010299956639812,C:\Users\vanya\Documents\DATA_SYS_LAB\test44\final_benchmarks\final_paper_results\base_selection_table1\base_selection_qerrors.csv
base_selection_cardinality,PostgreSQL,JOB,7c:it,,1.0,0.0,C:\Users\vanya\Documents\DATA_SYS_LAB\test44\final_benchmarks\final_paper_results\base_selection_table1\base_selection_qerrors.csv
base_selection_cardinality,DuckDB,JOB,7c:lt,,1.3333333333333333,-0.12493873660829993,C:\Users\vanya\Documents\DATA_SYS_LAB\test44\final_benchmarks\final_paper_results\base_selection_table1\base_selection_qerrors.csv
base_selection_cardinality,PostgreSQL,JOB,7c:lt,,1.0,0.0,C:\Users\vanya\Documents\DATA_SYS_LAB\test44\final_benchmarks\final_paper_results\base_selection_table1\base_selection_qerrors.csv
base_selection_cardinality,DuckDB,JOB,7c:n,,2.298125,-0.36137364721293763,C:\Users\vanya\Documents\DATA_SYS_LAB\test44\final_benchmarks\final_paper_results\base_selection_table1\base_selection_qerrors.csv
base_selection_cardinality,PostgreSQL,JOB,7c:n,,1.0280521901211557,-0.012015162622573758,C:\Users\vanya\Documents\DATA_SYS_LAB\test44\final_benchmarks\final_paper_results\base_selection_table1\base_selection_qerrors.csv
base_selection_cardinality,DuckDB,JOB,7c:pi,,1.2000416666666667,0.0791963254553416,C:\Users\vanya\Documents\DATA_SYS_LAB\test44\final_benchmarks\final_paper_results\base_selection_table1\base_selection_qerrors.csv
base_selection_cardinality,PostgreSQL,JOB,7c:pi,,1.0060333333333333,0.002612370623387428,C:\Users\vanya\Documents\DATA_SYS_LAB\test44\final_benchmarks\final_paper_results\base_selection_table1\base_selection_qerrors.csv
base_selection_cardinality,DuckDB,JOB,8a:ci,,31.205917159763313,-1.4942369512678322,C:\Users\vanya\Documents\DATA_SYS_LAB\test44\final_benchmarks\final_paper_results\base_selection_table1\base_selection_qerrors.csv
base_selection_cardinality,PostgreSQL,JOB,8a:ci,,1.0817163719899905,-0.03411340288976696,C:\Users\vanya\Documents\DATA_SYS_LAB\test44\final_benchmarks\final_paper_results\base_selection_table1\base_selection_qerrors.csv
base_selection_cardinality,DuckDB,JOB,8a:cn,,23.75,-1.3756636139608853,C:\Users\vanya\Documents\DATA_SYS_LAB\test44\final_benchmarks\final_paper_results\base_selection_table1\base_selection_qerrors.csv
base_selection_cardinality,PostgreSQL,JOB,8a:cn,,1.0,0.0,C:\Users\vanya\Documents\DATA_SYS_LAB\test44\final_benchmarks\final_paper_results\base_selection_table1\base_selection_qerrors.csv
base_selection_cardinality,DuckDB,JOB,8a:mc,,1.0180021379671116,0.007748690089486548,C:\Users\vanya\Documents\DATA_SYS_LAB\test44\final_benchmarks\final_paper_results\base_selection_table1\base_selection_qerrors.csv
base_selection_cardinality,PostgreSQL,JOB,8a:mc,,1.7938026560045695,-0.25377466272006277,C:\Users\vanya\Documents\DATA_SYS_LAB\test44\final_benchmarks\final_paper_results\base_selection_table1\base_selection_qerrors.csv
base_selection_cardinality,DuckDB,JOB,8a:n1,,48000.0,4.681241237375588,C:\Users\vanya\Documents\DATA_SYS_LAB\test44\final_benchmarks\final_paper_results\base_selection_table1\base_selection_qerrors.csv
base_selection_cardinality,PostgreSQL,JOB,8a:n1,,24.0,1.380211241711606,C:\Users\vanya\Documents\DATA_SYS_LAB\test44\final_benchmarks\final_paper_results\base_selection_table1\base_selection_qerrors.csv
base_selection_cardinality,DuckDB,JOB,8a:rt,,1.0,0.0,C:\Users\vanya\Documents\DATA_SYS_LAB\test44\final_benchmarks\final_paper_results\base_selection_table1\base_selection_qerrors.csv
base_selection_cardinality,PostgreSQL,JOB,8a:rt,,1.0,0.0,C:\Users\vanya\Documents\DATA_SYS_LAB\test44\final_benchmarks\final_paper_results\base_selection_table1\base_selection_qerrors.csv
base_selection_cardinality,DuckDB,JOB,8b:ci,,118.34319526627219,-2.073143291050308,C:\Users\vanya\Documents\DATA_SYS_LAB\test44\final_benchmarks\final_paper_results\base_selection_table1\base_selection_qerrors.csv
base_selection_cardinality,PostgreSQL,JOB,8b:ci,,1.04607,0.019560747243062015,C:\Users\vanya\Documents\DATA_SYS_LAB\test44\final_benchmarks\final_paper_results\base_selection_table1\base_selection_qerrors.csv
base_selection_cardinality,DuckDB,JOB,8b:cn,,23.75,-1.3756636139608853,C:\Users\vanya\Documents\DATA_SYS_LAB\test44\final_benchmarks\final_paper_results\base_selection_table1\base_selection_qerrors.csv
base_selection_cardinality,PostgreSQL,JOB,8b:cn,,1.0,0.0,C:\Users\vanya\Documents\DATA_SYS_LAB\test44\final_benchmarks\final_paper_results\base_selection_table1\base_selection_qerrors.csv
base_selection_cardinality,DuckDB,JOB,8b:mc,,3086.793103448276,3.4895075212728415,C:\Users\vanya\Documents\DATA_SYS_LAB\test44\final_benchmarks\final_paper_results\base_selection_table1\base_selection_qerrors.csv
base_selection_cardinality,PostgreSQL,JOB,8b:mc,,29.0,-1.462397997898956,C:\Users\vanya\Documents\DATA_SYS_LAB\test44\final_benchmarks\final_paper_results\base_selection_table1\base_selection_qerrors.csv
base_selection_cardinality,DuckDB,JOB,8b:n,,48000.0,4.681241237375588,C:\Users\vanya\Documents\DATA_SYS_LAB\test44\final_benchmarks\final_paper_results\base_selection_table1\base_selection_qerrors.csv
base_selection_cardinality,PostgreSQL,JOB,8b:n,,24.0,1.380211241711606,C:\Users\vanya\Documents\DATA_SYS_LAB\test44\final_benchmarks\final_paper_results\base_selection_table1\base_selection_qerrors.csv
base_selection_cardinality,DuckDB,JOB,8b:rt,,1.0,0.0,C:\Users\vanya\Documents\DATA_SYS_LAB\test44\final_benchmarks\final_paper_results\base_selection_table1\base_selection_qerrors.csv
base_selection_cardinality,PostgreSQL,JOB,8b:rt,,1.0,0.0,C:\Users\vanya\Documents\DATA_SYS_LAB\test44\final_benchmarks\final_paper_results\base_selection_table1\base_selection_qerrors.csv
base_selection_cardinality,DuckDB,JOB,8b:t,,50291.0,4.701490271337055,C:\Users\vanya\Documents\DATA_SYS_LAB\test44\final_benchmarks\final_paper_results\base_selection_table1\base_selection_qerrors.csv
base_selection_cardinality,PostgreSQL,JOB,8b:t,,1.0,0.0,C:\Users\vanya\Documents\DATA_SYS_LAB\test44\final_benchmarks\final_paper_results\base_selection_table1\base_selection_qerrors.csv
base_selection_cardinality,DuckDB,JOB,8c:cn,,23.75,-1.3756636139608853,C:\Users\vanya\Documents\DATA_SYS_LAB\test44\final_benchmarks\final_paper_results\base_selection_table1\base_selection_qerrors.csv
base_selection_cardinality,PostgreSQL,JOB,8c:cn,,1.0,0.0,C:\Users\vanya\Documents\DATA_SYS_LAB\test44\final_benchmarks\final_paper_results\base_selection_table1\base_selection_qerrors.csv
base_selection_cardinality,DuckDB,JOB,8c:rt,,1.0,0.0,C:\Users\vanya\Documents\DATA_SYS_LAB\test44\final_benchmarks\final_paper_results\base_selection_table1\base_selection_qerrors.csv
base_selection_cardinality,PostgreSQL,JOB,8c:rt,,1.0,0.0,C:\Users\vanya\Documents\DATA_SYS_LAB\test44\final_benchmarks\final_paper_results\base_selection_table1\base_selection_qerrors.csv
base_selection_cardinality,DuckDB,JOB,8d:cn,,23.75,-1.3756636139608853,C:\Users\vanya\Documents\DATA_SYS_LAB\test44\final_benchmarks\final_paper_results\base_selection_table1\base_selection_qerrors.csv
base_selection_cardinality,PostgreSQL,JOB,8d:cn,,1.0,0.0,C:\Users\vanya\Documents\DATA_SYS_LAB\test44\final_benchmarks\final_paper_results\base_selection_table1\base_selection_qerrors.csv
base_selection_cardinality,DuckDB,JOB,8d:rt,,1.0,0.0,C:\Users\vanya\Documents\DATA_SYS_LAB\test44\final_benchmarks\final_paper_results\base_selection_table1\base_selection_qerrors.csv
base_selection_cardinality,PostgreSQL,JOB,8d:rt,,1.0,0.0,C:\Users\vanya\Documents\DATA_SYS_LAB\test44\final_benchmarks\final_paper_results\base_selection_table1\base_selection_qerrors.csv
base_selection_cardinality,DuckDB,JOB,9a:ci,,21.6434419898038,1.3353263284451202,C:\Users\vanya\Documents\DATA_SYS_LAB\test44\final_benchmarks\final_paper_results\base_selection_table1\base_selection_qerrors.csv
base_selection_cardinality,PostgreSQL,JOB,9a:ci,,1.0062181368762553,0.0026921411295503157,C:\Users\vanya\Documents\DATA_SYS_LAB\test44\final_benchmarks\final_paper_results\base_selection_table1\base_selection_qerrors.csv
base_selection_cardinality,DuckDB,JOB,9a:cn,,23.75,-1.3756636139608853,C:\Users\vanya\Documents\DATA_SYS_LAB\test44\final_benchmarks\final_paper_results\base_selection_table1\base_selection_qerrors.csv
base_selection_cardinality,PostgreSQL,JOB,9a:cn,,1.0,0.0,C:\Users\vanya\Documents\DATA_SYS_LAB\test44\final_benchmarks\final_paper_results\base_selection_table1\base_selection_qerrors.csv
base_selection_cardinality,DuckDB,JOB,9a:mc,,1.0180021379671116,0.007748690089486548,C:\Users\vanya\Documents\DATA_SYS_LAB\test44\final_benchmarks\final_paper_results\base_selection_table1\base_selection_qerrors.csv
base_selection_cardinality,PostgreSQL,JOB,9a:mc,,1.730132808657157,-0.23807944177223492,C:\Users\vanya\Documents\DATA_SYS_LAB\test44\final_benchmarks\final_paper_results\base_selection_table1\base_selection_qerrors.csv
base_selection_cardinality,DuckDB,JOB,9a:n,,120000.0,5.079181246047625,C:\Users\vanya\Documents\DATA_SYS_LAB\test44\final_benchmarks\final_paper_results\base_selection_table1\base_selection_qerrors.csv
base_selection_cardinality,PostgreSQL,JOB,9a:n,,13.0,1.1139433523068367,C:\Users\vanya\Documents\DATA_SYS_LAB\test44\final_benchmarks\final_paper_results\base_selection_table1\base_selection_qerrors.csv
base_selection_cardinality,DuckDB,JOB,9a:rt,,1.0,0.0,C:\Users\vanya\Documents\DATA_SYS_LAB\test44\final_benchmarks\final_paper_results\base_selection_table1\base_selection_qerrors.csv
base_selection_cardinality,PostgreSQL,JOB,9a:rt,,1.0,0.0,C:\Users\vanya\Documents\DATA_SYS_LAB\test44\final_benchmarks\final_paper_results\base_selection_table1\base_selection_qerrors.csv
base_selection_cardinality,DuckDB,JOB,9b:ci,,31.205917159763313,-1.4942369512678322,C:\Users\vanya\Documents\DATA_SYS_LAB\test44\final_benchmarks\final_paper_results\base_selection_table1\base_selection_qerrors.csv
base_selection_cardinality,PostgreSQL,JOB,9b:ci,,1.0817163719899905,-0.03411340288976696,C:\Users\vanya\Documents\DATA_SYS_LAB\test44\final_benchmarks\final_paper_results\base_selection_table1\base_selection_qerrors.csv
base_selection_cardinality,DuckDB,JOB,9b:cn,,23.75,-1.3756636139608853,C:\Users\vanya\Documents\DATA_SYS_LAB\test44\final_benchmarks\final_paper_results\base_selection_table1\base_selection_qerrors.csv
base_selection_cardinality,PostgreSQL,JOB,9b:cn,,1.0,0.0,C:\Users\vanya\Documents\DATA_SYS_LAB\test44\final_benchmarks\final_paper_results\base_selection_table1\base_selection_qerrors.csv
base_selection_cardinality,DuckDB,JOB,9b:mc,,1.0180021379671116,0.007748690089486548,C:\Users\vanya\Documents\DATA_SYS_LAB\test44\final_benchmarks\final_paper_results\base_selection_table1\base_selection_qerrors.csv
base_selection_cardinality,PostgreSQL,JOB,9b:mc,,5.097918719925793,-0.7073929068945043,C:\Users\vanya\Documents\DATA_SYS_LAB\test44\final_benchmarks\final_paper_results\base_selection_table1\base_selection_qerrors.csv
base_selection_cardinality,DuckDB,JOB,9b:n,,120000.0,5.079181246047625,C:\Users\vanya\Documents\DATA_SYS_LAB\test44\final_benchmarks\final_paper_results\base_selection_table1\base_selection_qerrors.csv
base_selection_cardinality,PostgreSQL,JOB,9b:n,,11.0,1.0413926851582251,C:\Users\vanya\Documents\DATA_SYS_LAB\test44\final_benchmarks\final_paper_results\base_selection_table1\base_selection_qerrors.csv
base_selection_cardinality,DuckDB,JOB,9b:rt,,1.0,0.0,C:\Users\vanya\Documents\DATA_SYS_LAB\test44\final_benchmarks\final_paper_results\base_selection_table1\base_selection_qerrors.csv
base_selection_cardinality,PostgreSQL,JOB,9b:rt,,1.0,0.0,C:\Users\vanya\Documents\DATA_SYS_LAB\test44\final_benchmarks\final_paper_results\base_selection_table1\base_selection_qerrors.csv
base_selection_cardinality,DuckDB,JOB,9c:ci,,10.863678660049628,1.0359769110020352,C:\Users\vanya\Documents\DATA_SYS_LAB\test44\final_benchmarks\final_paper_results\base_selection_table1\base_selection_qerrors.csv
base_selection_cardinality,PostgreSQL,JOB,9c:ci,,1.0175054280397022,0.007536734714360693,C:\Users\vanya\Documents\DATA_SYS_LAB\test44\final_benchmarks\final_paper_results\base_selection_table1\base_selection_qerrors.csv
base_selection_cardinality,DuckDB,JOB,9c:cn,,23.75,-1.3756636139608853,C:\Users\vanya\Documents\DATA_SYS_LAB\test44\final_benchmarks\final_paper_results\base_selection_table1\base_selection_qerrors.csv
base_selection_cardinality,PostgreSQL,JOB,9c:cn,,1.0,0.0,C:\Users\vanya\Documents\DATA_SYS_LAB\test44\final_benchmarks\final_paper_results\base_selection_table1\base_selection_qerrors.csv
base_selection_cardinality,DuckDB,JOB,9c:n,,29.542097488921712,1.4704413269788368,C:\Users\vanya\Documents\DATA_SYS_LAB\test44\final_benchmarks\final_paper_results\base_selection_table1\base_selection_qerrors.csv
base_selection_cardinality,PostgreSQL,JOB,9c:n,,1.3426883308714919,0.12797521453682312,C:\Users\vanya\Documents\DATA_SYS_LAB\test44\final_benchmarks\final_paper_results\base_selection_table1\base_selection_qerrors.csv
base_selection_cardinality,DuckDB,JOB,9c:rt,,1.0,0.0,C:\Users\vanya\Documents\DATA_SYS_LAB\test44\final_benchmarks\final_paper_results\base_selection_table1\base_selection_qerrors.csv
base_selection_cardinality,PostgreSQL,JOB,9c:rt,,1.0,0.0,C:\Users\vanya\Documents\DATA_SYS_LAB\test44\final_benchmarks\final_paper_results\base_selection_table1\base_selection_qerrors.csv
base_selection_cardinality,DuckDB,JOB,9d:ci,,10.72315346345197,1.030322521399706,C:\Users\vanya\Documents\DATA_SYS_LAB\test44\final_benchmarks\final_paper_results\base_selection_table1\base_selection_qerrors.csv
base_selection_cardinality,PostgreSQL,JOB,9d:ci,,1.038161266612368,-0.016264821489164978,C:\Users\vanya\Documents\DATA_SYS_LAB\test44\final_benchmarks\final_paper_results\base_selection_table1\base_selection_qerrors.csv
base_selection_cardinality,DuckDB,JOB,9d:cn,,23.75,-1.3756636139608853,C:\Users\vanya\Documents\DATA_SYS_LAB\test44\final_benchmarks\final_paper_results\base_selection_table1\base_selection_qerrors.csv
base_selection_cardinality,PostgreSQL,JOB,9d:cn,,1.0,0.0,C:\Users\vanya\Documents\DATA_SYS_LAB\test44\final_benchmarks\final_paper_results\base_selection_table1\base_selection_qerrors.csv
base_selection_cardinality,DuckDB,JOB,9d:n,,1.0407833333333334,-0.017360328999994293,C:\Users\vanya\Documents\DATA_SYS_LAB\test44\final_benchmarks\final_paper_results\base_selection_table1\base_selection_qerrors.csv
base_selection_cardinality,PostgreSQL,JOB,9d:n,,1.0015533172129967,0.0006740737045340297,C:\Users\vanya\Documents\DATA_SYS_LAB\test44\final_benchmarks\final_paper_results\base_selection_table1\base_selection_qerrors.csv
base_selection_cardinality,DuckDB,JOB,9d:rt,,1.0,0.0,C:\Users\vanya\Documents\DATA_SYS_LAB\test44\final_benchmarks\final_paper_results\base_selection_table1\base_selection_qerrors.csv
base_selection_cardinality,PostgreSQL,JOB,9d:rt,,1.0,0.0,C:\Users\vanya\Documents\DATA_SYS_LAB\test44\final_benchmarks\final_paper_results\base_selection_table1\base_selection_qerrors.csv
base_selection_cardinality,DuckDB,JOB,10a:ci,,14.268778326628304,1.1543867910041679,C:\Users\vanya\Documents\DATA_SYS_LAB\test44\final_benchmarks\final_paper_results\base_selection_table1\base_selection_qerrors.csv
base_selection_cardinality,PostgreSQL,JOB,10a:ci,,79.9877800407332,-1.9030236436638766,C:\Users\vanya\Documents\DATA_SYS_LAB\test44\final_benchmarks\final_paper_results\base_selection_table1\base_selection_qerrors.csv
base_selection_cardinality,DuckDB,JOB,10a:cn,,23.75,-1.3756636139608853,C:\Users\vanya\Documents\DATA_SYS_LAB\test44\final_benchmarks\final_paper_results\base_selection_table1\base_selection_qerrors.csv
base_selection_cardinality,PostgreSQL,JOB,10a:cn,,1.0,0.0,C:\Users\vanya\Documents\DATA_SYS_LAB\test44\final_benchmarks\final_paper_results\base_selection_table1\base_selection_qerrors.csv
base_selection_cardinality,DuckDB,JOB,10a:rt,,1.0,0.0,C:\Users\vanya\Documents\DATA_SYS_LAB\test44\final_benchmarks\final_paper_results\base_selection_table1\base_selection_qerrors.csv
base_selection_cardinality,PostgreSQL,JOB,10a:rt,,1.0,0.0,C:\Users\vanya\Documents\DATA_SYS_LAB\test44\final_benchmarks\final_paper_results\base_selection_table1\base_selection_qerrors.csv
base_selection_cardinality,DuckDB,JOB,10a:t,,4.878646278658209,-0.6882993311690934,C:\Users\vanya\Documents\DATA_SYS_LAB\test44\final_benchmarks\final_paper_results\base_selection_table1\base_selection_qerrors.csv
base_selection_cardinality,PostgreSQL,JOB,10a:t,,1.0001426521895074,6.194864028492841e-05,C:\Users\vanya\Documents\DATA_SYS_LAB\test44\final_benchmarks\final_paper_results\base_selection_table1\base_selection_qerrors.csv
base_selection_cardinality,DuckDB,JOB,10b:ci,,14.268778326628304,1.1543867910041679,C:\Users\vanya\Documents\DATA_SYS_LAB\test44\final_benchmarks\final_paper_results\base_selection_table1\base_selection_qerrors.csv
base_selection_cardinality,PostgreSQL,JOB,10b:ci,,1.0591122377433795,-0.024941986216761004,C:\Users\vanya\Documents\DATA_SYS_LAB\test44\final_benchmarks\final_paper_results\base_selection_table1\base_selection_qerrors.csv
base_selection_cardinality,DuckDB,JOB,10b:cn,,23.75,-1.3756636139608853,C:\Users\vanya\Documents\DATA_SYS_LAB\test44\final_benchmarks\final_paper_results\base_selection_table1\base_selection_qerrors.csv
base_selection_cardinality,PostgreSQL,JOB,10b:cn,,1.0,0.0,C:\Users\vanya\Documents\DATA_SYS_LAB\test44\final_benchmarks\final_paper_results\base_selection_table1\base_selection_qerrors.csv
base_selection_cardinality,DuckDB,JOB,10b:rt,,1.0,0.0,C:\Users\vanya\Documents\DATA_SYS_LAB\test44\final_benchmarks\final_paper_results\base_selection_table1\base_selection_qerrors.csv
base_selection_cardinality,PostgreSQL,JOB,10b:rt,,1.0,0.0,C:\Users\vanya\Documents\DATA_SYS_LAB\test44\final_benchmarks\final_paper_results\base_selection_table1\base_selection_qerrors.csv
base_selection_cardinality,DuckDB,JOB,10b:t,,4.878646278658209,-0.6882993311690934,C:\Users\vanya\Documents\DATA_SYS_LAB\test44\final_benchmarks\final_paper_results\base_selection_table1\base_selection_qerrors.csv
base_selection_cardinality,PostgreSQL,JOB,10b:t,,1.0001426521895074,6.194864028492841e-05,C:\Users\vanya\Documents\DATA_SYS_LAB\test44\final_benchmarks\final_paper_results\base_selection_table1\base_selection_qerrors.csv
base_selection_cardinality,DuckDB,JOB,10c:ci,,14.268778326628304,1.1543867910041679,C:\Users\vanya\Documents\DATA_SYS_LAB\test44\final_benchmarks\final_paper_results\base_selection_table1\base_selection_qerrors.csv
base_selection_cardinality,PostgreSQL,JOB,10c:ci,,1.0591122377433795,-0.024941986216761004,C:\Users\vanya\Documents\DATA_SYS_LAB\test44\final_benchmarks\final_paper_results\base_selection_table1\base_selection_qerrors.csv
base_selection_cardinality,DuckDB,JOB,10c:cn,,23.75,-1.3756636139608853,C:\Users\vanya\Documents\DATA_SYS_LAB\test44\final_benchmarks\final_paper_results\base_selection_table1\base_selection_qerrors.csv
base_selection_cardinality,PostgreSQL,JOB,10c:cn,,1.0,0.0,C:\Users\vanya\Documents\DATA_SYS_LAB\test44\final_benchmarks\final_paper_results\base_selection_table1\base_selection_qerrors.csv
base_selection_cardinality,DuckDB,JOB,10c:t,,4.878646278658209,-0.6882993311690934,C:\Users\vanya\Documents\DATA_SYS_LAB\test44\final_benchmarks\final_paper_results\base_selection_table1\base_selection_qerrors.csv
base_selection_cardinality,PostgreSQL,JOB,10c:t,,1.0001426521895074,6.194864028492841e-05,C:\Users\vanya\Documents\DATA_SYS_LAB\test44\final_benchmarks\final_paper_results\base_selection_table1\base_selection_qerrors.csv
base_selection_cardinality,DuckDB,JOB,11a:cn,,4.100227790432802,0.6128079848611847,C:\Users\vanya\Documents\DATA_SYS_LAB\test44\final_benchmarks\final_paper_results\base_selection_table1\base_selection_qerrors.csv
base_selection_cardinality,PostgreSQL,JOB,11a:cn,,2.425414364640884,-0.38478594537293687,C:\Users\vanya\Documents\DATA_SYS_LAB\test44\final_benchmarks\final_paper_results\base_selection_table1\base_selection_qerrors.csv
base_selection_cardinality,DuckDB,JOB,11a:ct,,1.0,0.0,C:\Users\vanya\Documents\DATA_SYS_LAB\test44\final_benchmarks\final_paper_results\base_selection_table1\base_selection_qerrors.csv
base_selection_cardinality,PostgreSQL,JOB,11a:ct,,1.0,0.0,C:\Users\vanya\Documents\DATA_SYS_LAB\test44\final_benchmarks\final_paper_results\base_selection_table1\base_selection_qerrors.csv
base_selection_cardinality,DuckDB,JOB,11a:k,,1.0,0.0,C:\Users\vanya\Documents\DATA_SYS_LAB\test44\final_benchmarks\final_paper_results\base_selection_table1\base_selection_qerrors.csv
base_selection_cardinality,PostgreSQL,JOB,11a:k,,1.0,0.0,C:\Users\vanya\Documents\DATA_SYS_LAB\test44\final_benchmarks\final_paper_results\base_selection_table1\base_selection_qerrors.csv
base_selection_cardinality,DuckDB,JOB,11a:lt,,1.5,0.17609125905568124,C:\Users\vanya\Documents\DATA_SYS_LAB\test44\final_benchmarks\final_paper_results\base_selection_table1\base_selection_qerrors.csv
base_selection_cardinality,PostgreSQL,JOB,11a:lt,,2.0,-0.3010299956639812,C:\Users\vanya\Documents\DATA_SYS_LAB\test44\final_benchmarks\final_paper_results\base_selection_table1\base_selection_qerrors.csv
base_selection_cardinality,DuckDB,JOB,11a:mc,,2.1193292894087157,-0.3261984401759418,C:\Users\vanya\Documents\DATA_SYS_LAB\test44\final_benchmarks\final_paper_results\base_selection_table1\base_selection_qerrors.csv
base_selection_cardinality,PostgreSQL,JOB,11a:mc,,1.005453475862142,-0.002361979812119578,C:\Users\vanya\Documents\DATA_SYS_LAB\test44\final_benchmarks\final_paper_results\base_selection_table1\base_selection_qerrors.csv
base_selection_cardinality,DuckDB,JOB,11b:cn,,1800.0,3.255272505103306,C:\Users\vanya\Documents\DATA_SYS_LAB\test44\final_benchmarks\final_paper_results\base_selection_table1\base_selection_qerrors.csv
base_selection_cardinality,PostgreSQL,JOB,11b:cn,,1.0,0.0,C:\Users\vanya\Documents\DATA_SYS_LAB\test44\final_benchmarks\final_paper_results\base_selection_table1\base_selection_qerrors.csv
base_selection_cardinality,DuckDB,JOB,11b:ct,,1.0,0.0,C:\Users\vanya\Documents\DATA_SYS_LAB\test44\final_benchmarks\final_paper_results\base_selection_table1\base_selection_qerrors.csv
base_selection_cardinality,PostgreSQL,JOB,11b:ct,,1.0,0.0,C:\Users\vanya\Documents\DATA_SYS_LAB\test44\final_benchmarks\final_paper_results\base_selection_table1\base_selection_qerrors.csv
base_selection_cardinality,DuckDB,JOB,11b:k,,1.0,0.0,C:\Users\vanya\Documents\DATA_SYS_LAB\test44\final_benchmarks\final_paper_results\base_selection_table1\base_selection_qerrors.csv
base_selection_cardinality,PostgreSQL,JOB,11b:k,,1.0,0.0,C:\Users\vanya\Documents\DATA_SYS_LAB\test44\final_benchmarks\final_paper_results\base_selection_table1\base_selection_qerrors.csv
base_selection_cardinality,DuckDB,JOB,11b:lt,,3.0,0.47712125471966244,C:\Users\vanya\Documents\DATA_SYS_LAB\test44\final_benchmarks\final_paper_results\base_selection_table1\base_selection_qerrors.csv
base_selection_cardinality,PostgreSQL,JOB,11b:lt,,1.0,0.0,C:\Users\vanya\Documents\DATA_SYS_LAB\test44\final_benchmarks\final_paper_results\base_selection_table1\base_selection_qerrors.csv
base_selection_cardinality,DuckDB,JOB,11b:mc,,2.1193292894087157,-0.3261984401759418,C:\Users\vanya\Documents\DATA_SYS_LAB\test44\final_benchmarks\final_paper_results\base_selection_table1\base_selection_qerrors.csv
base_selection_cardinality,PostgreSQL,JOB,11b:mc,,1.005453475862142,-0.002361979812119578,C:\Users\vanya\Documents\DATA_SYS_LAB\test44\final_benchmarks\final_paper_results\base_selection_table1\base_selection_qerrors.csv
base_selection_cardinality,DuckDB,JOB,11b:t,,3224.0,3.508395033133053,C:\Users\vanya\Documents\DATA_SYS_LAB\test44\final_benchmarks\final_paper_results\base_selection_table1\base_selection_qerrors.csv
base_selection_cardinality,PostgreSQL,JOB,11b:t,,1.0,0.0,C:\Users\vanya\Documents\DATA_SYS_LAB\test44\final_benchmarks\final_paper_results\base_selection_table1\base_selection_qerrors.csv
base_selection_cardinality,DuckDB,JOB,11c:cn,,1800.0,3.255272505103306,C:\Users\vanya\Documents\DATA_SYS_LAB\test44\final_benchmarks\final_paper_results\base_selection_table1\base_selection_qerrors.csv
base_selection_cardinality,PostgreSQL,JOB,11c:cn,,1.0,0.0,C:\Users\vanya\Documents\DATA_SYS_LAB\test44\final_benchmarks\final_paper_results\base_selection_table1\base_selection_qerrors.csv
base_selection_cardinality,DuckDB,JOB,11c:ct,,3.0,-0.47712125471966244,C:\Users\vanya\Documents\DATA_SYS_LAB\test44\final_benchmarks\final_paper_results\base_selection_table1\base_selection_qerrors.csv
base_selection_cardinality,PostgreSQL,JOB,11c:ct,,1.0,0.0,C:\Users\vanya\Documents\DATA_SYS_LAB\test44\final_benchmarks\final_paper_results\base_selection_table1\base_selection_qerrors.csv
base_selection_cardinality,DuckDB,JOB,11c:k,,2283.0,3.3585059114902354,C:\Users\vanya\Documents\DATA_SYS_LAB\test44\final_benchmarks\final_paper_results\base_selection_table1\base_selection_qerrors.csv
base_selection_cardinality,PostgreSQL,JOB,11c:k,,3.0,0.47712125471966244,C:\Users\vanya\Documents\DATA_SYS_LAB\test44\final_benchmarks\final_paper_results\base_selection_table1\base_selection_qerrors.csv
base_selection_cardinality,DuckDB,JOB,11c:mc,,2.8806818816537643,-0.45949530108828035,C:\Users\vanya\Documents\DATA_SYS_LAB\test44\final_benchmarks\final_paper_results\base_selection_table1\base_selection_qerrors.csv
base_selection_cardinality,PostgreSQL,JOB,11c:mc,,1.0039903827509986,0.0017295527112148996,C:\Users\vanya\Documents\DATA_SYS_LAB\test44\final_benchmarks\final_paper_results\base_selection_table1\base_selection_qerrors.csv
base_selection_cardinality,DuckDB,JOB,11c:t,,5.0,-0.6989700043360189,C:\Users\vanya\Documents\DATA_SYS_LAB\test44\final_benchmarks\final_paper_results\base_selection_table1\base_selection_qerrors.csv
base_selection_cardinality,PostgreSQL,JOB,11c:t,,1.0,0.0,C:\Users\vanya\Documents\DATA_SYS_LAB\test44\final_benchmarks\final_paper_results\base_selection_table1\base_selection_qerrors.csv
base_selection_cardinality,DuckDB,JOB,11d:cn,,4.948888888888889,-0.6945077032586945,C:\Users\vanya\Documents\DATA_SYS_LAB\test44\final_benchmarks\final_paper_results\base_selection_table1\base_selection_qerrors.csv
base_selection_cardinality,PostgreSQL,JOB,11d:cn,,1.0,0.0,C:\Users\vanya\Documents\DATA_SYS_LAB\test44\final_benchmarks\final_paper_results\base_selection_table1\base_selection_qerrors.csv
base_selection_cardinality,DuckDB,JOB,11d:ct,,3.0,-0.47712125471966244,C:\Users\vanya\Documents\DATA_SYS_LAB\test44\final_benchmarks\final_paper_results\base_selection_table1\base_selection_qerrors.csv
base_selection_cardinality,PostgreSQL,JOB,11d:ct,,1.0,0.0,C:\Users\vanya\Documents\DATA_SYS_LAB\test44\final_benchmarks\final_paper_results\base_selection_table1\base_selection_qerrors.csv
base_selection_cardinality,DuckDB,JOB,11d:k,,2283.0,3.3585059114902354,C:\Users\vanya\Documents\DATA_SYS_LAB\test44\final_benchmarks\final_paper_results\base_selection_table1\base_selection_qerrors.csv
base_selection_cardinality,PostgreSQL,JOB,11d:k,,3.0,0.47712125471966244,C:\Users\vanya\Documents\DATA_SYS_LAB\test44\final_benchmarks\final_paper_results\base_selection_table1\base_selection_qerrors.csv
base_selection_cardinality,DuckDB,JOB,11d:mc,,2.8806818816537643,-0.45949530108828035,C:\Users\vanya\Documents\DATA_SYS_LAB\test44\final_benchmarks\final_paper_results\base_selection_table1\base_selection_qerrors.csv
base_selection_cardinality,PostgreSQL,JOB,11d:mc,,1.0039903827509986,0.0017295527112148996,C:\Users\vanya\Documents\DATA_SYS_LAB\test44\final_benchmarks\final_paper_results\base_selection_table1\base_selection_qerrors.csv
base_selection_cardinality,DuckDB,JOB,11d:t,,5.0,-0.6989700043360189,C:\Users\vanya\Documents\DATA_SYS_LAB\test44\final_benchmarks\final_paper_results\base_selection_table1\base_selection_qerrors.csv
base_selection_cardinality,PostgreSQL,JOB,11d:t,,1.0,0.0,C:\Users\vanya\Documents\DATA_SYS_LAB\test44\final_benchmarks\final_paper_results\base_selection_table1\base_selection_qerrors.csv
base_selection_cardinality,DuckDB,JOB,12a:cn,,23.75,-1.3756636139608853,C:\Users\vanya\Documents\DATA_SYS_LAB\test44\final_benchmarks\final_paper_results\base_selection_table1\base_selection_qerrors.csv
base_selection_cardinality,PostgreSQL,JOB,12a:cn,,1.0,0.0,C:\Users\vanya\Documents\DATA_SYS_LAB\test44\final_benchmarks\final_paper_results\base_selection_table1\base_selection_qerrors.csv
base_selection_cardinality,DuckDB,JOB,12a:ct,,1.0,0.0,C:\Users\vanya\Documents\DATA_SYS_LAB\test44\final_benchmarks\final_paper_results\base_selection_table1\base_selection_qerrors.csv
base_selection_cardinality,PostgreSQL,JOB,12a:ct,,1.0,0.0,C:\Users\vanya\Documents\DATA_SYS_LAB\test44\final_benchmarks\final_paper_results\base_selection_table1\base_selection_qerrors.csv
base_selection_cardinality,DuckDB,JOB,12a:it1,,2.0,0.3010299956639812,C:\Users\vanya\Documents\DATA_SYS_LAB\test44\final_benchmarks\final_paper_results\base_selection_table1\base_selection_qerrors.csv
base_selection_cardinality,PostgreSQL,JOB,12a:it1,,1.0,0.0,C:\Users\vanya\Documents\DATA_SYS_LAB\test44\final_benchmarks\final_paper_results\base_selection_table1\base_selection_qerrors.csv
base_selection_cardinality,DuckDB,JOB,12a:it2,,2.0,0.3010299956639812,C:\Users\vanya\Documents\DATA_SYS_LAB\test44\final_benchmarks\final_paper_results\base_selection_table1\base_selection_qerrors.csv
base_selection_cardinality,PostgreSQL,JOB,12a:it2,,1.0,0.0,C:\Users\vanya\Documents\DATA_SYS_LAB\test44\final_benchmarks\final_paper_results\base_selection_table1\base_selection_qerrors.csv
base_selection_cardinality,DuckDB,JOB,12a:mi,,12.32610800744879,1.0908259689141684,C:\Users\vanya\Documents\DATA_SYS_LAB\test44\final_benchmarks\final_paper_results\base_selection_table1\base_selection_qerrors.csv
base_selection_cardinality,PostgreSQL,JOB,12a:mi,,1.0099047141424273,-0.004280399451637564,C:\Users\vanya\Documents\DATA_SYS_LAB\test44\final_benchmarks\final_paper_results\base_selection_table1\base_selection_qerrors.csv
base_selection_cardinality,DuckDB,JOB,12a:mi_idx,,2.916727944829779,-0.46489592258443674,C:\Users\vanya\Documents\DATA_SYS_LAB\test44\final_benchmarks\final_paper_results\base_selection_table1\base_selection_qerrors.csv
base_selection_cardinality,PostgreSQL,JOB,12a:mi_idx,,1.0208037726400134,0.008942266425786561,C:\Users\vanya\Documents\DATA_SYS_LAB\test44\final_benchmarks\final_paper_results\base_selection_table1\base_selection_qerrors.csv
base_selection_cardinality,DuckDB,JOB,12b:cn,,1.875,0.27300127206373764,C:\Users\vanya\Documents\DATA_SYS_LAB\test44\final_benchmarks\final_paper_results\base_selection_table1\base_selection_qerrors.csv
base_selection_cardinality,PostgreSQL,JOB,12b:cn,,1.0,0.0,C:\Users\vanya\Documents\DATA_SYS_LAB\test44\final_benchmarks\final_paper_results\base_selection_table1\base_selection_qerrors.csv
base_selection_cardinality,DuckDB,JOB,12b:ct,,1.0,0.0,C:\Users\vanya\Documents\DATA_SYS_LAB\test44\final_benchmarks\final_paper_results\base_selection_table1\base_selection_qerrors.csv
base_selection_cardinality,PostgreSQL,JOB,12b:ct,,1.0,0.0,C:\Users\vanya\Documents\DATA_SYS_LAB\test44\final_benchmarks\final_paper_results\base_selection_table1\base_selection_qerrors.csv
base_selection_cardinality,DuckDB,JOB,12b:it1,,2.0,0.3010299956639812,C:\Users\vanya\Documents\DATA_SYS_LAB\test44\final_benchmarks\final_paper_results\base_selection_table1\base_selection_qerrors.csv
base_selection_cardinality,PostgreSQL,JOB,12b:it1,,1.0,0.0,C:\Users\vanya\Documents\DATA_SYS_LAB\test44\final_benchmarks\final_paper_results\base_selection_table1\base_selection_qerrors.csv
base_selection_cardinality,DuckDB,JOB,12b:it2,,2.0,0.3010299956639812,C:\Users\vanya\Documents\DATA_SYS_LAB\test44\final_benchmarks\final_paper_results\base_selection_table1\base_selection_qerrors.csv
base_selection_cardinality,PostgreSQL,JOB,12b:it2,,1.0,0.0,C:\Users\vanya\Documents\DATA_SYS_LAB\test44\final_benchmarks\final_paper_results\base_selection_table1\base_selection_qerrors.csv
base_selection_cardinality,DuckDB,JOB,12b:t,,50291.0,4.701490271337055,C:\Users\vanya\Documents\DATA_SYS_LAB\test44\final_benchmarks\final_paper_results\base_selection_table1\base_selection_qerrors.csv
base_selection_cardinality,PostgreSQL,JOB,12b:t,,20.0,1.3010299956639813,C:\Users\vanya\Documents\DATA_SYS_LAB\test44\final_benchmarks\final_paper_results\base_selection_table1\base_selection_qerrors.csv
base_selection_cardinality,DuckDB,JOB,12c:cn,,23.75,-1.3756636139608853,C:\Users\vanya\Documents\DATA_SYS_LAB\test44\final_benchmarks\final_paper_results\base_selection_table1\base_selection_qerrors.csv
base_selection_cardinality,PostgreSQL,JOB,12c:cn,,1.0,0.0,C:\Users\vanya\Documents\DATA_SYS_LAB\test44\final_benchmarks\final_paper_results\base_selection_table1\base_selection_qerrors.csv
base_selection_cardinality,DuckDB,JOB,12c:ct,,1.0,0.0,C:\Users\vanya\Documents\DATA_SYS_LAB\test44\final_benchmarks\final_paper_results\base_selection_table1\base_selection_qerrors.csv
base_selection_cardinality,PostgreSQL,JOB,12c:ct,,1.0,0.0,C:\Users\vanya\Documents\DATA_SYS_LAB\test44\final_benchmarks\final_paper_results\base_selection_table1\base_selection_qerrors.csv
base_selection_cardinality,DuckDB,JOB,12c:it1,,2.0,0.3010299956639812,C:\Users\vanya\Documents\DATA_SYS_LAB\test44\final_benchmarks\final_paper_results\base_selection_table1\base_selection_qerrors.csv
base_selection_cardinality,PostgreSQL,JOB,12c:it1,,1.0,0.0,C:\Users\vanya\Documents\DATA_SYS_LAB\test44\final_benchmarks\final_paper_results\base_selection_table1\base_selection_qerrors.csv
base_selection_cardinality,DuckDB,JOB,12c:it2,,2.0,0.3010299956639812,C:\Users\vanya\Documents\DATA_SYS_LAB\test44\final_benchmarks\final_paper_results\base_selection_table1\base_selection_qerrors.csv
base_selection_cardinality,PostgreSQL,JOB,12c:it2,,1.0,0.0,C:\Users\vanya\Documents\DATA_SYS_LAB\test44\final_benchmarks\final_paper_results\base_selection_table1\base_selection_qerrors.csv
base_selection_cardinality,DuckDB,JOB,12c:mi,,9.76041052259054,0.9894680844644713,C:\Users\vanya\Documents\DATA_SYS_LAB\test44\final_benchmarks\final_paper_results\base_selection_table1\base_selection_qerrors.csv
base_selection_cardinality,PostgreSQL,JOB,12c:mi,,1.026623337302949,-0.011411132461948744,C:\Users\vanya\Documents\DATA_SYS_LAB\test44\final_benchmarks\final_paper_results\base_selection_table1\base_selection_qerrors.csv
base_selection_cardinality,DuckDB,JOB,12c:mi_idx,,3.478337341256434,-0.5413716990990266,C:\Users\vanya\Documents\DATA_SYS_LAB\test44\final_benchmarks\final_paper_results\base_selection_table1\base_selection_qerrors.csv
base_selection_cardinality,PostgreSQL,JOB,12c:mi_idx,,1.0149110807113544,0.006427994123099301,C:\Users\vanya\Documents\DATA_SYS_LAB\test44\final_benchmarks\final_paper_results\base_selection_table1\base_selection_qerrors.csv
base_selection_cardinality,DuckDB,JOB,13a:cn,,2.0689655172413794,0.31575325248468755,C:\Users\vanya\Documents\DATA_SYS_LAB\test44\final_benchmarks\final_paper_results\base_selection_table1\base_selection_qerrors.csv
base_selection_cardinality,PostgreSQL,JOB,13a:cn,,1.0,0.0,C:\Users\vanya\Documents\DATA_SYS_LAB\test44\final_benchmarks\final_paper_results\base_selection_table1\base_selection_qerrors.csv
base_selection_cardinality,DuckDB,JOB,13a:ct,,1.0,0.0,C:\Users\vanya\Documents\DATA_SYS_LAB\test44\final_benchmarks\final_paper_results\base_selection_table1\base_selection_qerrors.csv
base_selection_cardinality,PostgreSQL,JOB,13a:ct,,1.0,0.0,C:\Users\vanya\Documents\DATA_SYS_LAB\test44\final_benchmarks\final_paper_results\base_selection_table1\base_selection_qerrors.csv
base_selection_cardinality,DuckDB,JOB,13a:it,,2.0,0.3010299956639812,C:\Users\vanya\Documents\DATA_SYS_LAB\test44\final_benchmarks\final_paper_results\base_selection_table1\base_selection_qerrors.csv
base_selection_cardinality,PostgreSQL,JOB,13a:it,,1.0,0.0,C:\Users\vanya\Documents\DATA_SYS_LAB\test44\final_benchmarks\final_paper_results\base_selection_table1\base_selection_qerrors.csv
base_selection_cardinality,DuckDB,JOB,13a:it2,,2.0,0.3010299956639812,C:\Users\vanya\Documents\DATA_SYS_LAB\test44\final_benchmarks\final_paper_results\base_selection_table1\base_selection_qerrors.csv
base_selection_cardinality,PostgreSQL,JOB,13a:it2,,1.0,0.0,C:\Users\vanya\Documents\DATA_SYS_LAB\test44\final_benchmarks\final_paper_results\base_selection_table1\base_selection_qerrors.csv
base_selection_cardinality,DuckDB,JOB,13a:kt,,1.0,0.0,C:\Users\vanya\Documents\DATA_SYS_LAB\test44\final_benchmarks\final_paper_results\base_selection_table1\base_selection_qerrors.csv
base_selection_cardinality,PostgreSQL,JOB,13a:kt,,1.0,0.0,C:\Users\vanya\Documents\DATA_SYS_LAB\test44\final_benchmarks\final_paper_results\base_selection_table1\base_selection_qerrors.csv
base_selection_cardinality,DuckDB,JOB,13b:cn,,23.75,-1.3756636139608853,C:\Users\vanya\Documents\DATA_SYS_LAB\test44\final_benchmarks\final_paper_results\base_selection_table1\base_selection_qerrors.csv
base_selection_cardinality,PostgreSQL,JOB,13b:cn,,1.0,0.0,C:\Users\vanya\Documents\DATA_SYS_LAB\test44\final_benchmarks\final_paper_results\base_selection_table1\base_selection_qerrors.csv
base_selection_cardinality,DuckDB,JOB,13b:ct,,1.0,0.0,C:\Users\vanya\Documents\DATA_SYS_LAB\test44\final_benchmarks\final_paper_results\base_selection_table1\base_selection_qerrors.csv
base_selection_cardinality,PostgreSQL,JOB,13b:ct,,1.0,0.0,C:\Users\vanya\Documents\DATA_SYS_LAB\test44\final_benchmarks\final_paper_results\base_selection_table1\base_selection_qerrors.csv
base_selection_cardinality,DuckDB,JOB,13b:it,,2.0,0.3010299956639812,C:\Users\vanya\Documents\DATA_SYS_LAB\test44\final_benchmarks\final_paper_results\base_selection_table1\base_selection_qerrors.csv
base_selection_cardinality,PostgreSQL,JOB,13b:it,,1.0,0.0,C:\Users\vanya\Documents\DATA_SYS_LAB\test44\final_benchmarks\final_paper_results\base_selection_table1\base_selection_qerrors.csv
base_selection_cardinality,DuckDB,JOB,13b:it2,,2.0,0.3010299956639812,C:\Users\vanya\Documents\DATA_SYS_LAB\test44\final_benchmarks\final_paper_results\base_selection_table1\base_selection_qerrors.csv
base_selection_cardinality,PostgreSQL,JOB,13b:it2,,1.0,0.0,C:\Users\vanya\Documents\DATA_SYS_LAB\test44\final_benchmarks\final_paper_results\base_selection_table1\base_selection_qerrors.csv
base_selection_cardinality,DuckDB,JOB,13b:kt,,1.0,0.0,C:\Users\vanya\Documents\DATA_SYS_LAB\test44\final_benchmarks\final_paper_results\base_selection_table1\base_selection_qerrors.csv
base_selection_cardinality,PostgreSQL,JOB,13b:kt,,1.0,0.0,C:\Users\vanya\Documents\DATA_SYS_LAB\test44\final_benchmarks\final_paper_results\base_selection_table1\base_selection_qerrors.csv
base_selection_cardinality,DuckDB,JOB,13c:cn,,23.75,-1.3756636139608853,C:\Users\vanya\Documents\DATA_SYS_LAB\test44\final_benchmarks\final_paper_results\base_selection_table1\base_selection_qerrors.csv
base_selection_cardinality,PostgreSQL,JOB,13c:cn,,1.0,0.0,C:\Users\vanya\Documents\DATA_SYS_LAB\test44\final_benchmarks\final_paper_results\base_selection_table1\base_selection_qerrors.csv
base_selection_cardinality,DuckDB,JOB,13c:ct,,1.0,0.0,C:\Users\vanya\Documents\DATA_SYS_LAB\test44\final_benchmarks\final_paper_results\base_selection_table1\base_selection_qerrors.csv
base_selection_cardinality,PostgreSQL,JOB,13c:ct,,1.0,0.0,C:\Users\vanya\Documents\DATA_SYS_LAB\test44\final_benchmarks\final_paper_results\base_selection_table1\base_selection_qerrors.csv
base_selection_cardinality,DuckDB,JOB,13c:it,,2.0,0.3010299956639812,C:\Users\vanya\Documents\DATA_SYS_LAB\test44\final_benchmarks\final_paper_results\base_selection_table1\base_selection_qerrors.csv
base_selection_cardinality,PostgreSQL,JOB,13c:it,,1.0,0.0,C:\Users\vanya\Documents\DATA_SYS_LAB\test44\final_benchmarks\final_paper_results\base_selection_table1\base_selection_qerrors.csv
base_selection_cardinality,DuckDB,JOB,13c:it2,,2.0,0.3010299956639812,C:\Users\vanya\Documents\DATA_SYS_LAB\test44\final_benchmarks\final_paper_results\base_selection_table1\base_selection_qerrors.csv
base_selection_cardinality,PostgreSQL,JOB,13c:it2,,1.0,0.0,C:\Users\vanya\Documents\DATA_SYS_LAB\test44\final_benchmarks\final_paper_results\base_selection_table1\base_selection_qerrors.csv
base_selection_cardinality,DuckDB,JOB,13c:kt,,1.0,0.0,C:\Users\vanya\Documents\DATA_SYS_LAB\test44\final_benchmarks\final_paper_results\base_selection_table1\base_selection_qerrors.csv
base_selection_cardinality,PostgreSQL,JOB,13c:kt,,1.0,0.0,C:\Users\vanya\Documents\DATA_SYS_LAB\test44\final_benchmarks\final_paper_results\base_selection_table1\base_selection_qerrors.csv
base_selection_cardinality,DuckDB,JOB,13d:cn,,23.75,-1.3756636139608853,C:\Users\vanya\Documents\DATA_SYS_LAB\test44\final_benchmarks\final_paper_results\base_selection_table1\base_selection_qerrors.csv
base_selection_cardinality,PostgreSQL,JOB,13d:cn,,1.0,0.0,C:\Users\vanya\Documents\DATA_SYS_LAB\test44\final_benchmarks\final_paper_results\base_selection_table1\base_selection_qerrors.csv
base_selection_cardinality,DuckDB,JOB,13d:ct,,1.0,0.0,C:\Users\vanya\Documents\DATA_SYS_LAB\test44\final_benchmarks\final_paper_results\base_selection_table1\base_selection_qerrors.csv
base_selection_cardinality,PostgreSQL,JOB,13d:ct,,1.0,0.0,C:\Users\vanya\Documents\DATA_SYS_LAB\test44\final_benchmarks\final_paper_results\base_selection_table1\base_selection_qerrors.csv
base_selection_cardinality,DuckDB,JOB,13d:it,,2.0,0.3010299956639812,C:\Users\vanya\Documents\DATA_SYS_LAB\test44\final_benchmarks\final_paper_results\base_selection_table1\base_selection_qerrors.csv
base_selection_cardinality,PostgreSQL,JOB,13d:it,,1.0,0.0,C:\Users\vanya\Documents\DATA_SYS_LAB\test44\final_benchmarks\final_paper_results\base_selection_table1\base_selection_qerrors.csv
base_selection_cardinality,DuckDB,JOB,13d:it2,,2.0,0.3010299956639812,C:\Users\vanya\Documents\DATA_SYS_LAB\test44\final_benchmarks\final_paper_results\base_selection_table1\base_selection_qerrors.csv
base_selection_cardinality,PostgreSQL,JOB,13d:it2,,1.0,0.0,C:\Users\vanya\Documents\DATA_SYS_LAB\test44\final_benchmarks\final_paper_results\base_selection_table1\base_selection_qerrors.csv
base_selection_cardinality,DuckDB,JOB,13d:kt,,1.0,0.0,C:\Users\vanya\Documents\DATA_SYS_LAB\test44\final_benchmarks\final_paper_results\base_selection_table1\base_selection_qerrors.csv
base_selection_cardinality,PostgreSQL,JOB,13d:kt,,1.0,0.0,C:\Users\vanya\Documents\DATA_SYS_LAB\test44\final_benchmarks\final_paper_results\base_selection_table1\base_selection_qerrors.csv
base_selection_cardinality,DuckDB,JOB,14a:it1,,2.0,0.3010299956639812,C:\Users\vanya\Documents\DATA_SYS_LAB\test44\final_benchmarks\final_paper_results\base_selection_table1\base_selection_qerrors.csv
base_selection_cardinality,PostgreSQL,JOB,14a:it1,,1.0,0.0,C:\Users\vanya\Documents\DATA_SYS_LAB\test44\final_benchmarks\final_paper_results\base_selection_table1\base_selection_qerrors.csv
base_selection_cardinality,DuckDB,JOB,14a:it2,,2.0,0.3010299956639812,C:\Users\vanya\Documents\DATA_SYS_LAB\test44\final_benchmarks\final_paper_results\base_selection_table1\base_selection_qerrors.csv
base_selection_cardinality,PostgreSQL,JOB,14a:it2,,1.0,0.0,C:\Users\vanya\Documents\DATA_SYS_LAB\test44\final_benchmarks\final_paper_results\base_selection_table1\base_selection_qerrors.csv
base_selection_cardinality,DuckDB,JOB,14a:k,,570.75,2.756445920162273,C:\Users\vanya\Documents\DATA_SYS_LAB\test44\final_benchmarks\final_paper_results\base_selection_table1\base_selection_qerrors.csv
base_selection_cardinality,PostgreSQL,JOB,14a:k,,1.0,0.0,C:\Users\vanya\Documents\DATA_SYS_LAB\test44\final_benchmarks\final_paper_results\base_selection_table1\base_selection_qerrors.csv
base_selection_cardinality,DuckDB,JOB,14a:kt,,1.0,0.0,C:\Users\vanya\Documents\DATA_SYS_LAB\test44\final_benchmarks\final_paper_results\base_selection_table1\base_selection_qerrors.csv
base_selection_cardinality,PostgreSQL,JOB,14a:kt,,1.0,0.0,C:\Users\vanya\Documents\DATA_SYS_LAB\test44\final_benchmarks\final_paper_results\base_selection_table1\base_selection_qerrors.csv
base_selection_cardinality,DuckDB,JOB,14a:mi,,3.8991658681411896,0.5909717102036935,C:\Users\vanya\Documents\DATA_SYS_LAB\test44\final_benchmarks\final_paper_results\base_selection_table1\base_selection_qerrors.csv
base_selection_cardinality,PostgreSQL,JOB,14a:mi,,1.0520062136435748,-0.02201830497280352,C:\Users\vanya\Documents\DATA_SYS_LAB\test44\final_benchmarks\final_paper_results\base_selection_table1\base_selection_qerrors.csv
base_selection_cardinality,DuckDB,JOB,14a:mi_idx,,2.2890474392352487,-0.3596547932794376,C:\Users\vanya\Documents\DATA_SYS_LAB\test44\final_benchmarks\final_paper_results\base_selection_table1\base_selection_qerrors.csv
base_selection_cardinality,PostgreSQL,JOB,14a:mi_idx,,1.001095843157711,-0.00047565806068405566,C:\Users\vanya\Documents\DATA_SYS_LAB\test44\final_benchmarks\final_paper_results\base_selection_table1\base_selection_qerrors.csv
base_selection_cardinality,DuckDB,JOB,14a:t,,5.0,-0.6989700043360189,C:\Users\vanya\Documents\DATA_SYS_LAB\test44\final_benchmarks\final_paper_results\base_selection_table1\base_selection_qerrors.csv
base_selection_cardinality,PostgreSQL,JOB,14a:t,,1.0,0.0,C:\Users\vanya\Documents\DATA_SYS_LAB\test44\final_benchmarks\final_paper_results\base_selection_table1\base_selection_qerrors.csv
base_selection_cardinality,DuckDB,JOB,14b:it1,,2.0,0.3010299956639812,C:\Users\vanya\Documents\DATA_SYS_LAB\test44\final_benchmarks\final_paper_results\base_selection_table1\base_selection_qerrors.csv
base_selection_cardinality,PostgreSQL,JOB,14b:it1,,1.0,0.0,C:\Users\vanya\Documents\DATA_SYS_LAB\test44\final_benchmarks\final_paper_results\base_selection_table1\base_selection_qerrors.csv
base_selection_cardinality,DuckDB,JOB,14b:it2,,2.0,0.3010299956639812,C:\Users\vanya\Documents\DATA_SYS_LAB\test44\final_benchmarks\final_paper_results\base_selection_table1\base_selection_qerrors.csv
base_selection_cardinality,PostgreSQL,JOB,14b:it2,,1.0,0.0,C:\Users\vanya\Documents\DATA_SYS_LAB\test44\final_benchmarks\final_paper_results\base_selection_table1\base_selection_qerrors.csv
base_selection_cardinality,DuckDB,JOB,14b:k,,1141.5,3.057475915826254,C:\Users\vanya\Documents\DATA_SYS_LAB\test44\final_benchmarks\final_paper_results\base_selection_table1\base_selection_qerrors.csv
base_selection_cardinality,PostgreSQL,JOB,14b:k,,1.0,0.0,C:\Users\vanya\Documents\DATA_SYS_LAB\test44\final_benchmarks\final_paper_results\base_selection_table1\base_selection_qerrors.csv
base_selection_cardinality,DuckDB,JOB,14b:kt,,1.0,0.0,C:\Users\vanya\Documents\DATA_SYS_LAB\test44\final_benchmarks\final_paper_results\base_selection_table1\base_selection_qerrors.csv
base_selection_cardinality,PostgreSQL,JOB,14b:kt,,1.0,0.0,C:\Users\vanya\Documents\DATA_SYS_LAB\test44\final_benchmarks\final_paper_results\base_selection_table1\base_selection_qerrors.csv
base_selection_cardinality,DuckDB,JOB,14b:mi,,16.77538607103031,1.224672523868672,C:\Users\vanya\Documents\DATA_SYS_LAB\test44\final_benchmarks\final_paper_results\base_selection_table1\base_selection_qerrors.csv
base_selection_cardinality,PostgreSQL,JOB,14b:mi,,1.2561762458612786,-0.09905057669032116,C:\Users\vanya\Documents\DATA_SYS_LAB\test44\final_benchmarks\final_paper_results\base_selection_table1\base_selection_qerrors.csv
base_selection_cardinality,DuckDB,JOB,14b:mi_idx,,4.157491503865493,-0.618831370380287,C:\Users\vanya\Documents\DATA_SYS_LAB\test44\final_benchmarks\final_paper_results\base_selection_table1\base_selection_qerrors.csv
base_selection_cardinality,PostgreSQL,JOB,14b:mi_idx,,1.0111163529686085,0.004801134369127558,C:\Users\vanya\Documents\DATA_SYS_LAB\test44\final_benchmarks\final_paper_results\base_selection_table1\base_selection_qerrors.csv
base_selection_cardinality,DuckDB,JOB,14b:t,,186.95539033457248,2.2717379913346467,C:\Users\vanya\Documents\DATA_SYS_LAB\test44\final_benchmarks\final_paper_results\base_selection_table1\base_selection_qerrors.csv
base_selection_cardinality,PostgreSQL,JOB,14b:t,,3.557620817843866,0.5511596577744355,C:\Users\vanya\Documents\DATA_SYS_LAB\test44\final_benchmarks\final_paper_results\base_selection_table1\base_selection_qerrors.csv
base_selection_cardinality,DuckDB,JOB,14c:it1,,2.0,0.3010299956639812,C:\Users\vanya\Documents\DATA_SYS_LAB\test44\final_benchmarks\final_paper_results\base_selection_table1\base_selection_qerrors.csv
base_selection_cardinality,PostgreSQL,JOB,14c:it1,,1.0,0.0,C:\Users\vanya\Documents\DATA_SYS_LAB\test44\final_benchmarks\final_paper_results\base_selection_table1\base_selection_qerrors.csv
base_selection_cardinality,DuckDB,JOB,14c:it2,,2.0,0.3010299956639812,C:\Users\vanya\Documents\DATA_SYS_LAB\test44\final_benchmarks\final_paper_results\base_selection_table1\base_selection_qerrors.csv
base_selection_cardinality,PostgreSQL,JOB,14c:it2,,1.0,0.0,C:\Users\vanya\Documents\DATA_SYS_LAB\test44\final_benchmarks\final_paper_results\base_selection_table1\base_selection_qerrors.csv
base_selection_cardinality,DuckDB,JOB,14c:k,,114.0,2.0569048513364727,C:\Users\vanya\Documents\DATA_SYS_LAB\test44\final_benchmarks\final_paper_results\base_selection_table1\base_selection_qerrors.csv
base_selection_cardinality,PostgreSQL,JOB,14c:k,,1.0,0.0,C:\Users\vanya\Documents\DATA_SYS_LAB\test44\final_benchmarks\final_paper_results\base_selection_table1\base_selection_qerrors.csv
base_selection_cardinality,DuckDB,JOB,14c:kt,,2.0,-0.3010299956639812,C:\Users\vanya\Documents\DATA_SYS_LAB\test44\final_benchmarks\final_paper_results\base_selection_table1\base_selection_qerrors.csv
base_selection_cardinality,PostgreSQL,JOB,14c:kt,,1.0,0.0,C:\Users\vanya\Documents\DATA_SYS_LAB\test44\final_benchmarks\final_paper_results\base_selection_table1\base_selection_qerrors.csv
base_selection_cardinality,DuckDB,JOB,14c:mi,,3.8427848218847243,0.5846460666698019,C:\Users\vanya\Documents\DATA_SYS_LAB\test44\final_benchmarks\final_paper_results\base_selection_table1\base_selection_qerrors.csv
base_selection_cardinality,PostgreSQL,JOB,14c:mi,,1.0674411686938128,-0.028343948506695204,C:\Users\vanya\Documents\DATA_SYS_LAB\test44\final_benchmarks\final_paper_results\base_selection_table1\base_selection_qerrors.csv
base_selection_cardinality,DuckDB,JOB,14c:mi_idx,,2.2890474392352487,-0.3596547932794376,C:\Users\vanya\Documents\DATA_SYS_LAB\test44\final_benchmarks\final_paper_results\base_selection_table1\base_selection_qerrors.csv
base_selection_cardinality,PostgreSQL,JOB,14c:mi_idx,,1.001095843157711,-0.00047565806068405566,C:\Users\vanya\Documents\DATA_SYS_LAB\test44\final_benchmarks\final_paper_results\base_selection_table1\base_selection_qerrors.csv
base_selection_cardinality,DuckDB,JOB,14c:t,,5.0,-0.6989700043360189,C:\Users\vanya\Documents\DATA_SYS_LAB\test44\final_benchmarks\final_paper_results\base_selection_table1\base_selection_qerrors.csv
base_selection_cardinality,PostgreSQL,JOB,14c:t,,1.0,0.0,C:\Users\vanya\Documents\DATA_SYS_LAB\test44\final_benchmarks\final_paper_results\base_selection_table1\base_selection_qerrors.csv
base_selection_cardinality,DuckDB,JOB,15a:cn,,1.875,0.27300127206373764,C:\Users\vanya\Documents\DATA_SYS_LAB\test44\final_benchmarks\final_paper_results\base_selection_table1\base_selection_qerrors.csv
base_selection_cardinality,PostgreSQL,JOB,15a:cn,,1.0,0.0,C:\Users\vanya\Documents\DATA_SYS_LAB\test44\final_benchmarks\final_paper_results\base_selection_table1\base_selection_qerrors.csv
base_selection_cardinality,DuckDB,JOB,15a:it1,,2.0,0.3010299956639812,C:\Users\vanya\Documents\DATA_SYS_LAB\test44\final_benchmarks\final_paper_results\base_selection_table1\base_selection_qerrors.csv
base_selection_cardinality,PostgreSQL,JOB,15a:it1,,1.0,0.0,C:\Users\vanya\Documents\DATA_SYS_LAB\test44\final_benchmarks\final_paper_results\base_selection_table1\base_selection_qerrors.csv
base_selection_cardinality,DuckDB,JOB,15a:mc,,1.0180021379671116,0.007748690089486548,C:\Users\vanya\Documents\DATA_SYS_LAB\test44\final_benchmarks\final_paper_results\base_selection_table1\base_selection_qerrors.csv
base_selection_cardinality,PostgreSQL,JOB,15a:mc,,5.097918719925793,-0.7073929068945043,C:\Users\vanya\Documents\DATA_SYS_LAB\test44\final_benchmarks\final_paper_results\base_selection_table1\base_selection_qerrors.csv
base_selection_cardinality,DuckDB,JOB,15a:mi,,99286.8,4.996891513669405,C:\Users\vanya\Documents\DATA_SYS_LAB\test44\final_benchmarks\final_paper_results\base_selection_table1\base_selection_qerrors.csv
base_selection_cardinality,PostgreSQL,JOB,15a:mi,,4.6,0.6627578316815741,C:\Users\vanya\Documents\DATA_SYS_LAB\test44\final_benchmarks\final_paper_results\base_selection_table1\base_selection_qerrors.csv
base_selection_cardinality,DuckDB,JOB,15a:t,,5.0,-0.6989700043360189,C:\Users\vanya\Documents\DATA_SYS_LAB\test44\final_benchmarks\final_paper_results\base_selection_table1\base_selection_qerrors.csv
base_selection_cardinality,PostgreSQL,JOB,15a:t,,1.0,0.0,C:\Users\vanya\Documents\DATA_SYS_LAB\test44\final_benchmarks\final_paper_results\base_selection_table1\base_selection_qerrors.csv
base_selection_cardinality,DuckDB,JOB,15b:cn,,1.0,0.0,C:\Users\vanya\Documents\DATA_SYS_LAB\test44\final_benchmarks\final_paper_results\base_selection_table1\base_selection_qerrors.csv
base_selection_cardinality,PostgreSQL,JOB,15b:cn,,1.0,0.0,C:\Users\vanya\Documents\DATA_SYS_LAB\test44\final_benchmarks\final_paper_results\base_selection_table1\base_selection_qerrors.csv
base_selection_cardinality,DuckDB,JOB,15b:it1,,2.0,0.3010299956639812,C:\Users\vanya\Documents\DATA_SYS_LAB\test44\final_benchmarks\final_paper_results\base_selection_table1\base_selection_qerrors.csv
base_selection_cardinality,PostgreSQL,JOB,15b:it1,,1.0,0.0,C:\Users\vanya\Documents\DATA_SYS_LAB\test44\final_benchmarks\final_paper_results\base_selection_table1\base_selection_qerrors.csv
base_selection_cardinality,DuckDB,JOB,15b:mc,,1.0180021379671116,0.007748690089486548,C:\Users\vanya\Documents\DATA_SYS_LAB\test44\final_benchmarks\final_paper_results\base_selection_table1\base_selection_qerrors.csv
base_selection_cardinality,PostgreSQL,JOB,15b:mc,,5.097918719925793,-0.7073929068945043,C:\Users\vanya\Documents\DATA_SYS_LAB\test44\final_benchmarks\final_paper_results\base_selection_table1\base_selection_qerrors.csv
base_selection_cardinality,DuckDB,JOB,15b:mi,,99286.8,4.996891513669405,C:\Users\vanya\Documents\DATA_SYS_LAB\test44\final_benchmarks\final_paper_results\base_selection_table1\base_selection_qerrors.csv
base_selection_cardinality,PostgreSQL,JOB,15b:mi,,4.6,0.6627578316815741,C:\Users\vanya\Documents\DATA_SYS_LAB\test44\final_benchmarks\final_paper_results\base_selection_table1\base_selection_qerrors.csv
base_selection_cardinality,DuckDB,JOB,15c:cn,,23.75,-1.3756636139608853,C:\Users\vanya\Documents\DATA_SYS_LAB\test44\final_benchmarks\final_paper_results\base_selection_table1\base_selection_qerrors.csv
base_selection_cardinality,PostgreSQL,JOB,15c:cn,,1.0,0.0,C:\Users\vanya\Documents\DATA_SYS_LAB\test44\final_benchmarks\final_paper_results\base_selection_table1\base_selection_qerrors.csv
base_selection_cardinality,DuckDB,JOB,15c:it1,,2.0,0.3010299956639812,C:\Users\vanya\Documents\DATA_SYS_LAB\test44\final_benchmarks\final_paper_results\base_selection_table1\base_selection_qerrors.csv
base_selection_cardinality,PostgreSQL,JOB,15c:it1,,1.0,0.0,C:\Users\vanya\Documents\DATA_SYS_LAB\test44\final_benchmarks\final_paper_results\base_selection_table1\base_selection_qerrors.csv
base_selection_cardinality,DuckDB,JOB,15c:mi,,13.530498773507768,1.131313806249476,C:\Users\vanya\Documents\DATA_SYS_LAB\test44\final_benchmarks\final_paper_results\base_selection_table1\base_selection_qerrors.csv
base_selection_cardinality,PostgreSQL,JOB,15c:mi,,23.61003861003861,-1.3730966972910525,C:\Users\vanya\Documents\DATA_SYS_LAB\test44\final_benchmarks\final_paper_results\base_selection_table1\base_selection_qerrors.csv
base_selection_cardinality,DuckDB,JOB,15c:t,,4.801614603010479,-0.6813872988899298,C:\Users\vanya\Documents\DATA_SYS_LAB\test44\final_benchmarks\final_paper_results\base_selection_table1\base_selection_qerrors.csv
base_selection_cardinality,PostgreSQL,JOB,15c:t,,1.0001490819039416,6.474062252572449e-05,C:\Users\vanya\Documents\DATA_SYS_LAB\test44\final_benchmarks\final_paper_results\base_selection_table1\base_selection_qerrors.csv
base_selection_cardinality,DuckDB,JOB,15d:cn,,23.75,-1.3756636139608853,C:\Users\vanya\Documents\DATA_SYS_LAB\test44\final_benchmarks\final_paper_results\base_selection_table1\base_selection_qerrors.csv
base_selection_cardinality,PostgreSQL,JOB,15d:cn,,1.0,0.0,C:\Users\vanya\Documents\DATA_SYS_LAB\test44\final_benchmarks\final_paper_results\base_selection_table1\base_selection_qerrors.csv
base_selection_cardinality,DuckDB,JOB,15d:it1,,2.0,0.3010299956639812,C:\Users\vanya\Documents\DATA_SYS_LAB\test44\final_benchmarks\final_paper_results\base_selection_table1\base_selection_qerrors.csv
base_selection_cardinality,PostgreSQL,JOB,15d:it1,,1.0,0.0,C:\Users\vanya\Documents\DATA_SYS_LAB\test44\final_benchmarks\final_paper_results\base_selection_table1\base_selection_qerrors.csv
base_selection_cardinality,DuckDB,JOB,15d:mi,,4.96434,0.695861518005424,C:\Users\vanya\Documents\DATA_SYS_LAB\test44\final_benchmarks\final_paper_results\base_selection_table1\base_selection_qerrors.csv
base_selection_cardinality,PostgreSQL,JOB,15d:mi,,1.0446155292544579,-0.018956477770732377,C:\Users\vanya\Documents\DATA_SYS_LAB\test44\final_benchmarks\final_paper_results\base_selection_table1\base_selection_qerrors.csv
base_selection_cardinality,DuckDB,JOB,15d:t,,4.801614603010479,-0.6813872988899298,C:\Users\vanya\Documents\DATA_SYS_LAB\test44\final_benchmarks\final_paper_results\base_selection_table1\base_selection_qerrors.csv
base_selection_cardinality,PostgreSQL,JOB,15d:t,,1.0001490819039416,6.474062252572449e-05,C:\Users\vanya\Documents\DATA_SYS_LAB\test44\final_benchmarks\final_paper_results\base_selection_table1\base_selection_qerrors.csv
base_selection_cardinality,DuckDB,JOB,16a:cn,,23.75,-1.3756636139608853,C:\Users\vanya\Documents\DATA_SYS_LAB\test44\final_benchmarks\final_paper_results\base_selection_table1\base_selection_qerrors.csv
base_selection_cardinality,PostgreSQL,JOB,16a:cn,,1.0,0.0,C:\Users\vanya\Documents\DATA_SYS_LAB\test44\final_benchmarks\final_paper_results\base_selection_table1\base_selection_qerrors.csv
base_selection_cardinality,DuckDB,JOB,16a:k,,1.0,0.0,C:\Users\vanya\Documents\DATA_SYS_LAB\test44\final_benchmarks\final_paper_results\base_selection_table1\base_selection_qerrors.csv
base_selection_cardinality,PostgreSQL,JOB,16a:k,,1.0,0.0,C:\Users\vanya\Documents\DATA_SYS_LAB\test44\final_benchmarks\final_paper_results\base_selection_table1\base_selection_qerrors.csv
base_selection_cardinality,DuckDB,JOB,16a:t,,8.381833333333333,0.9233390209534111,C:\Users\vanya\Documents\DATA_SYS_LAB\test44\final_benchmarks\final_paper_results\base_selection_table1\base_selection_qerrors.csv
base_selection_cardinality,PostgreSQL,JOB,16a:t,,1.0095911155981827,-0.004145520125434118,C:\Users\vanya\Documents\DATA_SYS_LAB\test44\final_benchmarks\final_paper_results\base_selection_table1\base_selection_qerrors.csv
base_selection_cardinality,DuckDB,JOB,16b:cn,,23.75,-1.3756636139608853,C:\Users\vanya\Documents\DATA_SYS_LAB\test44\final_benchmarks\final_paper_results\base_selection_table1\base_selection_qerrors.csv
base_selection_cardinality,PostgreSQL,JOB,16b:cn,,1.0,0.0,C:\Users\vanya\Documents\DATA_SYS_LAB\test44\final_benchmarks\final_paper_results\base_selection_table1\base_selection_qerrors.csv
base_selection_cardinality,DuckDB,JOB,16b:k,,1.0,0.0,C:\Users\vanya\Documents\DATA_SYS_LAB\test44\final_benchmarks\final_paper_results\base_selection_table1\base_selection_qerrors.csv
base_selection_cardinality,PostgreSQL,JOB,16b:k,,1.0,0.0,C:\Users\vanya\Documents\DATA_SYS_LAB\test44\final_benchmarks\final_paper_results\base_selection_table1\base_selection_qerrors.csv
base_selection_cardinality,DuckDB,JOB,16c:cn,,23.75,-1.3756636139608853,C:\Users\vanya\Documents\DATA_SYS_LAB\test44\final_benchmarks\final_paper_results\base_selection_table1\base_selection_qerrors.csv
base_selection_cardinality,PostgreSQL,JOB,16c:cn,,1.0,0.0,C:\Users\vanya\Documents\DATA_SYS_LAB\test44\final_benchmarks\final_paper_results\base_selection_table1\base_selection_qerrors.csv
base_selection_cardinality,DuckDB,JOB,16c:k,,1.0,0.0,C:\Users\vanya\Documents\DATA_SYS_LAB\test44\final_benchmarks\final_paper_results\base_selection_table1\base_selection_qerrors.csv
base_selection_cardinality,PostgreSQL,JOB,16c:k,,1.0,0.0,C:\Users\vanya\Documents\DATA_SYS_LAB\test44\final_benchmarks\final_paper_results\base_selection_table1\base_selection_qerrors.csv
base_selection_cardinality,DuckDB,JOB,16c:t,,1.098920548903068,0.04096629440684162,C:\Users\vanya\Documents\DATA_SYS_LAB\test44\final_benchmarks\final_paper_results\base_selection_table1\base_selection_qerrors.csv
base_selection_cardinality,PostgreSQL,JOB,16c:t,,1.013868580796668,-0.0059816647273819735,C:\Users\vanya\Documents\DATA_SYS_LAB\test44\final_benchmarks\final_paper_results\base_selection_table1\base_selection_qerrors.csv
base_selection_cardinality,DuckDB,JOB,16d:cn,,23.75,-1.3756636139608853,C:\Users\vanya\Documents\DATA_SYS_LAB\test44\final_benchmarks\final_paper_results\base_selection_table1\base_selection_qerrors.csv
base_selection_cardinality,PostgreSQL,JOB,16d:cn,,1.0,0.0,C:\Users\vanya\Documents\DATA_SYS_LAB\test44\final_benchmarks\final_paper_results\base_selection_table1\base_selection_qerrors.csv
base_selection_cardinality,DuckDB,JOB,16d:k,,1.0,0.0,C:\Users\vanya\Documents\DATA_SYS_LAB\test44\final_benchmarks\final_paper_results\base_selection_table1\base_selection_qerrors.csv
base_selection_cardinality,PostgreSQL,JOB,16d:k,,1.0,0.0,C:\Users\vanya\Documents\DATA_SYS_LAB\test44\final_benchmarks\final_paper_results\base_selection_table1\base_selection_qerrors.csv
base_selection_cardinality,DuckDB,JOB,16d:t,,2.0278180986657652,-0.30702899489758306,C:\Users\vanya\Documents\DATA_SYS_LAB\test44\final_benchmarks\final_paper_results\base_selection_table1\base_selection_qerrors.csv
base_selection_cardinality,PostgreSQL,JOB,16d:t,,1.0065139507111063,-0.00281979877247629,C:\Users\vanya\Documents\DATA_SYS_LAB\test44\final_benchmarks\final_paper_results\base_selection_table1\base_selection_qerrors.csv
base_selection_cardinality,DuckDB,JOB,17a:cn,,23.75,-1.3756636139608853,C:\Users\vanya\Documents\DATA_SYS_LAB\test44\final_benchmarks\final_paper_results\base_selection_table1\base_selection_qerrors.csv
base_selection_cardinality,PostgreSQL,JOB,17a:cn,,1.0,0.0,C:\Users\vanya\Documents\DATA_SYS_LAB\test44\final_benchmarks\final_paper_results\base_selection_table1\base_selection_qerrors.csv
base_selection_cardinality,DuckDB,JOB,17a:k,,1.0,0.0,C:\Users\vanya\Documents\DATA_SYS_LAB\test44\final_benchmarks\final_paper_results\base_selection_table1\base_selection_qerrors.csv
base_selection_cardinality,PostgreSQL,JOB,17a:k,,1.0,0.0,C:\Users\vanya\Documents\DATA_SYS_LAB\test44\final_benchmarks\final_paper_results\base_selection_table1\base_selection_qerrors.csv
base_selection_cardinality,DuckDB,JOB,17a:n,,5.850804485616773,0.7672155856792585,C:\Users\vanya\Documents\DATA_SYS_LAB\test44\final_benchmarks\final_paper_results\base_selection_table1\base_selection_qerrors.csv
base_selection_cardinality,PostgreSQL,JOB,17a:n,,1.128007699711261,-0.05231206412489447,C:\Users\vanya\Documents\DATA_SYS_LAB\test44\final_benchmarks\final_paper_results\base_selection_table1\base_selection_qerrors.csv
base_selection_cardinality,DuckDB,JOB,17b:k,,1.0,0.0,C:\Users\vanya\Documents\DATA_SYS_LAB\test44\final_benchmarks\final_paper_results\base_selection_table1\base_selection_qerrors.csv
base_selection_cardinality,PostgreSQL,JOB,17b:k,,1.0,0.0,C:\Users\vanya\Documents\DATA_SYS_LAB\test44\final_benchmarks\final_paper_results\base_selection_table1\base_selection_qerrors.csv
base_selection_cardinality,DuckDB,JOB,17b:n,,10.480349344978166,1.020375759371718,C:\Users\vanya\Documents\DATA_SYS_LAB\test44\final_benchmarks\final_paper_results\base_selection_table1\base_selection_qerrors.csv
base_selection_cardinality,PostgreSQL,JOB,17b:n,,1.0585152838427947,0.024697133154360576,C:\Users\vanya\Documents\DATA_SYS_LAB\test44\final_benchmarks\final_paper_results\base_selection_table1\base_selection_qerrors.csv
base_selection_cardinality,DuckDB,JOB,17c:k,,1.0,0.0,C:\Users\vanya\Documents\DATA_SYS_LAB\test44\final_benchmarks\final_paper_results\base_selection_table1\base_selection_qerrors.csv
base_selection_cardinality,PostgreSQL,JOB,17c:k,,1.0,0.0,C:\Users\vanya\Documents\DATA_SYS_LAB\test44\final_benchmarks\final_paper_results\base_selection_table1\base_selection_qerrors.csv
base_selection_cardinality,DuckDB,JOB,17c:n,,48000.0,4.681241237375588,C:\Users\vanya\Documents\DATA_SYS_LAB\test44\final_benchmarks\final_paper_results\base_selection_table1\base_selection_qerrors.csv
base_selection_cardinality,PostgreSQL,JOB,17c:n,,24.0,1.380211241711606,C:\Users\vanya\Documents\DATA_SYS_LAB\test44\final_benchmarks\final_paper_results\base_selection_table1\base_selection_qerrors.csv
base_selection_cardinality,DuckDB,JOB,17d:k,,1.0,0.0,C:\Users\vanya\Documents\DATA_SYS_LAB\test44\final_benchmarks\final_paper_results\base_selection_table1\base_selection_qerrors.csv
base_selection_cardinality,PostgreSQL,JOB,17d:k,,1.0,0.0,C:\Users\vanya\Documents\DATA_SYS_LAB\test44\final_benchmarks\final_paper_results\base_selection_table1\base_selection_qerrors.csv
base_selection_cardinality,DuckDB,JOB,17d:n,,4.568854166666667,-0.6598072960240301,C:\Users\vanya\Documents\DATA_SYS_LAB\test44\final_benchmarks\final_paper_results\base_selection_table1\base_selection_qerrors.csv
base_selection_cardinality,PostgreSQL,JOB,17d:n,,1.0642722300677954,-0.027052730303199605,C:\Users\vanya\Documents\DATA_SYS_LAB\test44\final_benchmarks\final_paper_results\base_selection_table1\base_selection_qerrors.csv
base_selection_cardinality,DuckDB,JOB,17e:cn,,23.75,-1.3756636139608853,C:\Users\vanya\Documents\DATA_SYS_LAB\test44\final_benchmarks\final_paper_results\base_selection_table1\base_selection_qerrors.csv
base_selection_cardinality,PostgreSQL,JOB,17e:cn,,1.0,0.0,C:\Users\vanya\Documents\DATA_SYS_LAB\test44\final_benchmarks\final_paper_results\base_selection_table1\base_selection_qerrors.csv
base_selection_cardinality,DuckDB,JOB,17e:k,,1.0,0.0,C:\Users\vanya\Documents\DATA_SYS_LAB\test44\final_benchmarks\final_paper_results\base_selection_table1\base_selection_qerrors.csv
base_selection_cardinality,PostgreSQL,JOB,17e:k,,1.0,0.0,C:\Users\vanya\Documents\DATA_SYS_LAB\test44\final_benchmarks\final_paper_results\base_selection_table1\base_selection_qerrors.csv
base_selection_cardinality,DuckDB,JOB,17f:k,,1.0,0.0,C:\Users\vanya\Documents\DATA_SYS_LAB\test44\final_benchmarks\final_paper_results\base_selection_table1\base_selection_qerrors.csv
base_selection_cardinality,PostgreSQL,JOB,17f:k,,1.0,0.0,C:\Users\vanya\Documents\DATA_SYS_LAB\test44\final_benchmarks\final_paper_results\base_selection_table1\base_selection_qerrors.csv
base_selection_cardinality,DuckDB,JOB,17f:n,,4.568854166666667,-0.6598072960240301,C:\Users\vanya\Documents\DATA_SYS_LAB\test44\final_benchmarks\final_paper_results\base_selection_table1\base_selection_qerrors.csv
base_selection_cardinality,PostgreSQL,JOB,17f:n,,1.0642722300677954,-0.027052730303199605,C:\Users\vanya\Documents\DATA_SYS_LAB\test44\final_benchmarks\final_paper_results\base_selection_table1\base_selection_qerrors.csv
base_selection_cardinality,DuckDB,JOB,18a:ci,,845.0,2.926856708949692,C:\Users\vanya\Documents\DATA_SYS_LAB\test44\final_benchmarks\final_paper_results\base_selection_table1\base_selection_qerrors.csv
base_selection_cardinality,PostgreSQL,JOB,18a:ci,,91.0,1.9590413923210936,C:\Users\vanya\Documents\DATA_SYS_LAB\test44\final_benchmarks\final_paper_results\base_selection_table1\base_selection_qerrors.csv
base_selection_cardinality,DuckDB,JOB,18a:it1,,2.0,0.3010299956639812,C:\Users\vanya\Documents\DATA_SYS_LAB\test44\final_benchmarks\final_paper_results\base_selection_table1\base_selection_qerrors.csv
base_selection_cardinality,PostgreSQL,JOB,18a:it1,,1.0,0.0,C:\Users\vanya\Documents\DATA_SYS_LAB\test44\final_benchmarks\final_paper_results\base_selection_table1\base_selection_qerrors.csv
base_selection_cardinality,DuckDB,JOB,18a:it2,,2.0,0.3010299956639812,C:\Users\vanya\Documents\DATA_SYS_LAB\test44\final_benchmarks\final_paper_results\base_selection_table1\base_selection_qerrors.csv
base_selection_cardinality,PostgreSQL,JOB,18a:it2,,1.0,0.0,C:\Users\vanya\Documents\DATA_SYS_LAB\test44\final_benchmarks\final_paper_results\base_selection_table1\base_selection_qerrors.csv
base_selection_cardinality,DuckDB,JOB,18a:n,,60000.0,4.778151250383644,C:\Users\vanya\Documents\DATA_SYS_LAB\test44\final_benchmarks\final_paper_results\base_selection_table1\base_selection_qerrors.csv
base_selection_cardinality,PostgreSQL,JOB,18a:n,,6.5,0.8129133566428556,C:\Users\vanya\Documents\DATA_SYS_LAB\test44\final_benchmarks\final_paper_results\base_selection_table1\base_selection_qerrors.csv
base_selection_cardinality,DuckDB,JOB,18b:ci,,3.695688302095836,0.5676953352785342,C:\Users\vanya\Documents\DATA_SYS_LAB\test44\final_benchmarks\final_paper_results\base_selection_table1\base_selection_qerrors.csv
base_selection_cardinality,PostgreSQL,JOB,18b:ci,,1.0071400580503325,-0.0030898699665192508,C:\Users\vanya\Documents\DATA_SYS_LAB\test44\final_benchmarks\final_paper_results\base_selection_table1\base_selection_qerrors.csv
base_selection_cardinality,DuckDB,JOB,18b:it1,,2.0,0.3010299956639812,C:\Users\vanya\Documents\DATA_SYS_LAB\test44\final_benchmarks\final_paper_results\base_selection_table1\base_selection_qerrors.csv
base_selection_cardinality,PostgreSQL,JOB,18b:it1,,1.0,0.0,C:\Users\vanya\Documents\DATA_SYS_LAB\test44\final_benchmarks\final_paper_results\base_selection_table1\base_selection_qerrors.csv
base_selection_cardinality,DuckDB,JOB,18b:it2,,2.0,0.3010299956639812,C:\Users\vanya\Documents\DATA_SYS_LAB\test44\final_benchmarks\final_paper_results\base_selection_table1\base_selection_qerrors.csv
base_selection_cardinality,PostgreSQL,JOB,18b:it2,,1.0,0.0,C:\Users\vanya\Documents\DATA_SYS_LAB\test44\final_benchmarks\final_paper_results\base_selection_table1\base_selection_qerrors.csv
base_selection_cardinality,DuckDB,JOB,18b:mi,,1.143917571460226,-0.05839473114431163,C:\Users\vanya\Documents\DATA_SYS_LAB\test44\final_benchmarks\final_paper_results\base_selection_table1\base_selection_qerrors.csv
base_selection_cardinality,PostgreSQL,JOB,18b:mi,,1.3717450118363206,-0.1372733896183268,C:\Users\vanya\Documents\DATA_SYS_LAB\test44\final_benchmarks\final_paper_results\base_selection_table1\base_selection_qerrors.csv
base_selection_cardinality,DuckDB,JOB,18b:mi_idx,,1.9514279468171791,-0.29035252032267195,C:\Users\vanya\Documents\DATA_SYS_LAB\test44\final_benchmarks\final_paper_results\base_selection_table1\base_selection_qerrors.csv
base_selection_cardinality,PostgreSQL,JOB,18b:mi_idx,,1.003572573799868,-0.0015487841589824879,C:\Users\vanya\Documents\DATA_SYS_LAB\test44\final_benchmarks\final_paper_results\base_selection_table1\base_selection_qerrors.csv
base_selection_cardinality,DuckDB,JOB,18b:n,,1.0407833333333334,-0.017360328999994293,C:\Users\vanya\Documents\DATA_SYS_LAB\test44\final_benchmarks\final_paper_results\base_selection_table1\base_selection_qerrors.csv
base_selection_cardinality,PostgreSQL,JOB,18b:n,,1.0281287815800522,-0.01204751701981101,C:\Users\vanya\Documents\DATA_SYS_LAB\test44\final_benchmarks\final_paper_results\base_selection_table1\base_selection_qerrors.csv
base_selection_cardinality,DuckDB,JOB,18c:ci,,3.695688302095836,0.5676953352785342,C:\Users\vanya\Documents\DATA_SYS_LAB\test44\final_benchmarks\final_paper_results\base_selection_table1\base_selection_qerrors.csv
base_selection_cardinality,PostgreSQL,JOB,18c:ci,,1.0071400580503325,-0.0030898699665192508,C:\Users\vanya\Documents\DATA_SYS_LAB\test44\final_benchmarks\final_paper_results\base_selection_table1\base_selection_qerrors.csv
base_selection_cardinality,DuckDB,JOB,18c:it1,,2.0,0.3010299956639812,C:\Users\vanya\Documents\DATA_SYS_LAB\test44\final_benchmarks\final_paper_results\base_selection_table1\base_selection_qerrors.csv
base_selection_cardinality,PostgreSQL,JOB,18c:it1,,1.0,0.0,C:\Users\vanya\Documents\DATA_SYS_LAB\test44\final_benchmarks\final_paper_results\base_selection_table1\base_selection_qerrors.csv
base_selection_cardinality,DuckDB,JOB,18c:it2,,2.0,0.3010299956639812,C:\Users\vanya\Documents\DATA_SYS_LAB\test44\final_benchmarks\final_paper_results\base_selection_table1\base_selection_qerrors.csv
base_selection_cardinality,PostgreSQL,JOB,18c:it2,,1.0,0.0,C:\Users\vanya\Documents\DATA_SYS_LAB\test44\final_benchmarks\final_paper_results\base_selection_table1\base_selection_qerrors.csv
base_selection_cardinality,DuckDB,JOB,18c:mi,,3.0164055949154807,0.47948973765877145,C:\Users\vanya\Documents\DATA_SYS_LAB\test44\final_benchmarks\final_paper_results\base_selection_table1\base_selection_qerrors.csv
base_selection_cardinality,PostgreSQL,JOB,18c:mi,,1.0122768818196357,-0.005299318629796958,C:\Users\vanya\Documents\DATA_SYS_LAB\test44\final_benchmarks\final_paper_results\base_selection_table1\base_selection_qerrors.csv
base_selection_cardinality,DuckDB,JOB,18c:n,,1.0407833333333334,-0.017360328999994293,C:\Users\vanya\Documents\DATA_SYS_LAB\test44\final_benchmarks\final_paper_results\base_selection_table1\base_selection_qerrors.csv
base_selection_cardinality,PostgreSQL,JOB,18c:n,,1.0015533172129967,0.0006740737045340297,C:\Users\vanya\Documents\DATA_SYS_LAB\test44\final_benchmarks\final_paper_results\base_selection_table1\base_selection_qerrors.csv
base_selection_cardinality,DuckDB,JOB,19a:ci,,10.863678660049628,1.0359769110020352,C:\Users\vanya\Documents\DATA_SYS_LAB\test44\final_benchmarks\final_paper_results\base_selection_table1\base_selection_qerrors.csv
base_selection_cardinality,PostgreSQL,JOB,19a:ci,,1.0175054280397022,0.007536734714360693,C:\Users\vanya\Documents\DATA_SYS_LAB\test44\final_benchmarks\final_paper_results\base_selection_table1\base_selection_qerrors.csv
base_selection_cardinality,DuckDB,JOB,19a:cn,,2.142857142857143,0.3309932190414244,C:\Users\vanya\Documents\DATA_SYS_LAB\test44\final_benchmarks\final_paper_results\base_selection_table1\base_selection_qerrors.csv
base_selection_cardinality,PostgreSQL,JOB,19a:cn,,1.0,0.0,C:\Users\vanya\Documents\DATA_SYS_LAB\test44\final_benchmarks\final_paper_results\base_selection_table1\base_selection_qerrors.csv
base_selection_cardinality,DuckDB,JOB,19a:it,,2.0,0.3010299956639812,C:\Users\vanya\Documents\DATA_SYS_LAB\test44\final_benchmarks\final_paper_results\base_selection_table1\base_selection_qerrors.csv
base_selection_cardinality,PostgreSQL,JOB,19a:it,,1.0,0.0,C:\Users\vanya\Documents\DATA_SYS_LAB\test44\final_benchmarks\final_paper_results\base_selection_table1\base_selection_qerrors.csv
base_selection_cardinality,DuckDB,JOB,19a:mc,,1.0180021379671116,0.007748690089486548,C:\Users\vanya\Documents\DATA_SYS_LAB\test44\final_benchmarks\final_paper_results\base_selection_table1\base_selection_qerrors.csv
base_selection_cardinality,PostgreSQL,JOB,19a:mc,,1.730132808657157,-0.23807944177223492,C:\Users\vanya\Documents\DATA_SYS_LAB\test44\final_benchmarks\final_paper_results\base_selection_table1\base_selection_qerrors.csv
base_selection_cardinality,DuckDB,JOB,19a:mi,,248217.0,5.394831522341443,C:\Users\vanya\Documents\DATA_SYS_LAB\test44\final_benchmarks\final_paper_results\base_selection_table1\base_selection_qerrors.csv
base_selection_cardinality,PostgreSQL,JOB,19a:mi,,66.5,1.8228216453031045,C:\Users\vanya\Documents\DATA_SYS_LAB\test44\final_benchmarks\final_paper_results\base_selection_table1\base_selection_qerrors.csv
base_selection_cardinality,DuckDB,JOB,19a:n,,120000.0,5.079181246047625,C:\Users\vanya\Documents\DATA_SYS_LAB\test44\final_benchmarks\final_paper_results\base_selection_table1\base_selection_qerrors.csv
base_selection_cardinality,PostgreSQL,JOB,19a:n,,11.0,1.0413926851582251,C:\Users\vanya\Documents\DATA_SYS_LAB\test44\final_benchmarks\final_paper_results\base_selection_table1\base_selection_qerrors.csv
base_selection_cardinality,DuckDB,JOB,19a:rt,,1.0,0.0,C:\Users\vanya\Documents\DATA_SYS_LAB\test44\final_benchmarks\final_paper_results\base_selection_table1\base_selection_qerrors.csv
base_selection_cardinality,PostgreSQL,JOB,19a:rt,,1.0,0.0,C:\Users\vanya\Documents\DATA_SYS_LAB\test44\final_benchmarks\final_paper_results\base_selection_table1\base_selection_qerrors.csv
base_selection_cardinality,DuckDB,JOB,19b:ci,,15.368047337278107,-1.1866186895870448,C:\Users\vanya\Documents\DATA_SYS_LAB\test44\final_benchmarks\final_paper_results\base_selection_table1\base_selection_qerrors.csv
base_selection_cardinality,PostgreSQL,JOB,19b:ci,,1.0140920991837363,0.006077399130380038,C:\Users\vanya\Documents\DATA_SYS_LAB\test44\final_benchmarks\final_paper_results\base_selection_table1\base_selection_qerrors.csv
base_selection_cardinality,DuckDB,JOB,19b:cn,,23.75,-1.3756636139608853,C:\Users\vanya\Documents\DATA_SYS_LAB\test44\final_benchmarks\final_paper_results\base_selection_table1\base_selection_qerrors.csv
base_selection_cardinality,PostgreSQL,JOB,19b:cn,,1.0,0.0,C:\Users\vanya\Documents\DATA_SYS_LAB\test44\final_benchmarks\final_paper_results\base_selection_table1\base_selection_qerrors.csv
base_selection_cardinality,DuckDB,JOB,19b:it,,2.0,0.3010299956639812,C:\Users\vanya\Documents\DATA_SYS_LAB\test44\final_benchmarks\final_paper_results\base_selection_table1\base_selection_qerrors.csv
base_selection_cardinality,PostgreSQL,JOB,19b:it,,1.0,0.0,C:\Users\vanya\Documents\DATA_SYS_LAB\test44\final_benchmarks\final_paper_results\base_selection_table1\base_selection_qerrors.csv
base_selection_cardinality,DuckDB,JOB,19b:mc,,1.0180021379671116,0.007748690089486548,C:\Users\vanya\Documents\DATA_SYS_LAB\test44\final_benchmarks\final_paper_results\base_selection_table1\base_selection_qerrors.csv
base_selection_cardinality,PostgreSQL,JOB,19b:mc,,5.097918719925793,-0.7073929068945043,C:\Users\vanya\Documents\DATA_SYS_LAB\test44\final_benchmarks\final_paper_results\base_selection_table1\base_selection_qerrors.csv
base_selection_cardinality,DuckDB,JOB,19b:mi,,248217.0,5.394831522341443,C:\Users\vanya\Documents\DATA_SYS_LAB\test44\final_benchmarks\final_paper_results\base_selection_table1\base_selection_qerrors.csv
base_selection_cardinality,PostgreSQL,JOB,19b:mi,,66.5,1.8228216453031045,C:\Users\vanya\Documents\DATA_SYS_LAB\test44\final_benchmarks\final_paper_results\base_selection_table1\base_selection_qerrors.csv
base_selection_cardinality,DuckDB,JOB,19b:n,,120000.0,5.079181246047625,C:\Users\vanya\Documents\DATA_SYS_LAB\test44\final_benchmarks\final_paper_results\base_selection_table1\base_selection_qerrors.csv
base_selection_cardinality,PostgreSQL,JOB,19b:n,,13.0,1.1139433523068367,C:\Users\vanya\Documents\DATA_SYS_LAB\test44\final_benchmarks\final_paper_results\base_selection_table1\base_selection_qerrors.csv
base_selection_cardinality,DuckDB,JOB,19b:rt,,1.0,0.0,C:\Users\vanya\Documents\DATA_SYS_LAB\test44\final_benchmarks\final_paper_results\base_selection_table1\base_selection_qerrors.csv
base_selection_cardinality,PostgreSQL,JOB,19b:rt,,1.0,0.0,C:\Users\vanya\Documents\DATA_SYS_LAB\test44\final_benchmarks\final_paper_results\base_selection_table1\base_selection_qerrors.csv
base_selection_cardinality,DuckDB,JOB,19c:ci,,10.863678660049628,1.0359769110020352,C:\Users\vanya\Documents\DATA_SYS_LAB\test44\final_benchmarks\final_paper_results\base_selection_table1\base_selection_qerrors.csv
base_selection_cardinality,PostgreSQL,JOB,19c:ci,,1.0175054280397022,0.007536734714360693,C:\Users\vanya\Documents\DATA_SYS_LAB\test44\final_benchmarks\final_paper_results\base_selection_table1\base_selection_qerrors.csv
base_selection_cardinality,DuckDB,JOB,19c:cn,,23.75,-1.3756636139608853,C:\Users\vanya\Documents\DATA_SYS_LAB\test44\final_benchmarks\final_paper_results\base_selection_table1\base_selection_qerrors.csv
base_selection_cardinality,PostgreSQL,JOB,19c:cn,,1.0,0.0,C:\Users\vanya\Documents\DATA_SYS_LAB\test44\final_benchmarks\final_paper_results\base_selection_table1\base_selection_qerrors.csv
base_selection_cardinality,DuckDB,JOB,19c:it,,2.0,0.3010299956639812,C:\Users\vanya\Documents\DATA_SYS_LAB\test44\final_benchmarks\final_paper_results\base_selection_table1\base_selection_qerrors.csv
base_selection_cardinality,PostgreSQL,JOB,19c:it,,1.0,0.0,C:\Users\vanya\Documents\DATA_SYS_LAB\test44\final_benchmarks\final_paper_results\base_selection_table1\base_selection_qerrors.csv
base_selection_cardinality,DuckDB,JOB,19c:mi,,6.249905577237819,0.7958734561289799,C:\Users\vanya\Documents\DATA_SYS_LAB\test44\final_benchmarks\final_paper_results\base_selection_table1\base_selection_qerrors.csv
base_selection_cardinality,PostgreSQL,JOB,19c:mi,,119.44360902255639,-2.0771629172462864,C:\Users\vanya\Documents\DATA_SYS_LAB\test44\final_benchmarks\final_paper_results\base_selection_table1\base_selection_qerrors.csv
base_selection_cardinality,DuckDB,JOB,19c:n,,1.2058604819422394,0.08129706283919151,C:\Users\vanya\Documents\DATA_SYS_LAB\test44\final_benchmarks\final_paper_results\base_selection_table1\base_selection_qerrors.csv
base_selection_cardinality,PostgreSQL,JOB,19c:n,,1.073343831568048,-0.030738864774096212,C:\Users\vanya\Documents\DATA_SYS_LAB\test44\final_benchmarks\final_paper_results\base_selection_table1\base_selection_qerrors.csv
base_selection_cardinality,DuckDB,JOB,19c:rt,,1.0,0.0,C:\Users\vanya\Documents\DATA_SYS_LAB\test44\final_benchmarks\final_paper_results\base_selection_table1\base_selection_qerrors.csv
base_selection_cardinality,PostgreSQL,JOB,19c:rt,,1.0,0.0,C:\Users\vanya\Documents\DATA_SYS_LAB\test44\final_benchmarks\final_paper_results\base_selection_table1\base_selection_qerrors.csv
base_selection_cardinality,DuckDB,JOB,19c:t,,4.9697560199638104,-0.6963350684548021,C:\Users\vanya\Documents\DATA_SYS_LAB\test44\final_benchmarks\final_paper_results\base_selection_table1\base_selection_qerrors.csv
base_selection_cardinality,PostgreSQL,JOB,19c:t,,1.0003841014027703,0.00016678109133898365,C:\Users\vanya\Documents\DATA_SYS_LAB\test44\final_benchmarks\final_paper_results\base_selection_table1\base_selection_qerrors.csv
base_selection_cardinality,DuckDB,JOB,19d:ci,,10.863678660049628,1.0359769110020352,C:\Users\vanya\Documents\DATA_SYS_LAB\test44\final_benchmarks\final_paper_results\base_selection_table1\base_selection_qerrors.csv
base_selection_cardinality,PostgreSQL,JOB,19d:ci,,1.0175054280397022,0.007536734714360693,C:\Users\vanya\Documents\DATA_SYS_LAB\test44\final_benchmarks\final_paper_results\base_selection_table1\base_selection_qerrors.csv
base_selection_cardinality,DuckDB,JOB,19d:cn,,23.75,-1.3756636139608853,C:\Users\vanya\Documents\DATA_SYS_LAB\test44\final_benchmarks\final_paper_results\base_selection_table1\base_selection_qerrors.csv
base_selection_cardinality,PostgreSQL,JOB,19d:cn,,1.0,0.0,C:\Users\vanya\Documents\DATA_SYS_LAB\test44\final_benchmarks\final_paper_results\base_selection_table1\base_selection_qerrors.csv
base_selection_cardinality,DuckDB,JOB,19d:it,,2.0,0.3010299956639812,C:\Users\vanya\Documents\DATA_SYS_LAB\test44\final_benchmarks\final_paper_results\base_selection_table1\base_selection_qerrors.csv
base_selection_cardinality,PostgreSQL,JOB,19d:it,,1.0,0.0,C:\Users\vanya\Documents\DATA_SYS_LAB\test44\final_benchmarks\final_paper_results\base_selection_table1\base_selection_qerrors.csv
base_selection_cardinality,DuckDB,JOB,19d:n,,1.1120687258472575,0.04613162747439193,C:\Users\vanya\Documents\DATA_SYS_LAB\test44\final_benchmarks\final_paper_results\base_selection_table1\base_selection_qerrors.csv
base_selection_cardinality,PostgreSQL,JOB,19d:n,,1.0007135774324187,0.00030979222408086636,C:\Users\vanya\Documents\DATA_SYS_LAB\test44\final_benchmarks\final_paper_results\base_selection_table1\base_selection_qerrors.csv
base_selection_cardinality,DuckDB,JOB,19d:rt,,1.0,0.0,C:\Users\vanya\Documents\DATA_SYS_LAB\test44\final_benchmarks\final_paper_results\base_selection_table1\base_selection_qerrors.csv
base_selection_cardinality,PostgreSQL,JOB,19d:rt,,1.0,0.0,C:\Users\vanya\Documents\DATA_SYS_LAB\test44\final_benchmarks\final_paper_results\base_selection_table1\base_selection_qerrors.csv
base_selection_cardinality,DuckDB,JOB,19d:t,,4.9697560199638104,-0.6963350684548021,C:\Users\vanya\Documents\DATA_SYS_LAB\test44\final_benchmarks\final_paper_results\base_selection_table1\base_selection_qerrors.csv
base_selection_cardinality,PostgreSQL,JOB,19d:t,,1.0003841014027703,0.00016678109133898365,C:\Users\vanya\Documents\DATA_SYS_LAB\test44\final_benchmarks\final_paper_results\base_selection_table1\base_selection_qerrors.csv
base_selection_cardinality,DuckDB,JOB,20a:cct1,,1.0,0.0,C:\Users\vanya\Documents\DATA_SYS_LAB\test44\final_benchmarks\final_paper_results\base_selection_table1\base_selection_qerrors.csv
base_selection_cardinality,PostgreSQL,JOB,20a:cct1,,1.0,0.0,C:\Users\vanya\Documents\DATA_SYS_LAB\test44\final_benchmarks\final_paper_results\base_selection_table1\base_selection_qerrors.csv
base_selection_cardinality,DuckDB,JOB,20a:cct2,,2.0,-0.3010299956639812,C:\Users\vanya\Documents\DATA_SYS_LAB\test44\final_benchmarks\final_paper_results\base_selection_table1\base_selection_qerrors.csv
base_selection_cardinality,PostgreSQL,JOB,20a:cct2,,2.0,-0.3010299956639812,C:\Users\vanya\Documents\DATA_SYS_LAB\test44\final_benchmarks\final_paper_results\base_selection_table1\base_selection_qerrors.csv
base_selection_cardinality,DuckDB,JOB,20a:chn,,1100.8102189781023,3.0417124525277015,C:\Users\vanya\Documents\DATA_SYS_LAB\test44\final_benchmarks\final_paper_results\base_selection_table1\base_selection_qerrors.csv
base_selection_cardinality,PostgreSQL,JOB,20a:chn,,1.102189781021898,0.04225638013676271,C:\Users\vanya\Documents\DATA_SYS_LAB\test44\final_benchmarks\final_paper_results\base_selection_table1\base_selection_qerrors.csv
base_selection_cardinality,DuckDB,JOB,20a:k,,1141.5,3.057475915826254,C:\Users\vanya\Documents\DATA_SYS_LAB\test44\final_benchmarks\final_paper_results\base_selection_table1\base_selection_qerrors.csv
base_selection_cardinality,PostgreSQL,JOB,20a:k,,4.0,0.6020599913279624,C:\Users\vanya\Documents\DATA_SYS_LAB\test44\final_benchmarks\final_paper_results\base_selection_table1\base_selection_qerrors.csv
base_selection_cardinality,DuckDB,JOB,20a:kt,,1.0,0.0,C:\Users\vanya\Documents\DATA_SYS_LAB\test44\final_benchmarks\final_paper_results\base_selection_table1\base_selection_qerrors.csv
base_selection_cardinality,PostgreSQL,JOB,20a:kt,,1.0,0.0,C:\Users\vanya\Documents\DATA_SYS_LAB\test44\final_benchmarks\final_paper_results\base_selection_table1\base_selection_qerrors.csv
base_selection_cardinality,DuckDB,JOB,20a:t,,5.0,-0.6989700043360189,C:\Users\vanya\Documents\DATA_SYS_LAB\test44\final_benchmarks\final_paper_results\base_selection_table1\base_selection_qerrors.csv
base_selection_cardinality,PostgreSQL,JOB,20a:t,,1.0,0.0,C:\Users\vanya\Documents\DATA_SYS_LAB\test44\final_benchmarks\final_paper_results\base_selection_table1\base_selection_qerrors.csv
base_selection_cardinality,DuckDB,JOB,20b:cct1,,1.0,0.0,C:\Users\vanya\Documents\DATA_SYS_LAB\test44\final_benchmarks\final_paper_results\base_selection_table1\base_selection_qerrors.csv
base_selection_cardinality,PostgreSQL,JOB,20b:cct1,,1.0,0.0,C:\Users\vanya\Documents\DATA_SYS_LAB\test44\final_benchmarks\final_paper_results\base_selection_table1\base_selection_qerrors.csv
base_selection_cardinality,DuckDB,JOB,20b:cct2,,2.0,-0.3010299956639812,C:\Users\vanya\Documents\DATA_SYS_LAB\test44\final_benchmarks\final_paper_results\base_selection_table1\base_selection_qerrors.csv
base_selection_cardinality,PostgreSQL,JOB,20b:cct2,,2.0,-0.3010299956639812,C:\Users\vanya\Documents\DATA_SYS_LAB\test44\final_benchmarks\final_paper_results\base_selection_table1\base_selection_qerrors.csv
base_selection_cardinality,DuckDB,JOB,20b:chn,,10.002719373880746,1.0001180848519484,C:\Users\vanya\Documents\DATA_SYS_LAB\test44\final_benchmarks\final_paper_results\base_selection_table1\base_selection_qerrors.csv
base_selection_cardinality,PostgreSQL,JOB,20b:chn,,1.0151886980168467,0.00654677416127386,C:\Users\vanya\Documents\DATA_SYS_LAB\test44\final_benchmarks\final_paper_results\base_selection_table1\base_selection_qerrors.csv
base_selection_cardinality,DuckDB,JOB,20b:k,,761.0,2.8813846567705728,C:\Users\vanya\Documents\DATA_SYS_LAB\test44\final_benchmarks\final_paper_results\base_selection_table1\base_selection_qerrors.csv
base_selection_cardinality,PostgreSQL,JOB,20b:k,,2.0,0.3010299956639812,C:\Users\vanya\Documents\DATA_SYS_LAB\test44\final_benchmarks\final_paper_results\base_selection_table1\base_selection_qerrors.csv
base_selection_cardinality,DuckDB,JOB,20b:kt,,1.0,0.0,C:\Users\vanya\Documents\DATA_SYS_LAB\test44\final_benchmarks\final_paper_results\base_selection_table1\base_selection_qerrors.csv
base_selection_cardinality,PostgreSQL,JOB,20b:kt,,1.0,0.0,C:\Users\vanya\Documents\DATA_SYS_LAB\test44\final_benchmarks\final_paper_results\base_selection_table1\base_selection_qerrors.csv
base_selection_cardinality,DuckDB,JOB,20b:n,,4.568854166666667,-0.6598072960240301,C:\Users\vanya\Documents\DATA_SYS_LAB\test44\final_benchmarks\final_paper_results\base_selection_table1\base_selection_qerrors.csv
base_selection_cardinality,PostgreSQL,JOB,20b:n,,1.0642722300677954,-0.027052730303199605,C:\Users\vanya\Documents\DATA_SYS_LAB\test44\final_benchmarks\final_paper_results\base_selection_table1\base_selection_qerrors.csv
base_selection_cardinality,DuckDB,JOB,20b:t,,4.9697560199638104,-0.6963350684548021,C:\Users\vanya\Documents\DATA_SYS_LAB\test44\final_benchmarks\final_paper_results\base_selection_table1\base_selection_qerrors.csv
base_selection_cardinality,PostgreSQL,JOB,20b:t,,1.0003841014027703,0.00016678109133898365,C:\Users\vanya\Documents\DATA_SYS_LAB\test44\final_benchmarks\final_paper_results\base_selection_table1\base_selection_qerrors.csv
base_selection_cardinality,DuckDB,JOB,20c:cct1,,1.0,0.0,C:\Users\vanya\Documents\DATA_SYS_LAB\test44\final_benchmarks\final_paper_results\base_selection_table1\base_selection_qerrors.csv
base_selection_cardinality,PostgreSQL,JOB,20c:cct1,,1.0,0.0,C:\Users\vanya\Documents\DATA_SYS_LAB\test44\final_benchmarks\final_paper_results\base_selection_table1\base_selection_qerrors.csv
base_selection_cardinality,DuckDB,JOB,20c:cct2,,2.0,-0.3010299956639812,C:\Users\vanya\Documents\DATA_SYS_LAB\test44\final_benchmarks\final_paper_results\base_selection_table1\base_selection_qerrors.csv
base_selection_cardinality,PostgreSQL,JOB,20c:cct2,,2.0,-0.3010299956639812,C:\Users\vanya\Documents\DATA_SYS_LAB\test44\final_benchmarks\final_paper_results\base_selection_table1\base_selection_qerrors.csv
base_selection_cardinality,DuckDB,JOB,20c:chn,,7.232100896753464,0.8592644764548077,C:\Users\vanya\Documents\DATA_SYS_LAB\test44\final_benchmarks\final_paper_results\base_selection_table1\base_selection_qerrors.csv
base_selection_cardinality,PostgreSQL,JOB,20c:chn,,138.09933774834437,-2.140191595936131,C:\Users\vanya\Documents\DATA_SYS_LAB\test44\final_benchmarks\final_paper_results\base_selection_table1\base_selection_qerrors.csv
base_selection_cardinality,DuckDB,JOB,20c:k,,1141.5,3.057475915826254,C:\Users\vanya\Documents\DATA_SYS_LAB\test44\final_benchmarks\final_paper_results\base_selection_table1\base_selection_qerrors.csv
base_selection_cardinality,PostgreSQL,JOB,20c:k,,5.0,0.6989700043360189,C:\Users\vanya\Documents\DATA_SYS_LAB\test44\final_benchmarks\final_paper_results\base_selection_table1\base_selection_qerrors.csv
base_selection_cardinality,DuckDB,JOB,20c:kt,,1.0,0.0,C:\Users\vanya\Documents\DATA_SYS_LAB\test44\final_benchmarks\final_paper_results\base_selection_table1\base_selection_qerrors.csv
base_selection_cardinality,PostgreSQL,JOB,20c:kt,,1.0,0.0,C:\Users\vanya\Documents\DATA_SYS_LAB\test44\final_benchmarks\final_paper_results\base_selection_table1\base_selection_qerrors.csv
base_selection_cardinality,DuckDB,JOB,20c:t,,4.9697560199638104,-0.6963350684548021,C:\Users\vanya\Documents\DATA_SYS_LAB\test44\final_benchmarks\final_paper_results\base_selection_table1\base_selection_qerrors.csv
base_selection_cardinality,PostgreSQL,JOB,20c:t,,1.0003841014027703,0.00016678109133898365,C:\Users\vanya\Documents\DATA_SYS_LAB\test44\final_benchmarks\final_paper_results\base_selection_table1\base_selection_qerrors.csv
base_selection_cardinality,DuckDB,JOB,21a:cn,,1800.0,3.255272505103306,C:\Users\vanya\Documents\DATA_SYS_LAB\test44\final_benchmarks\final_paper_results\base_selection_table1\base_selection_qerrors.csv
base_selection_cardinality,PostgreSQL,JOB,21a:cn,,1.0,0.0,C:\Users\vanya\Documents\DATA_SYS_LAB\test44\final_benchmarks\final_paper_results\base_selection_table1\base_selection_qerrors.csv
base_selection_cardinality,DuckDB,JOB,21a:ct,,1.0,0.0,C:\Users\vanya\Documents\DATA_SYS_LAB\test44\final_benchmarks\final_paper_results\base_selection_table1\base_selection_qerrors.csv
base_selection_cardinality,PostgreSQL,JOB,21a:ct,,1.0,0.0,C:\Users\vanya\Documents\DATA_SYS_LAB\test44\final_benchmarks\final_paper_results\base_selection_table1\base_selection_qerrors.csv
base_selection_cardinality,DuckDB,JOB,21a:k,,1.0,0.0,C:\Users\vanya\Documents\DATA_SYS_LAB\test44\final_benchmarks\final_paper_results\base_selection_table1\base_selection_qerrors.csv
base_selection_cardinality,PostgreSQL,JOB,21a:k,,1.0,0.0,C:\Users\vanya\Documents\DATA_SYS_LAB\test44\final_benchmarks\final_paper_results\base_selection_table1\base_selection_qerrors.csv
base_selection_cardinality,DuckDB,JOB,21a:lt,,3.0,0.47712125471966244,C:\Users\vanya\Documents\DATA_SYS_LAB\test44\final_benchmarks\final_paper_results\base_selection_table1\base_selection_qerrors.csv
base_selection_cardinality,PostgreSQL,JOB,21a:lt,,1.0,0.0,C:\Users\vanya\Documents\DATA_SYS_LAB\test44\final_benchmarks\final_paper_results\base_selection_table1\base_selection_qerrors.csv
base_selection_cardinality,DuckDB,JOB,21a:mc,,2.1193292894087157,-0.3261984401759418,C:\Users\vanya\Documents\DATA_SYS_LAB\test44\final_benchmarks\final_paper_results\base_selection_table1\base_selection_qerrors.csv
base_selection_cardinality,PostgreSQL,JOB,21a:mc,,1.005453475862142,-0.002361979812119578,C:\Users\vanya\Documents\DATA_SYS_LAB\test44\final_benchmarks\final_paper_results\base_selection_table1\base_selection_qerrors.csv
base_selection_cardinality,DuckDB,JOB,21a:mi,,17.32512040203811,1.2386762614517557,C:\Users\vanya\Documents\DATA_SYS_LAB\test44\final_benchmarks\final_paper_results\base_selection_table1\base_selection_qerrors.csv
base_selection_cardinality,PostgreSQL,JOB,21a:mi,,1.2596272199753824,-0.1002420369735383,C:\Users\vanya\Documents\DATA_SYS_LAB\test44\final_benchmarks\final_paper_results\base_selection_table1\base_selection_qerrors.csv
base_selection_cardinality,DuckDB,JOB,21b:cn,,1800.0,3.255272505103306,C:\Users\vanya\Documents\DATA_SYS_LAB\test44\final_benchmarks\final_paper_results\base_selection_table1\base_selection_qerrors.csv
base_selection_cardinality,PostgreSQL,JOB,21b:cn,,1.0,0.0,C:\Users\vanya\Documents\DATA_SYS_LAB\test44\final_benchmarks\final_paper_results\base_selection_table1\base_selection_qerrors.csv
base_selection_cardinality,DuckDB,JOB,21b:ct,,1.0,0.0,C:\Users\vanya\Documents\DATA_SYS_LAB\test44\final_benchmarks\final_paper_results\base_selection_table1\base_selection_qerrors.csv
base_selection_cardinality,PostgreSQL,JOB,21b:ct,,1.0,0.0,C:\Users\vanya\Documents\DATA_SYS_LAB\test44\final_benchmarks\final_paper_results\base_selection_table1\base_selection_qerrors.csv
base_selection_cardinality,DuckDB,JOB,21b:k,,1.0,0.0,C:\Users\vanya\Documents\DATA_SYS_LAB\test44\final_benchmarks\final_paper_results\base_selection_table1\base_selection_qerrors.csv
base_selection_cardinality,PostgreSQL,JOB,21b:k,,1.0,0.0,C:\Users\vanya\Documents\DATA_SYS_LAB\test44\final_benchmarks\final_paper_results\base_selection_table1\base_selection_qerrors.csv
base_selection_cardinality,DuckDB,JOB,21b:lt,,3.0,0.47712125471966244,C:\Users\vanya\Documents\DATA_SYS_LAB\test44\final_benchmarks\final_paper_results\base_selection_table1\base_selection_qerrors.csv
base_selection_cardinality,PostgreSQL,JOB,21b:lt,,1.0,0.0,C:\Users\vanya\Documents\DATA_SYS_LAB\test44\final_benchmarks\final_paper_results\base_selection_table1\base_selection_qerrors.csv
base_selection_cardinality,DuckDB,JOB,21b:mc,,2.1193292894087157,-0.3261984401759418,C:\Users\vanya\Documents\DATA_SYS_LAB\test44\final_benchmarks\final_paper_results\base_selection_table1\base_selection_qerrors.csv
base_selection_cardinality,PostgreSQL,JOB,21b:mc,,1.005453475862142,-0.002361979812119578,C:\Users\vanya\Documents\DATA_SYS_LAB\test44\final_benchmarks\final_paper_results\base_selection_table1\base_selection_qerrors.csv
base_selection_cardinality,DuckDB,JOB,21b:mi,,42.01015486164001,1.6233542824766198,C:\Users\vanya\Documents\DATA_SYS_LAB\test44\final_benchmarks\final_paper_results\base_selection_table1\base_selection_qerrors.csv
base_selection_cardinality,PostgreSQL,JOB,21b:mi,,1.0902297259894824,-0.03751801924111955,C:\Users\vanya\Documents\DATA_SYS_LAB\test44\final_benchmarks\final_paper_results\base_selection_table1\base_selection_qerrors.csv
base_selection_cardinality,DuckDB,JOB,21c:cn,,4.100227790432802,0.6128079848611847,C:\Users\vanya\Documents\DATA_SYS_LAB\test44\final_benchmarks\final_paper_results\base_selection_table1\base_selection_qerrors.csv
base_selection_cardinality,PostgreSQL,JOB,21c:cn,,2.425414364640884,-0.38478594537293687,C:\Users\vanya\Documents\DATA_SYS_LAB\test44\final_benchmarks\final_paper_results\base_selection_table1\base_selection_qerrors.csv
base_selection_cardinality,DuckDB,JOB,21c:ct,,1.0,0.0,C:\Users\vanya\Documents\DATA_SYS_LAB\test44\final_benchmarks\final_paper_results\base_selection_table1\base_selection_qerrors.csv
base_selection_cardinality,PostgreSQL,JOB,21c:ct,,1.0,0.0,C:\Users\vanya\Documents\DATA_SYS_LAB\test44\final_benchmarks\final_paper_results\base_selection_table1\base_selection_qerrors.csv
base_selection_cardinality,DuckDB,JOB,21c:k,,1.0,0.0,C:\Users\vanya\Documents\DATA_SYS_LAB\test44\final_benchmarks\final_paper_results\base_selection_table1\base_selection_qerrors.csv
base_selection_cardinality,PostgreSQL,JOB,21c:k,,1.0,0.0,C:\Users\vanya\Documents\DATA_SYS_LAB\test44\final_benchmarks\final_paper_results\base_selection_table1\base_selection_qerrors.csv
base_selection_cardinality,DuckDB,JOB,21c:lt,,1.5,0.17609125905568124,C:\Users\vanya\Documents\DATA_SYS_LAB\test44\final_benchmarks\final_paper_results\base_selection_table1\base_selection_qerrors.csv
base_selection_cardinality,PostgreSQL,JOB,21c:lt,,2.0,-0.3010299956639812,C:\Users\vanya\Documents\DATA_SYS_LAB\test44\final_benchmarks\final_paper_results\base_selection_table1\base_selection_qerrors.csv
base_selection_cardinality,DuckDB,JOB,21c:mc,,2.1193292894087157,-0.3261984401759418,C:\Users\vanya\Documents\DATA_SYS_LAB\test44\final_benchmarks\final_paper_results\base_selection_table1\base_selection_qerrors.csv
base_selection_cardinality,PostgreSQL,JOB,21c:mc,,1.005453475862142,-0.002361979812119578,C:\Users\vanya\Documents\DATA_SYS_LAB\test44\final_benchmarks\final_paper_results\base_selection_table1\base_selection_qerrors.csv
base_selection_cardinality,DuckDB,JOB,21c:mi,,6.380243676742752,0.8048372657813219,C:\Users\vanya\Documents\DATA_SYS_LAB\test44\final_benchmarks\final_paper_results\base_selection_table1\base_selection_qerrors.csv
base_selection_cardinality,PostgreSQL,JOB,21c:mi,,1.0772851881593886,-0.03233068867255582,C:\Users\vanya\Documents\DATA_SYS_LAB\test44\final_benchmarks\final_paper_results\base_selection_table1\base_selection_qerrors.csv
base_selection_cardinality,DuckDB,JOB,22a:cn,,2.625,-0.4191293077419757,C:\Users\vanya\Documents\DATA_SYS_LAB\test44\final_benchmarks\final_paper_results\base_selection_table1\base_selection_qerrors.csv
base_selection_cardinality,PostgreSQL,JOB,22a:cn,,1.0,0.0,C:\Users\vanya\Documents\DATA_SYS_LAB\test44\final_benchmarks\final_paper_results\base_selection_table1\base_selection_qerrors.csv
base_selection_cardinality,DuckDB,JOB,22a:it1,,2.0,0.3010299956639812,C:\Users\vanya\Documents\DATA_SYS_LAB\test44\final_benchmarks\final_paper_results\base_selection_table1\base_selection_qerrors.csv
base_selection_cardinality,PostgreSQL,JOB,22a:it1,,1.0,0.0,C:\Users\vanya\Documents\DATA_SYS_LAB\test44\final_benchmarks\final_paper_results\base_selection_table1\base_selection_qerrors.csv
base_selection_cardinality,DuckDB,JOB,22a:it2,,2.0,0.3010299956639812,C:\Users\vanya\Documents\DATA_SYS_LAB\test44\final_benchmarks\final_paper_results\base_selection_table1\base_selection_qerrors.csv
base_selection_cardinality,PostgreSQL,JOB,22a:it2,,1.0,0.0,C:\Users\vanya\Documents\DATA_SYS_LAB\test44\final_benchmarks\final_paper_results\base_selection_table1\base_selection_qerrors.csv
base_selection_cardinality,DuckDB,JOB,22a:k,,570.75,2.756445920162273,C:\Users\vanya\Documents\DATA_SYS_LAB\test44\final_benchmarks\final_paper_results\base_selection_table1\base_selection_qerrors.csv
base_selection_cardinality,PostgreSQL,JOB,22a:k,,1.0,0.0,C:\Users\vanya\Documents\DATA_SYS_LAB\test44\final_benchmarks\final_paper_results\base_selection_table1\base_selection_qerrors.csv
base_selection_cardinality,DuckDB,JOB,22a:kt,,2.0,-0.3010299956639812,C:\Users\vanya\Documents\DATA_SYS_LAB\test44\final_benchmarks\final_paper_results\base_selection_table1\base_selection_qerrors.csv
base_selection_cardinality,PostgreSQL,JOB,22a:kt,,1.0,0.0,C:\Users\vanya\Documents\DATA_SYS_LAB\test44\final_benchmarks\final_paper_results\base_selection_table1\base_selection_qerrors.csv
base_selection_cardinality,DuckDB,JOB,22a:mc,,1.0180021379671116,0.007748690089486548,C:\Users\vanya\Documents\DATA_SYS_LAB\test44\final_benchmarks\final_paper_results\base_selection_table1\base_selection_qerrors.csv
base_selection_cardinality,PostgreSQL,JOB,22a:mc,,1.7938026560045695,-0.25377466272006277,C:\Users\vanya\Documents\DATA_SYS_LAB\test44\final_benchmarks\final_paper_results\base_selection_table1\base_selection_qerrors.csv
base_selection_cardinality,DuckDB,JOB,22a:mi,,4.226265068446502,0.6259567322225685,C:\Users\vanya\Documents\DATA_SYS_LAB\test44\final_benchmarks\final_paper_results\base_selection_table1\base_selection_qerrors.csv
base_selection_cardinality,PostgreSQL,JOB,22a:mi,,1.0006389014302874,-0.0002773827649638043,C:\Users\vanya\Documents\DATA_SYS_LAB\test44\final_benchmarks\final_paper_results\base_selection_table1\base_selection_qerrors.csv
base_selection_cardinality,DuckDB,JOB,22a:mi_idx,,2.2890474392352487,-0.3596547932794376,C:\Users\vanya\Documents\DATA_SYS_LAB\test44\final_benchmarks\final_paper_results\base_selection_table1\base_selection_qerrors.csv
base_selection_cardinality,PostgreSQL,JOB,22a:mi_idx,,1.001095843157711,-0.00047565806068405566,C:\Users\vanya\Documents\DATA_SYS_LAB\test44\final_benchmarks\final_paper_results\base_selection_table1\base_selection_qerrors.csv
base_selection_cardinality,DuckDB,JOB,22a:t,,5.0,-0.6989700043360189,C:\Users\vanya\Documents\DATA_SYS_LAB\test44\final_benchmarks\final_paper_results\base_selection_table1\base_selection_qerrors.csv
base_selection_cardinality,PostgreSQL,JOB,22a:t,,1.0,0.0,C:\Users\vanya\Documents\DATA_SYS_LAB\test44\final_benchmarks\final_paper_results\base_selection_table1\base_selection_qerrors.csv
base_selection_cardinality,DuckDB,JOB,22b:cn,,2.625,-0.4191293077419757,C:\Users\vanya\Documents\DATA_SYS_LAB\test44\final_benchmarks\final_paper_results\base_selection_table1\base_selection_qerrors.csv
base_selection_cardinality,PostgreSQL,JOB,22b:cn,,1.0,0.0,C:\Users\vanya\Documents\DATA_SYS_LAB\test44\final_benchmarks\final_paper_results\base_selection_table1\base_selection_qerrors.csv
base_selection_cardinality,DuckDB,JOB,22b:it1,,2.0,0.3010299956639812,C:\Users\vanya\Documents\DATA_SYS_LAB\test44\final_benchmarks\final_paper_results\base_selection_table1\base_selection_qerrors.csv
base_selection_cardinality,PostgreSQL,JOB,22b:it1,,1.0,0.0,C:\Users\vanya\Documents\DATA_SYS_LAB\test44\final_benchmarks\final_paper_results\base_selection_table1\base_selection_qerrors.csv
base_selection_cardinality,DuckDB,JOB,22b:it2,,2.0,0.3010299956639812,C:\Users\vanya\Documents\DATA_SYS_LAB\test44\final_benchmarks\final_paper_results\base_selection_table1\base_selection_qerrors.csv
base_selection_cardinality,PostgreSQL,JOB,22b:it2,,1.0,0.0,C:\Users\vanya\Documents\DATA_SYS_LAB\test44\final_benchmarks\final_paper_results\base_selection_table1\base_selection_qerrors.csv
base_selection_cardinality,DuckDB,JOB,22b:k,,570.75,2.756445920162273,C:\Users\vanya\Documents\DATA_SYS_LAB\test44\final_benchmarks\final_paper_results\base_selection_table1\base_selection_qerrors.csv
base_selection_cardinality,PostgreSQL,JOB,22b:k,,1.0,0.0,C:\Users\vanya\Documents\DATA_SYS_LAB\test44\final_benchmarks\final_paper_results\base_selection_table1\base_selection_qerrors.csv
base_selection_cardinality,DuckDB,JOB,22b:kt,,2.0,-0.3010299956639812,C:\Users\vanya\Documents\DATA_SYS_LAB\test44\final_benchmarks\final_paper_results\base_selection_table1\base_selection_qerrors.csv
base_selection_cardinality,PostgreSQL,JOB,22b:kt,,1.0,0.0,C:\Users\vanya\Documents\DATA_SYS_LAB\test44\final_benchmarks\final_paper_results\base_selection_table1\base_selection_qerrors.csv
base_selection_cardinality,DuckDB,JOB,22b:mc,,1.0180021379671116,0.007748690089486548,C:\Users\vanya\Documents\DATA_SYS_LAB\test44\final_benchmarks\final_paper_results\base_selection_table1\base_selection_qerrors.csv
base_selection_cardinality,PostgreSQL,JOB,22b:mc,,1.7938026560045695,-0.25377466272006277,C:\Users\vanya\Documents\DATA_SYS_LAB\test44\final_benchmarks\final_paper_results\base_selection_table1\base_selection_qerrors.csv
base_selection_cardinality,DuckDB,JOB,22b:mi,,4.226265068446502,0.6259567322225685,C:\Users\vanya\Documents\DATA_SYS_LAB\test44\final_benchmarks\final_paper_results\base_selection_table1\base_selection_qerrors.csv
base_selection_cardinality,PostgreSQL,JOB,22b:mi,,1.0006389014302874,-0.0002773827649638043,C:\Users\vanya\Documents\DATA_SYS_LAB\test44\final_benchmarks\final_paper_results\base_selection_table1\base_selection_qerrors.csv
base_selection_cardinality,DuckDB,JOB,22b:mi_idx,,2.2890474392352487,-0.3596547932794376,C:\Users\vanya\Documents\DATA_SYS_LAB\test44\final_benchmarks\final_paper_results\base_selection_table1\base_selection_qerrors.csv
base_selection_cardinality,PostgreSQL,JOB,22b:mi_idx,,1.001095843157711,-0.00047565806068405566,C:\Users\vanya\Documents\DATA_SYS_LAB\test44\final_benchmarks\final_paper_results\base_selection_table1\base_selection_qerrors.csv
base_selection_cardinality,DuckDB,JOB,22b:t,,5.0,-0.6989700043360189,C:\Users\vanya\Documents\DATA_SYS_LAB\test44\final_benchmarks\final_paper_results\base_selection_table1\base_selection_qerrors.csv
base_selection_cardinality,PostgreSQL,JOB,22b:t,,1.0,0.0,C:\Users\vanya\Documents\DATA_SYS_LAB\test44\final_benchmarks\final_paper_results\base_selection_table1\base_selection_qerrors.csv
base_selection_cardinality,DuckDB,JOB,22c:cn,,2.625,-0.4191293077419757,C:\Users\vanya\Documents\DATA_SYS_LAB\test44\final_benchmarks\final_paper_results\base_selection_table1\base_selection_qerrors.csv
base_selection_cardinality,PostgreSQL,JOB,22c:cn,,1.0,0.0,C:\Users\vanya\Documents\DATA_SYS_LAB\test44\final_benchmarks\final_paper_results\base_selection_table1\base_selection_qerrors.csv
base_selection_cardinality,DuckDB,JOB,22c:it1,,2.0,0.3010299956639812,C:\Users\vanya\Documents\DATA_SYS_LAB\test44\final_benchmarks\final_paper_results\base_selection_table1\base_selection_qerrors.csv
base_selection_cardinality,PostgreSQL,JOB,22c:it1,,1.0,0.0,C:\Users\vanya\Documents\DATA_SYS_LAB\test44\final_benchmarks\final_paper_results\base_selection_table1\base_selection_qerrors.csv
base_selection_cardinality,DuckDB,JOB,22c:it2,,2.0,0.3010299956639812,C:\Users\vanya\Documents\DATA_SYS_LAB\test44\final_benchmarks\final_paper_results\base_selection_table1\base_selection_qerrors.csv
base_selection_cardinality,PostgreSQL,JOB,22c:it2,,1.0,0.0,C:\Users\vanya\Documents\DATA_SYS_LAB\test44\final_benchmarks\final_paper_results\base_selection_table1\base_selection_qerrors.csv
base_selection_cardinality,DuckDB,JOB,22c:k,,570.75,2.756445920162273,C:\Users\vanya\Documents\DATA_SYS_LAB\test44\final_benchmarks\final_paper_results\base_selection_table1\base_selection_qerrors.csv
base_selection_cardinality,PostgreSQL,JOB,22c:k,,1.0,0.0,C:\Users\vanya\Documents\DATA_SYS_LAB\test44\final_benchmarks\final_paper_results\base_selection_table1\base_selection_qerrors.csv
base_selection_cardinality,DuckDB,JOB,22c:kt,,2.0,-0.3010299956639812,C:\Users\vanya\Documents\DATA_SYS_LAB\test44\final_benchmarks\final_paper_results\base_selection_table1\base_selection_qerrors.csv
base_selection_cardinality,PostgreSQL,JOB,22c:kt,,1.0,0.0,C:\Users\vanya\Documents\DATA_SYS_LAB\test44\final_benchmarks\final_paper_results\base_selection_table1\base_selection_qerrors.csv
base_selection_cardinality,DuckDB,JOB,22c:mc,,1.0180021379671116,0.007748690089486548,C:\Users\vanya\Documents\DATA_SYS_LAB\test44\final_benchmarks\final_paper_results\base_selection_table1\base_selection_qerrors.csv
base_selection_cardinality,PostgreSQL,JOB,22c:mc,,1.7938026560045695,-0.25377466272006277,C:\Users\vanya\Documents\DATA_SYS_LAB\test44\final_benchmarks\final_paper_results\base_selection_table1\base_selection_qerrors.csv
base_selection_cardinality,DuckDB,JOB,22c:mi,,3.8427848218847243,0.5846460666698019,C:\Users\vanya\Documents\DATA_SYS_LAB\test44\final_benchmarks\final_paper_results\base_selection_table1\base_selection_qerrors.csv
base_selection_cardinality,PostgreSQL,JOB,22c:mi,,1.0674411686938128,-0.028343948506695204,C:\Users\vanya\Documents\DATA_SYS_LAB\test44\final_benchmarks\final_paper_results\base_selection_table1\base_selection_qerrors.csv
base_selection_cardinality,DuckDB,JOB,22c:mi_idx,,2.2890474392352487,-0.3596547932794376,C:\Users\vanya\Documents\DATA_SYS_LAB\test44\final_benchmarks\final_paper_results\base_selection_table1\base_selection_qerrors.csv
base_selection_cardinality,PostgreSQL,JOB,22c:mi_idx,,1.001095843157711,-0.00047565806068405566,C:\Users\vanya\Documents\DATA_SYS_LAB\test44\final_benchmarks\final_paper_results\base_selection_table1\base_selection_qerrors.csv
base_selection_cardinality,DuckDB,JOB,22c:t,,5.0,-0.6989700043360189,C:\Users\vanya\Documents\DATA_SYS_LAB\test44\final_benchmarks\final_paper_results\base_selection_table1\base_selection_qerrors.csv
base_selection_cardinality,PostgreSQL,JOB,22c:t,,1.0,0.0,C:\Users\vanya\Documents\DATA_SYS_LAB\test44\final_benchmarks\final_paper_results\base_selection_table1\base_selection_qerrors.csv
base_selection_cardinality,DuckDB,JOB,22d:cn,,2.625,-0.4191293077419757,C:\Users\vanya\Documents\DATA_SYS_LAB\test44\final_benchmarks\final_paper_results\base_selection_table1\base_selection_qerrors.csv
base_selection_cardinality,PostgreSQL,JOB,22d:cn,,1.0,0.0,C:\Users\vanya\Documents\DATA_SYS_LAB\test44\final_benchmarks\final_paper_results\base_selection_table1\base_selection_qerrors.csv
base_selection_cardinality,DuckDB,JOB,22d:it1,,2.0,0.3010299956639812,C:\Users\vanya\Documents\DATA_SYS_LAB\test44\final_benchmarks\final_paper_results\base_selection_table1\base_selection_qerrors.csv
base_selection_cardinality,PostgreSQL,JOB,22d:it1,,1.0,0.0,C:\Users\vanya\Documents\DATA_SYS_LAB\test44\final_benchmarks\final_paper_results\base_selection_table1\base_selection_qerrors.csv
base_selection_cardinality,DuckDB,JOB,22d:it2,,2.0,0.3010299956639812,C:\Users\vanya\Documents\DATA_SYS_LAB\test44\final_benchmarks\final_paper_results\base_selection_table1\base_selection_qerrors.csv
base_selection_cardinality,PostgreSQL,JOB,22d:it2,,1.0,0.0,C:\Users\vanya\Documents\DATA_SYS_LAB\test44\final_benchmarks\final_paper_results\base_selection_table1\base_selection_qerrors.csv
base_selection_cardinality,DuckDB,JOB,22d:k,,570.75,2.756445920162273,C:\Users\vanya\Documents\DATA_SYS_LAB\test44\final_benchmarks\final_paper_results\base_selection_table1\base_selection_qerrors.csv
base_selection_cardinality,PostgreSQL,JOB,22d:k,,1.0,0.0,C:\Users\vanya\Documents\DATA_SYS_LAB\test44\final_benchmarks\final_paper_results\base_selection_table1\base_selection_qerrors.csv
base_selection_cardinality,DuckDB,JOB,22d:kt,,2.0,-0.3010299956639812,C:\Users\vanya\Documents\DATA_SYS_LAB\test44\final_benchmarks\final_paper_results\base_selection_table1\base_selection_qerrors.csv
base_selection_cardinality,PostgreSQL,JOB,22d:kt,,1.0,0.0,C:\Users\vanya\Documents\DATA_SYS_LAB\test44\final_benchmarks\final_paper_results\base_selection_table1\base_selection_qerrors.csv
base_selection_cardinality,DuckDB,JOB,22d:mi,,3.8427848218847243,0.5846460666698019,C:\Users\vanya\Documents\DATA_SYS_LAB\test44\final_benchmarks\final_paper_results\base_selection_table1\base_selection_qerrors.csv
base_selection_cardinality,PostgreSQL,JOB,22d:mi,,1.0674411686938128,-0.028343948506695204,C:\Users\vanya\Documents\DATA_SYS_LAB\test44\final_benchmarks\final_paper_results\base_selection_table1\base_selection_qerrors.csv
base_selection_cardinality,DuckDB,JOB,22d:mi_idx,,2.2890474392352487,-0.3596547932794376,C:\Users\vanya\Documents\DATA_SYS_LAB\test44\final_benchmarks\final_paper_results\base_selection_table1\base_selection_qerrors.csv
base_selection_cardinality,PostgreSQL,JOB,22d:mi_idx,,1.001095843157711,-0.00047565806068405566,C:\Users\vanya\Documents\DATA_SYS_LAB\test44\final_benchmarks\final_paper_results\base_selection_table1\base_selection_qerrors.csv
base_selection_cardinality,DuckDB,JOB,22d:t,,5.0,-0.6989700043360189,C:\Users\vanya\Documents\DATA_SYS_LAB\test44\final_benchmarks\final_paper_results\base_selection_table1\base_selection_qerrors.csv
base_selection_cardinality,PostgreSQL,JOB,22d:t,,1.0,0.0,C:\Users\vanya\Documents\DATA_SYS_LAB\test44\final_benchmarks\final_paper_results\base_selection_table1\base_selection_qerrors.csv
base_selection_cardinality,DuckDB,JOB,23a:cct1,,1.0,0.0,C:\Users\vanya\Documents\DATA_SYS_LAB\test44\final_benchmarks\final_paper_results\base_selection_table1\base_selection_qerrors.csv
base_selection_cardinality,PostgreSQL,JOB,23a:cct1,,1.0,0.0,C:\Users\vanya\Documents\DATA_SYS_LAB\test44\final_benchmarks\final_paper_results\base_selection_table1\base_selection_qerrors.csv
base_selection_cardinality,DuckDB,JOB,23a:cn,,23.75,-1.3756636139608853,C:\Users\vanya\Documents\DATA_SYS_LAB\test44\final_benchmarks\final_paper_results\base_selection_table1\base_selection_qerrors.csv
base_selection_cardinality,PostgreSQL,JOB,23a:cn,,1.0,0.0,C:\Users\vanya\Documents\DATA_SYS_LAB\test44\final_benchmarks\final_paper_results\base_selection_table1\base_selection_qerrors.csv
base_selection_cardinality,DuckDB,JOB,23a:it1,,2.0,0.3010299956639812,C:\Users\vanya\Documents\DATA_SYS_LAB\test44\final_benchmarks\final_paper_results\base_selection_table1\base_selection_qerrors.csv
base_selection_cardinality,PostgreSQL,JOB,23a:it1,,1.0,0.0,C:\Users\vanya\Documents\DATA_SYS_LAB\test44\final_benchmarks\final_paper_results\base_selection_table1\base_selection_qerrors.csv
base_selection_cardinality,DuckDB,JOB,23a:kt,,1.0,0.0,C:\Users\vanya\Documents\DATA_SYS_LAB\test44\final_benchmarks\final_paper_results\base_selection_table1\base_selection_qerrors.csv
base_selection_cardinality,PostgreSQL,JOB,23a:kt,,1.0,0.0,C:\Users\vanya\Documents\DATA_SYS_LAB\test44\final_benchmarks\final_paper_results\base_selection_table1\base_selection_qerrors.csv
base_selection_cardinality,DuckDB,JOB,23a:mi,,13.530498773507768,1.131313806249476,C:\Users\vanya\Documents\DATA_SYS_LAB\test44\final_benchmarks\final_paper_results\base_selection_table1\base_selection_qerrors.csv
base_selection_cardinality,PostgreSQL,JOB,23a:mi,,23.61003861003861,-1.3730966972910525,C:\Users\vanya\Documents\DATA_SYS_LAB\test44\final_benchmarks\final_paper_results\base_selection_table1\base_selection_qerrors.csv
base_selection_cardinality,DuckDB,JOB,23a:t,,4.9697560199638104,-0.6963350684548021,C:\Users\vanya\Documents\DATA_SYS_LAB\test44\final_benchmarks\final_paper_results\base_selection_table1\base_selection_qerrors.csv
base_selection_cardinality,PostgreSQL,JOB,23a:t,,1.0003841014027703,0.00016678109133898365,C:\Users\vanya\Documents\DATA_SYS_LAB\test44\final_benchmarks\final_paper_results\base_selection_table1\base_selection_qerrors.csv
base_selection_cardinality,DuckDB,JOB,23b:cct1,,1.0,0.0,C:\Users\vanya\Documents\DATA_SYS_LAB\test44\final_benchmarks\final_paper_results\base_selection_table1\base_selection_qerrors.csv
base_selection_cardinality,PostgreSQL,JOB,23b:cct1,,1.0,0.0,C:\Users\vanya\Documents\DATA_SYS_LAB\test44\final_benchmarks\final_paper_results\base_selection_table1\base_selection_qerrors.csv
base_selection_cardinality,DuckDB,JOB,23b:cn,,23.75,-1.3756636139608853,C:\Users\vanya\Documents\DATA_SYS_LAB\test44\final_benchmarks\final_paper_results\base_selection_table1\base_selection_qerrors.csv
base_selection_cardinality,PostgreSQL,JOB,23b:cn,,1.0,0.0,C:\Users\vanya\Documents\DATA_SYS_LAB\test44\final_benchmarks\final_paper_results\base_selection_table1\base_selection_qerrors.csv
base_selection_cardinality,DuckDB,JOB,23b:it1,,2.0,0.3010299956639812,C:\Users\vanya\Documents\DATA_SYS_LAB\test44\final_benchmarks\final_paper_results\base_selection_table1\base_selection_qerrors.csv
base_selection_cardinality,PostgreSQL,JOB,23b:it1,,1.0,0.0,C:\Users\vanya\Documents\DATA_SYS_LAB\test44\final_benchmarks\final_paper_results\base_selection_table1\base_selection_qerrors.csv
base_selection_cardinality,DuckDB,JOB,23b:k,,1141.5,3.057475915826254,C:\Users\vanya\Documents\DATA_SYS_LAB\test44\final_benchmarks\final_paper_results\base_selection_table1\base_selection_qerrors.csv
base_selection_cardinality,PostgreSQL,JOB,23b:k,,2.0,0.3010299956639812,C:\Users\vanya\Documents\DATA_SYS_LAB\test44\final_benchmarks\final_paper_results\base_selection_table1\base_selection_qerrors.csv
base_selection_cardinality,DuckDB,JOB,23b:kt,,1.0,0.0,C:\Users\vanya\Documents\DATA_SYS_LAB\test44\final_benchmarks\final_paper_results\base_selection_table1\base_selection_qerrors.csv
base_selection_cardinality,PostgreSQL,JOB,23b:kt,,1.0,0.0,C:\Users\vanya\Documents\DATA_SYS_LAB\test44\final_benchmarks\final_paper_results\base_selection_table1\base_selection_qerrors.csv
base_selection_cardinality,DuckDB,JOB,23b:mi,,5.341115713594061,0.7276319869245785,C:\Users\vanya\Documents\DATA_SYS_LAB\test44\final_benchmarks\final_paper_results\base_selection_table1\base_selection_qerrors.csv
base_selection_cardinality,PostgreSQL,JOB,23b:mi,,17.87403846153846,-1.252222688118993,C:\Users\vanya\Documents\DATA_SYS_LAB\test44\final_benchmarks\final_paper_results\base_selection_table1\base_selection_qerrors.csv
base_selection_cardinality,DuckDB,JOB,23b:t,,4.9697560199638104,-0.6963350684548021,C:\Users\vanya\Documents\DATA_SYS_LAB\test44\final_benchmarks\final_paper_results\base_selection_table1\base_selection_qerrors.csv
base_selection_cardinality,PostgreSQL,JOB,23b:t,,1.0003841014027703,0.00016678109133898365,C:\Users\vanya\Documents\DATA_SYS_LAB\test44\final_benchmarks\final_paper_results\base_selection_table1\base_selection_qerrors.csv
base_selection_cardinality,DuckDB,JOB,23c:cct1,,1.0,0.0,C:\Users\vanya\Documents\DATA_SYS_LAB\test44\final_benchmarks\final_paper_results\base_selection_table1\base_selection_qerrors.csv
base_selection_cardinality,PostgreSQL,JOB,23c:cct1,,1.0,0.0,C:\Users\vanya\Documents\DATA_SYS_LAB\test44\final_benchmarks\final_paper_results\base_selection_table1\base_selection_qerrors.csv
base_selection_cardinality,DuckDB,JOB,23c:cn,,23.75,-1.3756636139608853,C:\Users\vanya\Documents\DATA_SYS_LAB\test44\final_benchmarks\final_paper_results\base_selection_table1\base_selection_qerrors.csv
base_selection_cardinality,PostgreSQL,JOB,23c:cn,,1.0,0.0,C:\Users\vanya\Documents\DATA_SYS_LAB\test44\final_benchmarks\final_paper_results\base_selection_table1\base_selection_qerrors.csv
base_selection_cardinality,DuckDB,JOB,23c:it1,,2.0,0.3010299956639812,C:\Users\vanya\Documents\DATA_SYS_LAB\test44\final_benchmarks\final_paper_results\base_selection_table1\base_selection_qerrors.csv
base_selection_cardinality,PostgreSQL,JOB,23c:it1,,1.0,0.0,C:\Users\vanya\Documents\DATA_SYS_LAB\test44\final_benchmarks\final_paper_results\base_selection_table1\base_selection_qerrors.csv
base_selection_cardinality,DuckDB,JOB,23c:kt,,4.0,-0.6020599913279624,C:\Users\vanya\Documents\DATA_SYS_LAB\test44\final_benchmarks\final_paper_results\base_selection_table1\base_selection_qerrors.csv
base_selection_cardinality,PostgreSQL,JOB,23c:kt,,1.0,0.0,C:\Users\vanya\Documents\DATA_SYS_LAB\test44\final_benchmarks\final_paper_results\base_selection_table1\base_selection_qerrors.csv
base_selection_cardinality,DuckDB,JOB,23c:mi,,13.530498773507768,1.131313806249476,C:\Users\vanya\Documents\DATA_SYS_LAB\test44\final_benchmarks\final_paper_results\base_selection_table1\base_selection_qerrors.csv
base_selection_cardinality,PostgreSQL,JOB,23c:mi,,23.61003861003861,-1.3730966972910525,C:\Users\vanya\Documents\DATA_SYS_LAB\test44\final_benchmarks\final_paper_results\base_selection_table1\base_selection_qerrors.csv
base_selection_cardinality,DuckDB,JOB,23c:t,,4.801614603010479,-0.6813872988899298,C:\Users\vanya\Documents\DATA_SYS_LAB\test44\final_benchmarks\final_paper_results\base_selection_table1\base_selection_qerrors.csv
base_selection_cardinality,PostgreSQL,JOB,23c:t,,1.0001490819039416,6.474062252572449e-05,C:\Users\vanya\Documents\DATA_SYS_LAB\test44\final_benchmarks\final_paper_results\base_selection_table1\base_selection_qerrors.csv
base_selection_cardinality,DuckDB,JOB,24a:ci,,21.6434419898038,1.3353263284451202,C:\Users\vanya\Documents\DATA_SYS_LAB\test44\final_benchmarks\final_paper_results\base_selection_table1\base_selection_qerrors.csv
base_selection_cardinality,PostgreSQL,JOB,24a:ci,,1.0062181368762553,0.0026921411295503157,C:\Users\vanya\Documents\DATA_SYS_LAB\test44\final_benchmarks\final_paper_results\base_selection_table1\base_selection_qerrors.csv
base_selection_cardinality,DuckDB,JOB,24a:cn,,23.75,-1.3756636139608853,C:\Users\vanya\Documents\DATA_SYS_LAB\test44\final_benchmarks\final_paper_results\base_selection_table1\base_selection_qerrors.csv
base_selection_cardinality,PostgreSQL,JOB,24a:cn,,1.0,0.0,C:\Users\vanya\Documents\DATA_SYS_LAB\test44\final_benchmarks\final_paper_results\base_selection_table1\base_selection_qerrors.csv
base_selection_cardinality,DuckDB,JOB,24a:it,,2.0,0.3010299956639812,C:\Users\vanya\Documents\DATA_SYS_LAB\test44\final_benchmarks\final_paper_results\base_selection_table1\base_selection_qerrors.csv
base_selection_cardinality,PostgreSQL,JOB,24a:it,,1.0,0.0,C:\Users\vanya\Documents\DATA_SYS_LAB\test44\final_benchmarks\final_paper_results\base_selection_table1\base_selection_qerrors.csv
base_selection_cardinality,DuckDB,JOB,24a:k,,761.0,2.8813846567705728,C:\Users\vanya\Documents\DATA_SYS_LAB\test44\final_benchmarks\final_paper_results\base_selection_table1\base_selection_qerrors.csv
base_selection_cardinality,PostgreSQL,JOB,24a:k,,1.0,0.0,C:\Users\vanya\Documents\DATA_SYS_LAB\test44\final_benchmarks\final_paper_results\base_selection_table1\base_selection_qerrors.csv
base_selection_cardinality,DuckDB,JOB,24a:mi,,62054.25,4.79277153101348,C:\Users\vanya\Documents\DATA_SYS_LAB\test44\final_benchmarks\final_paper_results\base_selection_table1\base_selection_qerrors.csv
base_selection_cardinality,PostgreSQL,JOB,24a:mi,,16.625,1.2207616539751422,C:\Users\vanya\Documents\DATA_SYS_LAB\test44\final_benchmarks\final_paper_results\base_selection_table1\base_selection_qerrors.csv
base_selection_cardinality,DuckDB,JOB,24a:n,,120000.0,5.079181246047625,C:\Users\vanya\Documents\DATA_SYS_LAB\test44\final_benchmarks\final_paper_results\base_selection_table1\base_selection_qerrors.csv
base_selection_cardinality,PostgreSQL,JOB,24a:n,,11.0,1.0413926851582251,C:\Users\vanya\Documents\DATA_SYS_LAB\test44\final_benchmarks\final_paper_results\base_selection_table1\base_selection_qerrors.csv
base_selection_cardinality,DuckDB,JOB,24a:rt,,1.0,0.0,C:\Users\vanya\Documents\DATA_SYS_LAB\test44\final_benchmarks\final_paper_results\base_selection_table1\base_selection_qerrors.csv
base_selection_cardinality,PostgreSQL,JOB,24a:rt,,1.0,0.0,C:\Users\vanya\Documents\DATA_SYS_LAB\test44\final_benchmarks\final_paper_results\base_selection_table1\base_selection_qerrors.csv
base_selection_cardinality,DuckDB,JOB,24a:t,,4.939531924201149,-0.6936857966224519,C:\Users\vanya\Documents\DATA_SYS_LAB\test44\final_benchmarks\final_paper_results\base_selection_table1\base_selection_qerrors.csv
base_selection_cardinality,PostgreSQL,JOB,24a:t,,1.0003300941170787,0.00014333439793654215,C:\Users\vanya\Documents\DATA_SYS_LAB\test44\final_benchmarks\final_paper_results\base_selection_table1\base_selection_qerrors.csv
base_selection_cardinality,DuckDB,JOB,24b:ci,,21.6434419898038,1.3353263284451202,C:\Users\vanya\Documents\DATA_SYS_LAB\test44\final_benchmarks\final_paper_results\base_selection_table1\base_selection_qerrors.csv
base_selection_cardinality,PostgreSQL,JOB,24b:ci,,1.0062181368762553,0.0026921411295503157,C:\Users\vanya\Documents\DATA_SYS_LAB\test44\final_benchmarks\final_paper_results\base_selection_table1\base_selection_qerrors.csv
base_selection_cardinality,DuckDB,JOB,24b:cn,,1.0,0.0,C:\Users\vanya\Documents\DATA_SYS_LAB\test44\final_benchmarks\final_paper_results\base_selection_table1\base_selection_qerrors.csv
base_selection_cardinality,PostgreSQL,JOB,24b:cn,,1.0,0.0,C:\Users\vanya\Documents\DATA_SYS_LAB\test44\final_benchmarks\final_paper_results\base_selection_table1\base_selection_qerrors.csv
base_selection_cardinality,DuckDB,JOB,24b:it,,2.0,0.3010299956639812,C:\Users\vanya\Documents\DATA_SYS_LAB\test44\final_benchmarks\final_paper_results\base_selection_table1\base_selection_qerrors.csv
base_selection_cardinality,PostgreSQL,JOB,24b:it,,1.0,0.0,C:\Users\vanya\Documents\DATA_SYS_LAB\test44\final_benchmarks\final_paper_results\base_selection_table1\base_selection_qerrors.csv
base_selection_cardinality,DuckDB,JOB,24b:k,,570.75,2.756445920162273,C:\Users\vanya\Documents\DATA_SYS_LAB\test44\final_benchmarks\final_paper_results\base_selection_table1\base_selection_qerrors.csv
base_selection_cardinality,PostgreSQL,JOB,24b:k,,1.0,0.0,C:\Users\vanya\Documents\DATA_SYS_LAB\test44\final_benchmarks\final_paper_results\base_selection_table1\base_selection_qerrors.csv
base_selection_cardinality,DuckDB,JOB,24b:mi,,62054.25,4.79277153101348,C:\Users\vanya\Documents\DATA_SYS_LAB\test44\final_benchmarks\final_paper_results\base_selection_table1\base_selection_qerrors.csv
base_selection_cardinality,PostgreSQL,JOB,24b:mi,,16.625,1.2207616539751422,C:\Users\vanya\Documents\DATA_SYS_LAB\test44\final_benchmarks\final_paper_results\base_selection_table1\base_selection_qerrors.csv
base_selection_cardinality,DuckDB,JOB,24b:n,,120000.0,5.079181246047625,C:\Users\vanya\Documents\DATA_SYS_LAB\test44\final_benchmarks\final_paper_results\base_selection_table1\base_selection_qerrors.csv
base_selection_cardinality,PostgreSQL,JOB,24b:n,,11.0,1.0413926851582251,C:\Users\vanya\Documents\DATA_SYS_LAB\test44\final_benchmarks\final_paper_results\base_selection_table1\base_selection_qerrors.csv
base_selection_cardinality,DuckDB,JOB,24b:rt,,1.0,0.0,C:\Users\vanya\Documents\DATA_SYS_LAB\test44\final_benchmarks\final_paper_results\base_selection_table1\base_selection_qerrors.csv
base_selection_cardinality,PostgreSQL,JOB,24b:rt,,1.0,0.0,C:\Users\vanya\Documents\DATA_SYS_LAB\test44\final_benchmarks\final_paper_results\base_selection_table1\base_selection_qerrors.csv
base_selection_cardinality,DuckDB,JOB,24b:t,,50291.0,4.701490271337055,C:\Users\vanya\Documents\DATA_SYS_LAB\test44\final_benchmarks\final_paper_results\base_selection_table1\base_selection_qerrors.csv
base_selection_cardinality,PostgreSQL,JOB,24b:t,,10.0,1.0,C:\Users\vanya\Documents\DATA_SYS_LAB\test44\final_benchmarks\final_paper_results\base_selection_table1\base_selection_qerrors.csv
base_selection_cardinality,DuckDB,JOB,25a:ci,,3.695688302095836,0.5676953352785342,C:\Users\vanya\Documents\DATA_SYS_LAB\test44\final_benchmarks\final_paper_results\base_selection_table1\base_selection_qerrors.csv
base_selection_cardinality,PostgreSQL,JOB,25a:ci,,1.0071400580503325,-0.0030898699665192508,C:\Users\vanya\Documents\DATA_SYS_LAB\test44\final_benchmarks\final_paper_results\base_selection_table1\base_selection_qerrors.csv
base_selection_cardinality,DuckDB,JOB,25a:it1,,2.0,0.3010299956639812,C:\Users\vanya\Documents\DATA_SYS_LAB\test44\final_benchmarks\final_paper_results\base_selection_table1\base_selection_qerrors.csv
base_selection_cardinality,PostgreSQL,JOB,25a:it1,,1.0,0.0,C:\Users\vanya\Documents\DATA_SYS_LAB\test44\final_benchmarks\final_paper_results\base_selection_table1\base_selection_qerrors.csv
base_selection_cardinality,DuckDB,JOB,25a:it2,,2.0,0.3010299956639812,C:\Users\vanya\Documents\DATA_SYS_LAB\test44\final_benchmarks\final_paper_results\base_selection_table1\base_selection_qerrors.csv
base_selection_cardinality,PostgreSQL,JOB,25a:it2,,1.0,0.0,C:\Users\vanya\Documents\DATA_SYS_LAB\test44\final_benchmarks\final_paper_results\base_selection_table1\base_selection_qerrors.csv
base_selection_cardinality,DuckDB,JOB,25a:k,,456.6,2.6595359071542166,C:\Users\vanya\Documents\DATA_SYS_LAB\test44\final_benchmarks\final_paper_results\base_selection_table1\base_selection_qerrors.csv
base_selection_cardinality,PostgreSQL,JOB,25a:k,,1.0,0.0,C:\Users\vanya\Documents\DATA_SYS_LAB\test44\final_benchmarks\final_paper_results\base_selection_table1\base_selection_qerrors.csv
base_selection_cardinality,DuckDB,JOB,25a:mi,,5882.35294117647,-3.769551078621726,C:\Users\vanya\Documents\DATA_SYS_LAB\test44\final_benchmarks\final_paper_results\base_selection_table1\base_selection_qerrors.csv
base_selection_cardinality,PostgreSQL,JOB,25a:mi,,1.00031,0.00013461042585185323,C:\Users\vanya\Documents\DATA_SYS_LAB\test44\final_benchmarks\final_paper_results\base_selection_table1\base_selection_qerrors.csv
base_selection_cardinality,DuckDB,JOB,25a:n,,1.0407833333333334,-0.017360328999994293,C:\Users\vanya\Documents\DATA_SYS_LAB\test44\final_benchmarks\final_paper_results\base_selection_table1\base_selection_qerrors.csv
base_selection_cardinality,PostgreSQL,JOB,25a:n,,1.0015533172129967,0.0006740737045340297,C:\Users\vanya\Documents\DATA_SYS_LAB\test44\final_benchmarks\final_paper_results\base_selection_table1\base_selection_qerrors.csv
base_selection_cardinality,DuckDB,JOB,25b:ci,,3.695688302095836,0.5676953352785342,C:\Users\vanya\Documents\DATA_SYS_LAB\test44\final_benchmarks\final_paper_results\base_selection_table1\base_selection_qerrors.csv
base_selection_cardinality,PostgreSQL,JOB,25b:ci,,1.0071400580503325,-0.0030898699665192508,C:\Users\vanya\Documents\DATA_SYS_LAB\test44\final_benchmarks\final_paper_results\base_selection_table1\base_selection_qerrors.csv
base_selection_cardinality,DuckDB,JOB,25b:it1,,2.0,0.3010299956639812,C:\Users\vanya\Documents\DATA_SYS_LAB\test44\final_benchmarks\final_paper_results\base_selection_table1\base_selection_qerrors.csv
base_selection_cardinality,PostgreSQL,JOB,25b:it1,,1.0,0.0,C:\Users\vanya\Documents\DATA_SYS_LAB\test44\final_benchmarks\final_paper_results\base_selection_table1\base_selection_qerrors.csv
base_selection_cardinality,DuckDB,JOB,25b:it2,,2.0,0.3010299956639812,C:\Users\vanya\Documents\DATA_SYS_LAB\test44\final_benchmarks\final_paper_results\base_selection_table1\base_selection_qerrors.csv
base_selection_cardinality,PostgreSQL,JOB,25b:it2,,1.0,0.0,C:\Users\vanya\Documents\DATA_SYS_LAB\test44\final_benchmarks\final_paper_results\base_selection_table1\base_selection_qerrors.csv
base_selection_cardinality,DuckDB,JOB,25b:k,,456.6,2.6595359071542166,C:\Users\vanya\Documents\DATA_SYS_LAB\test44\final_benchmarks\final_paper_results\base_selection_table1\base_selection_qerrors.csv
base_selection_cardinality,PostgreSQL,JOB,25b:k,,1.0,0.0,C:\Users\vanya\Documents\DATA_SYS_LAB\test44\final_benchmarks\final_paper_results\base_selection_table1\base_selection_qerrors.csv
base_selection_cardinality,DuckDB,JOB,25b:mi,,539.7058823529412,-2.732157151545853,C:\Users\vanya\Documents\DATA_SYS_LAB\test44\final_benchmarks\final_paper_results\base_selection_table1\base_selection_qerrors.csv
base_selection_cardinality,PostgreSQL,JOB,25b:mi,,1.0190735694822888,0.008205537948390804,C:\Users\vanya\Documents\DATA_SYS_LAB\test44\final_benchmarks\final_paper_results\base_selection_table1\base_selection_qerrors.csv
base_selection_cardinality,DuckDB,JOB,25b:n,,1.0407833333333334,-0.017360328999994293,C:\Users\vanya\Documents\DATA_SYS_LAB\test44\final_benchmarks\final_paper_results\base_selection_table1\base_selection_qerrors.csv
base_selection_cardinality,PostgreSQL,JOB,25b:n,,1.0015533172129967,0.0006740737045340297,C:\Users\vanya\Documents\DATA_SYS_LAB\test44\final_benchmarks\final_paper_results\base_selection_table1\base_selection_qerrors.csv
base_selection_cardinality,DuckDB,JOB,25b:t,,50291.0,4.701490271337055,C:\Users\vanya\Documents\DATA_SYS_LAB\test44\final_benchmarks\final_paper_results\base_selection_table1\base_selection_qerrors.csv
base_selection_cardinality,PostgreSQL,JOB,25b:t,,10.0,1.0,C:\Users\vanya\Documents\DATA_SYS_LAB\test44\final_benchmarks\final_paper_results\base_selection_table1\base_selection_qerrors.csv
base_selection_cardinality,DuckDB,JOB,25c:ci,,2.9489659527443037,0.4696697584383252,C:\Users\vanya\Documents\DATA_SYS_LAB\test44\final_benchmarks\final_paper_results\base_selection_table1\base_selection_qerrors.csv
base_selection_cardinality,PostgreSQL,JOB,25c:ci,,1.0275780024874277,-0.01181479868833297,C:\Users\vanya\Documents\DATA_SYS_LAB\test44\final_benchmarks\final_paper_results\base_selection_table1\base_selection_qerrors.csv
base_selection_cardinality,DuckDB,JOB,25c:it1,,2.0,0.3010299956639812,C:\Users\vanya\Documents\DATA_SYS_LAB\test44\final_benchmarks\final_paper_results\base_selection_table1\base_selection_qerrors.csv
base_selection_cardinality,PostgreSQL,JOB,25c:it1,,1.0,0.0,C:\Users\vanya\Documents\DATA_SYS_LAB\test44\final_benchmarks\final_paper_results\base_selection_table1\base_selection_qerrors.csv
base_selection_cardinality,DuckDB,JOB,25c:it2,,2.0,0.3010299956639812,C:\Users\vanya\Documents\DATA_SYS_LAB\test44\final_benchmarks\final_paper_results\base_selection_table1\base_selection_qerrors.csv
base_selection_cardinality,PostgreSQL,JOB,25c:it2,,1.0,0.0,C:\Users\vanya\Documents\DATA_SYS_LAB\test44\final_benchmarks\final_paper_results\base_selection_table1\base_selection_qerrors.csv
base_selection_cardinality,DuckDB,JOB,25c:k,,326.14285714285717,2.5134078714759784,C:\Users\vanya\Documents\DATA_SYS_LAB\test44\final_benchmarks\final_paper_results\base_selection_table1\base_selection_qerrors.csv
base_selection_cardinality,PostgreSQL,JOB,25c:k,,1.0,0.0,C:\Users\vanya\Documents\DATA_SYS_LAB\test44\final_benchmarks\final_paper_results\base_selection_table1\base_selection_qerrors.csv
base_selection_cardinality,DuckDB,JOB,25c:mi,,6.5528921038042185,0.8164330171689849,C:\Users\vanya\Documents\DATA_SYS_LAB\test44\final_benchmarks\final_paper_results\base_selection_table1\base_selection_qerrors.csv
base_selection_cardinality,PostgreSQL,JOB,25c:mi,,1.018499099244441,-0.007960649248463894,C:\Users\vanya\Documents\DATA_SYS_LAB\test44\final_benchmarks\final_paper_results\base_selection_table1\base_selection_qerrors.csv
base_selection_cardinality,DuckDB,JOB,25c:n,,1.0407833333333334,-0.017360328999994293,C:\Users\vanya\Documents\DATA_SYS_LAB\test44\final_benchmarks\final_paper_results\base_selection_table1\base_selection_qerrors.csv
base_selection_cardinality,PostgreSQL,JOB,25c:n,,1.0015533172129967,0.0006740737045340297,C:\Users\vanya\Documents\DATA_SYS_LAB\test44\final_benchmarks\final_paper_results\base_selection_table1\base_selection_qerrors.csv
base_selection_cardinality,DuckDB,JOB,26a:cct1,,1.0,0.0,C:\Users\vanya\Documents\DATA_SYS_LAB\test44\final_benchmarks\final_paper_results\base_selection_table1\base_selection_qerrors.csv
base_selection_cardinality,PostgreSQL,JOB,26a:cct1,,1.0,0.0,C:\Users\vanya\Documents\DATA_SYS_LAB\test44\final_benchmarks\final_paper_results\base_selection_table1\base_selection_qerrors.csv
base_selection_cardinality,DuckDB,JOB,26a:cct2,,2.0,-0.3010299956639812,C:\Users\vanya\Documents\DATA_SYS_LAB\test44\final_benchmarks\final_paper_results\base_selection_table1\base_selection_qerrors.csv
base_selection_cardinality,PostgreSQL,JOB,26a:cct2,,2.0,-0.3010299956639812,C:\Users\vanya\Documents\DATA_SYS_LAB\test44\final_benchmarks\final_paper_results\base_selection_table1\base_selection_qerrors.csv
base_selection_cardinality,DuckDB,JOB,26a:chn,,7.232100896753464,0.8592644764548077,C:\Users\vanya\Documents\DATA_SYS_LAB\test44\final_benchmarks\final_paper_results\base_selection_table1\base_selection_qerrors.csv
base_selection_cardinality,PostgreSQL,JOB,26a:chn,,138.09933774834437,-2.140191595936131,C:\Users\vanya\Documents\DATA_SYS_LAB\test44\final_benchmarks\final_paper_results\base_selection_table1\base_selection_qerrors.csv
base_selection_cardinality,DuckDB,JOB,26a:it2,,2.0,0.3010299956639812,C:\Users\vanya\Documents\DATA_SYS_LAB\test44\final_benchmarks\final_paper_results\base_selection_table1\base_selection_qerrors.csv
base_selection_cardinality,PostgreSQL,JOB,26a:it2,,1.0,0.0,C:\Users\vanya\Documents\DATA_SYS_LAB\test44\final_benchmarks\final_paper_results\base_selection_table1\base_selection_qerrors.csv
base_selection_cardinality,DuckDB,JOB,26a:k,,1141.5,3.057475915826254,C:\Users\vanya\Documents\DATA_SYS_LAB\test44\final_benchmarks\final_paper_results\base_selection_table1\base_selection_qerrors.csv
base_selection_cardinality,PostgreSQL,JOB,26a:k,,5.0,0.6989700043360189,C:\Users\vanya\Documents\DATA_SYS_LAB\test44\final_benchmarks\final_paper_results\base_selection_table1\base_selection_qerrors.csv
base_selection_cardinality,DuckDB,JOB,26a:kt,,1.0,0.0,C:\Users\vanya\Documents\DATA_SYS_LAB\test44\final_benchmarks\final_paper_results\base_selection_table1\base_selection_qerrors.csv
base_selection_cardinality,PostgreSQL,JOB,26a:kt,,1.0,0.0,C:\Users\vanya\Documents\DATA_SYS_LAB\test44\final_benchmarks\final_paper_results\base_selection_table1\base_selection_qerrors.csv
base_selection_cardinality,DuckDB,JOB,26a:mi_idx,,3.478337341256434,-0.5413716990990266,C:\Users\vanya\Documents\DATA_SYS_LAB\test44\final_benchmarks\final_paper_results\base_selection_table1\base_selection_qerrors.csv
base_selection_cardinality,PostgreSQL,JOB,26a:mi_idx,,1.0149110807113544,0.006427994123099301,C:\Users\vanya\Documents\DATA_SYS_LAB\test44\final_benchmarks\final_paper_results\base_selection_table1\base_selection_qerrors.csv
base_selection_cardinality,DuckDB,JOB,26a:t,,4.9697560199638104,-0.6963350684548021,C:\Users\vanya\Documents\DATA_SYS_LAB\test44\final_benchmarks\final_paper_results\base_selection_table1\base_selection_qerrors.csv
base_selection_cardinality,PostgreSQL,JOB,26a:t,,1.0003841014027703,0.00016678109133898365,C:\Users\vanya\Documents\DATA_SYS_LAB\test44\final_benchmarks\final_paper_results\base_selection_table1\base_selection_qerrors.csv
base_selection_cardinality,DuckDB,JOB,26b:cct1,,1.0,0.0,C:\Users\vanya\Documents\DATA_SYS_LAB\test44\final_benchmarks\final_paper_results\base_selection_table1\base_selection_qerrors.csv
base_selection_cardinality,PostgreSQL,JOB,26b:cct1,,1.0,0.0,C:\Users\vanya\Documents\DATA_SYS_LAB\test44\final_benchmarks\final_paper_results\base_selection_table1\base_selection_qerrors.csv
base_selection_cardinality,DuckDB,JOB,26b:cct2,,2.0,-0.3010299956639812,C:\Users\vanya\Documents\DATA_SYS_LAB\test44\final_benchmarks\final_paper_results\base_selection_table1\base_selection_qerrors.csv
base_selection_cardinality,PostgreSQL,JOB,26b:cct2,,2.0,-0.3010299956639812,C:\Users\vanya\Documents\DATA_SYS_LAB\test44\final_benchmarks\final_paper_results\base_selection_table1\base_selection_qerrors.csv
base_selection_cardinality,DuckDB,JOB,26b:chn,,7.232100896753464,0.8592644764548077,C:\Users\vanya\Documents\DATA_SYS_LAB\test44\final_benchmarks\final_paper_results\base_selection_table1\base_selection_qerrors.csv
base_selection_cardinality,PostgreSQL,JOB,26b:chn,,138.09933774834437,-2.140191595936131,C:\Users\vanya\Documents\DATA_SYS_LAB\test44\final_benchmarks\final_paper_results\base_selection_table1\base_selection_qerrors.csv
base_selection_cardinality,DuckDB,JOB,26b:it2,,2.0,0.3010299956639812,C:\Users\vanya\Documents\DATA_SYS_LAB\test44\final_benchmarks\final_paper_results\base_selection_table1\base_selection_qerrors.csv
base_selection_cardinality,PostgreSQL,JOB,26b:it2,,1.0,0.0,C:\Users\vanya\Documents\DATA_SYS_LAB\test44\final_benchmarks\final_paper_results\base_selection_table1\base_selection_qerrors.csv
base_selection_cardinality,DuckDB,JOB,26b:k,,2283.0,3.3585059114902354,C:\Users\vanya\Documents\DATA_SYS_LAB\test44\final_benchmarks\final_paper_results\base_selection_table1\base_selection_qerrors.csv
base_selection_cardinality,PostgreSQL,JOB,26b:k,,4.0,0.6020599913279624,C:\Users\vanya\Documents\DATA_SYS_LAB\test44\final_benchmarks\final_paper_results\base_selection_table1\base_selection_qerrors.csv
base_selection_cardinality,DuckDB,JOB,26b:kt,,1.0,0.0,C:\Users\vanya\Documents\DATA_SYS_LAB\test44\final_benchmarks\final_paper_results\base_selection_table1\base_selection_qerrors.csv
base_selection_cardinality,PostgreSQL,JOB,26b:kt,,1.0,0.0,C:\Users\vanya\Documents\DATA_SYS_LAB\test44\final_benchmarks\final_paper_results\base_selection_table1\base_selection_qerrors.csv
base_selection_cardinality,DuckDB,JOB,26b:mi_idx,,2.916727944829779,-0.46489592258443674,C:\Users\vanya\Documents\DATA_SYS_LAB\test44\final_benchmarks\final_paper_results\base_selection_table1\base_selection_qerrors.csv
base_selection_cardinality,PostgreSQL,JOB,26b:mi_idx,,1.0208037726400134,0.008942266425786561,C:\Users\vanya\Documents\DATA_SYS_LAB\test44\final_benchmarks\final_paper_results\base_selection_table1\base_selection_qerrors.csv
base_selection_cardinality,DuckDB,JOB,26b:t,,4.801614603010479,-0.6813872988899298,C:\Users\vanya\Documents\DATA_SYS_LAB\test44\final_benchmarks\final_paper_results\base_selection_table1\base_selection_qerrors.csv
base_selection_cardinality,PostgreSQL,JOB,26b:t,,1.0001490819039416,6.474062252572449e-05,C:\Users\vanya\Documents\DATA_SYS_LAB\test44\final_benchmarks\final_paper_results\base_selection_table1\base_selection_qerrors.csv
base_selection_cardinality,DuckDB,JOB,26c:cct1,,1.0,0.0,C:\Users\vanya\Documents\DATA_SYS_LAB\test44\final_benchmarks\final_paper_results\base_selection_table1\base_selection_qerrors.csv
base_selection_cardinality,PostgreSQL,JOB,26c:cct1,,1.0,0.0,C:\Users\vanya\Documents\DATA_SYS_LAB\test44\final_benchmarks\final_paper_results\base_selection_table1\base_selection_qerrors.csv
base_selection_cardinality,DuckDB,JOB,26c:cct2,,2.0,-0.3010299956639812,C:\Users\vanya\Documents\DATA_SYS_LAB\test44\final_benchmarks\final_paper_results\base_selection_table1\base_selection_qerrors.csv
base_selection_cardinality,PostgreSQL,JOB,26c:cct2,,2.0,-0.3010299956639812,C:\Users\vanya\Documents\DATA_SYS_LAB\test44\final_benchmarks\final_paper_results\base_selection_table1\base_selection_qerrors.csv
base_selection_cardinality,DuckDB,JOB,26c:chn,,7.232100896753464,0.8592644764548077,C:\Users\vanya\Documents\DATA_SYS_LAB\test44\final_benchmarks\final_paper_results\base_selection_table1\base_selection_qerrors.csv
base_selection_cardinality,PostgreSQL,JOB,26c:chn,,138.09933774834437,-2.140191595936131,C:\Users\vanya\Documents\DATA_SYS_LAB\test44\final_benchmarks\final_paper_results\base_selection_table1\base_selection_qerrors.csv
base_selection_cardinality,DuckDB,JOB,26c:it2,,2.0,0.3010299956639812,C:\Users\vanya\Documents\DATA_SYS_LAB\test44\final_benchmarks\final_paper_results\base_selection_table1\base_selection_qerrors.csv
base_selection_cardinality,PostgreSQL,JOB,26c:it2,,1.0,0.0,C:\Users\vanya\Documents\DATA_SYS_LAB\test44\final_benchmarks\final_paper_results\base_selection_table1\base_selection_qerrors.csv
base_selection_cardinality,DuckDB,JOB,26c:k,,1141.5,3.057475915826254,C:\Users\vanya\Documents\DATA_SYS_LAB\test44\final_benchmarks\final_paper_results\base_selection_table1\base_selection_qerrors.csv
base_selection_cardinality,PostgreSQL,JOB,26c:k,,5.0,0.6989700043360189,C:\Users\vanya\Documents\DATA_SYS_LAB\test44\final_benchmarks\final_paper_results\base_selection_table1\base_selection_qerrors.csv
base_selection_cardinality,DuckDB,JOB,26c:kt,,1.0,0.0,C:\Users\vanya\Documents\DATA_SYS_LAB\test44\final_benchmarks\final_paper_results\base_selection_table1\base_selection_qerrors.csv
base_selection_cardinality,PostgreSQL,JOB,26c:kt,,1.0,0.0,C:\Users\vanya\Documents\DATA_SYS_LAB\test44\final_benchmarks\final_paper_results\base_selection_table1\base_selection_qerrors.csv
base_selection_cardinality,DuckDB,JOB,26c:t,,4.9697560199638104,-0.6963350684548021,C:\Users\vanya\Documents\DATA_SYS_LAB\test44\final_benchmarks\final_paper_results\base_selection_table1\base_selection_qerrors.csv
base_selection_cardinality,PostgreSQL,JOB,26c:t,,1.0003841014027703,0.00016678109133898365,C:\Users\vanya\Documents\DATA_SYS_LAB\test44\final_benchmarks\final_paper_results\base_selection_table1\base_selection_qerrors.csv
base_selection_cardinality,DuckDB,JOB,27a:cct1,,2.0,-0.3010299956639812,C:\Users\vanya\Documents\DATA_SYS_LAB\test44\final_benchmarks\final_paper_results\base_selection_table1\base_selection_qerrors.csv
base_selection_cardinality,PostgreSQL,JOB,27a:cct1,,1.0,0.0,C:\Users\vanya\Documents\DATA_SYS_LAB\test44\final_benchmarks\final_paper_results\base_selection_table1\base_selection_qerrors.csv
base_selection_cardinality,DuckDB,JOB,27a:cct2,,1.0,0.0,C:\Users\vanya\Documents\DATA_SYS_LAB\test44\final_benchmarks\final_paper_results\base_selection_table1\base_selection_qerrors.csv
base_selection_cardinality,PostgreSQL,JOB,27a:cct2,,1.0,0.0,C:\Users\vanya\Documents\DATA_SYS_LAB\test44\final_benchmarks\final_paper_results\base_selection_table1\base_selection_qerrors.csv
base_selection_cardinality,DuckDB,JOB,27a:cn,,1800.0,3.255272505103306,C:\Users\vanya\Documents\DATA_SYS_LAB\test44\final_benchmarks\final_paper_results\base_selection_table1\base_selection_qerrors.csv
base_selection_cardinality,PostgreSQL,JOB,27a:cn,,1.0,0.0,C:\Users\vanya\Documents\DATA_SYS_LAB\test44\final_benchmarks\final_paper_results\base_selection_table1\base_selection_qerrors.csv
base_selection_cardinality,DuckDB,JOB,27a:ct,,1.0,0.0,C:\Users\vanya\Documents\DATA_SYS_LAB\test44\final_benchmarks\final_paper_results\base_selection_table1\base_selection_qerrors.csv
base_selection_cardinality,PostgreSQL,JOB,27a:ct,,1.0,0.0,C:\Users\vanya\Documents\DATA_SYS_LAB\test44\final_benchmarks\final_paper_results\base_selection_table1\base_selection_qerrors.csv
base_selection_cardinality,DuckDB,JOB,27a:k,,1.0,0.0,C:\Users\vanya\Documents\DATA_SYS_LAB\test44\final_benchmarks\final_paper_results\base_selection_table1\base_selection_qerrors.csv
base_selection_cardinality,PostgreSQL,JOB,27a:k,,1.0,0.0,C:\Users\vanya\Documents\DATA_SYS_LAB\test44\final_benchmarks\final_paper_results\base_selection_table1\base_selection_qerrors.csv
base_selection_cardinality,DuckDB,JOB,27a:lt,,3.0,0.47712125471966244,C:\Users\vanya\Documents\DATA_SYS_LAB\test44\final_benchmarks\final_paper_results\base_selection_table1\base_selection_qerrors.csv
base_selection_cardinality,PostgreSQL,JOB,27a:lt,,1.0,0.0,C:\Users\vanya\Documents\DATA_SYS_LAB\test44\final_benchmarks\final_paper_results\base_selection_table1\base_selection_qerrors.csv
base_selection_cardinality,DuckDB,JOB,27a:mc,,2.1193292894087157,-0.3261984401759418,C:\Users\vanya\Documents\DATA_SYS_LAB\test44\final_benchmarks\final_paper_results\base_selection_table1\base_selection_qerrors.csv
base_selection_cardinality,PostgreSQL,JOB,27a:mc,,1.005453475862142,-0.002361979812119578,C:\Users\vanya\Documents\DATA_SYS_LAB\test44\final_benchmarks\final_paper_results\base_selection_table1\base_selection_qerrors.csv
base_selection_cardinality,DuckDB,JOB,27a:mi,,20.811352393728516,1.3183003030876308,C:\Users\vanya\Documents\DATA_SYS_LAB\test44\final_benchmarks\final_paper_results\base_selection_table1\base_selection_qerrors.csv
base_selection_cardinality,PostgreSQL,JOB,27a:mi,,1.0607906790590118,-0.025629695024666745,C:\Users\vanya\Documents\DATA_SYS_LAB\test44\final_benchmarks\final_paper_results\base_selection_table1\base_selection_qerrors.csv
base_selection_cardinality,DuckDB,JOB,27b:cct1,,2.0,-0.3010299956639812,C:\Users\vanya\Documents\DATA_SYS_LAB\test44\final_benchmarks\final_paper_results\base_selection_table1\base_selection_qerrors.csv
base_selection_cardinality,PostgreSQL,JOB,27b:cct1,,1.0,0.0,C:\Users\vanya\Documents\DATA_SYS_LAB\test44\final_benchmarks\final_paper_results\base_selection_table1\base_selection_qerrors.csv
base_selection_cardinality,DuckDB,JOB,27b:cct2,,1.0,0.0,C:\Users\vanya\Documents\DATA_SYS_LAB\test44\final_benchmarks\final_paper_results\base_selection_table1\base_selection_qerrors.csv
base_selection_cardinality,PostgreSQL,JOB,27b:cct2,,1.0,0.0,C:\Users\vanya\Documents\DATA_SYS_LAB\test44\final_benchmarks\final_paper_results\base_selection_table1\base_selection_qerrors.csv
base_selection_cardinality,DuckDB,JOB,27b:cn,,1800.0,3.255272505103306,C:\Users\vanya\Documents\DATA_SYS_LAB\test44\final_benchmarks\final_paper_results\base_selection_table1\base_selection_qerrors.csv
base_selection_cardinality,PostgreSQL,JOB,27b:cn,,1.0,0.0,C:\Users\vanya\Documents\DATA_SYS_LAB\test44\final_benchmarks\final_paper_results\base_selection_table1\base_selection_qerrors.csv
base_selection_cardinality,DuckDB,JOB,27b:ct,,1.0,0.0,C:\Users\vanya\Documents\DATA_SYS_LAB\test44\final_benchmarks\final_paper_results\base_selection_table1\base_selection_qerrors.csv
base_selection_cardinality,PostgreSQL,JOB,27b:ct,,1.0,0.0,C:\Users\vanya\Documents\DATA_SYS_LAB\test44\final_benchmarks\final_paper_results\base_selection_table1\base_selection_qerrors.csv
base_selection_cardinality,DuckDB,JOB,27b:k,,1.0,0.0,C:\Users\vanya\Documents\DATA_SYS_LAB\test44\final_benchmarks\final_paper_results\base_selection_table1\base_selection_qerrors.csv
base_selection_cardinality,PostgreSQL,JOB,27b:k,,1.0,0.0,C:\Users\vanya\Documents\DATA_SYS_LAB\test44\final_benchmarks\final_paper_results\base_selection_table1\base_selection_qerrors.csv
base_selection_cardinality,DuckDB,JOB,27b:lt,,3.0,0.47712125471966244,C:\Users\vanya\Documents\DATA_SYS_LAB\test44\final_benchmarks\final_paper_results\base_selection_table1\base_selection_qerrors.csv
base_selection_cardinality,PostgreSQL,JOB,27b:lt,,1.0,0.0,C:\Users\vanya\Documents\DATA_SYS_LAB\test44\final_benchmarks\final_paper_results\base_selection_table1\base_selection_qerrors.csv
base_selection_cardinality,DuckDB,JOB,27b:mc,,2.1193292894087157,-0.3261984401759418,C:\Users\vanya\Documents\DATA_SYS_LAB\test44\final_benchmarks\final_paper_results\base_selection_table1\base_selection_qerrors.csv
base_selection_cardinality,PostgreSQL,JOB,27b:mc,,1.005453475862142,-0.002361979812119578,C:\Users\vanya\Documents\DATA_SYS_LAB\test44\final_benchmarks\final_paper_results\base_selection_table1\base_selection_qerrors.csv
base_selection_cardinality,DuckDB,JOB,27b:mi,,20.811352393728516,1.3183003030876308,C:\Users\vanya\Documents\DATA_SYS_LAB\test44\final_benchmarks\final_paper_results\base_selection_table1\base_selection_qerrors.csv
base_selection_cardinality,PostgreSQL,JOB,27b:mi,,1.0607906790590118,-0.025629695024666745,C:\Users\vanya\Documents\DATA_SYS_LAB\test44\final_benchmarks\final_paper_results\base_selection_table1\base_selection_qerrors.csv
base_selection_cardinality,DuckDB,JOB,27b:t,,2.1196581196581197,0.32626581908005464,C:\Users\vanya\Documents\DATA_SYS_LAB\test44\final_benchmarks\final_paper_results\base_selection_table1\base_selection_qerrors.csv
base_selection_cardinality,PostgreSQL,JOB,27b:t,,1.0673684210526315,-0.028314349708469383,C:\Users\vanya\Documents\DATA_SYS_LAB\test44\final_benchmarks\final_paper_results\base_selection_table1\base_selection_qerrors.csv
base_selection_cardinality,DuckDB,JOB,27c:cct1,,1.0,0.0,C:\Users\vanya\Documents\DATA_SYS_LAB\test44\final_benchmarks\final_paper_results\base_selection_table1\base_selection_qerrors.csv
base_selection_cardinality,PostgreSQL,JOB,27c:cct1,,1.0,0.0,C:\Users\vanya\Documents\DATA_SYS_LAB\test44\final_benchmarks\final_paper_results\base_selection_table1\base_selection_qerrors.csv
base_selection_cardinality,DuckDB,JOB,27c:cct2,,2.0,-0.3010299956639812,C:\Users\vanya\Documents\DATA_SYS_LAB\test44\final_benchmarks\final_paper_results\base_selection_table1\base_selection_qerrors.csv
base_selection_cardinality,PostgreSQL,JOB,27c:cct2,,2.0,-0.3010299956639812,C:\Users\vanya\Documents\DATA_SYS_LAB\test44\final_benchmarks\final_paper_results\base_selection_table1\base_selection_qerrors.csv
base_selection_cardinality,DuckDB,JOB,27c:cn,,4.100227790432802,0.6128079848611847,C:\Users\vanya\Documents\DATA_SYS_LAB\test44\final_benchmarks\final_paper_results\base_selection_table1\base_selection_qerrors.csv
base_selection_cardinality,PostgreSQL,JOB,27c:cn,,2.425414364640884,-0.38478594537293687,C:\Users\vanya\Documents\DATA_SYS_LAB\test44\final_benchmarks\final_paper_results\base_selection_table1\base_selection_qerrors.csv
base_selection_cardinality,DuckDB,JOB,27c:ct,,1.0,0.0,C:\Users\vanya\Documents\DATA_SYS_LAB\test44\final_benchmarks\final_paper_results\base_selection_table1\base_selection_qerrors.csv
base_selection_cardinality,PostgreSQL,JOB,27c:ct,,1.0,0.0,C:\Users\vanya\Documents\DATA_SYS_LAB\test44\final_benchmarks\final_paper_results\base_selection_table1\base_selection_qerrors.csv
base_selection_cardinality,DuckDB,JOB,27c:k,,1.0,0.0,C:\Users\vanya\Documents\DATA_SYS_LAB\test44\final_benchmarks\final_paper_results\base_selection_table1\base_selection_qerrors.csv
base_selection_cardinality,PostgreSQL,JOB,27c:k,,1.0,0.0,C:\Users\vanya\Documents\DATA_SYS_LAB\test44\final_benchmarks\final_paper_results\base_selection_table1\base_selection_qerrors.csv
base_selection_cardinality,DuckDB,JOB,27c:lt,,1.5,0.17609125905568124,C:\Users\vanya\Documents\DATA_SYS_LAB\test44\final_benchmarks\final_paper_results\base_selection_table1\base_selection_qerrors.csv
base_selection_cardinality,PostgreSQL,JOB,27c:lt,,2.0,-0.3010299956639812,C:\Users\vanya\Documents\DATA_SYS_LAB\test44\final_benchmarks\final_paper_results\base_selection_table1\base_selection_qerrors.csv
base_selection_cardinality,DuckDB,JOB,27c:mc,,2.1193292894087157,-0.3261984401759418,C:\Users\vanya\Documents\DATA_SYS_LAB\test44\final_benchmarks\final_paper_results\base_selection_table1\base_selection_qerrors.csv
base_selection_cardinality,PostgreSQL,JOB,27c:mc,,1.005453475862142,-0.002361979812119578,C:\Users\vanya\Documents\DATA_SYS_LAB\test44\final_benchmarks\final_paper_results\base_selection_table1\base_selection_qerrors.csv
base_selection_cardinality,DuckDB,JOB,27c:mi,,6.380243676742752,0.8048372657813219,C:\Users\vanya\Documents\DATA_SYS_LAB\test44\final_benchmarks\final_paper_results\base_selection_table1\base_selection_qerrors.csv
base_selection_cardinality,PostgreSQL,JOB,27c:mi,,1.0772851881593886,-0.03233068867255582,C:\Users\vanya\Documents\DATA_SYS_LAB\test44\final_benchmarks\final_paper_results\base_selection_table1\base_selection_qerrors.csv
base_selection_cardinality,DuckDB,JOB,28a:cct1,,1.0,0.0,C:\Users\vanya\Documents\DATA_SYS_LAB\test44\final_benchmarks\final_paper_results\base_selection_table1\base_selection_qerrors.csv
base_selection_cardinality,PostgreSQL,JOB,28a:cct1,,1.0,0.0,C:\Users\vanya\Documents\DATA_SYS_LAB\test44\final_benchmarks\final_paper_results\base_selection_table1\base_selection_qerrors.csv
base_selection_cardinality,DuckDB,JOB,28a:cct2,,3.0,-0.47712125471966244,C:\Users\vanya\Documents\DATA_SYS_LAB\test44\final_benchmarks\final_paper_results\base_selection_table1\base_selection_qerrors.csv
base_selection_cardinality,PostgreSQL,JOB,28a:cct2,,1.0,0.0,C:\Users\vanya\Documents\DATA_SYS_LAB\test44\final_benchmarks\final_paper_results\base_selection_table1\base_selection_qerrors.csv
base_selection_cardinality,DuckDB,JOB,28a:cn,,2.625,-0.4191293077419757,C:\Users\vanya\Documents\DATA_SYS_LAB\test44\final_benchmarks\final_paper_results\base_selection_table1\base_selection_qerrors.csv
base_selection_cardinality,PostgreSQL,JOB,28a:cn,,1.0,0.0,C:\Users\vanya\Documents\DATA_SYS_LAB\test44\final_benchmarks\final_paper_results\base_selection_table1\base_selection_qerrors.csv
base_selection_cardinality,DuckDB,JOB,28a:it1,,2.0,0.3010299956639812,C:\Users\vanya\Documents\DATA_SYS_LAB\test44\final_benchmarks\final_paper_results\base_selection_table1\base_selection_qerrors.csv
base_selection_cardinality,PostgreSQL,JOB,28a:it1,,1.0,0.0,C:\Users\vanya\Documents\DATA_SYS_LAB\test44\final_benchmarks\final_paper_results\base_selection_table1\base_selection_qerrors.csv
base_selection_cardinality,DuckDB,JOB,28a:it2,,2.0,0.3010299956639812,C:\Users\vanya\Documents\DATA_SYS_LAB\test44\final_benchmarks\final_paper_results\base_selection_table1\base_selection_qerrors.csv
base_selection_cardinality,PostgreSQL,JOB,28a:it2,,1.0,0.0,C:\Users\vanya\Documents\DATA_SYS_LAB\test44\final_benchmarks\final_paper_results\base_selection_table1\base_selection_qerrors.csv
base_selection_cardinality,DuckDB,JOB,28a:k,,570.75,2.756445920162273,C:\Users\vanya\Documents\DATA_SYS_LAB\test44\final_benchmarks\final_paper_results\base_selection_table1\base_selection_qerrors.csv
base_selection_cardinality,PostgreSQL,JOB,28a:k,,1.0,0.0,C:\Users\vanya\Documents\DATA_SYS_LAB\test44\final_benchmarks\final_paper_results\base_selection_table1\base_selection_qerrors.csv
base_selection_cardinality,DuckDB,JOB,28a:kt,,2.0,-0.3010299956639812,C:\Users\vanya\Documents\DATA_SYS_LAB\test44\final_benchmarks\final_paper_results\base_selection_table1\base_selection_qerrors.csv
base_selection_cardinality,PostgreSQL,JOB,28a:kt,,1.0,0.0,C:\Users\vanya\Documents\DATA_SYS_LAB\test44\final_benchmarks\final_paper_results\base_selection_table1\base_selection_qerrors.csv
base_selection_cardinality,DuckDB,JOB,28a:mc,,1.0180021379671116,0.007748690089486548,C:\Users\vanya\Documents\DATA_SYS_LAB\test44\final_benchmarks\final_paper_results\base_selection_table1\base_selection_qerrors.csv
base_selection_cardinality,PostgreSQL,JOB,28a:mc,,1.7938026560045695,-0.25377466272006277,C:\Users\vanya\Documents\DATA_SYS_LAB\test44\final_benchmarks\final_paper_results\base_selection_table1\base_selection_qerrors.csv
base_selection_cardinality,DuckDB,JOB,28a:mi,,3.8427848218847243,0.5846460666698019,C:\Users\vanya\Documents\DATA_SYS_LAB\test44\final_benchmarks\final_paper_results\base_selection_table1\base_selection_qerrors.csv
base_selection_cardinality,PostgreSQL,JOB,28a:mi,,1.0674411686938128,-0.028343948506695204,C:\Users\vanya\Documents\DATA_SYS_LAB\test44\final_benchmarks\final_paper_results\base_selection_table1\base_selection_qerrors.csv
base_selection_cardinality,DuckDB,JOB,28a:mi_idx,,2.2890474392352487,-0.3596547932794376,C:\Users\vanya\Documents\DATA_SYS_LAB\test44\final_benchmarks\final_paper_results\base_selection_table1\base_selection_qerrors.csv
base_selection_cardinality,PostgreSQL,JOB,28a:mi_idx,,1.001095843157711,-0.00047565806068405566,C:\Users\vanya\Documents\DATA_SYS_LAB\test44\final_benchmarks\final_paper_results\base_selection_table1\base_selection_qerrors.csv
base_selection_cardinality,DuckDB,JOB,28a:t,,5.0,-0.6989700043360189,C:\Users\vanya\Documents\DATA_SYS_LAB\test44\final_benchmarks\final_paper_results\base_selection_table1\base_selection_qerrors.csv
base_selection_cardinality,PostgreSQL,JOB,28a:t,,1.0,0.0,C:\Users\vanya\Documents\DATA_SYS_LAB\test44\final_benchmarks\final_paper_results\base_selection_table1\base_selection_qerrors.csv
base_selection_cardinality,DuckDB,JOB,28b:cct1,,1.0,0.0,C:\Users\vanya\Documents\DATA_SYS_LAB\test44\final_benchmarks\final_paper_results\base_selection_table1\base_selection_qerrors.csv
base_selection_cardinality,PostgreSQL,JOB,28b:cct1,,1.0,0.0,C:\Users\vanya\Documents\DATA_SYS_LAB\test44\final_benchmarks\final_paper_results\base_selection_table1\base_selection_qerrors.csv
base_selection_cardinality,DuckDB,JOB,28b:cct2,,3.0,-0.47712125471966244,C:\Users\vanya\Documents\DATA_SYS_LAB\test44\final_benchmarks\final_paper_results\base_selection_table1\base_selection_qerrors.csv
base_selection_cardinality,PostgreSQL,JOB,28b:cct2,,1.0,0.0,C:\Users\vanya\Documents\DATA_SYS_LAB\test44\final_benchmarks\final_paper_results\base_selection_table1\base_selection_qerrors.csv
base_selection_cardinality,DuckDB,JOB,28b:cn,,2.625,-0.4191293077419757,C:\Users\vanya\Documents\DATA_SYS_LAB\test44\final_benchmarks\final_paper_results\base_selection_table1\base_selection_qerrors.csv
base_selection_cardinality,PostgreSQL,JOB,28b:cn,,1.0,0.0,C:\Users\vanya\Documents\DATA_SYS_LAB\test44\final_benchmarks\final_paper_results\base_selection_table1\base_selection_qerrors.csv
base_selection_cardinality,DuckDB,JOB,28b:it1,,2.0,0.3010299956639812,C:\Users\vanya\Documents\DATA_SYS_LAB\test44\final_benchmarks\final_paper_results\base_selection_table1\base_selection_qerrors.csv
base_selection_cardinality,PostgreSQL,JOB,28b:it1,,1.0,0.0,C:\Users\vanya\Documents\DATA_SYS_LAB\test44\final_benchmarks\final_paper_results\base_selection_table1\base_selection_qerrors.csv
base_selection_cardinality,DuckDB,JOB,28b:it2,,2.0,0.3010299956639812,C:\Users\vanya\Documents\DATA_SYS_LAB\test44\final_benchmarks\final_paper_results\base_selection_table1\base_selection_qerrors.csv
base_selection_cardinality,PostgreSQL,JOB,28b:it2,,1.0,0.0,C:\Users\vanya\Documents\DATA_SYS_LAB\test44\final_benchmarks\final_paper_results\base_selection_table1\base_selection_qerrors.csv
base_selection_cardinality,DuckDB,JOB,28b:k,,570.75,2.756445920162273,C:\Users\vanya\Documents\DATA_SYS_LAB\test44\final_benchmarks\final_paper_results\base_selection_table1\base_selection_qerrors.csv
base_selection_cardinality,PostgreSQL,JOB,28b:k,,1.0,0.0,C:\Users\vanya\Documents\DATA_SYS_LAB\test44\final_benchmarks\final_paper_results\base_selection_table1\base_selection_qerrors.csv
base_selection_cardinality,DuckDB,JOB,28b:kt,,2.0,-0.3010299956639812,C:\Users\vanya\Documents\DATA_SYS_LAB\test44\final_benchmarks\final_paper_results\base_selection_table1\base_selection_qerrors.csv
base_selection_cardinality,PostgreSQL,JOB,28b:kt,,1.0,0.0,C:\Users\vanya\Documents\DATA_SYS_LAB\test44\final_benchmarks\final_paper_results\base_selection_table1\base_selection_qerrors.csv
base_selection_cardinality,DuckDB,JOB,28b:mc,,1.0180021379671116,0.007748690089486548,C:\Users\vanya\Documents\DATA_SYS_LAB\test44\final_benchmarks\final_paper_results\base_selection_table1\base_selection_qerrors.csv
base_selection_cardinality,PostgreSQL,JOB,28b:mc,,1.7938026560045695,-0.25377466272006277,C:\Users\vanya\Documents\DATA_SYS_LAB\test44\final_benchmarks\final_paper_results\base_selection_table1\base_selection_qerrors.csv
base_selection_cardinality,DuckDB,JOB,28b:mi,,4.468634387405147,0.6501748232153112,C:\Users\vanya\Documents\DATA_SYS_LAB\test44\final_benchmarks\final_paper_results\base_selection_table1\base_selection_qerrors.csv
base_selection_cardinality,PostgreSQL,JOB,28b:mi,,1.0181276634743162,-0.0078022377907652415,C:\Users\vanya\Documents\DATA_SYS_LAB\test44\final_benchmarks\final_paper_results\base_selection_table1\base_selection_qerrors.csv
base_selection_cardinality,DuckDB,JOB,28b:mi_idx,,2.73776258520977,-0.4373957840449124,C:\Users\vanya\Documents\DATA_SYS_LAB\test44\final_benchmarks\final_paper_results\base_selection_table1\base_selection_qerrors.csv
base_selection_cardinality,PostgreSQL,JOB,28b:mi_idx,,1.0190880524169286,0.008211710038502159,C:\Users\vanya\Documents\DATA_SYS_LAB\test44\final_benchmarks\final_paper_results\base_selection_table1\base_selection_qerrors.csv
base_selection_cardinality,DuckDB,JOB,28b:t,,5.0,-0.6989700043360189,C:\Users\vanya\Documents\DATA_SYS_LAB\test44\final_benchmarks\final_paper_results\base_selection_table1\base_selection_qerrors.csv
base_selection_cardinality,PostgreSQL,JOB,28b:t,,1.0,0.0,C:\Users\vanya\Documents\DATA_SYS_LAB\test44\final_benchmarks\final_paper_results\base_selection_table1\base_selection_qerrors.csv
base_selection_cardinality,DuckDB,JOB,28c:cct1,,1.0,0.0,C:\Users\vanya\Documents\DATA_SYS_LAB\test44\final_benchmarks\final_paper_results\base_selection_table1\base_selection_qerrors.csv
base_selection_cardinality,PostgreSQL,JOB,28c:cct1,,1.0,0.0,C:\Users\vanya\Documents\DATA_SYS_LAB\test44\final_benchmarks\final_paper_results\base_selection_table1\base_selection_qerrors.csv
base_selection_cardinality,DuckDB,JOB,28c:cct2,,1.0,0.0,C:\Users\vanya\Documents\DATA_SYS_LAB\test44\final_benchmarks\final_paper_results\base_selection_table1\base_selection_qerrors.csv
base_selection_cardinality,PostgreSQL,JOB,28c:cct2,,1.0,0.0,C:\Users\vanya\Documents\DATA_SYS_LAB\test44\final_benchmarks\final_paper_results\base_selection_table1\base_selection_qerrors.csv
base_selection_cardinality,DuckDB,JOB,28c:cn,,2.625,-0.4191293077419757,C:\Users\vanya\Documents\DATA_SYS_LAB\test44\final_benchmarks\final_paper_results\base_selection_table1\base_selection_qerrors.csv
base_selection_cardinality,PostgreSQL,JOB,28c:cn,,1.0,0.0,C:\Users\vanya\Documents\DATA_SYS_LAB\test44\final_benchmarks\final_paper_results\base_selection_table1\base_selection_qerrors.csv
base_selection_cardinality,DuckDB,JOB,28c:it1,,2.0,0.3010299956639812,C:\Users\vanya\Documents\DATA_SYS_LAB\test44\final_benchmarks\final_paper_results\base_selection_table1\base_selection_qerrors.csv
base_selection_cardinality,PostgreSQL,JOB,28c:it1,,1.0,0.0,C:\Users\vanya\Documents\DATA_SYS_LAB\test44\final_benchmarks\final_paper_results\base_selection_table1\base_selection_qerrors.csv
base_selection_cardinality,DuckDB,JOB,28c:it2,,2.0,0.3010299956639812,C:\Users\vanya\Documents\DATA_SYS_LAB\test44\final_benchmarks\final_paper_results\base_selection_table1\base_selection_qerrors.csv
base_selection_cardinality,PostgreSQL,JOB,28c:it2,,1.0,0.0,C:\Users\vanya\Documents\DATA_SYS_LAB\test44\final_benchmarks\final_paper_results\base_selection_table1\base_selection_qerrors.csv
base_selection_cardinality,DuckDB,JOB,28c:k,,570.75,2.756445920162273,C:\Users\vanya\Documents\DATA_SYS_LAB\test44\final_benchmarks\final_paper_results\base_selection_table1\base_selection_qerrors.csv
base_selection_cardinality,PostgreSQL,JOB,28c:k,,1.0,0.0,C:\Users\vanya\Documents\DATA_SYS_LAB\test44\final_benchmarks\final_paper_results\base_selection_table1\base_selection_qerrors.csv
base_selection_cardinality,DuckDB,JOB,28c:kt,,2.0,-0.3010299956639812,C:\Users\vanya\Documents\DATA_SYS_LAB\test44\final_benchmarks\final_paper_results\base_selection_table1\base_selection_qerrors.csv
base_selection_cardinality,PostgreSQL,JOB,28c:kt,,1.0,0.0,C:\Users\vanya\Documents\DATA_SYS_LAB\test44\final_benchmarks\final_paper_results\base_selection_table1\base_selection_qerrors.csv
base_selection_cardinality,DuckDB,JOB,28c:mc,,1.0180021379671116,0.007748690089486548,C:\Users\vanya\Documents\DATA_SYS_LAB\test44\final_benchmarks\final_paper_results\base_selection_table1\base_selection_qerrors.csv
base_selection_cardinality,PostgreSQL,JOB,28c:mc,,1.7938026560045695,-0.25377466272006277,C:\Users\vanya\Documents\DATA_SYS_LAB\test44\final_benchmarks\final_paper_results\base_selection_table1\base_selection_qerrors.csv
base_selection_cardinality,DuckDB,JOB,28c:mi,,3.8427848218847243,0.5846460666698019,C:\Users\vanya\Documents\DATA_SYS_LAB\test44\final_benchmarks\final_paper_results\base_selection_table1\base_selection_qerrors.csv
base_selection_cardinality,PostgreSQL,JOB,28c:mi,,1.0674411686938128,-0.028343948506695204,C:\Users\vanya\Documents\DATA_SYS_LAB\test44\final_benchmarks\final_paper_results\base_selection_table1\base_selection_qerrors.csv
base_selection_cardinality,DuckDB,JOB,28c:mi_idx,,2.2890474392352487,-0.3596547932794376,C:\Users\vanya\Documents\DATA_SYS_LAB\test44\final_benchmarks\final_paper_results\base_selection_table1\base_selection_qerrors.csv
base_selection_cardinality,PostgreSQL,JOB,28c:mi_idx,,1.001095843157711,-0.00047565806068405566,C:\Users\vanya\Documents\DATA_SYS_LAB\test44\final_benchmarks\final_paper_results\base_selection_table1\base_selection_qerrors.csv
base_selection_cardinality,DuckDB,JOB,28c:t,,5.0,-0.6989700043360189,C:\Users\vanya\Documents\DATA_SYS_LAB\test44\final_benchmarks\final_paper_results\base_selection_table1\base_selection_qerrors.csv
base_selection_cardinality,PostgreSQL,JOB,28c:t,,1.0,0.0,C:\Users\vanya\Documents\DATA_SYS_LAB\test44\final_benchmarks\final_paper_results\base_selection_table1\base_selection_qerrors.csv
base_selection_cardinality,DuckDB,JOB,29a:cct1,,1.0,0.0,C:\Users\vanya\Documents\DATA_SYS_LAB\test44\final_benchmarks\final_paper_results\base_selection_table1\base_selection_qerrors.csv
base_selection_cardinality,PostgreSQL,JOB,29a:cct1,,1.0,0.0,C:\Users\vanya\Documents\DATA_SYS_LAB\test44\final_benchmarks\final_paper_results\base_selection_table1\base_selection_qerrors.csv
base_selection_cardinality,DuckDB,JOB,29a:cct2,,1.0,0.0,C:\Users\vanya\Documents\DATA_SYS_LAB\test44\final_benchmarks\final_paper_results\base_selection_table1\base_selection_qerrors.csv
base_selection_cardinality,PostgreSQL,JOB,29a:cct2,,1.0,0.0,C:\Users\vanya\Documents\DATA_SYS_LAB\test44\final_benchmarks\final_paper_results\base_selection_table1\base_selection_qerrors.csv
base_selection_cardinality,DuckDB,JOB,29a:chn,,1.0,0.0,C:\Users\vanya\Documents\DATA_SYS_LAB\test44\final_benchmarks\final_paper_results\base_selection_table1\base_selection_qerrors.csv
base_selection_cardinality,PostgreSQL,JOB,29a:chn,,1.0,0.0,C:\Users\vanya\Documents\DATA_SYS_LAB\test44\final_benchmarks\final_paper_results\base_selection_table1\base_selection_qerrors.csv
base_selection_cardinality,DuckDB,JOB,29a:ci,,845.0,2.926856708949692,C:\Users\vanya\Documents\DATA_SYS_LAB\test44\final_benchmarks\final_paper_results\base_selection_table1\base_selection_qerrors.csv
base_selection_cardinality,PostgreSQL,JOB,29a:ci,,91.0,1.9590413923210936,C:\Users\vanya\Documents\DATA_SYS_LAB\test44\final_benchmarks\final_paper_results\base_selection_table1\base_selection_qerrors.csv
base_selection_cardinality,DuckDB,JOB,29a:cn,,23.75,-1.3756636139608853,C:\Users\vanya\Documents\DATA_SYS_LAB\test44\final_benchmarks\final_paper_results\base_selection_table1\base_selection_qerrors.csv
base_selection_cardinality,PostgreSQL,JOB,29a:cn,,1.0,0.0,C:\Users\vanya\Documents\DATA_SYS_LAB\test44\final_benchmarks\final_paper_results\base_selection_table1\base_selection_qerrors.csv
base_selection_cardinality,DuckDB,JOB,29a:it,,2.0,0.3010299956639812,C:\Users\vanya\Documents\DATA_SYS_LAB\test44\final_benchmarks\final_paper_results\base_selection_table1\base_selection_qerrors.csv
base_selection_cardinality,PostgreSQL,JOB,29a:it,,1.0,0.0,C:\Users\vanya\Documents\DATA_SYS_LAB\test44\final_benchmarks\final_paper_results\base_selection_table1\base_selection_qerrors.csv
base_selection_cardinality,DuckDB,JOB,29a:it3,,2.0,0.3010299956639812,C:\Users\vanya\Documents\DATA_SYS_LAB\test44\final_benchmarks\final_paper_results\base_selection_table1\base_selection_qerrors.csv
base_selection_cardinality,PostgreSQL,JOB,29a:it3,,1.0,0.0,C:\Users\vanya\Documents\DATA_SYS_LAB\test44\final_benchmarks\final_paper_results\base_selection_table1\base_selection_qerrors.csv
base_selection_cardinality,DuckDB,JOB,29a:k,,1.0,0.0,C:\Users\vanya\Documents\DATA_SYS_LAB\test44\final_benchmarks\final_paper_results\base_selection_table1\base_selection_qerrors.csv
base_selection_cardinality,PostgreSQL,JOB,29a:k,,1.0,0.0,C:\Users\vanya\Documents\DATA_SYS_LAB\test44\final_benchmarks\final_paper_results\base_selection_table1\base_selection_qerrors.csv
base_selection_cardinality,DuckDB,JOB,29a:mi,,29202.0,4.46541259662715,C:\Users\vanya\Documents\DATA_SYS_LAB\test44\final_benchmarks\final_paper_results\base_selection_table1\base_selection_qerrors.csv
base_selection_cardinality,PostgreSQL,JOB,29a:mi,,15.705882352941176,1.1960623399863013,C:\Users\vanya\Documents\DATA_SYS_LAB\test44\final_benchmarks\final_paper_results\base_selection_table1\base_selection_qerrors.csv
base_selection_cardinality,DuckDB,JOB,29a:n,,120000.0,5.079181246047625,C:\Users\vanya\Documents\DATA_SYS_LAB\test44\final_benchmarks\final_paper_results\base_selection_table1\base_selection_qerrors.csv
base_selection_cardinality,PostgreSQL,JOB,29a:n,,11.0,1.0413926851582251,C:\Users\vanya\Documents\DATA_SYS_LAB\test44\final_benchmarks\final_paper_results\base_selection_table1\base_selection_qerrors.csv
base_selection_cardinality,DuckDB,JOB,29a:rt,,1.0,0.0,C:\Users\vanya\Documents\DATA_SYS_LAB\test44\final_benchmarks\final_paper_results\base_selection_table1\base_selection_qerrors.csv
base_selection_cardinality,PostgreSQL,JOB,29a:rt,,1.0,0.0,C:\Users\vanya\Documents\DATA_SYS_LAB\test44\final_benchmarks\final_paper_results\base_selection_table1\base_selection_qerrors.csv
base_selection_cardinality,DuckDB,JOB,29a:t,,11.0,1.0413926851582251,C:\Users\vanya\Documents\DATA_SYS_LAB\test44\final_benchmarks\final_paper_results\base_selection_table1\base_selection_qerrors.csv
base_selection_cardinality,PostgreSQL,JOB,29a:t,,5.0,0.6989700043360189,C:\Users\vanya\Documents\DATA_SYS_LAB\test44\final_benchmarks\final_paper_results\base_selection_table1\base_selection_qerrors.csv
base_selection_cardinality,DuckDB,JOB,29b:cct1,,1.0,0.0,C:\Users\vanya\Documents\DATA_SYS_LAB\test44\final_benchmarks\final_paper_results\base_selection_table1\base_selection_qerrors.csv
base_selection_cardinality,PostgreSQL,JOB,29b:cct1,,1.0,0.0,C:\Users\vanya\Documents\DATA_SYS_LAB\test44\final_benchmarks\final_paper_results\base_selection_table1\base_selection_qerrors.csv
base_selection_cardinality,DuckDB,JOB,29b:cct2,,1.0,0.0,C:\Users\vanya\Documents\DATA_SYS_LAB\test44\final_benchmarks\final_paper_results\base_selection_table1\base_selection_qerrors.csv
base_selection_cardinality,PostgreSQL,JOB,29b:cct2,,1.0,0.0,C:\Users\vanya\Documents\DATA_SYS_LAB\test44\final_benchmarks\final_paper_results\base_selection_table1\base_selection_qerrors.csv
base_selection_cardinality,DuckDB,JOB,29b:chn,,1.0,0.0,C:\Users\vanya\Documents\DATA_SYS_LAB\test44\final_benchmarks\final_paper_results\base_selection_table1\base_selection_qerrors.csv
base_selection_cardinality,PostgreSQL,JOB,29b:chn,,1.0,0.0,C:\Users\vanya\Documents\DATA_SYS_LAB\test44\final_benchmarks\final_paper_results\base_selection_table1\base_selection_qerrors.csv
base_selection_cardinality,DuckDB,JOB,29b:ci,,845.0,2.926856708949692,C:\Users\vanya\Documents\DATA_SYS_LAB\test44\final_benchmarks\final_paper_results\base_selection_table1\base_selection_qerrors.csv
base_selection_cardinality,PostgreSQL,JOB,29b:ci,,91.0,1.9590413923210936,C:\Users\vanya\Documents\DATA_SYS_LAB\test44\final_benchmarks\final_paper_results\base_selection_table1\base_selection_qerrors.csv
base_selection_cardinality,DuckDB,JOB,29b:cn,,23.75,-1.3756636139608853,C:\Users\vanya\Documents\DATA_SYS_LAB\test44\final_benchmarks\final_paper_results\base_selection_table1\base_selection_qerrors.csv
base_selection_cardinality,PostgreSQL,JOB,29b:cn,,1.0,0.0,C:\Users\vanya\Documents\DATA_SYS_LAB\test44\final_benchmarks\final_paper_results\base_selection_table1\base_selection_qerrors.csv
base_selection_cardinality,DuckDB,JOB,29b:it,,2.0,0.3010299956639812,C:\Users\vanya\Documents\DATA_SYS_LAB\test44\final_benchmarks\final_paper_results\base_selection_table1\base_selection_qerrors.csv
base_selection_cardinality,PostgreSQL,JOB,29b:it,,1.0,0.0,C:\Users\vanya\Documents\DATA_SYS_LAB\test44\final_benchmarks\final_paper_results\base_selection_table1\base_selection_qerrors.csv
base_selection_cardinality,DuckDB,JOB,29b:it3,,2.0,0.3010299956639812,C:\Users\vanya\Documents\DATA_SYS_LAB\test44\final_benchmarks\final_paper_results\base_selection_table1\base_selection_qerrors.csv
base_selection_cardinality,PostgreSQL,JOB,29b:it3,,1.0,0.0,C:\Users\vanya\Documents\DATA_SYS_LAB\test44\final_benchmarks\final_paper_results\base_selection_table1\base_selection_qerrors.csv
base_selection_cardinality,DuckDB,JOB,29b:k,,1.0,0.0,C:\Users\vanya\Documents\DATA_SYS_LAB\test44\final_benchmarks\final_paper_results\base_selection_table1\base_selection_qerrors.csv
base_selection_cardinality,PostgreSQL,JOB,29b:k,,1.0,0.0,C:\Users\vanya\Documents\DATA_SYS_LAB\test44\final_benchmarks\final_paper_results\base_selection_table1\base_selection_qerrors.csv
base_selection_cardinality,DuckDB,JOB,29b:mi,,55159.333333333336,4.741619008566099,C:\Users\vanya\Documents\DATA_SYS_LAB\test44\final_benchmarks\final_paper_results\base_selection_table1\base_selection_qerrors.csv
base_selection_cardinality,PostgreSQL,JOB,29b:mi,,14.777777777777779,1.169609131527761,C:\Users\vanya\Documents\DATA_SYS_LAB\test44\final_benchmarks\final_paper_results\base_selection_table1\base_selection_qerrors.csv
base_selection_cardinality,DuckDB,JOB,29b:n,,120000.0,5.079181246047625,C:\Users\vanya\Documents\DATA_SYS_LAB\test44\final_benchmarks\final_paper_results\base_selection_table1\base_selection_qerrors.csv
base_selection_cardinality,PostgreSQL,JOB,29b:n,,11.0,1.0413926851582251,C:\Users\vanya\Documents\DATA_SYS_LAB\test44\final_benchmarks\final_paper_results\base_selection_table1\base_selection_qerrors.csv
base_selection_cardinality,DuckDB,JOB,29b:rt,,1.0,0.0,C:\Users\vanya\Documents\DATA_SYS_LAB\test44\final_benchmarks\final_paper_results\base_selection_table1\base_selection_qerrors.csv
base_selection_cardinality,PostgreSQL,JOB,29b:rt,,1.0,0.0,C:\Users\vanya\Documents\DATA_SYS_LAB\test44\final_benchmarks\final_paper_results\base_selection_table1\base_selection_qerrors.csv
base_selection_cardinality,DuckDB,JOB,29b:t,,11.0,1.0413926851582251,C:\Users\vanya\Documents\DATA_SYS_LAB\test44\final_benchmarks\final_paper_results\base_selection_table1\base_selection_qerrors.csv
base_selection_cardinality,PostgreSQL,JOB,29b:t,,5.0,0.6989700043360189,C:\Users\vanya\Documents\DATA_SYS_LAB\test44\final_benchmarks\final_paper_results\base_selection_table1\base_selection_qerrors.csv
base_selection_cardinality,DuckDB,JOB,29c:cct1,,1.0,0.0,C:\Users\vanya\Documents\DATA_SYS_LAB\test44\final_benchmarks\final_paper_results\base_selection_table1\base_selection_qerrors.csv
base_selection_cardinality,PostgreSQL,JOB,29c:cct1,,1.0,0.0,C:\Users\vanya\Documents\DATA_SYS_LAB\test44\final_benchmarks\final_paper_results\base_selection_table1\base_selection_qerrors.csv
base_selection_cardinality,DuckDB,JOB,29c:cct2,,1.0,0.0,C:\Users\vanya\Documents\DATA_SYS_LAB\test44\final_benchmarks\final_paper_results\base_selection_table1\base_selection_qerrors.csv
base_selection_cardinality,PostgreSQL,JOB,29c:cct2,,1.0,0.0,C:\Users\vanya\Documents\DATA_SYS_LAB\test44\final_benchmarks\final_paper_results\base_selection_table1\base_selection_qerrors.csv
base_selection_cardinality,DuckDB,JOB,29c:ci,,845.0,2.926856708949692,C:\Users\vanya\Documents\DATA_SYS_LAB\test44\final_benchmarks\final_paper_results\base_selection_table1\base_selection_qerrors.csv
base_selection_cardinality,PostgreSQL,JOB,29c:ci,,91.0,1.9590413923210936,C:\Users\vanya\Documents\DATA_SYS_LAB\test44\final_benchmarks\final_paper_results\base_selection_table1\base_selection_qerrors.csv
base_selection_cardinality,DuckDB,JOB,29c:cn,,23.75,-1.3756636139608853,C:\Users\vanya\Documents\DATA_SYS_LAB\test44\final_benchmarks\final_paper_results\base_selection_table1\base_selection_qerrors.csv
base_selection_cardinality,PostgreSQL,JOB,29c:cn,,1.0,0.0,C:\Users\vanya\Documents\DATA_SYS_LAB\test44\final_benchmarks\final_paper_results\base_selection_table1\base_selection_qerrors.csv
base_selection_cardinality,DuckDB,JOB,29c:it,,2.0,0.3010299956639812,C:\Users\vanya\Documents\DATA_SYS_LAB\test44\final_benchmarks\final_paper_results\base_selection_table1\base_selection_qerrors.csv
base_selection_cardinality,PostgreSQL,JOB,29c:it,,1.0,0.0,C:\Users\vanya\Documents\DATA_SYS_LAB\test44\final_benchmarks\final_paper_results\base_selection_table1\base_selection_qerrors.csv
base_selection_cardinality,DuckDB,JOB,29c:it3,,2.0,0.3010299956639812,C:\Users\vanya\Documents\DATA_SYS_LAB\test44\final_benchmarks\final_paper_results\base_selection_table1\base_selection_qerrors.csv
base_selection_cardinality,PostgreSQL,JOB,29c:it3,,1.0,0.0,C:\Users\vanya\Documents\DATA_SYS_LAB\test44\final_benchmarks\final_paper_results\base_selection_table1\base_selection_qerrors.csv
base_selection_cardinality,DuckDB,JOB,29c:k,,1.0,0.0,C:\Users\vanya\Documents\DATA_SYS_LAB\test44\final_benchmarks\final_paper_results\base_selection_table1\base_selection_qerrors.csv
base_selection_cardinality,PostgreSQL,JOB,29c:k,,1.0,0.0,C:\Users\vanya\Documents\DATA_SYS_LAB\test44\final_benchmarks\final_paper_results\base_selection_table1\base_selection_qerrors.csv
base_selection_cardinality,DuckDB,JOB,29c:mi,,29202.0,4.46541259662715,C:\Users\vanya\Documents\DATA_SYS_LAB\test44\final_benchmarks\final_paper_results\base_selection_table1\base_selection_qerrors.csv
base_selection_cardinality,PostgreSQL,JOB,29c:mi,,15.705882352941176,1.1960623399863013,C:\Users\vanya\Documents\DATA_SYS_LAB\test44\final_benchmarks\final_paper_results\base_selection_table1\base_selection_qerrors.csv
base_selection_cardinality,DuckDB,JOB,29c:n,,120000.0,5.079181246047625,C:\Users\vanya\Documents\DATA_SYS_LAB\test44\final_benchmarks\final_paper_results\base_selection_table1\base_selection_qerrors.csv
base_selection_cardinality,PostgreSQL,JOB,29c:n,,11.0,1.0413926851582251,C:\Users\vanya\Documents\DATA_SYS_LAB\test44\final_benchmarks\final_paper_results\base_selection_table1\base_selection_qerrors.csv
base_selection_cardinality,DuckDB,JOB,29c:rt,,1.0,0.0,C:\Users\vanya\Documents\DATA_SYS_LAB\test44\final_benchmarks\final_paper_results\base_selection_table1\base_selection_qerrors.csv
base_selection_cardinality,PostgreSQL,JOB,29c:rt,,1.0,0.0,C:\Users\vanya\Documents\DATA_SYS_LAB\test44\final_benchmarks\final_paper_results\base_selection_table1\base_selection_qerrors.csv
base_selection_cardinality,DuckDB,JOB,30a:cct1,,2.0,-0.3010299956639812,C:\Users\vanya\Documents\DATA_SYS_LAB\test44\final_benchmarks\final_paper_results\base_selection_table1\base_selection_qerrors.csv
base_selection_cardinality,PostgreSQL,JOB,30a:cct1,,1.0,0.0,C:\Users\vanya\Documents\DATA_SYS_LAB\test44\final_benchmarks\final_paper_results\base_selection_table1\base_selection_qerrors.csv
base_selection_cardinality,DuckDB,JOB,30a:cct2,,1.0,0.0,C:\Users\vanya\Documents\DATA_SYS_LAB\test44\final_benchmarks\final_paper_results\base_selection_table1\base_selection_qerrors.csv
base_selection_cardinality,PostgreSQL,JOB,30a:cct2,,1.0,0.0,C:\Users\vanya\Documents\DATA_SYS_LAB\test44\final_benchmarks\final_paper_results\base_selection_table1\base_selection_qerrors.csv
base_selection_cardinality,DuckDB,JOB,30a:ci,,845.0,2.926856708949692,C:\Users\vanya\Documents\DATA_SYS_LAB\test44\final_benchmarks\final_paper_results\base_selection_table1\base_selection_qerrors.csv
base_selection_cardinality,PostgreSQL,JOB,30a:ci,,91.0,1.9590413923210936,C:\Users\vanya\Documents\DATA_SYS_LAB\test44\final_benchmarks\final_paper_results\base_selection_table1\base_selection_qerrors.csv
base_selection_cardinality,DuckDB,JOB,30a:it1,,2.0,0.3010299956639812,C:\Users\vanya\Documents\DATA_SYS_LAB\test44\final_benchmarks\final_paper_results\base_selection_table1\base_selection_qerrors.csv
base_selection_cardinality,PostgreSQL,JOB,30a:it1,,1.0,0.0,C:\Users\vanya\Documents\DATA_SYS_LAB\test44\final_benchmarks\final_paper_results\base_selection_table1\base_selection_qerrors.csv
base_selection_cardinality,DuckDB,JOB,30a:it2,,2.0,0.3010299956639812,C:\Users\vanya\Documents\DATA_SYS_LAB\test44\final_benchmarks\final_paper_results\base_selection_table1\base_selection_qerrors.csv
base_selection_cardinality,PostgreSQL,JOB,30a:it2,,1.0,0.0,C:\Users\vanya\Documents\DATA_SYS_LAB\test44\final_benchmarks\final_paper_results\base_selection_table1\base_selection_qerrors.csv
base_selection_cardinality,DuckDB,JOB,30a:k,,326.14285714285717,2.5134078714759784,C:\Users\vanya\Documents\DATA_SYS_LAB\test44\final_benchmarks\final_paper_results\base_selection_table1\base_selection_qerrors.csv
base_selection_cardinality,PostgreSQL,JOB,30a:k,,1.0,0.0,C:\Users\vanya\Documents\DATA_SYS_LAB\test44\final_benchmarks\final_paper_results\base_selection_table1\base_selection_qerrors.csv
base_selection_cardinality,DuckDB,JOB,30a:mi,,14.309341942178538,1.1556196618903138,C:\Users\vanya\Documents\DATA_SYS_LAB\test44\final_benchmarks\final_paper_results\base_selection_table1\base_selection_qerrors.csv
base_selection_cardinality,PostgreSQL,JOB,30a:mi,,1.0135762257515926,0.005856415267270585,C:\Users\vanya\Documents\DATA_SYS_LAB\test44\final_benchmarks\final_paper_results\base_selection_table1\base_selection_qerrors.csv
base_selection_cardinality,DuckDB,JOB,30a:n,,1.0407833333333334,-0.017360328999994293,C:\Users\vanya\Documents\DATA_SYS_LAB\test44\final_benchmarks\final_paper_results\base_selection_table1\base_selection_qerrors.csv
base_selection_cardinality,PostgreSQL,JOB,30a:n,,1.0015533172129967,0.0006740737045340297,C:\Users\vanya\Documents\DATA_SYS_LAB\test44\final_benchmarks\final_paper_results\base_selection_table1\base_selection_qerrors.csv
base_selection_cardinality,DuckDB,JOB,30a:t,,4.9697560199638104,-0.6963350684548021,C:\Users\vanya\Documents\DATA_SYS_LAB\test44\final_benchmarks\final_paper_results\base_selection_table1\base_selection_qerrors.csv
base_selection_cardinality,PostgreSQL,JOB,30a:t,,1.0003841014027703,0.00016678109133898365,C:\Users\vanya\Documents\DATA_SYS_LAB\test44\final_benchmarks\final_paper_results\base_selection_table1\base_selection_qerrors.csv
base_selection_cardinality,DuckDB,JOB,30b:cct1,,2.0,-0.3010299956639812,C:\Users\vanya\Documents\DATA_SYS_LAB\test44\final_benchmarks\final_paper_results\base_selection_table1\base_selection_qerrors.csv
base_selection_cardinality,PostgreSQL,JOB,30b:cct1,,1.0,0.0,C:\Users\vanya\Documents\DATA_SYS_LAB\test44\final_benchmarks\final_paper_results\base_selection_table1\base_selection_qerrors.csv
base_selection_cardinality,DuckDB,JOB,30b:cct2,,1.0,0.0,C:\Users\vanya\Documents\DATA_SYS_LAB\test44\final_benchmarks\final_paper_results\base_selection_table1\base_selection_qerrors.csv
base_selection_cardinality,PostgreSQL,JOB,30b:cct2,,1.0,0.0,C:\Users\vanya\Documents\DATA_SYS_LAB\test44\final_benchmarks\final_paper_results\base_selection_table1\base_selection_qerrors.csv
base_selection_cardinality,DuckDB,JOB,30b:ci,,845.0,2.926856708949692,C:\Users\vanya\Documents\DATA_SYS_LAB\test44\final_benchmarks\final_paper_results\base_selection_table1\base_selection_qerrors.csv
base_selection_cardinality,PostgreSQL,JOB,30b:ci,,91.0,1.9590413923210936,C:\Users\vanya\Documents\DATA_SYS_LAB\test44\final_benchmarks\final_paper_results\base_selection_table1\base_selection_qerrors.csv
base_selection_cardinality,DuckDB,JOB,30b:it1,,2.0,0.3010299956639812,C:\Users\vanya\Documents\DATA_SYS_LAB\test44\final_benchmarks\final_paper_results\base_selection_table1\base_selection_qerrors.csv
base_selection_cardinality,PostgreSQL,JOB,30b:it1,,1.0,0.0,C:\Users\vanya\Documents\DATA_SYS_LAB\test44\final_benchmarks\final_paper_results\base_selection_table1\base_selection_qerrors.csv
base_selection_cardinality,DuckDB,JOB,30b:it2,,2.0,0.3010299956639812,C:\Users\vanya\Documents\DATA_SYS_LAB\test44\final_benchmarks\final_paper_results\base_selection_table1\base_selection_qerrors.csv
base_selection_cardinality,PostgreSQL,JOB,30b:it2,,1.0,0.0,C:\Users\vanya\Documents\DATA_SYS_LAB\test44\final_benchmarks\final_paper_results\base_selection_table1\base_selection_qerrors.csv
base_selection_cardinality,DuckDB,JOB,30b:k,,326.14285714285717,2.5134078714759784,C:\Users\vanya\Documents\DATA_SYS_LAB\test44\final_benchmarks\final_paper_results\base_selection_table1\base_selection_qerrors.csv
base_selection_cardinality,PostgreSQL,JOB,30b:k,,1.0,0.0,C:\Users\vanya\Documents\DATA_SYS_LAB\test44\final_benchmarks\final_paper_results\base_selection_table1\base_selection_qerrors.csv
base_selection_cardinality,DuckDB,JOB,30b:mi,,14.309341942178538,1.1556196618903138,C:\Users\vanya\Documents\DATA_SYS_LAB\test44\final_benchmarks\final_paper_results\base_selection_table1\base_selection_qerrors.csv
base_selection_cardinality,PostgreSQL,JOB,30b:mi,,1.0135762257515926,0.005856415267270585,C:\Users\vanya\Documents\DATA_SYS_LAB\test44\final_benchmarks\final_paper_results\base_selection_table1\base_selection_qerrors.csv
base_selection_cardinality,DuckDB,JOB,30b:n,,1.0407833333333334,-0.017360328999994293,C:\Users\vanya\Documents\DATA_SYS_LAB\test44\final_benchmarks\final_paper_results\base_selection_table1\base_selection_qerrors.csv
base_selection_cardinality,PostgreSQL,JOB,30b:n,,1.0015533172129967,0.0006740737045340297,C:\Users\vanya\Documents\DATA_SYS_LAB\test44\final_benchmarks\final_paper_results\base_selection_table1\base_selection_qerrors.csv
base_selection_cardinality,DuckDB,JOB,30b:t,,17.909900284900285,1.2530931678792872,C:\Users\vanya\Documents\DATA_SYS_LAB\test44\final_benchmarks\final_paper_results\base_selection_table1\base_selection_qerrors.csv
base_selection_cardinality,PostgreSQL,JOB,30b:t,,1.077991452991453,0.03261531749880527,C:\Users\vanya\Documents\DATA_SYS_LAB\test44\final_benchmarks\final_paper_results\base_selection_table1\base_selection_qerrors.csv
base_selection_cardinality,DuckDB,JOB,30c:cct1,,1.0,0.0,C:\Users\vanya\Documents\DATA_SYS_LAB\test44\final_benchmarks\final_paper_results\base_selection_table1\base_selection_qerrors.csv
base_selection_cardinality,PostgreSQL,JOB,30c:cct1,,1.0,0.0,C:\Users\vanya\Documents\DATA_SYS_LAB\test44\final_benchmarks\final_paper_results\base_selection_table1\base_selection_qerrors.csv
base_selection_cardinality,DuckDB,JOB,30c:cct2,,1.0,0.0,C:\Users\vanya\Documents\DATA_SYS_LAB\test44\final_benchmarks\final_paper_results\base_selection_table1\base_selection_qerrors.csv
base_selection_cardinality,PostgreSQL,JOB,30c:cct2,,1.0,0.0,C:\Users\vanya\Documents\DATA_SYS_LAB\test44\final_benchmarks\final_paper_results\base_selection_table1\base_selection_qerrors.csv
base_selection_cardinality,DuckDB,JOB,30c:ci,,845.0,2.926856708949692,C:\Users\vanya\Documents\DATA_SYS_LAB\test44\final_benchmarks\final_paper_results\base_selection_table1\base_selection_qerrors.csv
base_selection_cardinality,PostgreSQL,JOB,30c:ci,,91.0,1.9590413923210936,C:\Users\vanya\Documents\DATA_SYS_LAB\test44\final_benchmarks\final_paper_results\base_selection_table1\base_selection_qerrors.csv
base_selection_cardinality,DuckDB,JOB,30c:it1,,2.0,0.3010299956639812,C:\Users\vanya\Documents\DATA_SYS_LAB\test44\final_benchmarks\final_paper_results\base_selection_table1\base_selection_qerrors.csv
base_selection_cardinality,PostgreSQL,JOB,30c:it1,,1.0,0.0,C:\Users\vanya\Documents\DATA_SYS_LAB\test44\final_benchmarks\final_paper_results\base_selection_table1\base_selection_qerrors.csv
base_selection_cardinality,DuckDB,JOB,30c:it2,,2.0,0.3010299956639812,C:\Users\vanya\Documents\DATA_SYS_LAB\test44\final_benchmarks\final_paper_results\base_selection_table1\base_selection_qerrors.csv
base_selection_cardinality,PostgreSQL,JOB,30c:it2,,1.0,0.0,C:\Users\vanya\Documents\DATA_SYS_LAB\test44\final_benchmarks\final_paper_results\base_selection_table1\base_selection_qerrors.csv
base_selection_cardinality,DuckDB,JOB,30c:k,,326.14285714285717,2.5134078714759784,C:\Users\vanya\Documents\DATA_SYS_LAB\test44\final_benchmarks\final_paper_results\base_selection_table1\base_selection_qerrors.csv
base_selection_cardinality,PostgreSQL,JOB,30c:k,,1.0,0.0,C:\Users\vanya\Documents\DATA_SYS_LAB\test44\final_benchmarks\final_paper_results\base_selection_table1\base_selection_qerrors.csv
base_selection_cardinality,DuckDB,JOB,30c:mi,,4.128864307398012,0.6158306102865146,C:\Users\vanya\Documents\DATA_SYS_LAB\test44\final_benchmarks\final_paper_results\base_selection_table1\base_selection_qerrors.csv
base_selection_cardinality,PostgreSQL,JOB,30c:mi,,1.0049648531857809,-0.002150873364084591,C:\Users\vanya\Documents\DATA_SYS_LAB\test44\final_benchmarks\final_paper_results\base_selection_table1\base_selection_qerrors.csv
base_selection_cardinality,DuckDB,JOB,30c:n,,1.0407833333333334,-0.017360328999994293,C:\Users\vanya\Documents\DATA_SYS_LAB\test44\final_benchmarks\final_paper_results\base_selection_table1\base_selection_qerrors.csv
base_selection_cardinality,PostgreSQL,JOB,30c:n,,1.0015533172129967,0.0006740737045340297,C:\Users\vanya\Documents\DATA_SYS_LAB\test44\final_benchmarks\final_paper_results\base_selection_table1\base_selection_qerrors.csv
base_selection_cardinality,DuckDB,JOB,31a:ci,,845.0,2.926856708949692,C:\Users\vanya\Documents\DATA_SYS_LAB\test44\final_benchmarks\final_paper_results\base_selection_table1\base_selection_qerrors.csv
base_selection_cardinality,PostgreSQL,JOB,31a:ci,,91.0,1.9590413923210936,C:\Users\vanya\Documents\DATA_SYS_LAB\test44\final_benchmarks\final_paper_results\base_selection_table1\base_selection_qerrors.csv
base_selection_cardinality,DuckDB,JOB,31a:cn,,225.0,2.3521825181113627,C:\Users\vanya\Documents\DATA_SYS_LAB\test44\final_benchmarks\final_paper_results\base_selection_table1\base_selection_qerrors.csv
base_selection_cardinality,PostgreSQL,JOB,31a:cn,,8.0,-0.9030899869919435,C:\Users\vanya\Documents\DATA_SYS_LAB\test44\final_benchmarks\final_paper_results\base_selection_table1\base_selection_qerrors.csv
base_selection_cardinality,DuckDB,JOB,31a:it1,,2.0,0.3010299956639812,C:\Users\vanya\Documents\DATA_SYS_LAB\test44\final_benchmarks\final_paper_results\base_selection_table1\base_selection_qerrors.csv
base_selection_cardinality,PostgreSQL,JOB,31a:it1,,1.0,0.0,C:\Users\vanya\Documents\DATA_SYS_LAB\test44\final_benchmarks\final_paper_results\base_selection_table1\base_selection_qerrors.csv
base_selection_cardinality,DuckDB,JOB,31a:it2,,2.0,0.3010299956639812,C:\Users\vanya\Documents\DATA_SYS_LAB\test44\final_benchmarks\final_paper_results\base_selection_table1\base_selection_qerrors.csv
base_selection_cardinality,PostgreSQL,JOB,31a:it2,,1.0,0.0,C:\Users\vanya\Documents\DATA_SYS_LAB\test44\final_benchmarks\final_paper_results\base_selection_table1\base_selection_qerrors.csv
base_selection_cardinality,DuckDB,JOB,31a:k,,326.14285714285717,2.5134078714759784,C:\Users\vanya\Documents\DATA_SYS_LAB\test44\final_benchmarks\final_paper_results\base_selection_table1\base_selection_qerrors.csv
base_selection_cardinality,PostgreSQL,JOB,31a:k,,1.0,0.0,C:\Users\vanya\Documents\DATA_SYS_LAB\test44\final_benchmarks\final_paper_results\base_selection_table1\base_selection_qerrors.csv
base_selection_cardinality,DuckDB,JOB,31a:mi,,8.317288521788663,0.9199817671617988,C:\Users\vanya\Documents\DATA_SYS_LAB\test44\final_benchmarks\final_paper_results\base_selection_table1\base_selection_qerrors.csv
base_selection_cardinality,PostgreSQL,JOB,31a:mi,,1.0075285697405514,-0.0032573699543396242,C:\Users\vanya\Documents\DATA_SYS_LAB\test44\final_benchmarks\final_paper_results\base_selection_table1\base_selection_qerrors.csv
base_selection_cardinality,DuckDB,JOB,31a:n,,1.0407833333333334,-0.017360328999994293,C:\Users\vanya\Documents\DATA_SYS_LAB\test44\final_benchmarks\final_paper_results\base_selection_table1\base_selection_qerrors.csv
base_selection_cardinality,PostgreSQL,JOB,31a:n,,1.0015533172129967,0.0006740737045340297,C:\Users\vanya\Documents\DATA_SYS_LAB\test44\final_benchmarks\final_paper_results\base_selection_table1\base_selection_qerrors.csv
base_selection_cardinality,DuckDB,JOB,31b:ci,,845.0,2.926856708949692,C:\Users\vanya\Documents\DATA_SYS_LAB\test44\final_benchmarks\final_paper_results\base_selection_table1\base_selection_qerrors.csv
base_selection_cardinality,PostgreSQL,JOB,31b:ci,,91.0,1.9590413923210936,C:\Users\vanya\Documents\DATA_SYS_LAB\test44\final_benchmarks\final_paper_results\base_selection_table1\base_selection_qerrors.csv
base_selection_cardinality,DuckDB,JOB,31b:cn,,225.0,2.3521825181113627,C:\Users\vanya\Documents\DATA_SYS_LAB\test44\final_benchmarks\final_paper_results\base_selection_table1\base_selection_qerrors.csv
base_selection_cardinality,PostgreSQL,JOB,31b:cn,,8.0,-0.9030899869919435,C:\Users\vanya\Documents\DATA_SYS_LAB\test44\final_benchmarks\final_paper_results\base_selection_table1\base_selection_qerrors.csv
base_selection_cardinality,DuckDB,JOB,31b:it1,,2.0,0.3010299956639812,C:\Users\vanya\Documents\DATA_SYS_LAB\test44\final_benchmarks\final_paper_results\base_selection_table1\base_selection_qerrors.csv
base_selection_cardinality,PostgreSQL,JOB,31b:it1,,1.0,0.0,C:\Users\vanya\Documents\DATA_SYS_LAB\test44\final_benchmarks\final_paper_results\base_selection_table1\base_selection_qerrors.csv
base_selection_cardinality,DuckDB,JOB,31b:it2,,2.0,0.3010299956639812,C:\Users\vanya\Documents\DATA_SYS_LAB\test44\final_benchmarks\final_paper_results\base_selection_table1\base_selection_qerrors.csv
base_selection_cardinality,PostgreSQL,JOB,31b:it2,,1.0,0.0,C:\Users\vanya\Documents\DATA_SYS_LAB\test44\final_benchmarks\final_paper_results\base_selection_table1\base_selection_qerrors.csv
base_selection_cardinality,DuckDB,JOB,31b:k,,326.14285714285717,2.5134078714759784,C:\Users\vanya\Documents\DATA_SYS_LAB\test44\final_benchmarks\final_paper_results\base_selection_table1\base_selection_qerrors.csv
base_selection_cardinality,PostgreSQL,JOB,31b:k,,1.0,0.0,C:\Users\vanya\Documents\DATA_SYS_LAB\test44\final_benchmarks\final_paper_results\base_selection_table1\base_selection_qerrors.csv
base_selection_cardinality,DuckDB,JOB,31b:mc,,8.90627798229032,0.949696246183783,C:\Users\vanya\Documents\DATA_SYS_LAB\test44\final_benchmarks\final_paper_results\base_selection_table1\base_selection_qerrors.csv
base_selection_cardinality,PostgreSQL,JOB,31b:mc,,1.3498159387125659,0.13027455201254723,C:\Users\vanya\Documents\DATA_SYS_LAB\test44\final_benchmarks\final_paper_results\base_selection_table1\base_selection_qerrors.csv
base_selection_cardinality,DuckDB,JOB,31b:mi,,8.317288521788663,0.9199817671617988,C:\Users\vanya\Documents\DATA_SYS_LAB\test44\final_benchmarks\final_paper_results\base_selection_table1\base_selection_qerrors.csv
base_selection_cardinality,PostgreSQL,JOB,31b:mi,,1.0075285697405514,-0.0032573699543396242,C:\Users\vanya\Documents\DATA_SYS_LAB\test44\final_benchmarks\final_paper_results\base_selection_table1\base_selection_qerrors.csv
base_selection_cardinality,DuckDB,JOB,31b:n,,1.0407833333333334,-0.017360328999994293,C:\Users\vanya\Documents\DATA_SYS_LAB\test44\final_benchmarks\final_paper_results\base_selection_table1\base_selection_qerrors.csv
base_selection_cardinality,PostgreSQL,JOB,31b:n,,1.0015533172129967,0.0006740737045340297,C:\Users\vanya\Documents\DATA_SYS_LAB\test44\final_benchmarks\final_paper_results\base_selection_table1\base_selection_qerrors.csv
base_selection_cardinality,DuckDB,JOB,31b:t,,15.91487341772152,1.2018031887186509,C:\Users\vanya\Documents\DATA_SYS_LAB\test44\final_benchmarks\final_paper_results\base_selection_table1\base_selection_qerrors.csv
base_selection_cardinality,PostgreSQL,JOB,31b:t,,1.2702531645569621,0.10389028553306297,C:\Users\vanya\Documents\DATA_SYS_LAB\test44\final_benchmarks\final_paper_results\base_selection_table1\base_selection_qerrors.csv
base_selection_cardinality,DuckDB,JOB,31c:ci,,845.0,2.926856708949692,C:\Users\vanya\Documents\DATA_SYS_LAB\test44\final_benchmarks\final_paper_results\base_selection_table1\base_selection_qerrors.csv
base_selection_cardinality,PostgreSQL,JOB,31c:ci,,91.0,1.9590413923210936,C:\Users\vanya\Documents\DATA_SYS_LAB\test44\final_benchmarks\final_paper_results\base_selection_table1\base_selection_qerrors.csv
base_selection_cardinality,DuckDB,JOB,31c:cn,,225.0,2.3521825181113627,C:\Users\vanya\Documents\DATA_SYS_LAB\test44\final_benchmarks\final_paper_results\base_selection_table1\base_selection_qerrors.csv
base_selection_cardinality,PostgreSQL,JOB,31c:cn,,8.0,-0.9030899869919435,C:\Users\vanya\Documents\DATA_SYS_LAB\test44\final_benchmarks\final_paper_results\base_selection_table1\base_selection_qerrors.csv
base_selection_cardinality,DuckDB,JOB,31c:it1,,2.0,0.3010299956639812,C:\Users\vanya\Documents\DATA_SYS_LAB\test44\final_benchmarks\final_paper_results\base_selection_table1\base_selection_qerrors.csv
base_selection_cardinality,PostgreSQL,JOB,31c:it1,,1.0,0.0,C:\Users\vanya\Documents\DATA_SYS_LAB\test44\final_benchmarks\final_paper_results\base_selection_table1\base_selection_qerrors.csv
base_selection_cardinality,DuckDB,JOB,31c:it2,,2.0,0.3010299956639812,C:\Users\vanya\Documents\DATA_SYS_LAB\test44\final_benchmarks\final_paper_results\base_selection_table1\base_selection_qerrors.csv
base_selection_cardinality,PostgreSQL,JOB,31c:it2,,1.0,0.0,C:\Users\vanya\Documents\DATA_SYS_LAB\test44\final_benchmarks\final_paper_results\base_selection_table1\base_selection_qerrors.csv
base_selection_cardinality,DuckDB,JOB,31c:k,,326.14285714285717,2.5134078714759784,C:\Users\vanya\Documents\DATA_SYS_LAB\test44\final_benchmarks\final_paper_results\base_selection_table1\base_selection_qerrors.csv
base_selection_cardinality,PostgreSQL,JOB,31c:k,,1.0,0.0,C:\Users\vanya\Documents\DATA_SYS_LAB\test44\final_benchmarks\final_paper_results\base_selection_table1\base_selection_qerrors.csv
base_selection_cardinality,DuckDB,JOB,31c:mi,,4.216429699842022,0.6249448637701526,C:\Users\vanya\Documents\DATA_SYS_LAB\test44\final_benchmarks\final_paper_results\base_selection_table1\base_selection_qerrors.csv
base_selection_cardinality,PostgreSQL,JOB,31c:mi,,1.0049505795592277,-0.00214470498789533,C:\Users\vanya\Documents\DATA_SYS_LAB\test44\final_benchmarks\final_paper_results\base_selection_table1\base_selection_qerrors.csv
base_selection_cardinality,DuckDB,JOB,32a:k,,1.0,0.0,C:\Users\vanya\Documents\DATA_SYS_LAB\test44\final_benchmarks\final_paper_results\base_selection_table1\base_selection_qerrors.csv
base_selection_cardinality,PostgreSQL,JOB,32a:k,,1.0,0.0,C:\Users\vanya\Documents\DATA_SYS_LAB\test44\final_benchmarks\final_paper_results\base_selection_table1\base_selection_qerrors.csv
base_selection_cardinality,DuckDB,JOB,32b:k,,1.0,0.0,C:\Users\vanya\Documents\DATA_SYS_LAB\test44\final_benchmarks\final_paper_results\base_selection_table1\base_selection_qerrors.csv
base_selection_cardinality,PostgreSQL,JOB,32b:k,,1.0,0.0,C:\Users\vanya\Documents\DATA_SYS_LAB\test44\final_benchmarks\final_paper_results\base_selection_table1\base_selection_qerrors.csv
base_selection_cardinality,DuckDB,JOB,33a:cn1,,23.75,-1.3756636139608853,C:\Users\vanya\Documents\DATA_SYS_LAB\test44\final_benchmarks\final_paper_results\base_selection_table1\base_selection_qerrors.csv
base_selection_cardinality,PostgreSQL,JOB,33a:cn1,,1.0,0.0,C:\Users\vanya\Documents\DATA_SYS_LAB\test44\final_benchmarks\final_paper_results\base_selection_table1\base_selection_qerrors.csv
base_selection_cardinality,DuckDB,JOB,33a:it1,,2.0,0.3010299956639812,C:\Users\vanya\Documents\DATA_SYS_LAB\test44\final_benchmarks\final_paper_results\base_selection_table1\base_selection_qerrors.csv
base_selection_cardinality,PostgreSQL,JOB,33a:it1,,1.0,0.0,C:\Users\vanya\Documents\DATA_SYS_LAB\test44\final_benchmarks\final_paper_results\base_selection_table1\base_selection_qerrors.csv
base_selection_cardinality,DuckDB,JOB,33a:it2,,2.0,0.3010299956639812,C:\Users\vanya\Documents\DATA_SYS_LAB\test44\final_benchmarks\final_paper_results\base_selection_table1\base_selection_qerrors.csv
base_selection_cardinality,PostgreSQL,JOB,33a:it2,,1.0,0.0,C:\Users\vanya\Documents\DATA_SYS_LAB\test44\final_benchmarks\final_paper_results\base_selection_table1\base_selection_qerrors.csv
base_selection_cardinality,DuckDB,JOB,33a:kt1,,1.0,0.0,C:\Users\vanya\Documents\DATA_SYS_LAB\test44\final_benchmarks\final_paper_results\base_selection_table1\base_selection_qerrors.csv
base_selection_cardinality,PostgreSQL,JOB,33a:kt1,,1.0,0.0,C:\Users\vanya\Documents\DATA_SYS_LAB\test44\final_benchmarks\final_paper_results\base_selection_table1\base_selection_qerrors.csv
base_selection_cardinality,DuckDB,JOB,33a:kt2,,1.0,0.0,C:\Users\vanya\Documents\DATA_SYS_LAB\test44\final_benchmarks\final_paper_results\base_selection_table1\base_selection_qerrors.csv
base_selection_cardinality,PostgreSQL,JOB,33a:kt2,,1.0,0.0,C:\Users\vanya\Documents\DATA_SYS_LAB\test44\final_benchmarks\final_paper_results\base_selection_table1\base_selection_qerrors.csv
base_selection_cardinality,DuckDB,JOB,33a:lt,,1.0,0.0,C:\Users\vanya\Documents\DATA_SYS_LAB\test44\final_benchmarks\final_paper_results\base_selection_table1\base_selection_qerrors.csv
base_selection_cardinality,PostgreSQL,JOB,33a:lt,,1.0,0.0,C:\Users\vanya\Documents\DATA_SYS_LAB\test44\final_benchmarks\final_paper_results\base_selection_table1\base_selection_qerrors.csv
base_selection_cardinality,DuckDB,JOB,33a:mi_idx2,,2.037601605819107,-0.3091192742200376,C:\Users\vanya\Documents\DATA_SYS_LAB\test44\final_benchmarks\final_paper_results\base_selection_table1\base_selection_qerrors.csv
base_selection_cardinality,PostgreSQL,JOB,33a:mi_idx2,,1.0034356915581741,-0.0014895445401364252,C:\Users\vanya\Documents\DATA_SYS_LAB\test44\final_benchmarks\final_paper_results\base_selection_table1\base_selection_qerrors.csv
base_selection_cardinality,DuckDB,JOB,33b:cn1,,23.75,-1.3756636139608853,C:\Users\vanya\Documents\DATA_SYS_LAB\test44\final_benchmarks\final_paper_results\base_selection_table1\base_selection_qerrors.csv
base_selection_cardinality,PostgreSQL,JOB,33b:cn1,,1.0,0.0,C:\Users\vanya\Documents\DATA_SYS_LAB\test44\final_benchmarks\final_paper_results\base_selection_table1\base_selection_qerrors.csv
base_selection_cardinality,DuckDB,JOB,33b:it1,,2.0,0.3010299956639812,C:\Users\vanya\Documents\DATA_SYS_LAB\test44\final_benchmarks\final_paper_results\base_selection_table1\base_selection_qerrors.csv
base_selection_cardinality,PostgreSQL,JOB,33b:it1,,1.0,0.0,C:\Users\vanya\Documents\DATA_SYS_LAB\test44\final_benchmarks\final_paper_results\base_selection_table1\base_selection_qerrors.csv
base_selection_cardinality,DuckDB,JOB,33b:it2,,2.0,0.3010299956639812,C:\Users\vanya\Documents\DATA_SYS_LAB\test44\final_benchmarks\final_paper_results\base_selection_table1\base_selection_qerrors.csv
base_selection_cardinality,PostgreSQL,JOB,33b:it2,,1.0,0.0,C:\Users\vanya\Documents\DATA_SYS_LAB\test44\final_benchmarks\final_paper_results\base_selection_table1\base_selection_qerrors.csv
base_selection_cardinality,DuckDB,JOB,33b:kt1,,1.0,0.0,C:\Users\vanya\Documents\DATA_SYS_LAB\test44\final_benchmarks\final_paper_results\base_selection_table1\base_selection_qerrors.csv
base_selection_cardinality,PostgreSQL,JOB,33b:kt1,,1.0,0.0,C:\Users\vanya\Documents\DATA_SYS_LAB\test44\final_benchmarks\final_paper_results\base_selection_table1\base_selection_qerrors.csv
base_selection_cardinality,DuckDB,JOB,33b:kt2,,1.0,0.0,C:\Users\vanya\Documents\DATA_SYS_LAB\test44\final_benchmarks\final_paper_results\base_selection_table1\base_selection_qerrors.csv
base_selection_cardinality,PostgreSQL,JOB,33b:kt2,,1.0,0.0,C:\Users\vanya\Documents\DATA_SYS_LAB\test44\final_benchmarks\final_paper_results\base_selection_table1\base_selection_qerrors.csv
base_selection_cardinality,DuckDB,JOB,33b:lt,,3.0,0.47712125471966244,C:\Users\vanya\Documents\DATA_SYS_LAB\test44\final_benchmarks\final_paper_results\base_selection_table1\base_selection_qerrors.csv
base_selection_cardinality,PostgreSQL,JOB,33b:lt,,1.0,0.0,C:\Users\vanya\Documents\DATA_SYS_LAB\test44\final_benchmarks\final_paper_results\base_selection_table1\base_selection_qerrors.csv
base_selection_cardinality,DuckDB,JOB,33b:mi_idx2,,2.037601605819107,-0.3091192742200376,C:\Users\vanya\Documents\DATA_SYS_LAB\test44\final_benchmarks\final_paper_results\base_selection_table1\base_selection_qerrors.csv
base_selection_cardinality,PostgreSQL,JOB,33b:mi_idx2,,1.0034356915581741,-0.0014895445401364252,C:\Users\vanya\Documents\DATA_SYS_LAB\test44\final_benchmarks\final_paper_results\base_selection_table1\base_selection_qerrors.csv
base_selection_cardinality,DuckDB,JOB,33b:t2,,2.1196581196581197,0.32626581908005464,C:\Users\vanya\Documents\DATA_SYS_LAB\test44\final_benchmarks\final_paper_results\base_selection_table1\base_selection_qerrors.csv
base_selection_cardinality,PostgreSQL,JOB,33b:t2,,1.0673684210526315,-0.028314349708469383,C:\Users\vanya\Documents\DATA_SYS_LAB\test44\final_benchmarks\final_paper_results\base_selection_table1\base_selection_qerrors.csv
base_selection_cardinality,DuckDB,JOB,33c:cn1,,2.625,-0.4191293077419757,C:\Users\vanya\Documents\DATA_SYS_LAB\test44\final_benchmarks\final_paper_results\base_selection_table1\base_selection_qerrors.csv
base_selection_cardinality,PostgreSQL,JOB,33c:cn1,,1.0,0.0,C:\Users\vanya\Documents\DATA_SYS_LAB\test44\final_benchmarks\final_paper_results\base_selection_table1\base_selection_qerrors.csv
base_selection_cardinality,DuckDB,JOB,33c:it1,,2.0,0.3010299956639812,C:\Users\vanya\Documents\DATA_SYS_LAB\test44\final_benchmarks\final_paper_results\base_selection_table1\base_selection_qerrors.csv
base_selection_cardinality,PostgreSQL,JOB,33c:it1,,1.0,0.0,C:\Users\vanya\Documents\DATA_SYS_LAB\test44\final_benchmarks\final_paper_results\base_selection_table1\base_selection_qerrors.csv
base_selection_cardinality,DuckDB,JOB,33c:it2,,2.0,0.3010299956639812,C:\Users\vanya\Documents\DATA_SYS_LAB\test44\final_benchmarks\final_paper_results\base_selection_table1\base_selection_qerrors.csv
base_selection_cardinality,PostgreSQL,JOB,33c:it2,,1.0,0.0,C:\Users\vanya\Documents\DATA_SYS_LAB\test44\final_benchmarks\final_paper_results\base_selection_table1\base_selection_qerrors.csv
base_selection_cardinality,DuckDB,JOB,33c:kt1,,1.0,0.0,C:\Users\vanya\Documents\DATA_SYS_LAB\test44\final_benchmarks\final_paper_results\base_selection_table1\base_selection_qerrors.csv
base_selection_cardinality,PostgreSQL,JOB,33c:kt1,,1.0,0.0,C:\Users\vanya\Documents\DATA_SYS_LAB\test44\final_benchmarks\final_paper_results\base_selection_table1\base_selection_qerrors.csv
base_selection_cardinality,DuckDB,JOB,33c:kt2,,1.0,0.0,C:\Users\vanya\Documents\DATA_SYS_LAB\test44\final_benchmarks\final_paper_results\base_selection_table1\base_selection_qerrors.csv
base_selection_cardinality,PostgreSQL,JOB,33c:kt2,,1.0,0.0,C:\Users\vanya\Documents\DATA_SYS_LAB\test44\final_benchmarks\final_paper_results\base_selection_table1\base_selection_qerrors.csv
base_selection_cardinality,DuckDB,JOB,33c:lt,,1.0,0.0,C:\Users\vanya\Documents\DATA_SYS_LAB\test44\final_benchmarks\final_paper_results\base_selection_table1\base_selection_qerrors.csv
base_selection_cardinality,PostgreSQL,JOB,33c:lt,,1.0,0.0,C:\Users\vanya\Documents\DATA_SYS_LAB\test44\final_benchmarks\final_paper_results\base_selection_table1\base_selection_qerrors.csv
base_selection_cardinality,DuckDB,JOB,33c:mi_idx2,,2.3577220422521217,-0.3724926037143064,C:\Users\vanya\Documents\DATA_SYS_LAB\test44\final_benchmarks\final_paper_results\base_selection_table1\base_selection_qerrors.csv
base_selection_cardinality,PostgreSQL,JOB,33c:mi_idx2,,1.0021805629555267,-0.0009459754539352713,C:\Users\vanya\Documents\DATA_SYS_LAB\test44\final_benchmarks\final_paper_results\base_selection_table1\base_selection_qerrors.csv
base_selection_cardinality,DuckDB,JOB-Complex,01:cn,,1800.0,3.255272505103306,C:\Users\vanya\Documents\DATA_SYS_LAB\test44\final_benchmarks\final_paper_results\base_selection_table1\base_selection_qerrors.csv
base_selection_cardinality,PostgreSQL,JOB-Complex,01:cn,,1.0,0.0,C:\Users\vanya\Documents\DATA_SYS_LAB\test44\final_benchmarks\final_paper_results\base_selection_table1\base_selection_qerrors.csv
base_selection_cardinality,DuckDB,JOB-Complex,01:ct,,1.0,0.0,C:\Users\vanya\Documents\DATA_SYS_LAB\test44\final_benchmarks\final_paper_results\base_selection_table1\base_selection_qerrors.csv
base_selection_cardinality,PostgreSQL,JOB-Complex,01:ct,,1.0,0.0,C:\Users\vanya\Documents\DATA_SYS_LAB\test44\final_benchmarks\final_paper_results\base_selection_table1\base_selection_qerrors.csv
base_selection_cardinality,DuckDB,JOB-Complex,01:k,,1.0,0.0,C:\Users\vanya\Documents\DATA_SYS_LAB\test44\final_benchmarks\final_paper_results\base_selection_table1\base_selection_qerrors.csv
base_selection_cardinality,PostgreSQL,JOB-Complex,01:k,,1.0,0.0,C:\Users\vanya\Documents\DATA_SYS_LAB\test44\final_benchmarks\final_paper_results\base_selection_table1\base_selection_qerrors.csv
base_selection_cardinality,DuckDB,JOB-Complex,01:lt,,3.0,0.47712125471966244,C:\Users\vanya\Documents\DATA_SYS_LAB\test44\final_benchmarks\final_paper_results\base_selection_table1\base_selection_qerrors.csv
base_selection_cardinality,PostgreSQL,JOB-Complex,01:lt,,1.0,0.0,C:\Users\vanya\Documents\DATA_SYS_LAB\test44\final_benchmarks\final_paper_results\base_selection_table1\base_selection_qerrors.csv
base_selection_cardinality,DuckDB,JOB-Complex,01:mc,,2.1193292894087157,-0.3261984401759418,C:\Users\vanya\Documents\DATA_SYS_LAB\test44\final_benchmarks\final_paper_results\base_selection_table1\base_selection_qerrors.csv
base_selection_cardinality,PostgreSQL,JOB-Complex,01:mc,,1.005453475862142,-0.002361979812119578,C:\Users\vanya\Documents\DATA_SYS_LAB\test44\final_benchmarks\final_paper_results\base_selection_table1\base_selection_qerrors.csv
base_selection_cardinality,DuckDB,JOB-Complex,01:mi,,33.76183351468988,1.528426023963388,C:\Users\vanya\Documents\DATA_SYS_LAB\test44\final_benchmarks\final_paper_results\base_selection_table1\base_selection_qerrors.csv
base_selection_cardinality,PostgreSQL,JOB-Complex,01:mi,,1.1277803344071176,-0.052224517337867836,C:\Users\vanya\Documents\DATA_SYS_LAB\test44\final_benchmarks\final_paper_results\base_selection_table1\base_selection_qerrors.csv
base_selection_cardinality,DuckDB,JOB-Complex,02:cn,,1800.0,3.255272505103306,C:\Users\vanya\Documents\DATA_SYS_LAB\test44\final_benchmarks\final_paper_results\base_selection_table1\base_selection_qerrors.csv
base_selection_cardinality,PostgreSQL,JOB-Complex,02:cn,,1.0,0.0,C:\Users\vanya\Documents\DATA_SYS_LAB\test44\final_benchmarks\final_paper_results\base_selection_table1\base_selection_qerrors.csv
base_selection_cardinality,DuckDB,JOB-Complex,02:ct,,1.0,0.0,C:\Users\vanya\Documents\DATA_SYS_LAB\test44\final_benchmarks\final_paper_results\base_selection_table1\base_selection_qerrors.csv
base_selection_cardinality,PostgreSQL,JOB-Complex,02:ct,,1.0,0.0,C:\Users\vanya\Documents\DATA_SYS_LAB\test44\final_benchmarks\final_paper_results\base_selection_table1\base_selection_qerrors.csv
base_selection_cardinality,DuckDB,JOB-Complex,02:k,,1.0,0.0,C:\Users\vanya\Documents\DATA_SYS_LAB\test44\final_benchmarks\final_paper_results\base_selection_table1\base_selection_qerrors.csv
base_selection_cardinality,PostgreSQL,JOB-Complex,02:k,,1.0,0.0,C:\Users\vanya\Documents\DATA_SYS_LAB\test44\final_benchmarks\final_paper_results\base_selection_table1\base_selection_qerrors.csv
base_selection_cardinality,DuckDB,JOB-Complex,02:lt,,3.0,0.47712125471966244,C:\Users\vanya\Documents\DATA_SYS_LAB\test44\final_benchmarks\final_paper_results\base_selection_table1\base_selection_qerrors.csv
base_selection_cardinality,PostgreSQL,JOB-Complex,02:lt,,1.0,0.0,C:\Users\vanya\Documents\DATA_SYS_LAB\test44\final_benchmarks\final_paper_results\base_selection_table1\base_selection_qerrors.csv
base_selection_cardinality,DuckDB,JOB-Complex,02:mc,,2.1193292894087157,-0.3261984401759418,C:\Users\vanya\Documents\DATA_SYS_LAB\test44\final_benchmarks\final_paper_results\base_selection_table1\base_selection_qerrors.csv
base_selection_cardinality,PostgreSQL,JOB-Complex,02:mc,,1.005453475862142,-0.002361979812119578,C:\Users\vanya\Documents\DATA_SYS_LAB\test44\final_benchmarks\final_paper_results\base_selection_table1\base_selection_qerrors.csv
base_selection_cardinality,DuckDB,JOB-Complex,03:cn,,1800.0,3.255272505103306,C:\Users\vanya\Documents\DATA_SYS_LAB\test44\final_benchmarks\final_paper_results\base_selection_table1\base_selection_qerrors.csv
base_selection_cardinality,PostgreSQL,JOB-Complex,03:cn,,1.0,0.0,C:\Users\vanya\Documents\DATA_SYS_LAB\test44\final_benchmarks\final_paper_results\base_selection_table1\base_selection_qerrors.csv
base_selection_cardinality,DuckDB,JOB-Complex,03:ct,,1.0,0.0,C:\Users\vanya\Documents\DATA_SYS_LAB\test44\final_benchmarks\final_paper_results\base_selection_table1\base_selection_qerrors.csv
base_selection_cardinality,PostgreSQL,JOB-Complex,03:ct,,1.0,0.0,C:\Users\vanya\Documents\DATA_SYS_LAB\test44\final_benchmarks\final_paper_results\base_selection_table1\base_selection_qerrors.csv
base_selection_cardinality,DuckDB,JOB-Complex,03:k,,1.0,0.0,C:\Users\vanya\Documents\DATA_SYS_LAB\test44\final_benchmarks\final_paper_results\base_selection_table1\base_selection_qerrors.csv
base_selection_cardinality,PostgreSQL,JOB-Complex,03:k,,1.0,0.0,C:\Users\vanya\Documents\DATA_SYS_LAB\test44\final_benchmarks\final_paper_results\base_selection_table1\base_selection_qerrors.csv
base_selection_cardinality,DuckDB,JOB-Complex,03:lt,,3.0,0.47712125471966244,C:\Users\vanya\Documents\DATA_SYS_LAB\test44\final_benchmarks\final_paper_results\base_selection_table1\base_selection_qerrors.csv
base_selection_cardinality,PostgreSQL,JOB-Complex,03:lt,,1.0,0.0,C:\Users\vanya\Documents\DATA_SYS_LAB\test44\final_benchmarks\final_paper_results\base_selection_table1\base_selection_qerrors.csv
base_selection_cardinality,DuckDB,JOB-Complex,03:mc,,2.1193292894087157,-0.3261984401759418,C:\Users\vanya\Documents\DATA_SYS_LAB\test44\final_benchmarks\final_paper_results\base_selection_table1\base_selection_qerrors.csv
base_selection_cardinality,PostgreSQL,JOB-Complex,03:mc,,1.005453475862142,-0.002361979812119578,C:\Users\vanya\Documents\DATA_SYS_LAB\test44\final_benchmarks\final_paper_results\base_selection_table1\base_selection_qerrors.csv
base_selection_cardinality,DuckDB,JOB-Complex,03:mi,,20.275853618689755,1.3069791471782741,C:\Users\vanya\Documents\DATA_SYS_LAB\test44\final_benchmarks\final_paper_results\base_selection_table1\base_selection_qerrors.csv
base_selection_cardinality,PostgreSQL,JOB-Complex,03:mi,,1.2925773413578292,-0.11145653855128883,C:\Users\vanya\Documents\DATA_SYS_LAB\test44\final_benchmarks\final_paper_results\base_selection_table1\base_selection_qerrors.csv
base_selection_cardinality,DuckDB,JOB-Complex,04:cn,,1800.0,3.255272505103306,C:\Users\vanya\Documents\DATA_SYS_LAB\test44\final_benchmarks\final_paper_results\base_selection_table1\base_selection_qerrors.csv
base_selection_cardinality,PostgreSQL,JOB-Complex,04:cn,,1.0,0.0,C:\Users\vanya\Documents\DATA_SYS_LAB\test44\final_benchmarks\final_paper_results\base_selection_table1\base_selection_qerrors.csv
base_selection_cardinality,DuckDB,JOB-Complex,04:ct,,1.0,0.0,C:\Users\vanya\Documents\DATA_SYS_LAB\test44\final_benchmarks\final_paper_results\base_selection_table1\base_selection_qerrors.csv
base_selection_cardinality,PostgreSQL,JOB-Complex,04:ct,,1.0,0.0,C:\Users\vanya\Documents\DATA_SYS_LAB\test44\final_benchmarks\final_paper_results\base_selection_table1\base_selection_qerrors.csv
base_selection_cardinality,DuckDB,JOB-Complex,04:k,,1.0,0.0,C:\Users\vanya\Documents\DATA_SYS_LAB\test44\final_benchmarks\final_paper_results\base_selection_table1\base_selection_qerrors.csv
base_selection_cardinality,PostgreSQL,JOB-Complex,04:k,,1.0,0.0,C:\Users\vanya\Documents\DATA_SYS_LAB\test44\final_benchmarks\final_paper_results\base_selection_table1\base_selection_qerrors.csv
base_selection_cardinality,DuckDB,JOB-Complex,04:lt,,3.0,0.47712125471966244,C:\Users\vanya\Documents\DATA_SYS_LAB\test44\final_benchmarks\final_paper_results\base_selection_table1\base_selection_qerrors.csv
base_selection_cardinality,PostgreSQL,JOB-Complex,04:lt,,1.0,0.0,C:\Users\vanya\Documents\DATA_SYS_LAB\test44\final_benchmarks\final_paper_results\base_selection_table1\base_selection_qerrors.csv
base_selection_cardinality,DuckDB,JOB-Complex,04:mc,,2.1193292894087157,-0.3261984401759418,C:\Users\vanya\Documents\DATA_SYS_LAB\test44\final_benchmarks\final_paper_results\base_selection_table1\base_selection_qerrors.csv
base_selection_cardinality,PostgreSQL,JOB-Complex,04:mc,,1.005453475862142,-0.002361979812119578,C:\Users\vanya\Documents\DATA_SYS_LAB\test44\final_benchmarks\final_paper_results\base_selection_table1\base_selection_qerrors.csv
base_selection_cardinality,DuckDB,JOB-Complex,04:mi,,20.275853618689755,1.3069791471782741,C:\Users\vanya\Documents\DATA_SYS_LAB\test44\final_benchmarks\final_paper_results\base_selection_table1\base_selection_qerrors.csv
base_selection_cardinality,PostgreSQL,JOB-Complex,04:mi,,1.2925773413578292,-0.11145653855128883,C:\Users\vanya\Documents\DATA_SYS_LAB\test44\final_benchmarks\final_paper_results\base_selection_table1\base_selection_qerrors.csv
base_selection_cardinality,DuckDB,JOB-Complex,05:cct1,,1.0,0.0,C:\Users\vanya\Documents\DATA_SYS_LAB\test44\final_benchmarks\final_paper_results\base_selection_table1\base_selection_qerrors.csv
base_selection_cardinality,PostgreSQL,JOB-Complex,05:cct1,,1.0,0.0,C:\Users\vanya\Documents\DATA_SYS_LAB\test44\final_benchmarks\final_paper_results\base_selection_table1\base_selection_qerrors.csv
base_selection_cardinality,DuckDB,JOB-Complex,05:cct2,,3.0,-0.47712125471966244,C:\Users\vanya\Documents\DATA_SYS_LAB\test44\final_benchmarks\final_paper_results\base_selection_table1\base_selection_qerrors.csv
base_selection_cardinality,PostgreSQL,JOB-Complex,05:cct2,,1.0,0.0,C:\Users\vanya\Documents\DATA_SYS_LAB\test44\final_benchmarks\final_paper_results\base_selection_table1\base_selection_qerrors.csv
base_selection_cardinality,DuckDB,JOB-Complex,05:cn,,2.625,-0.4191293077419757,C:\Users\vanya\Documents\DATA_SYS_LAB\test44\final_benchmarks\final_paper_results\base_selection_table1\base_selection_qerrors.csv
base_selection_cardinality,PostgreSQL,JOB-Complex,05:cn,,1.0,0.0,C:\Users\vanya\Documents\DATA_SYS_LAB\test44\final_benchmarks\final_paper_results\base_selection_table1\base_selection_qerrors.csv
base_selection_cardinality,DuckDB,JOB-Complex,05:it1,,2.0,0.3010299956639812,C:\Users\vanya\Documents\DATA_SYS_LAB\test44\final_benchmarks\final_paper_results\base_selection_table1\base_selection_qerrors.csv
base_selection_cardinality,PostgreSQL,JOB-Complex,05:it1,,1.0,0.0,C:\Users\vanya\Documents\DATA_SYS_LAB\test44\final_benchmarks\final_paper_results\base_selection_table1\base_selection_qerrors.csv
base_selection_cardinality,DuckDB,JOB-Complex,05:it2,,2.0,0.3010299956639812,C:\Users\vanya\Documents\DATA_SYS_LAB\test44\final_benchmarks\final_paper_results\base_selection_table1\base_selection_qerrors.csv
base_selection_cardinality,PostgreSQL,JOB-Complex,05:it2,,1.0,0.0,C:\Users\vanya\Documents\DATA_SYS_LAB\test44\final_benchmarks\final_paper_results\base_selection_table1\base_selection_qerrors.csv
base_selection_cardinality,DuckDB,JOB-Complex,05:k,,570.75,2.756445920162273,C:\Users\vanya\Documents\DATA_SYS_LAB\test44\final_benchmarks\final_paper_results\base_selection_table1\base_selection_qerrors.csv
base_selection_cardinality,PostgreSQL,JOB-Complex,05:k,,1.0,0.0,C:\Users\vanya\Documents\DATA_SYS_LAB\test44\final_benchmarks\final_paper_results\base_selection_table1\base_selection_qerrors.csv
base_selection_cardinality,DuckDB,JOB-Complex,05:kt,,2.0,-0.3010299956639812,C:\Users\vanya\Documents\DATA_SYS_LAB\test44\final_benchmarks\final_paper_results\base_selection_table1\base_selection_qerrors.csv
base_selection_cardinality,PostgreSQL,JOB-Complex,05:kt,,1.0,0.0,C:\Users\vanya\Documents\DATA_SYS_LAB\test44\final_benchmarks\final_paper_results\base_selection_table1\base_selection_qerrors.csv
base_selection_cardinality,DuckDB,JOB-Complex,05:mc,,10.854492542742815,1.0356095246086667,C:\Users\vanya\Documents\DATA_SYS_LAB\test44\final_benchmarks\final_paper_results\base_selection_table1\base_selection_qerrors.csv
base_selection_cardinality,PostgreSQL,JOB-Complex,05:mc,,1.6231056878567212,-0.21034679965283523,C:\Users\vanya\Documents\DATA_SYS_LAB\test44\final_benchmarks\final_paper_results\base_selection_table1\base_selection_qerrors.csv
base_selection_cardinality,DuckDB,JOB-Complex,05:mi,,67.73557101923863,1.8308167963123247,C:\Users\vanya\Documents\DATA_SYS_LAB\test44\final_benchmarks\final_paper_results\base_selection_table1\base_selection_qerrors.csv
base_selection_cardinality,PostgreSQL,JOB-Complex,05:mi,,1.2338383838383837,-0.09125827671190558,C:\Users\vanya\Documents\DATA_SYS_LAB\test44\final_benchmarks\final_paper_results\base_selection_table1\base_selection_qerrors.csv
base_selection_cardinality,DuckDB,JOB-Complex,05:mi_idx,,3.894220641135203,-0.590420554403541,C:\Users\vanya\Documents\DATA_SYS_LAB\test44\final_benchmarks\final_paper_results\base_selection_table1\base_selection_qerrors.csv
base_selection_cardinality,PostgreSQL,JOB-Complex,05:mi_idx,,1.013101653379264,0.005653024123117534,C:\Users\vanya\Documents\DATA_SYS_LAB\test44\final_benchmarks\final_paper_results\base_selection_table1\base_selection_qerrors.csv
base_selection_cardinality,DuckDB,JOB-Complex,05:t,,4.801614603010479,-0.6813872988899298,C:\Users\vanya\Documents\DATA_SYS_LAB\test44\final_benchmarks\final_paper_results\base_selection_table1\base_selection_qerrors.csv
base_selection_cardinality,PostgreSQL,JOB-Complex,05:t,,1.0001490819039416,6.474062252572449e-05,C:\Users\vanya\Documents\DATA_SYS_LAB\test44\final_benchmarks\final_paper_results\base_selection_table1\base_selection_qerrors.csv
base_selection_cardinality,DuckDB,JOB-Complex,06:cn,,1800.0,3.255272505103306,C:\Users\vanya\Documents\DATA_SYS_LAB\test44\final_benchmarks\final_paper_results\base_selection_table1\base_selection_qerrors.csv
base_selection_cardinality,PostgreSQL,JOB-Complex,06:cn,,1.0,0.0,C:\Users\vanya\Documents\DATA_SYS_LAB\test44\final_benchmarks\final_paper_results\base_selection_table1\base_selection_qerrors.csv
base_selection_cardinality,DuckDB,JOB-Complex,06:ct,,1.0,0.0,C:\Users\vanya\Documents\DATA_SYS_LAB\test44\final_benchmarks\final_paper_results\base_selection_table1\base_selection_qerrors.csv
base_selection_cardinality,PostgreSQL,JOB-Complex,06:ct,,1.0,0.0,C:\Users\vanya\Documents\DATA_SYS_LAB\test44\final_benchmarks\final_paper_results\base_selection_table1\base_selection_qerrors.csv
base_selection_cardinality,DuckDB,JOB-Complex,06:k,,1.0,0.0,C:\Users\vanya\Documents\DATA_SYS_LAB\test44\final_benchmarks\final_paper_results\base_selection_table1\base_selection_qerrors.csv
base_selection_cardinality,PostgreSQL,JOB-Complex,06:k,,1.0,0.0,C:\Users\vanya\Documents\DATA_SYS_LAB\test44\final_benchmarks\final_paper_results\base_selection_table1\base_selection_qerrors.csv
base_selection_cardinality,DuckDB,JOB-Complex,06:lt,,3.0,0.47712125471966244,C:\Users\vanya\Documents\DATA_SYS_LAB\test44\final_benchmarks\final_paper_results\base_selection_table1\base_selection_qerrors.csv
base_selection_cardinality,PostgreSQL,JOB-Complex,06:lt,,1.0,0.0,C:\Users\vanya\Documents\DATA_SYS_LAB\test44\final_benchmarks\final_paper_results\base_selection_table1\base_selection_qerrors.csv
base_selection_cardinality,DuckDB,JOB-Complex,06:mc,,2.1193292894087157,-0.3261984401759418,C:\Users\vanya\Documents\DATA_SYS_LAB\test44\final_benchmarks\final_paper_results\base_selection_table1\base_selection_qerrors.csv
base_selection_cardinality,PostgreSQL,JOB-Complex,06:mc,,1.005453475862142,-0.002361979812119578,C:\Users\vanya\Documents\DATA_SYS_LAB\test44\final_benchmarks\final_paper_results\base_selection_table1\base_selection_qerrors.csv
base_selection_cardinality,DuckDB,JOB-Complex,06:mi,,33.932604237867395,1.530617191880113,C:\Users\vanya\Documents\DATA_SYS_LAB\test44\final_benchmarks\final_paper_results\base_selection_table1\base_selection_qerrors.csv
base_selection_cardinality,PostgreSQL,JOB-Complex,06:mi,,1.0462747778537251,0.019645756074411477,C:\Users\vanya\Documents\DATA_SYS_LAB\test44\final_benchmarks\final_paper_results\base_selection_table1\base_selection_qerrors.csv
base_selection_cardinality,DuckDB,JOB-Complex,07:cn,,1800.0,3.255272505103306,C:\Users\vanya\Documents\DATA_SYS_LAB\test44\final_benchmarks\final_paper_results\base_selection_table1\base_selection_qerrors.csv
base_selection_cardinality,PostgreSQL,JOB-Complex,07:cn,,1.0,0.0,C:\Users\vanya\Documents\DATA_SYS_LAB\test44\final_benchmarks\final_paper_results\base_selection_table1\base_selection_qerrors.csv
base_selection_cardinality,DuckDB,JOB-Complex,07:ct,,1.0,0.0,C:\Users\vanya\Documents\DATA_SYS_LAB\test44\final_benchmarks\final_paper_results\base_selection_table1\base_selection_qerrors.csv
base_selection_cardinality,PostgreSQL,JOB-Complex,07:ct,,1.0,0.0,C:\Users\vanya\Documents\DATA_SYS_LAB\test44\final_benchmarks\final_paper_results\base_selection_table1\base_selection_qerrors.csv
base_selection_cardinality,DuckDB,JOB-Complex,07:k,,1.0,0.0,C:\Users\vanya\Documents\DATA_SYS_LAB\test44\final_benchmarks\final_paper_results\base_selection_table1\base_selection_qerrors.csv
base_selection_cardinality,PostgreSQL,JOB-Complex,07:k,,1.0,0.0,C:\Users\vanya\Documents\DATA_SYS_LAB\test44\final_benchmarks\final_paper_results\base_selection_table1\base_selection_qerrors.csv
base_selection_cardinality,DuckDB,JOB-Complex,07:lt,,3.0,0.47712125471966244,C:\Users\vanya\Documents\DATA_SYS_LAB\test44\final_benchmarks\final_paper_results\base_selection_table1\base_selection_qerrors.csv
base_selection_cardinality,PostgreSQL,JOB-Complex,07:lt,,1.0,0.0,C:\Users\vanya\Documents\DATA_SYS_LAB\test44\final_benchmarks\final_paper_results\base_selection_table1\base_selection_qerrors.csv
base_selection_cardinality,DuckDB,JOB-Complex,07:mc,,2.1193292894087157,-0.3261984401759418,C:\Users\vanya\Documents\DATA_SYS_LAB\test44\final_benchmarks\final_paper_results\base_selection_table1\base_selection_qerrors.csv
base_selection_cardinality,PostgreSQL,JOB-Complex,07:mc,,1.005453475862142,-0.002361979812119578,C:\Users\vanya\Documents\DATA_SYS_LAB\test44\final_benchmarks\final_paper_results\base_selection_table1\base_selection_qerrors.csv
base_selection_cardinality,DuckDB,JOB-Complex,07:mi,,33.932604237867395,1.530617191880113,C:\Users\vanya\Documents\DATA_SYS_LAB\test44\final_benchmarks\final_paper_results\base_selection_table1\base_selection_qerrors.csv
base_selection_cardinality,PostgreSQL,JOB-Complex,07:mi,,1.0462747778537251,0.019645756074411477,C:\Users\vanya\Documents\DATA_SYS_LAB\test44\final_benchmarks\final_paper_results\base_selection_table1\base_selection_qerrors.csv
base_selection_cardinality,DuckDB,JOB-Complex,08:cct1,,2.0,-0.3010299956639812,C:\Users\vanya\Documents\DATA_SYS_LAB\test44\final_benchmarks\final_paper_results\base_selection_table1\base_selection_qerrors.csv
base_selection_cardinality,PostgreSQL,JOB-Complex,08:cct1,,1.0,0.0,C:\Users\vanya\Documents\DATA_SYS_LAB\test44\final_benchmarks\final_paper_results\base_selection_table1\base_selection_qerrors.csv
base_selection_cardinality,DuckDB,JOB-Complex,08:cct2,,1.0,0.0,C:\Users\vanya\Documents\DATA_SYS_LAB\test44\final_benchmarks\final_paper_results\base_selection_table1\base_selection_qerrors.csv
base_selection_cardinality,PostgreSQL,JOB-Complex,08:cct2,,1.0,0.0,C:\Users\vanya\Documents\DATA_SYS_LAB\test44\final_benchmarks\final_paper_results\base_selection_table1\base_selection_qerrors.csv
base_selection_cardinality,DuckDB,JOB-Complex,08:ci,,3.695688302095836,0.5676953352785342,C:\Users\vanya\Documents\DATA_SYS_LAB\test44\final_benchmarks\final_paper_results\base_selection_table1\base_selection_qerrors.csv
base_selection_cardinality,PostgreSQL,JOB-Complex,08:ci,,1.0071400580503325,-0.0030898699665192508,C:\Users\vanya\Documents\DATA_SYS_LAB\test44\final_benchmarks\final_paper_results\base_selection_table1\base_selection_qerrors.csv
base_selection_cardinality,DuckDB,JOB-Complex,08:it1,,2.0,0.3010299956639812,C:\Users\vanya\Documents\DATA_SYS_LAB\test44\final_benchmarks\final_paper_results\base_selection_table1\base_selection_qerrors.csv
base_selection_cardinality,PostgreSQL,JOB-Complex,08:it1,,1.0,0.0,C:\Users\vanya\Documents\DATA_SYS_LAB\test44\final_benchmarks\final_paper_results\base_selection_table1\base_selection_qerrors.csv
base_selection_cardinality,DuckDB,JOB-Complex,08:it2,,2.0,0.3010299956639812,C:\Users\vanya\Documents\DATA_SYS_LAB\test44\final_benchmarks\final_paper_results\base_selection_table1\base_selection_qerrors.csv
base_selection_cardinality,PostgreSQL,JOB-Complex,08:it2,,1.0,0.0,C:\Users\vanya\Documents\DATA_SYS_LAB\test44\final_benchmarks\final_paper_results\base_selection_table1\base_selection_qerrors.csv
base_selection_cardinality,DuckDB,JOB-Complex,08:k,,326.14285714285717,2.5134078714759784,C:\Users\vanya\Documents\DATA_SYS_LAB\test44\final_benchmarks\final_paper_results\base_selection_table1\base_selection_qerrors.csv
base_selection_cardinality,PostgreSQL,JOB-Complex,08:k,,1.0,0.0,C:\Users\vanya\Documents\DATA_SYS_LAB\test44\final_benchmarks\final_paper_results\base_selection_table1\base_selection_qerrors.csv
base_selection_cardinality,DuckDB,JOB-Complex,08:mi,,15.919510005130837,1.2019296962318777,C:\Users\vanya\Documents\DATA_SYS_LAB\test44\final_benchmarks\final_paper_results\base_selection_table1\base_selection_qerrors.csv
base_selection_cardinality,PostgreSQL,JOB-Complex,08:mi,,1.0440255783588335,-0.018711138899977275,C:\Users\vanya\Documents\DATA_SYS_LAB\test44\final_benchmarks\final_paper_results\base_selection_table1\base_selection_qerrors.csv
base_selection_cardinality,DuckDB,JOB-Complex,08:n,,1.1120687258472575,0.04613162747439193,C:\Users\vanya\Documents\DATA_SYS_LAB\test44\final_benchmarks\final_paper_results\base_selection_table1\base_selection_qerrors.csv
base_selection_cardinality,PostgreSQL,JOB-Complex,08:n,,1.0007135774324187,0.00030979222408086636,C:\Users\vanya\Documents\DATA_SYS_LAB\test44\final_benchmarks\final_paper_results\base_selection_table1\base_selection_qerrors.csv
base_selection_cardinality,DuckDB,JOB-Complex,08:t,,50291.0,4.701490271337055,C:\Users\vanya\Documents\DATA_SYS_LAB\test44\final_benchmarks\final_paper_results\base_selection_table1\base_selection_qerrors.csv
base_selection_cardinality,PostgreSQL,JOB-Complex,08:t,,30.0,1.4771212547196624,C:\Users\vanya\Documents\DATA_SYS_LAB\test44\final_benchmarks\final_paper_results\base_selection_table1\base_selection_qerrors.csv
base_selection_cardinality,DuckDB,JOB-Complex,09:cct1,,1.0,0.0,C:\Users\vanya\Documents\DATA_SYS_LAB\test44\final_benchmarks\final_paper_results\base_selection_table1\base_selection_qerrors.csv
base_selection_cardinality,PostgreSQL,JOB-Complex,09:cct1,,1.0,0.0,C:\Users\vanya\Documents\DATA_SYS_LAB\test44\final_benchmarks\final_paper_results\base_selection_table1\base_selection_qerrors.csv
base_selection_cardinality,DuckDB,JOB-Complex,09:cct2,,3.0,-0.47712125471966244,C:\Users\vanya\Documents\DATA_SYS_LAB\test44\final_benchmarks\final_paper_results\base_selection_table1\base_selection_qerrors.csv
base_selection_cardinality,PostgreSQL,JOB-Complex,09:cct2,,1.0,0.0,C:\Users\vanya\Documents\DATA_SYS_LAB\test44\final_benchmarks\final_paper_results\base_selection_table1\base_selection_qerrors.csv
base_selection_cardinality,DuckDB,JOB-Complex,09:cn,,13.125,-1.1180993120779945,C:\Users\vanya\Documents\DATA_SYS_LAB\test44\final_benchmarks\final_paper_results\base_selection_table1\base_selection_qerrors.csv
base_selection_cardinality,PostgreSQL,JOB-Complex,09:cn,,196.875,-2.294190571133676,C:\Users\vanya\Documents\DATA_SYS_LAB\test44\final_benchmarks\final_paper_results\base_selection_table1\base_selection_qerrors.csv
base_selection_cardinality,DuckDB,JOB-Complex,09:it1,,2.0,0.3010299956639812,C:\Users\vanya\Documents\DATA_SYS_LAB\test44\final_benchmarks\final_paper_results\base_selection_table1\base_selection_qerrors.csv
base_selection_cardinality,PostgreSQL,JOB-Complex,09:it1,,1.0,0.0,C:\Users\vanya\Documents\DATA_SYS_LAB\test44\final_benchmarks\final_paper_results\base_selection_table1\base_selection_qerrors.csv
base_selection_cardinality,DuckDB,JOB-Complex,09:it2,,2.0,0.3010299956639812,C:\Users\vanya\Documents\DATA_SYS_LAB\test44\final_benchmarks\final_paper_results\base_selection_table1\base_selection_qerrors.csv
base_selection_cardinality,PostgreSQL,JOB-Complex,09:it2,,1.0,0.0,C:\Users\vanya\Documents\DATA_SYS_LAB\test44\final_benchmarks\final_paper_results\base_selection_table1\base_selection_qerrors.csv
base_selection_cardinality,DuckDB,JOB-Complex,09:k,,570.75,2.756445920162273,C:\Users\vanya\Documents\DATA_SYS_LAB\test44\final_benchmarks\final_paper_results\base_selection_table1\base_selection_qerrors.csv
base_selection_cardinality,PostgreSQL,JOB-Complex,09:k,,1.0,0.0,C:\Users\vanya\Documents\DATA_SYS_LAB\test44\final_benchmarks\final_paper_results\base_selection_table1\base_selection_qerrors.csv
base_selection_cardinality,DuckDB,JOB-Complex,09:kt,,2.0,-0.3010299956639812,C:\Users\vanya\Documents\DATA_SYS_LAB\test44\final_benchmarks\final_paper_results\base_selection_table1\base_selection_qerrors.csv
base_selection_cardinality,PostgreSQL,JOB-Complex,09:kt,,1.0,0.0,C:\Users\vanya\Documents\DATA_SYS_LAB\test44\final_benchmarks\final_paper_results\base_selection_table1\base_selection_qerrors.csv
base_selection_cardinality,DuckDB,JOB-Complex,09:mc,,1.0180021379671116,0.007748690089486548,C:\Users\vanya\Documents\DATA_SYS_LAB\test44\final_benchmarks\final_paper_results\base_selection_table1\base_selection_qerrors.csv
base_selection_cardinality,PostgreSQL,JOB-Complex,09:mc,,1.7938026560045695,-0.25377466272006277,C:\Users\vanya\Documents\DATA_SYS_LAB\test44\final_benchmarks\final_paper_results\base_selection_table1\base_selection_qerrors.csv
base_selection_cardinality,DuckDB,JOB-Complex,09:mi,,14.732727920227921,1.1682831685000314,C:\Users\vanya\Documents\DATA_SYS_LAB\test44\final_benchmarks\final_paper_results\base_selection_table1\base_selection_qerrors.csv
base_selection_cardinality,PostgreSQL,JOB-Complex,09:mi,,1.3106694153798282,-0.11749316523624428,C:\Users\vanya\Documents\DATA_SYS_LAB\test44\final_benchmarks\final_paper_results\base_selection_table1\base_selection_qerrors.csv
base_selection_cardinality,DuckDB,JOB-Complex,09:mi_idx,,1.5216626587435658,-0.18231838325940958,C:\Users\vanya\Documents\DATA_SYS_LAB\test44\final_benchmarks\final_paper_results\base_selection_table1\base_selection_qerrors.csv
base_selection_cardinality,PostgreSQL,JOB-Complex,09:mi_idx,,1.004236206808554,-0.0018358754068744548,C:\Users\vanya\Documents\DATA_SYS_LAB\test44\final_benchmarks\final_paper_results\base_selection_table1\base_selection_qerrors.csv
base_selection_cardinality,DuckDB,JOB-Complex,09:t,,4.432065379491361,-0.6466061582508111,C:\Users\vanya\Documents\DATA_SYS_LAB\test44\final_benchmarks\final_paper_results\base_selection_table1\base_selection_qerrors.csv
base_selection_cardinality,PostgreSQL,JOB-Complex,09:t,,1.0017542049324115,0.0007611740896241796,C:\Users\vanya\Documents\DATA_SYS_LAB\test44\final_benchmarks\final_paper_results\base_selection_table1\base_selection_qerrors.csv
base_selection_cardinality,DuckDB,JOB-Complex,10:ci,,11.319449774779324,1.0538253168182572,C:\Users\vanya\Documents\DATA_SYS_LAB\test44\final_benchmarks\final_paper_results\base_selection_table1\base_selection_qerrors.csv
base_selection_cardinality,PostgreSQL,JOB-Complex,10:ci,,1.013089058112994,0.005647624774864491,C:\Users\vanya\Documents\DATA_SYS_LAB\test44\final_benchmarks\final_paper_results\base_selection_table1\base_selection_qerrors.csv
base_selection_cardinality,DuckDB,JOB-Complex,10:it1,,2.0,0.3010299956639812,C:\Users\vanya\Documents\DATA_SYS_LAB\test44\final_benchmarks\final_paper_results\base_selection_table1\base_selection_qerrors.csv
base_selection_cardinality,PostgreSQL,JOB-Complex,10:it1,,1.0,0.0,C:\Users\vanya\Documents\DATA_SYS_LAB\test44\final_benchmarks\final_paper_results\base_selection_table1\base_selection_qerrors.csv
base_selection_cardinality,DuckDB,JOB-Complex,10:it2,,2.0,0.3010299956639812,C:\Users\vanya\Documents\DATA_SYS_LAB\test44\final_benchmarks\final_paper_results\base_selection_table1\base_selection_qerrors.csv
base_selection_cardinality,PostgreSQL,JOB-Complex,10:it2,,1.0,0.0,C:\Users\vanya\Documents\DATA_SYS_LAB\test44\final_benchmarks\final_paper_results\base_selection_table1\base_selection_qerrors.csv
base_selection_cardinality,DuckDB,JOB-Complex,10:n,,120000.0,5.079181246047625,C:\Users\vanya\Documents\DATA_SYS_LAB\test44\final_benchmarks\final_paper_results\base_selection_table1\base_selection_qerrors.csv
base_selection_cardinality,PostgreSQL,JOB-Complex,10:n,,13.0,1.1139433523068367,C:\Users\vanya\Documents\DATA_SYS_LAB\test44\final_benchmarks\final_paper_results\base_selection_table1\base_selection_qerrors.csv
base_selection_cardinality,DuckDB,JOB-Complex,11:cct1,,1.0,0.0,C:\Users\vanya\Documents\DATA_SYS_LAB\test44\final_benchmarks\final_paper_results\base_selection_table1\base_selection_qerrors.csv
base_selection_cardinality,PostgreSQL,JOB-Complex,11:cct1,,1.0,0.0,C:\Users\vanya\Documents\DATA_SYS_LAB\test44\final_benchmarks\final_paper_results\base_selection_table1\base_selection_qerrors.csv
base_selection_cardinality,DuckDB,JOB-Complex,11:cct2,,2.0,-0.3010299956639812,C:\Users\vanya\Documents\DATA_SYS_LAB\test44\final_benchmarks\final_paper_results\base_selection_table1\base_selection_qerrors.csv
base_selection_cardinality,PostgreSQL,JOB-Complex,11:cct2,,2.0,-0.3010299956639812,C:\Users\vanya\Documents\DATA_SYS_LAB\test44\final_benchmarks\final_paper_results\base_selection_table1\base_selection_qerrors.csv
base_selection_cardinality,DuckDB,JOB-Complex,11:chn,,150811.0,5.178433019684109,C:\Users\vanya\Documents\DATA_SYS_LAB\test44\final_benchmarks\final_paper_results\base_selection_table1\base_selection_qerrors.csv
base_selection_cardinality,PostgreSQL,JOB-Complex,11:chn,,75.0,1.8750612633917,C:\Users\vanya\Documents\DATA_SYS_LAB\test44\final_benchmarks\final_paper_results\base_selection_table1\base_selection_qerrors.csv
base_selection_cardinality,DuckDB,JOB-Complex,11:it2,,2.0,0.3010299956639812,C:\Users\vanya\Documents\DATA_SYS_LAB\test44\final_benchmarks\final_paper_results\base_selection_table1\base_selection_qerrors.csv
base_selection_cardinality,PostgreSQL,JOB-Complex,11:it2,,1.0,0.0,C:\Users\vanya\Documents\DATA_SYS_LAB\test44\final_benchmarks\final_paper_results\base_selection_table1\base_selection_qerrors.csv
base_selection_cardinality,DuckDB,JOB-Complex,11:k,,1.0,0.0,C:\Users\vanya\Documents\DATA_SYS_LAB\test44\final_benchmarks\final_paper_results\base_selection_table1\base_selection_qerrors.csv
base_selection_cardinality,PostgreSQL,JOB-Complex,11:k,,1.0,0.0,C:\Users\vanya\Documents\DATA_SYS_LAB\test44\final_benchmarks\final_paper_results\base_selection_table1\base_selection_qerrors.csv
base_selection_cardinality,DuckDB,JOB-Complex,11:kt,,1.0,0.0,C:\Users\vanya\Documents\DATA_SYS_LAB\test44\final_benchmarks\final_paper_results\base_selection_table1\base_selection_qerrors.csv
base_selection_cardinality,PostgreSQL,JOB-Complex,11:kt,,1.0,0.0,C:\Users\vanya\Documents\DATA_SYS_LAB\test44\final_benchmarks\final_paper_results\base_selection_table1\base_selection_qerrors.csv
base_selection_cardinality,DuckDB,JOB-Complex,11:t,,1.1933700346447724,0.07677512857108452,C:\Users\vanya\Documents\DATA_SYS_LAB\test44\final_benchmarks\final_paper_results\base_selection_table1\base_selection_qerrors.csv
base_selection_cardinality,PostgreSQL,JOB-Complex,11:t,,1.0078069384462056,0.00337734401630391,C:\Users\vanya\Documents\DATA_SYS_LAB\test44\final_benchmarks\final_paper_results\base_selection_table1\base_selection_qerrors.csv
base_selection_cardinality,DuckDB,JOB-Complex,12:cct1,,1.0,0.0,C:\Users\vanya\Documents\DATA_SYS_LAB\test44\final_benchmarks\final_paper_results\base_selection_table1\base_selection_qerrors.csv
base_selection_cardinality,PostgreSQL,JOB-Complex,12:cct1,,1.0,0.0,C:\Users\vanya\Documents\DATA_SYS_LAB\test44\final_benchmarks\final_paper_results\base_selection_table1\base_selection_qerrors.csv
base_selection_cardinality,DuckDB,JOB-Complex,12:cct2,,2.0,-0.3010299956639812,C:\Users\vanya\Documents\DATA_SYS_LAB\test44\final_benchmarks\final_paper_results\base_selection_table1\base_selection_qerrors.csv
base_selection_cardinality,PostgreSQL,JOB-Complex,12:cct2,,2.0,-0.3010299956639812,C:\Users\vanya\Documents\DATA_SYS_LAB\test44\final_benchmarks\final_paper_results\base_selection_table1\base_selection_qerrors.csv
base_selection_cardinality,DuckDB,JOB-Complex,12:chn,,150811.0,5.178433019684109,C:\Users\vanya\Documents\DATA_SYS_LAB\test44\final_benchmarks\final_paper_results\base_selection_table1\base_selection_qerrors.csv
base_selection_cardinality,PostgreSQL,JOB-Complex,12:chn,,75.0,1.8750612633917,C:\Users\vanya\Documents\DATA_SYS_LAB\test44\final_benchmarks\final_paper_results\base_selection_table1\base_selection_qerrors.csv
base_selection_cardinality,DuckDB,JOB-Complex,12:it2,,2.0,0.3010299956639812,C:\Users\vanya\Documents\DATA_SYS_LAB\test44\final_benchmarks\final_paper_results\base_selection_table1\base_selection_qerrors.csv
base_selection_cardinality,PostgreSQL,JOB-Complex,12:it2,,1.0,0.0,C:\Users\vanya\Documents\DATA_SYS_LAB\test44\final_benchmarks\final_paper_results\base_selection_table1\base_selection_qerrors.csv
base_selection_cardinality,DuckDB,JOB-Complex,12:k,,1141.5,3.057475915826254,C:\Users\vanya\Documents\DATA_SYS_LAB\test44\final_benchmarks\final_paper_results\base_selection_table1\base_selection_qerrors.csv
base_selection_cardinality,PostgreSQL,JOB-Complex,12:k,,5.0,0.6989700043360189,C:\Users\vanya\Documents\DATA_SYS_LAB\test44\final_benchmarks\final_paper_results\base_selection_table1\base_selection_qerrors.csv
base_selection_cardinality,DuckDB,JOB-Complex,12:kt,,1.0,0.0,C:\Users\vanya\Documents\DATA_SYS_LAB\test44\final_benchmarks\final_paper_results\base_selection_table1\base_selection_qerrors.csv
base_selection_cardinality,PostgreSQL,JOB-Complex,12:kt,,1.0,0.0,C:\Users\vanya\Documents\DATA_SYS_LAB\test44\final_benchmarks\final_paper_results\base_selection_table1\base_selection_qerrors.csv
base_selection_cardinality,DuckDB,JOB-Complex,12:t,,4.9697560199638104,-0.6963350684548021,C:\Users\vanya\Documents\DATA_SYS_LAB\test44\final_benchmarks\final_paper_results\base_selection_table1\base_selection_qerrors.csv
base_selection_cardinality,PostgreSQL,JOB-Complex,12:t,,1.0003841014027703,0.00016678109133898365,C:\Users\vanya\Documents\DATA_SYS_LAB\test44\final_benchmarks\final_paper_results\base_selection_table1\base_selection_qerrors.csv
base_selection_cardinality,DuckDB,JOB-Complex,13:cn,,2.625,-0.4191293077419757,C:\Users\vanya\Documents\DATA_SYS_LAB\test44\final_benchmarks\final_paper_results\base_selection_table1\base_selection_qerrors.csv
base_selection_cardinality,PostgreSQL,JOB-Complex,13:cn,,1.0,0.0,C:\Users\vanya\Documents\DATA_SYS_LAB\test44\final_benchmarks\final_paper_results\base_selection_table1\base_selection_qerrors.csv
base_selection_cardinality,DuckDB,JOB-Complex,13:it1,,2.0,0.3010299956639812,C:\Users\vanya\Documents\DATA_SYS_LAB\test44\final_benchmarks\final_paper_results\base_selection_table1\base_selection_qerrors.csv
base_selection_cardinality,PostgreSQL,JOB-Complex,13:it1,,1.0,0.0,C:\Users\vanya\Documents\DATA_SYS_LAB\test44\final_benchmarks\final_paper_results\base_selection_table1\base_selection_qerrors.csv
base_selection_cardinality,DuckDB,JOB-Complex,13:it2,,2.0,0.3010299956639812,C:\Users\vanya\Documents\DATA_SYS_LAB\test44\final_benchmarks\final_paper_results\base_selection_table1\base_selection_qerrors.csv
base_selection_cardinality,PostgreSQL,JOB-Complex,13:it2,,1.0,0.0,C:\Users\vanya\Documents\DATA_SYS_LAB\test44\final_benchmarks\final_paper_results\base_selection_table1\base_selection_qerrors.csv
base_selection_cardinality,DuckDB,JOB-Complex,13:k,,570.75,2.756445920162273,C:\Users\vanya\Documents\DATA_SYS_LAB\test44\final_benchmarks\final_paper_results\base_selection_table1\base_selection_qerrors.csv
base_selection_cardinality,PostgreSQL,JOB-Complex,13:k,,1.0,0.0,C:\Users\vanya\Documents\DATA_SYS_LAB\test44\final_benchmarks\final_paper_results\base_selection_table1\base_selection_qerrors.csv
base_selection_cardinality,DuckDB,JOB-Complex,13:kt,,2.0,-0.3010299956639812,C:\Users\vanya\Documents\DATA_SYS_LAB\test44\final_benchmarks\final_paper_results\base_selection_table1\base_selection_qerrors.csv
base_selection_cardinality,PostgreSQL,JOB-Complex,13:kt,,1.0,0.0,C:\Users\vanya\Documents\DATA_SYS_LAB\test44\final_benchmarks\final_paper_results\base_selection_table1\base_selection_qerrors.csv
base_selection_cardinality,DuckDB,JOB-Complex,13:mc,,10.854492542742815,1.0356095246086667,C:\Users\vanya\Documents\DATA_SYS_LAB\test44\final_benchmarks\final_paper_results\base_selection_table1\base_selection_qerrors.csv
base_selection_cardinality,PostgreSQL,JOB-Complex,13:mc,,1.6231056878567212,-0.21034679965283523,C:\Users\vanya\Documents\DATA_SYS_LAB\test44\final_benchmarks\final_paper_results\base_selection_table1\base_selection_qerrors.csv
base_selection_cardinality,DuckDB,JOB-Complex,13:mi,,15.779345856775056,1.1980889952814198,C:\Users\vanya\Documents\DATA_SYS_LAB\test44\final_benchmarks\final_paper_results\base_selection_table1\base_selection_qerrors.csv
base_selection_cardinality,PostgreSQL,JOB-Complex,13:mi,,1.3354699040665592,-0.1256341052775734,C:\Users\vanya\Documents\DATA_SYS_LAB\test44\final_benchmarks\final_paper_results\base_selection_table1\base_selection_qerrors.csv
base_selection_cardinality,DuckDB,JOB-Complex,13:mi_idx,,2.2322872985273365,-0.34875008817573816,C:\Users\vanya\Documents\DATA_SYS_LAB\test44\final_benchmarks\final_paper_results\base_selection_table1\base_selection_qerrors.csv
base_selection_cardinality,PostgreSQL,JOB-Complex,13:mi_idx,,1.0007789289089035,-0.00033815284550886316,C:\Users\vanya\Documents\DATA_SYS_LAB\test44\final_benchmarks\final_paper_results\base_selection_table1\base_selection_qerrors.csv
base_selection_cardinality,DuckDB,JOB-Complex,13:t,,4.801614603010479,-0.6813872988899298,C:\Users\vanya\Documents\DATA_SYS_LAB\test44\final_benchmarks\final_paper_results\base_selection_table1\base_selection_qerrors.csv
base_selection_cardinality,PostgreSQL,JOB-Complex,13:t,,1.0001490819039416,6.474062252572449e-05,C:\Users\vanya\Documents\DATA_SYS_LAB\test44\final_benchmarks\final_paper_results\base_selection_table1\base_selection_qerrors.csv
base_selection_cardinality,DuckDB,JOB-Complex,14:k,,1.0,0.0,C:\Users\vanya\Documents\DATA_SYS_LAB\test44\final_benchmarks\final_paper_results\base_selection_table1\base_selection_qerrors.csv
base_selection_cardinality,PostgreSQL,JOB-Complex,14:k,,1.0,0.0,C:\Users\vanya\Documents\DATA_SYS_LAB\test44\final_benchmarks\final_paper_results\base_selection_table1\base_selection_qerrors.csv
base_selection_cardinality,DuckDB,JOB-Complex,14:n,,48000.0,4.681241237375588,C:\Users\vanya\Documents\DATA_SYS_LAB\test44\final_benchmarks\final_paper_results\base_selection_table1\base_selection_qerrors.csv
base_selection_cardinality,PostgreSQL,JOB-Complex,14:n,,24.0,1.380211241711606,C:\Users\vanya\Documents\DATA_SYS_LAB\test44\final_benchmarks\final_paper_results\base_selection_table1\base_selection_qerrors.csv
base_selection_cardinality,DuckDB,JOB-Complex,14:t,,5.0,-0.6989700043360189,C:\Users\vanya\Documents\DATA_SYS_LAB\test44\final_benchmarks\final_paper_results\base_selection_table1\base_selection_qerrors.csv
base_selection_cardinality,PostgreSQL,JOB-Complex,14:t,,1.0,0.0,C:\Users\vanya\Documents\DATA_SYS_LAB\test44\final_benchmarks\final_paper_results\base_selection_table1\base_selection_qerrors.csv
base_selection_cardinality,DuckDB,JOB-Complex,15:cn,,23.75,-1.3756636139608853,C:\Users\vanya\Documents\DATA_SYS_LAB\test44\final_benchmarks\final_paper_results\base_selection_table1\base_selection_qerrors.csv
base_selection_cardinality,PostgreSQL,JOB-Complex,15:cn,,1.0,0.0,C:\Users\vanya\Documents\DATA_SYS_LAB\test44\final_benchmarks\final_paper_results\base_selection_table1\base_selection_qerrors.csv
base_selection_cardinality,DuckDB,JOB-Complex,15:it1,,2.0,0.3010299956639812,C:\Users\vanya\Documents\DATA_SYS_LAB\test44\final_benchmarks\final_paper_results\base_selection_table1\base_selection_qerrors.csv
base_selection_cardinality,PostgreSQL,JOB-Complex,15:it1,,1.0,0.0,C:\Users\vanya\Documents\DATA_SYS_LAB\test44\final_benchmarks\final_paper_results\base_selection_table1\base_selection_qerrors.csv
base_selection_cardinality,DuckDB,JOB-Complex,15:mi,,4.96434,0.695861518005424,C:\Users\vanya\Documents\DATA_SYS_LAB\test44\final_benchmarks\final_paper_results\base_selection_table1\base_selection_qerrors.csv
base_selection_cardinality,PostgreSQL,JOB-Complex,15:mi,,1.0446155292544579,-0.018956477770732377,C:\Users\vanya\Documents\DATA_SYS_LAB\test44\final_benchmarks\final_paper_results\base_selection_table1\base_selection_qerrors.csv
base_selection_cardinality,DuckDB,JOB-Complex,15:t,,5.0,-0.6989700043360189,C:\Users\vanya\Documents\DATA_SYS_LAB\test44\final_benchmarks\final_paper_results\base_selection_table1\base_selection_qerrors.csv
base_selection_cardinality,PostgreSQL,JOB-Complex,15:t,,1.0,0.0,C:\Users\vanya\Documents\DATA_SYS_LAB\test44\final_benchmarks\final_paper_results\base_selection_table1\base_selection_qerrors.csv
base_selection_cardinality,DuckDB,JOB-Complex,16:ci,,2.9489659527443037,0.4696697584383252,C:\Users\vanya\Documents\DATA_SYS_LAB\test44\final_benchmarks\final_paper_results\base_selection_table1\base_selection_qerrors.csv
base_selection_cardinality,PostgreSQL,JOB-Complex,16:ci,,1.0134610324685576,0.0058070547466137525,C:\Users\vanya\Documents\DATA_SYS_LAB\test44\final_benchmarks\final_paper_results\base_selection_table1\base_selection_qerrors.csv
base_selection_cardinality,DuckDB,JOB-Complex,16:it1,,2.0,0.3010299956639812,C:\Users\vanya\Documents\DATA_SYS_LAB\test44\final_benchmarks\final_paper_results\base_selection_table1\base_selection_qerrors.csv
base_selection_cardinality,PostgreSQL,JOB-Complex,16:it1,,1.0,0.0,C:\Users\vanya\Documents\DATA_SYS_LAB\test44\final_benchmarks\final_paper_results\base_selection_table1\base_selection_qerrors.csv
base_selection_cardinality,DuckDB,JOB-Complex,16:it2,,2.0,0.3010299956639812,C:\Users\vanya\Documents\DATA_SYS_LAB\test44\final_benchmarks\final_paper_results\base_selection_table1\base_selection_qerrors.csv
base_selection_cardinality,PostgreSQL,JOB-Complex,16:it2,,1.0,0.0,C:\Users\vanya\Documents\DATA_SYS_LAB\test44\final_benchmarks\final_paper_results\base_selection_table1\base_selection_qerrors.csv
base_selection_cardinality,DuckDB,JOB-Complex,16:n,,241.44869215291752,2.3828248573142927,C:\Users\vanya\Documents\DATA_SYS_LAB\test44\final_benchmarks\final_paper_results\base_selection_table1\base_selection_qerrors.csv
base_selection_cardinality,PostgreSQL,JOB-Complex,16:n,,38.23076923076923,-1.5824130364264954,C:\Users\vanya\Documents\DATA_SYS_LAB\test44\final_benchmarks\final_paper_results\base_selection_table1\base_selection_qerrors.csv
base_selection_cardinality,DuckDB,JOB-Complex,17:cn,,2.625,-0.4191293077419757,C:\Users\vanya\Documents\DATA_SYS_LAB\test44\final_benchmarks\final_paper_results\base_selection_table1\base_selection_qerrors.csv
base_selection_cardinality,PostgreSQL,JOB-Complex,17:cn,,1.0,0.0,C:\Users\vanya\Documents\DATA_SYS_LAB\test44\final_benchmarks\final_paper_results\base_selection_table1\base_selection_qerrors.csv
base_selection_cardinality,DuckDB,JOB-Complex,17:it1,,2.0,0.3010299956639812,C:\Users\vanya\Documents\DATA_SYS_LAB\test44\final_benchmarks\final_paper_results\base_selection_table1\base_selection_qerrors.csv
base_selection_cardinality,PostgreSQL,JOB-Complex,17:it1,,1.0,0.0,C:\Users\vanya\Documents\DATA_SYS_LAB\test44\final_benchmarks\final_paper_results\base_selection_table1\base_selection_qerrors.csv
base_selection_cardinality,DuckDB,JOB-Complex,17:it2,,2.0,0.3010299956639812,C:\Users\vanya\Documents\DATA_SYS_LAB\test44\final_benchmarks\final_paper_results\base_selection_table1\base_selection_qerrors.csv
base_selection_cardinality,PostgreSQL,JOB-Complex,17:it2,,1.0,0.0,C:\Users\vanya\Documents\DATA_SYS_LAB\test44\final_benchmarks\final_paper_results\base_selection_table1\base_selection_qerrors.csv
base_selection_cardinality,DuckDB,JOB-Complex,17:k,,570.75,2.756445920162273,C:\Users\vanya\Documents\DATA_SYS_LAB\test44\final_benchmarks\final_paper_results\base_selection_table1\base_selection_qerrors.csv
base_selection_cardinality,PostgreSQL,JOB-Complex,17:k,,1.0,0.0,C:\Users\vanya\Documents\DATA_SYS_LAB\test44\final_benchmarks\final_paper_results\base_selection_table1\base_selection_qerrors.csv
base_selection_cardinality,DuckDB,JOB-Complex,17:kt,,2.0,-0.3010299956639812,C:\Users\vanya\Documents\DATA_SYS_LAB\test44\final_benchmarks\final_paper_results\base_selection_table1\base_selection_qerrors.csv
base_selection_cardinality,PostgreSQL,JOB-Complex,17:kt,,1.0,0.0,C:\Users\vanya\Documents\DATA_SYS_LAB\test44\final_benchmarks\final_paper_results\base_selection_table1\base_selection_qerrors.csv
base_selection_cardinality,DuckDB,JOB-Complex,17:mc,,10.854492542742815,1.0356095246086667,C:\Users\vanya\Documents\DATA_SYS_LAB\test44\final_benchmarks\final_paper_results\base_selection_table1\base_selection_qerrors.csv
base_selection_cardinality,PostgreSQL,JOB-Complex,17:mc,,1.6231056878567212,-0.21034679965283523,C:\Users\vanya\Documents\DATA_SYS_LAB\test44\final_benchmarks\final_paper_results\base_selection_table1\base_selection_qerrors.csv
base_selection_cardinality,DuckDB,JOB-Complex,17:mi,,24.52373660030628,1.3895866428960775,C:\Users\vanya\Documents\DATA_SYS_LAB\test44\final_benchmarks\final_paper_results\base_selection_table1\base_selection_qerrors.csv
base_selection_cardinality,PostgreSQL,JOB-Complex,17:mi,,1.0209455120288495,0.009002564362463668,C:\Users\vanya\Documents\DATA_SYS_LAB\test44\final_benchmarks\final_paper_results\base_selection_table1\base_selection_qerrors.csv
base_selection_cardinality,DuckDB,JOB-Complex,17:mi_idx,,1.4512987658246717,-0.16175682594059254,C:\Users\vanya\Documents\DATA_SYS_LAB\test44\final_benchmarks\final_paper_results\base_selection_table1\base_selection_qerrors.csv
base_selection_cardinality,PostgreSQL,JOB-Complex,17:mi_idx,,1.005670610156612,-0.0024557584376576212,C:\Users\vanya\Documents\DATA_SYS_LAB\test44\final_benchmarks\final_paper_results\base_selection_table1\base_selection_qerrors.csv
base_selection_cardinality,DuckDB,JOB-Complex,17:t,,4.801614603010479,-0.6813872988899298,C:\Users\vanya\Documents\DATA_SYS_LAB\test44\final_benchmarks\final_paper_results\base_selection_table1\base_selection_qerrors.csv
base_selection_cardinality,PostgreSQL,JOB-Complex,17:t,,1.0001490819039416,6.474062252572449e-05,C:\Users\vanya\Documents\DATA_SYS_LAB\test44\final_benchmarks\final_paper_results\base_selection_table1\base_selection_qerrors.csv
base_selection_cardinality,DuckDB,JOB-Complex,18:cn,,2.2222222222222223,-0.3467874862246563,C:\Users\vanya\Documents\DATA_SYS_LAB\test44\final_benchmarks\final_paper_results\base_selection_table1\base_selection_qerrors.csv
base_selection_cardinality,PostgreSQL,JOB-Complex,18:cn,,80.0,-1.9030899869919435,C:\Users\vanya\Documents\DATA_SYS_LAB\test44\final_benchmarks\final_paper_results\base_selection_table1\base_selection_qerrors.csv
base_selection_cardinality,DuckDB,JOB-Complex,18:it1,,2.0,0.3010299956639812,C:\Users\vanya\Documents\DATA_SYS_LAB\test44\final_benchmarks\final_paper_results\base_selection_table1\base_selection_qerrors.csv
base_selection_cardinality,PostgreSQL,JOB-Complex,18:it1,,1.0,0.0,C:\Users\vanya\Documents\DATA_SYS_LAB\test44\final_benchmarks\final_paper_results\base_selection_table1\base_selection_qerrors.csv
base_selection_cardinality,DuckDB,JOB-Complex,18:mi,,496434.0,5.695861518005424,C:\Users\vanya\Documents\DATA_SYS_LAB\test44\final_benchmarks\final_paper_results\base_selection_table1\base_selection_qerrors.csv
base_selection_cardinality,PostgreSQL,JOB-Complex,18:mi,,23.0,1.3617278360175928,C:\Users\vanya\Documents\DATA_SYS_LAB\test44\final_benchmarks\final_paper_results\base_selection_table1\base_selection_qerrors.csv
base_selection_cardinality,DuckDB,JOB-Complex,18:t,,5.0,-0.6989700043360189,C:\Users\vanya\Documents\DATA_SYS_LAB\test44\final_benchmarks\final_paper_results\base_selection_table1\base_selection_qerrors.csv
base_selection_cardinality,PostgreSQL,JOB-Complex,18:t,,1.0,0.0,C:\Users\vanya\Documents\DATA_SYS_LAB\test44\final_benchmarks\final_paper_results\base_selection_table1\base_selection_qerrors.csv
base_selection_cardinality,DuckDB,JOB-Complex,19:ci,,31.205917159763313,-1.4942369512678322,C:\Users\vanya\Documents\DATA_SYS_LAB\test44\final_benchmarks\final_paper_results\base_selection_table1\base_selection_qerrors.csv
base_selection_cardinality,PostgreSQL,JOB-Complex,19:ci,,1.0817163719899905,-0.03411340288976696,C:\Users\vanya\Documents\DATA_SYS_LAB\test44\final_benchmarks\final_paper_results\base_selection_table1\base_selection_qerrors.csv
base_selection_cardinality,DuckDB,JOB-Complex,19:cn,,1.0,0.0,C:\Users\vanya\Documents\DATA_SYS_LAB\test44\final_benchmarks\final_paper_results\base_selection_table1\base_selection_qerrors.csv
base_selection_cardinality,PostgreSQL,JOB-Complex,19:cn,,1.0,0.0,C:\Users\vanya\Documents\DATA_SYS_LAB\test44\final_benchmarks\final_paper_results\base_selection_table1\base_selection_qerrors.csv
base_selection_cardinality,DuckDB,JOB-Complex,19:it1,,2.0,0.3010299956639812,C:\Users\vanya\Documents\DATA_SYS_LAB\test44\final_benchmarks\final_paper_results\base_selection_table1\base_selection_qerrors.csv
base_selection_cardinality,PostgreSQL,JOB-Complex,19:it1,,1.0,0.0,C:\Users\vanya\Documents\DATA_SYS_LAB\test44\final_benchmarks\final_paper_results\base_selection_table1\base_selection_qerrors.csv
base_selection_cardinality,DuckDB,JOB-Complex,19:it2,,2.0,0.3010299956639812,C:\Users\vanya\Documents\DATA_SYS_LAB\test44\final_benchmarks\final_paper_results\base_selection_table1\base_selection_qerrors.csv
base_selection_cardinality,PostgreSQL,JOB-Complex,19:it2,,1.0,0.0,C:\Users\vanya\Documents\DATA_SYS_LAB\test44\final_benchmarks\final_paper_results\base_selection_table1\base_selection_qerrors.csv
base_selection_cardinality,DuckDB,JOB-Complex,19:k,,1.0,0.0,C:\Users\vanya\Documents\DATA_SYS_LAB\test44\final_benchmarks\final_paper_results\base_selection_table1\base_selection_qerrors.csv
base_selection_cardinality,PostgreSQL,JOB-Complex,19:k,,1.0,0.0,C:\Users\vanya\Documents\DATA_SYS_LAB\test44\final_benchmarks\final_paper_results\base_selection_table1\base_selection_qerrors.csv
base_selection_cardinality,DuckDB,JOB-Complex,19:mi,,798.5882352941177,-2.9023229079313455,C:\Users\vanya\Documents\DATA_SYS_LAB\test44\final_benchmarks\final_paper_results\base_selection_table1\base_selection_qerrors.csv
base_selection_cardinality,PostgreSQL,JOB-Complex,19:mi,,1.0585575048732943,-0.024714455525765462,C:\Users\vanya\Documents\DATA_SYS_LAB\test44\final_benchmarks\final_paper_results\base_selection_table1\base_selection_qerrors.csv
base_selection_cardinality,DuckDB,JOB-Complex,19:n,,1.0407833333333334,-0.017360328999994293,C:\Users\vanya\Documents\DATA_SYS_LAB\test44\final_benchmarks\final_paper_results\base_selection_table1\base_selection_qerrors.csv
base_selection_cardinality,PostgreSQL,JOB-Complex,19:n,,1.0015533172129967,0.0006740737045340297,C:\Users\vanya\Documents\DATA_SYS_LAB\test44\final_benchmarks\final_paper_results\base_selection_table1\base_selection_qerrors.csv
base_selection_cardinality,DuckDB,JOB-Complex,20:cct1,,1.0,0.0,C:\Users\vanya\Documents\DATA_SYS_LAB\test44\final_benchmarks\final_paper_results\base_selection_table1\base_selection_qerrors.csv
base_selection_cardinality,PostgreSQL,JOB-Complex,20:cct1,,1.0,0.0,C:\Users\vanya\Documents\DATA_SYS_LAB\test44\final_benchmarks\final_paper_results\base_selection_table1\base_selection_qerrors.csv
base_selection_cardinality,DuckDB,JOB-Complex,20:cct2,,1.0,0.0,C:\Users\vanya\Documents\DATA_SYS_LAB\test44\final_benchmarks\final_paper_results\base_selection_table1\base_selection_qerrors.csv
base_selection_cardinality,PostgreSQL,JOB-Complex,20:cct2,,1.0,0.0,C:\Users\vanya\Documents\DATA_SYS_LAB\test44\final_benchmarks\final_paper_results\base_selection_table1\base_selection_qerrors.csv
base_selection_cardinality,DuckDB,JOB-Complex,20:cn,,2.625,-0.4191293077419757,C:\Users\vanya\Documents\DATA_SYS_LAB\test44\final_benchmarks\final_paper_results\base_selection_table1\base_selection_qerrors.csv
base_selection_cardinality,PostgreSQL,JOB-Complex,20:cn,,1.0,0.0,C:\Users\vanya\Documents\DATA_SYS_LAB\test44\final_benchmarks\final_paper_results\base_selection_table1\base_selection_qerrors.csv
base_selection_cardinality,DuckDB,JOB-Complex,20:it1,,2.0,0.3010299956639812,C:\Users\vanya\Documents\DATA_SYS_LAB\test44\final_benchmarks\final_paper_results\base_selection_table1\base_selection_qerrors.csv
base_selection_cardinality,PostgreSQL,JOB-Complex,20:it1,,1.0,0.0,C:\Users\vanya\Documents\DATA_SYS_LAB\test44\final_benchmarks\final_paper_results\base_selection_table1\base_selection_qerrors.csv
base_selection_cardinality,DuckDB,JOB-Complex,20:it2,,2.0,0.3010299956639812,C:\Users\vanya\Documents\DATA_SYS_LAB\test44\final_benchmarks\final_paper_results\base_selection_table1\base_selection_qerrors.csv
base_selection_cardinality,PostgreSQL,JOB-Complex,20:it2,,1.0,0.0,C:\Users\vanya\Documents\DATA_SYS_LAB\test44\final_benchmarks\final_paper_results\base_selection_table1\base_selection_qerrors.csv
base_selection_cardinality,DuckDB,JOB-Complex,20:k,,570.75,2.756445920162273,C:\Users\vanya\Documents\DATA_SYS_LAB\test44\final_benchmarks\final_paper_results\base_selection_table1\base_selection_qerrors.csv
base_selection_cardinality,PostgreSQL,JOB-Complex,20:k,,1.0,0.0,C:\Users\vanya\Documents\DATA_SYS_LAB\test44\final_benchmarks\final_paper_results\base_selection_table1\base_selection_qerrors.csv
base_selection_cardinality,DuckDB,JOB-Complex,20:kt,,1.0,0.0,C:\Users\vanya\Documents\DATA_SYS_LAB\test44\final_benchmarks\final_paper_results\base_selection_table1\base_selection_qerrors.csv
base_selection_cardinality,PostgreSQL,JOB-Complex,20:kt,,1.0,0.0,C:\Users\vanya\Documents\DATA_SYS_LAB\test44\final_benchmarks\final_paper_results\base_selection_table1\base_selection_qerrors.csv
base_selection_cardinality,DuckDB,JOB-Complex,20:mc,,14.02867889045604,1.1470167745494062,C:\Users\vanya\Documents\DATA_SYS_LAB\test44\final_benchmarks\final_paper_results\base_selection_table1\base_selection_qerrors.csv
base_selection_cardinality,PostgreSQL,JOB-Complex,20:mc,,1.752540510848668,-0.24366806568844765,C:\Users\vanya\Documents\DATA_SYS_LAB\test44\final_benchmarks\final_paper_results\base_selection_table1\base_selection_qerrors.csv
base_selection_cardinality,DuckDB,JOB-Complex,20:mi,,16.52521553876369,1.2181471327074656,C:\Users\vanya\Documents\DATA_SYS_LAB\test44\final_benchmarks\final_paper_results\base_selection_table1\base_selection_qerrors.csv
base_selection_cardinality,PostgreSQL,JOB-Complex,20:mi,,1.4242165647371166,-0.1535760326429417,C:\Users\vanya\Documents\DATA_SYS_LAB\test44\final_benchmarks\final_paper_results\base_selection_table1\base_selection_qerrors.csv
base_selection_cardinality,DuckDB,JOB-Complex,20:mi_idx,,1.8883478744758233,-0.27608200375881586,C:\Users\vanya\Documents\DATA_SYS_LAB\test44\final_benchmarks\final_paper_results\base_selection_table1\base_selection_qerrors.csv
base_selection_cardinality,PostgreSQL,JOB-Complex,20:mi_idx,,1.0011723193081454,-0.0005088336070665159,C:\Users\vanya\Documents\DATA_SYS_LAB\test44\final_benchmarks\final_paper_results\base_selection_table1\base_selection_qerrors.csv
base_selection_cardinality,DuckDB,JOB-Complex,20:t,,1.2767890875106878,-0.10611916218479897,C:\Users\vanya\Documents\DATA_SYS_LAB\test44\final_benchmarks\final_paper_results\base_selection_table1\base_selection_qerrors.csv
base_selection_cardinality,PostgreSQL,JOB-Complex,20:t,,1.0080048589805486,0.0034626255850559442,C:\Users\vanya\Documents\DATA_SYS_LAB\test44\final_benchmarks\final_paper_results\base_selection_table1\base_selection_qerrors.csv
base_selection_cardinality,DuckDB,JOB-Complex,21:ci,,3.6956639298315035,0.5676924711909954,C:\Users\vanya\Documents\DATA_SYS_LAB\test44\final_benchmarks\final_paper_results\base_selection_table1\base_selection_qerrors.csv
base_selection_cardinality,PostgreSQL,JOB-Complex,21:ci,,1.006538333886492,-0.0028303195906416354,C:\Users\vanya\Documents\DATA_SYS_LAB\test44\final_benchmarks\final_paper_results\base_selection_table1\base_selection_qerrors.csv
base_selection_cardinality,DuckDB,JOB-Complex,21:cn,,1800.0,3.255272505103306,C:\Users\vanya\Documents\DATA_SYS_LAB\test44\final_benchmarks\final_paper_results\base_selection_table1\base_selection_qerrors.csv
base_selection_cardinality,PostgreSQL,JOB-Complex,21:cn,,1.0,0.0,C:\Users\vanya\Documents\DATA_SYS_LAB\test44\final_benchmarks\final_paper_results\base_selection_table1\base_selection_qerrors.csv
base_selection_cardinality,DuckDB,JOB-Complex,21:it1,,2.0,0.3010299956639812,C:\Users\vanya\Documents\DATA_SYS_LAB\test44\final_benchmarks\final_paper_results\base_selection_table1\base_selection_qerrors.csv
base_selection_cardinality,PostgreSQL,JOB-Complex,21:it1,,1.0,0.0,C:\Users\vanya\Documents\DATA_SYS_LAB\test44\final_benchmarks\final_paper_results\base_selection_table1\base_selection_qerrors.csv
base_selection_cardinality,DuckDB,JOB-Complex,21:it2,,2.0,0.3010299956639812,C:\Users\vanya\Documents\DATA_SYS_LAB\test44\final_benchmarks\final_paper_results\base_selection_table1\base_selection_qerrors.csv
base_selection_cardinality,PostgreSQL,JOB-Complex,21:it2,,1.0,0.0,C:\Users\vanya\Documents\DATA_SYS_LAB\test44\final_benchmarks\final_paper_results\base_selection_table1\base_selection_qerrors.csv
base_selection_cardinality,DuckDB,JOB-Complex,21:k,,326.14285714285717,2.5134078714759784,C:\Users\vanya\Documents\DATA_SYS_LAB\test44\final_benchmarks\final_paper_results\base_selection_table1\base_selection_qerrors.csv
base_selection_cardinality,PostgreSQL,JOB-Complex,21:k,,1.0,0.0,C:\Users\vanya\Documents\DATA_SYS_LAB\test44\final_benchmarks\final_paper_results\base_selection_table1\base_selection_qerrors.csv
base_selection_cardinality,DuckDB,JOB-Complex,21:mi,,798.5294117647059,-2.9022909168826105,C:\Users\vanya\Documents\DATA_SYS_LAB\test44\final_benchmarks\final_paper_results\base_selection_table1\base_selection_qerrors.csv
base_selection_cardinality,PostgreSQL,JOB-Complex,21:mi,,1.0065994364526176,-0.0028566829202633245,C:\Users\vanya\Documents\DATA_SYS_LAB\test44\final_benchmarks\final_paper_results\base_selection_table1\base_selection_qerrors.csv
base_selection_cardinality,DuckDB,JOB-Complex,21:n,,1.1120687258472575,0.04613162747439193,C:\Users\vanya\Documents\DATA_SYS_LAB\test44\final_benchmarks\final_paper_results\base_selection_table1\base_selection_qerrors.csv
base_selection_cardinality,PostgreSQL,JOB-Complex,21:n,,1.0007135774324187,0.00030979222408086636,C:\Users\vanya\Documents\DATA_SYS_LAB\test44\final_benchmarks\final_paper_results\base_selection_table1\base_selection_qerrors.csv
base_selection_cardinality,DuckDB,JOB-Complex,22:k,,761.0,2.8813846567705728,C:\Users\vanya\Documents\DATA_SYS_LAB\test44\final_benchmarks\final_paper_results\base_selection_table1\base_selection_qerrors.csv
base_selection_cardinality,PostgreSQL,JOB-Complex,22:k,,2.6666666666666665,0.4259687322722811,C:\Users\vanya\Documents\DATA_SYS_LAB\test44\final_benchmarks\final_paper_results\base_selection_table1\base_selection_qerrors.csv
base_selection_cardinality,DuckDB,JOB-Complex,22:n,,35.661218424962854,1.5521961774876292,C:\Users\vanya\Documents\DATA_SYS_LAB\test44\final_benchmarks\final_paper_results\base_selection_table1\base_selection_qerrors.csv
base_selection_cardinality,PostgreSQL,JOB-Complex,22:n,,56.083333333333336,-1.748833818176352,C:\Users\vanya\Documents\DATA_SYS_LAB\test44\final_benchmarks\final_paper_results\base_selection_table1\base_selection_qerrors.csv
base_selection_cardinality,DuckDB,JOB-Complex,22:t,,4.9697560199638104,-0.6963350684548021,C:\Users\vanya\Documents\DATA_SYS_LAB\test44\final_benchmarks\final_paper_results\base_selection_table1\base_selection_qerrors.csv
base_selection_cardinality,PostgreSQL,JOB-Complex,22:t,,1.0003841014027703,0.00016678109133898365,C:\Users\vanya\Documents\DATA_SYS_LAB\test44\final_benchmarks\final_paper_results\base_selection_table1\base_selection_qerrors.csv
base_selection_cardinality,DuckDB,JOB-Complex,23:cct1,,1.0,0.0,C:\Users\vanya\Documents\DATA_SYS_LAB\test44\final_benchmarks\final_paper_results\base_selection_table1\base_selection_qerrors.csv
base_selection_cardinality,PostgreSQL,JOB-Complex,23:cct1,,1.0,0.0,C:\Users\vanya\Documents\DATA_SYS_LAB\test44\final_benchmarks\final_paper_results\base_selection_table1\base_selection_qerrors.csv
base_selection_cardinality,DuckDB,JOB-Complex,23:cct2,,2.0,-0.3010299956639812,C:\Users\vanya\Documents\DATA_SYS_LAB\test44\final_benchmarks\final_paper_results\base_selection_table1\base_selection_qerrors.csv
base_selection_cardinality,PostgreSQL,JOB-Complex,23:cct2,,2.0,-0.3010299956639812,C:\Users\vanya\Documents\DATA_SYS_LAB\test44\final_benchmarks\final_paper_results\base_selection_table1\base_selection_qerrors.csv
base_selection_cardinality,DuckDB,JOB-Complex,23:chn,,7.232100896753464,0.8592644764548077,C:\Users\vanya\Documents\DATA_SYS_LAB\test44\final_benchmarks\final_paper_results\base_selection_table1\base_selection_qerrors.csv
base_selection_cardinality,PostgreSQL,JOB-Complex,23:chn,,138.09933774834437,-2.140191595936131,C:\Users\vanya\Documents\DATA_SYS_LAB\test44\final_benchmarks\final_paper_results\base_selection_table1\base_selection_qerrors.csv
base_selection_cardinality,DuckDB,JOB-Complex,23:it2,,2.0,0.3010299956639812,C:\Users\vanya\Documents\DATA_SYS_LAB\test44\final_benchmarks\final_paper_results\base_selection_table1\base_selection_qerrors.csv
base_selection_cardinality,PostgreSQL,JOB-Complex,23:it2,,1.0,0.0,C:\Users\vanya\Documents\DATA_SYS_LAB\test44\final_benchmarks\final_paper_results\base_selection_table1\base_selection_qerrors.csv
base_selection_cardinality,DuckDB,JOB-Complex,23:k,,2283.0,3.3585059114902354,C:\Users\vanya\Documents\DATA_SYS_LAB\test44\final_benchmarks\final_paper_results\base_selection_table1\base_selection_qerrors.csv
base_selection_cardinality,PostgreSQL,JOB-Complex,23:k,,10.0,1.0,C:\Users\vanya\Documents\DATA_SYS_LAB\test44\final_benchmarks\final_paper_results\base_selection_table1\base_selection_qerrors.csv
base_selection_cardinality,DuckDB,JOB-Complex,23:kt,,1.0,0.0,C:\Users\vanya\Documents\DATA_SYS_LAB\test44\final_benchmarks\final_paper_results\base_selection_table1\base_selection_qerrors.csv
base_selection_cardinality,PostgreSQL,JOB-Complex,23:kt,,1.0,0.0,C:\Users\vanya\Documents\DATA_SYS_LAB\test44\final_benchmarks\final_paper_results\base_selection_table1\base_selection_qerrors.csv
base_selection_cardinality,DuckDB,JOB-Complex,23:t,,4.9697560199638104,-0.6963350684548021,C:\Users\vanya\Documents\DATA_SYS_LAB\test44\final_benchmarks\final_paper_results\base_selection_table1\base_selection_qerrors.csv
base_selection_cardinality,PostgreSQL,JOB-Complex,23:t,,1.0003841014027703,0.00016678109133898365,C:\Users\vanya\Documents\DATA_SYS_LAB\test44\final_benchmarks\final_paper_results\base_selection_table1\base_selection_qerrors.csv
base_selection_cardinality,DuckDB,JOB-Complex,24:k,,1.0,0.0,C:\Users\vanya\Documents\DATA_SYS_LAB\test44\final_benchmarks\final_paper_results\base_selection_table1\base_selection_qerrors.csv
base_selection_cardinality,PostgreSQL,JOB-Complex,24:k,,1.0,0.0,C:\Users\vanya\Documents\DATA_SYS_LAB\test44\final_benchmarks\final_paper_results\base_selection_table1\base_selection_qerrors.csv
base_selection_cardinality,DuckDB,JOB-Complex,24:n,,48000.0,4.681241237375588,C:\Users\vanya\Documents\DATA_SYS_LAB\test44\final_benchmarks\final_paper_results\base_selection_table1\base_selection_qerrors.csv
base_selection_cardinality,PostgreSQL,JOB-Complex,24:n,,24.0,1.380211241711606,C:\Users\vanya\Documents\DATA_SYS_LAB\test44\final_benchmarks\final_paper_results\base_selection_table1\base_selection_qerrors.csv
base_selection_cardinality,DuckDB,JOB-Complex,25:cct1,,1.0,0.0,C:\Users\vanya\Documents\DATA_SYS_LAB\test44\final_benchmarks\final_paper_results\base_selection_table1\base_selection_qerrors.csv
base_selection_cardinality,PostgreSQL,JOB-Complex,25:cct1,,1.0,0.0,C:\Users\vanya\Documents\DATA_SYS_LAB\test44\final_benchmarks\final_paper_results\base_selection_table1\base_selection_qerrors.csv
base_selection_cardinality,DuckDB,JOB-Complex,25:cct2,,2.0,-0.3010299956639812,C:\Users\vanya\Documents\DATA_SYS_LAB\test44\final_benchmarks\final_paper_results\base_selection_table1\base_selection_qerrors.csv
base_selection_cardinality,PostgreSQL,JOB-Complex,25:cct2,,2.0,-0.3010299956639812,C:\Users\vanya\Documents\DATA_SYS_LAB\test44\final_benchmarks\final_paper_results\base_selection_table1\base_selection_qerrors.csv
base_selection_cardinality,DuckDB,JOB-Complex,25:chn,,210.62988826815644,2.323519997376253,C:\Users\vanya\Documents\DATA_SYS_LAB\test44\final_benchmarks\final_paper_results\base_selection_table1\base_selection_qerrors.csv
base_selection_cardinality,PostgreSQL,JOB-Complex,25:chn,,9.546666666666667,-0.9798517589161555,C:\Users\vanya\Documents\DATA_SYS_LAB\test44\final_benchmarks\final_paper_results\base_selection_table1\base_selection_qerrors.csv
base_selection_cardinality,DuckDB,JOB-Complex,25:it2,,2.0,0.3010299956639812,C:\Users\vanya\Documents\DATA_SYS_LAB\test44\final_benchmarks\final_paper_results\base_selection_table1\base_selection_qerrors.csv
base_selection_cardinality,PostgreSQL,JOB-Complex,25:it2,,1.0,0.0,C:\Users\vanya\Documents\DATA_SYS_LAB\test44\final_benchmarks\final_paper_results\base_selection_table1\base_selection_qerrors.csv
base_selection_cardinality,DuckDB,JOB-Complex,25:k,,1141.5,3.057475915826254,C:\Users\vanya\Documents\DATA_SYS_LAB\test44\final_benchmarks\final_paper_results\base_selection_table1\base_selection_qerrors.csv
base_selection_cardinality,PostgreSQL,JOB-Complex,25:k,,5.0,0.6989700043360189,C:\Users\vanya\Documents\DATA_SYS_LAB\test44\final_benchmarks\final_paper_results\base_selection_table1\base_selection_qerrors.csv
base_selection_cardinality,DuckDB,JOB-Complex,25:kt,,1.0,0.0,C:\Users\vanya\Documents\DATA_SYS_LAB\test44\final_benchmarks\final_paper_results\base_selection_table1\base_selection_qerrors.csv
base_selection_cardinality,PostgreSQL,JOB-Complex,25:kt,,1.0,0.0,C:\Users\vanya\Documents\DATA_SYS_LAB\test44\final_benchmarks\final_paper_results\base_selection_table1\base_selection_qerrors.csv
base_selection_cardinality,DuckDB,JOB-Complex,25:t,,4.9697560199638104,-0.6963350684548021,C:\Users\vanya\Documents\DATA_SYS_LAB\test44\final_benchmarks\final_paper_results\base_selection_table1\base_selection_qerrors.csv
base_selection_cardinality,PostgreSQL,JOB-Complex,25:t,,1.0003841014027703,0.00016678109133898365,C:\Users\vanya\Documents\DATA_SYS_LAB\test44\final_benchmarks\final_paper_results\base_selection_table1\base_selection_qerrors.csv
base_selection_cardinality,DuckDB,JOB-Complex,26:cn,,2.2222222222222223,-0.3467874862246563,C:\Users\vanya\Documents\DATA_SYS_LAB\test44\final_benchmarks\final_paper_results\base_selection_table1\base_selection_qerrors.csv
base_selection_cardinality,PostgreSQL,JOB-Complex,26:cn,,80.0,-1.9030899869919435,C:\Users\vanya\Documents\DATA_SYS_LAB\test44\final_benchmarks\final_paper_results\base_selection_table1\base_selection_qerrors.csv
base_selection_cardinality,DuckDB,JOB-Complex,26:ct,,1.0,0.0,C:\Users\vanya\Documents\DATA_SYS_LAB\test44\final_benchmarks\final_paper_results\base_selection_table1\base_selection_qerrors.csv
base_selection_cardinality,PostgreSQL,JOB-Complex,26:ct,,1.0,0.0,C:\Users\vanya\Documents\DATA_SYS_LAB\test44\final_benchmarks\final_paper_results\base_selection_table1\base_selection_qerrors.csv
base_selection_cardinality,DuckDB,JOB-Complex,26:it,,2.0,0.3010299956639812,C:\Users\vanya\Documents\DATA_SYS_LAB\test44\final_benchmarks\final_paper_results\base_selection_table1\base_selection_qerrors.csv
base_selection_cardinality,PostgreSQL,JOB-Complex,26:it,,1.0,0.0,C:\Users\vanya\Documents\DATA_SYS_LAB\test44\final_benchmarks\final_paper_results\base_selection_table1\base_selection_qerrors.csv
base_selection_cardinality,DuckDB,JOB-Complex,26:it2,,2.0,0.3010299956639812,C:\Users\vanya\Documents\DATA_SYS_LAB\test44\final_benchmarks\final_paper_results\base_selection_table1\base_selection_qerrors.csv
base_selection_cardinality,PostgreSQL,JOB-Complex,26:it2,,1.0,0.0,C:\Users\vanya\Documents\DATA_SYS_LAB\test44\final_benchmarks\final_paper_results\base_selection_table1\base_selection_qerrors.csv
base_selection_cardinality,DuckDB,JOB-Complex,26:kt,,1.0,0.0,C:\Users\vanya\Documents\DATA_SYS_LAB\test44\final_benchmarks\final_paper_results\base_selection_table1\base_selection_qerrors.csv
base_selection_cardinality,PostgreSQL,JOB-Complex,26:kt,,1.0,0.0,C:\Users\vanya\Documents\DATA_SYS_LAB\test44\final_benchmarks\final_paper_results\base_selection_table1\base_selection_qerrors.csv
base_selection_cardinality,DuckDB,JOB-Complex,27:cn,,23.75,-1.3756636139608853,C:\Users\vanya\Documents\DATA_SYS_LAB\test44\final_benchmarks\final_paper_results\base_selection_table1\base_selection_qerrors.csv
base_selection_cardinality,PostgreSQL,JOB-Complex,27:cn,,1.0,0.0,C:\Users\vanya\Documents\DATA_SYS_LAB\test44\final_benchmarks\final_paper_results\base_selection_table1\base_selection_qerrors.csv
base_selection_cardinality,DuckDB,JOB-Complex,27:k,,1.0,0.0,C:\Users\vanya\Documents\DATA_SYS_LAB\test44\final_benchmarks\final_paper_results\base_selection_table1\base_selection_qerrors.csv
base_selection_cardinality,PostgreSQL,JOB-Complex,27:k,,1.0,0.0,C:\Users\vanya\Documents\DATA_SYS_LAB\test44\final_benchmarks\final_paper_results\base_selection_table1\base_selection_qerrors.csv
base_selection_cardinality,DuckDB,JOB-Complex,27:n,,48000.0,4.681241237375588,C:\Users\vanya\Documents\DATA_SYS_LAB\test44\final_benchmarks\final_paper_results\base_selection_table1\base_selection_qerrors.csv
base_selection_cardinality,PostgreSQL,JOB-Complex,27:n,,24.0,1.380211241711606,C:\Users\vanya\Documents\DATA_SYS_LAB\test44\final_benchmarks\final_paper_results\base_selection_table1\base_selection_qerrors.csv
base_selection_cardinality,DuckDB,JOB-Complex,28:cct1,,1.0,0.0,C:\Users\vanya\Documents\DATA_SYS_LAB\test44\final_benchmarks\final_paper_results\base_selection_table1\base_selection_qerrors.csv
base_selection_cardinality,PostgreSQL,JOB-Complex,28:cct1,,1.0,0.0,C:\Users\vanya\Documents\DATA_SYS_LAB\test44\final_benchmarks\final_paper_results\base_selection_table1\base_selection_qerrors.csv
base_selection_cardinality,DuckDB,JOB-Complex,28:cn,,2.2222222222222223,-0.3467874862246563,C:\Users\vanya\Documents\DATA_SYS_LAB\test44\final_benchmarks\final_paper_results\base_selection_table1\base_selection_qerrors.csv
base_selection_cardinality,PostgreSQL,JOB-Complex,28:cn,,80.0,-1.9030899869919435,C:\Users\vanya\Documents\DATA_SYS_LAB\test44\final_benchmarks\final_paper_results\base_selection_table1\base_selection_qerrors.csv
base_selection_cardinality,DuckDB,JOB-Complex,28:it1,,2.0,0.3010299956639812,C:\Users\vanya\Documents\DATA_SYS_LAB\test44\final_benchmarks\final_paper_results\base_selection_table1\base_selection_qerrors.csv
base_selection_cardinality,PostgreSQL,JOB-Complex,28:it1,,1.0,0.0,C:\Users\vanya\Documents\DATA_SYS_LAB\test44\final_benchmarks\final_paper_results\base_selection_table1\base_selection_qerrors.csv
base_selection_cardinality,DuckDB,JOB-Complex,28:kt,,1.0,0.0,C:\Users\vanya\Documents\DATA_SYS_LAB\test44\final_benchmarks\final_paper_results\base_selection_table1\base_selection_qerrors.csv
base_selection_cardinality,PostgreSQL,JOB-Complex,28:kt,,1.0,0.0,C:\Users\vanya\Documents\DATA_SYS_LAB\test44\final_benchmarks\final_paper_results\base_selection_table1\base_selection_qerrors.csv
base_selection_cardinality,DuckDB,JOB-Complex,28:mi,,496434.0,5.695861518005424,C:\Users\vanya\Documents\DATA_SYS_LAB\test44\final_benchmarks\final_paper_results\base_selection_table1\base_selection_qerrors.csv
base_selection_cardinality,PostgreSQL,JOB-Complex,28:mi,,23.0,1.3617278360175928,C:\Users\vanya\Documents\DATA_SYS_LAB\test44\final_benchmarks\final_paper_results\base_selection_table1\base_selection_qerrors.csv
base_selection_cardinality,DuckDB,JOB-Complex,28:t,,5.0,-0.6989700043360189,C:\Users\vanya\Documents\DATA_SYS_LAB\test44\final_benchmarks\final_paper_results\base_selection_table1\base_selection_qerrors.csv
base_selection_cardinality,PostgreSQL,JOB-Complex,28:t,,1.0,0.0,C:\Users\vanya\Documents\DATA_SYS_LAB\test44\final_benchmarks\final_paper_results\base_selection_table1\base_selection_qerrors.csv
base_selection_cardinality,DuckDB,JOB-Complex,29:cct1,,1.0,0.0,C:\Users\vanya\Documents\DATA_SYS_LAB\test44\final_benchmarks\final_paper_results\base_selection_table1\base_selection_qerrors.csv
base_selection_cardinality,PostgreSQL,JOB-Complex,29:cct1,,1.0,0.0,C:\Users\vanya\Documents\DATA_SYS_LAB\test44\final_benchmarks\final_paper_results\base_selection_table1\base_selection_qerrors.csv
base_selection_cardinality,DuckDB,JOB-Complex,29:cct2,,2.0,-0.3010299956639812,C:\Users\vanya\Documents\DATA_SYS_LAB\test44\final_benchmarks\final_paper_results\base_selection_table1\base_selection_qerrors.csv
base_selection_cardinality,PostgreSQL,JOB-Complex,29:cct2,,2.0,-0.3010299956639812,C:\Users\vanya\Documents\DATA_SYS_LAB\test44\final_benchmarks\final_paper_results\base_selection_table1\base_selection_qerrors.csv
base_selection_cardinality,DuckDB,JOB-Complex,29:chn,,150811.0,5.178433019684109,C:\Users\vanya\Documents\DATA_SYS_LAB\test44\final_benchmarks\final_paper_results\base_selection_table1\base_selection_qerrors.csv
base_selection_cardinality,PostgreSQL,JOB-Complex,29:chn,,75.0,1.8750612633917,C:\Users\vanya\Documents\DATA_SYS_LAB\test44\final_benchmarks\final_paper_results\base_selection_table1\base_selection_qerrors.csv
base_selection_cardinality,DuckDB,JOB-Complex,29:it2,,2.0,0.3010299956639812,C:\Users\vanya\Documents\DATA_SYS_LAB\test44\final_benchmarks\final_paper_results\base_selection_table1\base_selection_qerrors.csv
base_selection_cardinality,PostgreSQL,JOB-Complex,29:it2,,1.0,0.0,C:\Users\vanya\Documents\DATA_SYS_LAB\test44\final_benchmarks\final_paper_results\base_selection_table1\base_selection_qerrors.csv
base_selection_cardinality,DuckDB,JOB-Complex,29:k,,1141.5,3.057475915826254,C:\Users\vanya\Documents\DATA_SYS_LAB\test44\final_benchmarks\final_paper_results\base_selection_table1\base_selection_qerrors.csv
base_selection_cardinality,PostgreSQL,JOB-Complex,29:k,,5.0,0.6989700043360189,C:\Users\vanya\Documents\DATA_SYS_LAB\test44\final_benchmarks\final_paper_results\base_selection_table1\base_selection_qerrors.csv
base_selection_cardinality,DuckDB,JOB-Complex,29:kt,,1.0,0.0,C:\Users\vanya\Documents\DATA_SYS_LAB\test44\final_benchmarks\final_paper_results\base_selection_table1\base_selection_qerrors.csv
base_selection_cardinality,PostgreSQL,JOB-Complex,29:kt,,1.0,0.0,C:\Users\vanya\Documents\DATA_SYS_LAB\test44\final_benchmarks\final_paper_results\base_selection_table1\base_selection_qerrors.csv
base_selection_cardinality,DuckDB,JOB-Complex,29:mi_idx,,2.0818709382514857,-0.318453802723724,C:\Users\vanya\Documents\DATA_SYS_LAB\test44\final_benchmarks\final_paper_results\base_selection_table1\base_selection_qerrors.csv
base_selection_cardinality,PostgreSQL,JOB-Complex,29:mi_idx,,1.0021535396032049,-0.0009342647388587407,C:\Users\vanya\Documents\DATA_SYS_LAB\test44\final_benchmarks\final_paper_results\base_selection_table1\base_selection_qerrors.csv
base_selection_cardinality,DuckDB,JOB-Complex,29:t,,5.0,-0.6989700043360189,C:\Users\vanya\Documents\DATA_SYS_LAB\test44\final_benchmarks\final_paper_results\base_selection_table1\base_selection_qerrors.csv
base_selection_cardinality,PostgreSQL,JOB-Complex,29:t,,1.0,0.0,C:\Users\vanya\Documents\DATA_SYS_LAB\test44\final_benchmarks\final_paper_results\base_selection_table1\base_selection_qerrors.csv
base_selection_cardinality,DuckDB,JOB-Complex,30:cn,,23.75,-1.3756636139608853,C:\Users\vanya\Documents\DATA_SYS_LAB\test44\final_benchmarks\final_paper_results\base_selection_table1\base_selection_qerrors.csv
base_selection_cardinality,PostgreSQL,JOB-Complex,30:cn,,1.0,0.0,C:\Users\vanya\Documents\DATA_SYS_LAB\test44\final_benchmarks\final_paper_results\base_selection_table1\base_selection_qerrors.csv
base_selection_cardinality,DuckDB,JOB-Complex,30:k,,1.0,0.0,C:\Users\vanya\Documents\DATA_SYS_LAB\test44\final_benchmarks\final_paper_results\base_selection_table1\base_selection_qerrors.csv
base_selection_cardinality,PostgreSQL,JOB-Complex,30:k,,1.0,0.0,C:\Users\vanya\Documents\DATA_SYS_LAB\test44\final_benchmarks\final_paper_results\base_selection_table1\base_selection_qerrors.csv
base_selection_cardinality,DuckDB,JOB-Complex,30:n,,48000.0,4.681241237375588,C:\Users\vanya\Documents\DATA_SYS_LAB\test44\final_benchmarks\final_paper_results\base_selection_table1\base_selection_qerrors.csv
base_selection_cardinality,PostgreSQL,JOB-Complex,30:n,,24.0,1.380211241711606,C:\Users\vanya\Documents\DATA_SYS_LAB\test44\final_benchmarks\final_paper_results\base_selection_table1\base_selection_qerrors.csv
base_selection_cardinality,DuckDB,JOB-Light,01:mc,,1.2763982787665387,-0.10598620987222623,C:\Users\vanya\Documents\DATA_SYS_LAB\test44\final_benchmarks\final_paper_results\base_selection_table1\base_selection_qerrors.csv
base_selection_cardinality,PostgreSQL,JOB-Light,01:mc,,1.0018307631336212,-0.0007943634026564802,C:\Users\vanya\Documents\DATA_SYS_LAB\test44\final_benchmarks\final_paper_results\base_selection_table1\base_selection_qerrors.csv
base_selection_cardinality,DuckDB,JOB-Light,01:mi_idx,,1006.34,3.0027447353689762,C:\Users\vanya\Documents\DATA_SYS_LAB\test44\final_benchmarks\final_paper_results\base_selection_table1\base_selection_qerrors.csv
base_selection_cardinality,PostgreSQL,JOB-Light,01:mi_idx,,1.072,0.03019478535675124,C:\Users\vanya\Documents\DATA_SYS_LAB\test44\final_benchmarks\final_paper_results\base_selection_table1\base_selection_qerrors.csv
base_selection_cardinality,DuckDB,JOB-Light,02:mc,,1.2763982787665387,-0.10598620987222623,C:\Users\vanya\Documents\DATA_SYS_LAB\test44\final_benchmarks\final_paper_results\base_selection_table1\base_selection_qerrors.csv
base_selection_cardinality,PostgreSQL,JOB-Light,02:mc,,1.0018307631336212,-0.0007943634026564802,C:\Users\vanya\Documents\DATA_SYS_LAB\test44\final_benchmarks\final_paper_results\base_selection_table1\base_selection_qerrors.csv
base_selection_cardinality,DuckDB,JOB-Light,02:t,,4.289435485474538,-0.63240014027907,C:\Users\vanya\Documents\DATA_SYS_LAB\test44\final_benchmarks\final_paper_results\base_selection_table1\base_selection_qerrors.csv
base_selection_cardinality,PostgreSQL,JOB-Light,02:t,,1.0010719804723212,-0.0004653058489799169,C:\Users\vanya\Documents\DATA_SYS_LAB\test44\final_benchmarks\final_paper_results\base_selection_table1\base_selection_qerrors.csv
base_selection_cardinality,DuckDB,JOB-Light,02:mi_idx,,25158.5,4.400684744041014,C:\Users\vanya\Documents\DATA_SYS_LAB\test44\final_benchmarks\final_paper_results\base_selection_table1\base_selection_qerrors.csv
base_selection_cardinality,PostgreSQL,JOB-Light,02:mi_idx,,10.0,-1.0,C:\Users\vanya\Documents\DATA_SYS_LAB\test44\final_benchmarks\final_paper_results\base_selection_table1\base_selection_qerrors.csv
base_selection_cardinality,DuckDB,JOB-Light,03:mc,,1.2763982787665387,-0.10598620987222623,C:\Users\vanya\Documents\DATA_SYS_LAB\test44\final_benchmarks\final_paper_results\base_selection_table1\base_selection_qerrors.csv
base_selection_cardinality,PostgreSQL,JOB-Light,03:mc,,1.0018307631336212,-0.0007943634026564802,C:\Users\vanya\Documents\DATA_SYS_LAB\test44\final_benchmarks\final_paper_results\base_selection_table1\base_selection_qerrors.csv
base_selection_cardinality,DuckDB,JOB-Light,03:t,,4.623093595275496,-0.664932685888918,C:\Users\vanya\Documents\DATA_SYS_LAB\test44\final_benchmarks\final_paper_results\base_selection_table1\base_selection_qerrors.csv
base_selection_cardinality,PostgreSQL,JOB-Light,03:t,,1.000989247311828,0.00042941228629122917,C:\Users\vanya\Documents\DATA_SYS_LAB\test44\final_benchmarks\final_paper_results\base_selection_table1\base_selection_qerrors.csv
base_selection_cardinality,DuckDB,JOB-Light,03:mi_idx,,1006.34,3.0027447353689762,C:\Users\vanya\Documents\DATA_SYS_LAB\test44\final_benchmarks\final_paper_results\base_selection_table1\base_selection_qerrors.csv
base_selection_cardinality,PostgreSQL,JOB-Light,03:mi_idx,,1.072,0.03019478535675124,C:\Users\vanya\Documents\DATA_SYS_LAB\test44\final_benchmarks\final_paper_results\base_selection_table1\base_selection_qerrors.csv
base_selection_cardinality,DuckDB,JOB-Light,04:mc,,1.2763982787665387,-0.10598620987222623,C:\Users\vanya\Documents\DATA_SYS_LAB\test44\final_benchmarks\final_paper_results\base_selection_table1\base_selection_qerrors.csv
base_selection_cardinality,PostgreSQL,JOB-Light,04:mc,,1.0018307631336212,-0.0007943634026564802,C:\Users\vanya\Documents\DATA_SYS_LAB\test44\final_benchmarks\final_paper_results\base_selection_table1\base_selection_qerrors.csv
base_selection_cardinality,DuckDB,JOB-Light,04:t,,4.9697560199638104,-0.6963350684548021,C:\Users\vanya\Documents\DATA_SYS_LAB\test44\final_benchmarks\final_paper_results\base_selection_table1\base_selection_qerrors.csv
base_selection_cardinality,PostgreSQL,JOB-Light,04:t,,1.0003841014027703,0.00016678109133898365,C:\Users\vanya\Documents\DATA_SYS_LAB\test44\final_benchmarks\final_paper_results\base_selection_table1\base_selection_qerrors.csv
base_selection_cardinality,DuckDB,JOB-Light,04:mi_idx,,25158.5,4.400684744041014,C:\Users\vanya\Documents\DATA_SYS_LAB\test44\final_benchmarks\final_paper_results\base_selection_table1\base_selection_qerrors.csv
base_selection_cardinality,PostgreSQL,JOB-Light,04:mi_idx,,10.0,-1.0,C:\Users\vanya\Documents\DATA_SYS_LAB\test44\final_benchmarks\final_paper_results\base_selection_table1\base_selection_qerrors.csv
base_selection_cardinality,DuckDB,JOB-Light,05:mk,,1127.5581395348838,-3.052138944366586,C:\Users\vanya\Documents\DATA_SYS_LAB\test44\final_benchmarks\final_paper_results\base_selection_table1\base_selection_qerrors.csv
base_selection_cardinality,PostgreSQL,JOB-Light,05:mk,,1.0112136928018243,-0.004842941741327824,C:\Users\vanya\Documents\DATA_SYS_LAB\test44\final_benchmarks\final_paper_results\base_selection_table1\base_selection_qerrors.csv
base_selection_cardinality,DuckDB,JOB-Light,06:t,,4.801614603010479,-0.6813872988899298,C:\Users\vanya\Documents\DATA_SYS_LAB\test44\final_benchmarks\final_paper_results\base_selection_table1\base_selection_qerrors.csv
base_selection_cardinality,PostgreSQL,JOB-Light,06:t,,1.0001490819039416,6.474062252572449e-05,C:\Users\vanya\Documents\DATA_SYS_LAB\test44\final_benchmarks\final_paper_results\base_selection_table1\base_selection_qerrors.csv
base_selection_cardinality,DuckDB,JOB-Light,07:t,,4.623093595275496,-0.664932685888918,C:\Users\vanya\Documents\DATA_SYS_LAB\test44\final_benchmarks\final_paper_results\base_selection_table1\base_selection_qerrors.csv
base_selection_cardinality,PostgreSQL,JOB-Light,07:t,,1.000989247311828,0.00042941228629122917,C:\Users\vanya\Documents\DATA_SYS_LAB\test44\final_benchmarks\final_paper_results\base_selection_table1\base_selection_qerrors.csv
base_selection_cardinality,DuckDB,JOB-Light,08:t,,4.9697560199638104,-0.6963350684548021,C:\Users\vanya\Documents\DATA_SYS_LAB\test44\final_benchmarks\final_paper_results\base_selection_table1\base_selection_qerrors.csv
base_selection_cardinality,PostgreSQL,JOB-Light,08:t,,1.0003841014027703,0.00016678109133898365,C:\Users\vanya\Documents\DATA_SYS_LAB\test44\final_benchmarks\final_paper_results\base_selection_table1\base_selection_qerrors.csv
base_selection_cardinality,DuckDB,JOB-Light,09:t,,4.801614603010479,-0.6813872988899298,C:\Users\vanya\Documents\DATA_SYS_LAB\test44\final_benchmarks\final_paper_results\base_selection_table1\base_selection_qerrors.csv
base_selection_cardinality,PostgreSQL,JOB-Light,09:t,,1.0001490819039416,6.474062252572449e-05,C:\Users\vanya\Documents\DATA_SYS_LAB\test44\final_benchmarks\final_paper_results\base_selection_table1\base_selection_qerrors.csv
base_selection_cardinality,DuckDB,JOB-Light,09:mi_idx,,1.0005169911117298,0.00022446836794008025,C:\Users\vanya\Documents\DATA_SYS_LAB\test44\final_benchmarks\final_paper_results\base_selection_table1\base_selection_qerrors.csv
base_selection_cardinality,PostgreSQL,JOB-Light,09:mi_idx,,1.0053846612714004,0.0023322550953526456,C:\Users\vanya\Documents\DATA_SYS_LAB\test44\final_benchmarks\final_paper_results\base_selection_table1\base_selection_qerrors.csv
base_selection_cardinality,DuckDB,JOB-Light,10:t,,4.623093595275496,-0.664932685888918,C:\Users\vanya\Documents\DATA_SYS_LAB\test44\final_benchmarks\final_paper_results\base_selection_table1\base_selection_qerrors.csv
base_selection_cardinality,PostgreSQL,JOB-Light,10:t,,1.000989247311828,0.00042941228629122917,C:\Users\vanya\Documents\DATA_SYS_LAB\test44\final_benchmarks\final_paper_results\base_selection_table1\base_selection_qerrors.csv
base_selection_cardinality,DuckDB,JOB-Light,10:mi_idx,,1.0005169911117298,0.00022446836794008025,C:\Users\vanya\Documents\DATA_SYS_LAB\test44\final_benchmarks\final_paper_results\base_selection_table1\base_selection_qerrors.csv
base_selection_cardinality,PostgreSQL,JOB-Light,10:mi_idx,,1.0053846612714004,0.0023322550953526456,C:\Users\vanya\Documents\DATA_SYS_LAB\test44\final_benchmarks\final_paper_results\base_selection_table1\base_selection_qerrors.csv
base_selection_cardinality,DuckDB,JOB-Light,11:t,,4.9697560199638104,-0.6963350684548021,C:\Users\vanya\Documents\DATA_SYS_LAB\test44\final_benchmarks\final_paper_results\base_selection_table1\base_selection_qerrors.csv
base_selection_cardinality,PostgreSQL,JOB-Light,11:t,,1.0003841014027703,0.00016678109133898365,C:\Users\vanya\Documents\DATA_SYS_LAB\test44\final_benchmarks\final_paper_results\base_selection_table1\base_selection_qerrors.csv
base_selection_cardinality,DuckDB,JOB-Light,11:mi_idx,,1.0005169911117298,0.00022446836794008025,C:\Users\vanya\Documents\DATA_SYS_LAB\test44\final_benchmarks\final_paper_results\base_selection_table1\base_selection_qerrors.csv
base_selection_cardinality,PostgreSQL,JOB-Light,11:mi_idx,,1.0053846612714004,0.0023322550953526456,C:\Users\vanya\Documents\DATA_SYS_LAB\test44\final_benchmarks\final_paper_results\base_selection_table1\base_selection_qerrors.csv
base_selection_cardinality,DuckDB,JOB-Light,12:t,,4.801614603010479,-0.6813872988899298,C:\Users\vanya\Documents\DATA_SYS_LAB\test44\final_benchmarks\final_paper_results\base_selection_table1\base_selection_qerrors.csv
base_selection_cardinality,PostgreSQL,JOB-Light,12:t,,1.0001490819039416,6.474062252572449e-05,C:\Users\vanya\Documents\DATA_SYS_LAB\test44\final_benchmarks\final_paper_results\base_selection_table1\base_selection_qerrors.csv
base_selection_cardinality,DuckDB,JOB-Light,12:mc,,1.2763982787665387,-0.10598620987222623,C:\Users\vanya\Documents\DATA_SYS_LAB\test44\final_benchmarks\final_paper_results\base_selection_table1\base_selection_qerrors.csv
base_selection_cardinality,PostgreSQL,JOB-Light,12:mc,,1.0018307631336212,-0.0007943634026564802,C:\Users\vanya\Documents\DATA_SYS_LAB\test44\final_benchmarks\final_paper_results\base_selection_table1\base_selection_qerrors.csv
base_selection_cardinality,DuckDB,JOB-Light,13:t,,4.623093595275496,-0.664932685888918,C:\Users\vanya\Documents\DATA_SYS_LAB\test44\final_benchmarks\final_paper_results\base_selection_table1\base_selection_qerrors.csv
base_selection_cardinality,PostgreSQL,JOB-Light,13:t,,1.000989247311828,0.00042941228629122917,C:\Users\vanya\Documents\DATA_SYS_LAB\test44\final_benchmarks\final_paper_results\base_selection_table1\base_selection_qerrors.csv
base_selection_cardinality,DuckDB,JOB-Light,13:mc,,1.2763982787665387,-0.10598620987222623,C:\Users\vanya\Documents\DATA_SYS_LAB\test44\final_benchmarks\final_paper_results\base_selection_table1\base_selection_qerrors.csv
base_selection_cardinality,PostgreSQL,JOB-Light,13:mc,,1.0018307631336212,-0.0007943634026564802,C:\Users\vanya\Documents\DATA_SYS_LAB\test44\final_benchmarks\final_paper_results\base_selection_table1\base_selection_qerrors.csv
base_selection_cardinality,DuckDB,JOB-Light,14:t,,4.9697560199638104,-0.6963350684548021,C:\Users\vanya\Documents\DATA_SYS_LAB\test44\final_benchmarks\final_paper_results\base_selection_table1\base_selection_qerrors.csv
base_selection_cardinality,PostgreSQL,JOB-Light,14:t,,1.0003841014027703,0.00016678109133898365,C:\Users\vanya\Documents\DATA_SYS_LAB\test44\final_benchmarks\final_paper_results\base_selection_table1\base_selection_qerrors.csv
base_selection_cardinality,DuckDB,JOB-Light,14:mc,,1.2763982787665387,-0.10598620987222623,C:\Users\vanya\Documents\DATA_SYS_LAB\test44\final_benchmarks\final_paper_results\base_selection_table1\base_selection_qerrors.csv
base_selection_cardinality,PostgreSQL,JOB-Light,14:mc,,1.0018307631336212,-0.0007943634026564802,C:\Users\vanya\Documents\DATA_SYS_LAB\test44\final_benchmarks\final_paper_results\base_selection_table1\base_selection_qerrors.csv
base_selection_cardinality,DuckDB,JOB-Light,15:mk,,167.45736434108528,-2.2239042514421374,C:\Users\vanya\Documents\DATA_SYS_LAB\test44\final_benchmarks\final_paper_results\base_selection_table1\base_selection_qerrors.csv
base_selection_cardinality,PostgreSQL,JOB-Light,15:mk,,1.015646699379687,0.006742661497306049,C:\Users\vanya\Documents\DATA_SYS_LAB\test44\final_benchmarks\final_paper_results\base_selection_table1\base_selection_qerrors.csv
base_selection_cardinality,DuckDB,JOB-Light,15:t,,4.623093595275496,-0.664932685888918,C:\Users\vanya\Documents\DATA_SYS_LAB\test44\final_benchmarks\final_paper_results\base_selection_table1\base_selection_qerrors.csv
base_selection_cardinality,PostgreSQL,JOB-Light,15:t,,1.000989247311828,0.00042941228629122917,C:\Users\vanya\Documents\DATA_SYS_LAB\test44\final_benchmarks\final_paper_results\base_selection_table1\base_selection_qerrors.csv
base_selection_cardinality,DuckDB,JOB-Light,16:t,,4.501004155813168,-0.6533094139262356,C:\Users\vanya\Documents\DATA_SYS_LAB\test44\final_benchmarks\final_paper_results\base_selection_table1\base_selection_qerrors.csv
base_selection_cardinality,PostgreSQL,JOB-Light,16:t,,1.0007377628556282,0.00032028820330499324,C:\Users\vanya\Documents\DATA_SYS_LAB\test44\final_benchmarks\final_paper_results\base_selection_table1\base_selection_qerrors.csv
base_selection_cardinality,DuckDB,JOB-Light,17:mk,,167.45736434108528,-2.2239042514421374,C:\Users\vanya\Documents\DATA_SYS_LAB\test44\final_benchmarks\final_paper_results\base_selection_table1\base_selection_qerrors.csv
base_selection_cardinality,PostgreSQL,JOB-Light,17:mk,,1.015646699379687,0.006742661497306049,C:\Users\vanya\Documents\DATA_SYS_LAB\test44\final_benchmarks\final_paper_results\base_selection_table1\base_selection_qerrors.csv
base_selection_cardinality,DuckDB,JOB-Light,17:t,,4.501004155813168,-0.6533094139262356,C:\Users\vanya\Documents\DATA_SYS_LAB\test44\final_benchmarks\final_paper_results\base_selection_table1\base_selection_qerrors.csv
base_selection_cardinality,PostgreSQL,JOB-Light,17:t,,1.0007377628556282,0.00032028820330499324,C:\Users\vanya\Documents\DATA_SYS_LAB\test44\final_benchmarks\final_paper_results\base_selection_table1\base_selection_qerrors.csv
base_selection_cardinality,DuckDB,JOB-Light,18:mk,,167.45736434108528,-2.2239042514421374,C:\Users\vanya\Documents\DATA_SYS_LAB\test44\final_benchmarks\final_paper_results\base_selection_table1\base_selection_qerrors.csv
base_selection_cardinality,PostgreSQL,JOB-Light,18:mk,,1.015646699379687,0.006742661497306049,C:\Users\vanya\Documents\DATA_SYS_LAB\test44\final_benchmarks\final_paper_results\base_selection_table1\base_selection_qerrors.csv
base_selection_cardinality,DuckDB,JOB-Light,18:t,,4.9697560199638104,-0.6963350684548021,C:\Users\vanya\Documents\DATA_SYS_LAB\test44\final_benchmarks\final_paper_results\base_selection_table1\base_selection_qerrors.csv
base_selection_cardinality,PostgreSQL,JOB-Light,18:t,,1.0003841014027703,0.00016678109133898365,C:\Users\vanya\Documents\DATA_SYS_LAB\test44\final_benchmarks\final_paper_results\base_selection_table1\base_selection_qerrors.csv
base_selection_cardinality,DuckDB,JOB-Light,19:t,,4.9697560199638104,-0.6963350684548021,C:\Users\vanya\Documents\DATA_SYS_LAB\test44\final_benchmarks\final_paper_results\base_selection_table1\base_selection_qerrors.csv
base_selection_cardinality,PostgreSQL,JOB-Light,19:t,,1.0003841014027703,0.00016678109133898365,C:\Users\vanya\Documents\DATA_SYS_LAB\test44\final_benchmarks\final_paper_results\base_selection_table1\base_selection_qerrors.csv
base_selection_cardinality,DuckDB,JOB-Light,20:t,,2.1333248494103674,0.329056992141605,C:\Users\vanya\Documents\DATA_SYS_LAB\test44\final_benchmarks\final_paper_results\base_selection_table1\base_selection_qerrors.csv
base_selection_cardinality,PostgreSQL,JOB-Light,20:t,,1.0030208909500915,-0.0013099786135001403,C:\Users\vanya\Documents\DATA_SYS_LAB\test44\final_benchmarks\final_paper_results\base_selection_table1\base_selection_qerrors.csv
base_selection_cardinality,DuckDB,JOB-Light,21:t,,10.975774770842428,1.040435186483676,C:\Users\vanya\Documents\DATA_SYS_LAB\test44\final_benchmarks\final_paper_results\base_selection_table1\base_selection_qerrors.csv
base_selection_cardinality,PostgreSQL,JOB-Light,21:t,,1.0135312090790047,0.00583712621315749,C:\Users\vanya\Documents\DATA_SYS_LAB\test44\final_benchmarks\final_paper_results\base_selection_table1\base_selection_qerrors.csv
base_selection_cardinality,DuckDB,JOB-Light,22:t,,3.450260702524698,0.5378519117081317,C:\Users\vanya\Documents\DATA_SYS_LAB\test44\final_benchmarks\final_paper_results\base_selection_table1\base_selection_qerrors.csv
base_selection_cardinality,PostgreSQL,JOB-Light,22:t,,1.0127848804891606,-0.005517209291428056,C:\Users\vanya\Documents\DATA_SYS_LAB\test44\final_benchmarks\final_paper_results\base_selection_table1\base_selection_qerrors.csv
base_selection_cardinality,DuckDB,JOB-Light,23:ci,,2.984667897232084,-0.4748960143855013,C:\Users\vanya\Documents\DATA_SYS_LAB\test44\final_benchmarks\final_paper_results\base_selection_table1\base_selection_qerrors.csv
base_selection_cardinality,PostgreSQL,JOB-Light,23:ci,,1.0039919900884549,-0.0017302479939994952,C:\Users\vanya\Documents\DATA_SYS_LAB\test44\final_benchmarks\final_paper_results\base_selection_table1\base_selection_qerrors.csv
base_selection_cardinality,DuckDB,JOB-Light,24:ci,,1.2287375677524601,0.08945913671297437,C:\Users\vanya\Documents\DATA_SYS_LAB\test44\final_benchmarks\final_paper_results\base_selection_table1\base_selection_qerrors.csv
base_selection_cardinality,PostgreSQL,JOB-Light,24:ci,,1.0275780024874277,-0.01181479868833297,C:\Users\vanya\Documents\DATA_SYS_LAB\test44\final_benchmarks\final_paper_results\base_selection_table1\base_selection_qerrors.csv
base_selection_cardinality,DuckDB,JOB-Light,25:ci,,5.868380708235945,0.7685182807204632,C:\Users\vanya\Documents\DATA_SYS_LAB\test44\final_benchmarks\final_paper_results\base_selection_table1\base_selection_qerrors.csv
base_selection_cardinality,PostgreSQL,JOB-Light,25:ci,,1.0467208586536185,-0.0198308787086214,C:\Users\vanya\Documents\DATA_SYS_LAB\test44\final_benchmarks\final_paper_results\base_selection_table1\base_selection_qerrors.csv
base_selection_cardinality,DuckDB,JOB-Light,26:ci,,2.984667897232084,-0.4748960143855013,C:\Users\vanya\Documents\DATA_SYS_LAB\test44\final_benchmarks\final_paper_results\base_selection_table1\base_selection_qerrors.csv
base_selection_cardinality,PostgreSQL,JOB-Light,26:ci,,1.0039919900884549,-0.0017302479939994952,C:\Users\vanya\Documents\DATA_SYS_LAB\test44\final_benchmarks\final_paper_results\base_selection_table1\base_selection_qerrors.csv
base_selection_cardinality,DuckDB,JOB-Light,26:t,,3.326564360365128,0.5219959303316046,C:\Users\vanya\Documents\DATA_SYS_LAB\test44\final_benchmarks\final_paper_results\base_selection_table1\base_selection_qerrors.csv
base_selection_cardinality,PostgreSQL,JOB-Light,26:t,,1.008740908787616,-0.003779633696754981,C:\Users\vanya\Documents\DATA_SYS_LAB\test44\final_benchmarks\final_paper_results\base_selection_table1\base_selection_qerrors.csv
base_selection_cardinality,DuckDB,JOB-Light,27:ci,,2.984667897232084,-0.4748960143855013,C:\Users\vanya\Documents\DATA_SYS_LAB\test44\final_benchmarks\final_paper_results\base_selection_table1\base_selection_qerrors.csv
base_selection_cardinality,PostgreSQL,JOB-Light,27:ci,,1.0039919900884549,-0.0017302479939994952,C:\Users\vanya\Documents\DATA_SYS_LAB\test44\final_benchmarks\final_paper_results\base_selection_table1\base_selection_qerrors.csv
base_selection_cardinality,DuckDB,JOB-Light,27:t,,16.4996719160105,1.2174753086694918,C:\Users\vanya\Documents\DATA_SYS_LAB\test44\final_benchmarks\final_paper_results\base_selection_table1\base_selection_qerrors.csv
base_selection_cardinality,PostgreSQL,JOB-Light,27:t,,1.0510344827586207,-0.021616964768606788,C:\Users\vanya\Documents\DATA_SYS_LAB\test44\final_benchmarks\final_paper_results\base_selection_table1\base_selection_qerrors.csv
base_selection_cardinality,DuckDB,JOB-Light,28:t,,4.801614603010479,-0.6813872988899298,C:\Users\vanya\Documents\DATA_SYS_LAB\test44\final_benchmarks\final_paper_results\base_selection_table1\base_selection_qerrors.csv
base_selection_cardinality,PostgreSQL,JOB-Light,28:t,,1.0001490819039416,6.474062252572449e-05,C:\Users\vanya\Documents\DATA_SYS_LAB\test44\final_benchmarks\final_paper_results\base_selection_table1\base_selection_qerrors.csv
base_selection_cardinality,DuckDB,JOB-Light,28:ci,,3.9854045233985875,-0.6004724093867166,C:\Users\vanya\Documents\DATA_SYS_LAB\test44\final_benchmarks\final_paper_results\base_selection_table1\base_selection_qerrors.csv
base_selection_cardinality,PostgreSQL,JOB-Light,28:ci,,1.0024658216012006,-0.0010695745660000493,C:\Users\vanya\Documents\DATA_SYS_LAB\test44\final_benchmarks\final_paper_results\base_selection_table1\base_selection_qerrors.csv
base_selection_cardinality,DuckDB,JOB-Light,29:t,,4.623093595275496,-0.664932685888918,C:\Users\vanya\Documents\DATA_SYS_LAB\test44\final_benchmarks\final_paper_results\base_selection_table1\base_selection_qerrors.csv
base_selection_cardinality,PostgreSQL,JOB-Light,29:t,,1.000989247311828,0.00042941228629122917,C:\Users\vanya\Documents\DATA_SYS_LAB\test44\final_benchmarks\final_paper_results\base_selection_table1\base_selection_qerrors.csv
base_selection_cardinality,DuckDB,JOB-Light,29:ci,,3.9854045233985875,-0.6004724093867166,C:\Users\vanya\Documents\DATA_SYS_LAB\test44\final_benchmarks\final_paper_results\base_selection_table1\base_selection_qerrors.csv
base_selection_cardinality,PostgreSQL,JOB-Light,29:ci,,1.0024658216012006,-0.0010695745660000493,C:\Users\vanya\Documents\DATA_SYS_LAB\test44\final_benchmarks\final_paper_results\base_selection_table1\base_selection_qerrors.csv
base_selection_cardinality,DuckDB,JOB-Light,30:t,,4.9697560199638104,-0.6963350684548021,C:\Users\vanya\Documents\DATA_SYS_LAB\test44\final_benchmarks\final_paper_results\base_selection_table1\base_selection_qerrors.csv
base_selection_cardinality,PostgreSQL,JOB-Light,30:t,,1.0003841014027703,0.00016678109133898365,C:\Users\vanya\Documents\DATA_SYS_LAB\test44\final_benchmarks\final_paper_results\base_selection_table1\base_selection_qerrors.csv
base_selection_cardinality,DuckDB,JOB-Light,31:t,,4.45757690242787,-0.6490988443907398,C:\Users\vanya\Documents\DATA_SYS_LAB\test44\final_benchmarks\final_paper_results\base_selection_table1\base_selection_qerrors.csv
base_selection_cardinality,PostgreSQL,JOB-Light,31:t,,1.0007678434313674,-0.0003333422042690087,C:\Users\vanya\Documents\DATA_SYS_LAB\test44\final_benchmarks\final_paper_results\base_selection_table1\base_selection_qerrors.csv
base_selection_cardinality,DuckDB,JOB-Light,31:mk,,98.64341085271317,-1.9940680807095474,C:\Users\vanya\Documents\DATA_SYS_LAB\test44\final_benchmarks\final_paper_results\base_selection_table1\base_selection_qerrors.csv
base_selection_cardinality,PostgreSQL,JOB-Light,31:mk,,1.0713555992141455,0.029933643702080764,C:\Users\vanya\Documents\DATA_SYS_LAB\test44\final_benchmarks\final_paper_results\base_selection_table1\base_selection_qerrors.csv
base_selection_cardinality,DuckDB,JOB-Light,31:mc,,1.2763982787665387,-0.10598620987222623,C:\Users\vanya\Documents\DATA_SYS_LAB\test44\final_benchmarks\final_paper_results\base_selection_table1\base_selection_qerrors.csv
base_selection_cardinality,PostgreSQL,JOB-Light,31:mc,,1.0018307631336212,-0.0007943634026564802,C:\Users\vanya\Documents\DATA_SYS_LAB\test44\final_benchmarks\final_paper_results\base_selection_table1\base_selection_qerrors.csv
base_selection_cardinality,DuckDB,JOB-Light,32:mk,,98.64341085271317,-1.9940680807095474,C:\Users\vanya\Documents\DATA_SYS_LAB\test44\final_benchmarks\final_paper_results\base_selection_table1\base_selection_qerrors.csv
base_selection_cardinality,PostgreSQL,JOB-Light,32:mk,,1.0713555992141455,0.029933643702080764,C:\Users\vanya\Documents\DATA_SYS_LAB\test44\final_benchmarks\final_paper_results\base_selection_table1\base_selection_qerrors.csv
base_selection_cardinality,DuckDB,JOB-Light,32:mc,,1.2763982787665387,-0.10598620987222623,C:\Users\vanya\Documents\DATA_SYS_LAB\test44\final_benchmarks\final_paper_results\base_selection_table1\base_selection_qerrors.csv
base_selection_cardinality,PostgreSQL,JOB-Light,32:mc,,1.0018307631336212,-0.0007943634026564802,C:\Users\vanya\Documents\DATA_SYS_LAB\test44\final_benchmarks\final_paper_results\base_selection_table1\base_selection_qerrors.csv
base_selection_cardinality,DuckDB,JOB-Light,33:t,,4.9697560199638104,-0.6963350684548021,C:\Users\vanya\Documents\DATA_SYS_LAB\test44\final_benchmarks\final_paper_results\base_selection_table1\base_selection_qerrors.csv
base_selection_cardinality,PostgreSQL,JOB-Light,33:t,,1.0003841014027703,0.00016678109133898365,C:\Users\vanya\Documents\DATA_SYS_LAB\test44\final_benchmarks\final_paper_results\base_selection_table1\base_selection_qerrors.csv
base_selection_cardinality,DuckDB,JOB-Light,34:t,,16.370768229166668,1.2140690599775803,C:\Users\vanya\Documents\DATA_SYS_LAB\test44\final_benchmarks\final_paper_results\base_selection_table1\base_selection_qerrors.csv
base_selection_cardinality,PostgreSQL,JOB-Light,34:t,,1.032258064516129,-0.013788284485633285,C:\Users\vanya\Documents\DATA_SYS_LAB\test44\final_benchmarks\final_paper_results\base_selection_table1\base_selection_qerrors.csv
base_selection_cardinality,DuckDB,JOB-Light,34:mi,,1.483299995769856,-0.1712289954865102,C:\Users\vanya\Documents\DATA_SYS_LAB\test44\final_benchmarks\final_paper_results\base_selection_table1\base_selection_qerrors.csv
base_selection_cardinality,PostgreSQL,JOB-Light,34:mi,,1.0173188568169318,0.00745709456718807,C:\Users\vanya\Documents\DATA_SYS_LAB\test44\final_benchmarks\final_paper_results\base_selection_table1\base_selection_qerrors.csv
base_selection_cardinality,DuckDB,JOB-Light,34:mi_idx,,1.0005169911117298,0.00022446836794008025,C:\Users\vanya\Documents\DATA_SYS_LAB\test44\final_benchmarks\final_paper_results\base_selection_table1\base_selection_qerrors.csv
base_selection_cardinality,PostgreSQL,JOB-Light,34:mi_idx,,1.0053846612714004,0.0023322550953526456,C:\Users\vanya\Documents\DATA_SYS_LAB\test44\final_benchmarks\final_paper_results\base_selection_table1\base_selection_qerrors.csv
base_selection_cardinality,DuckDB,JOB-Light,34:mc,,1.2763982787665387,-0.10598620987222623,C:\Users\vanya\Documents\DATA_SYS_LAB\test44\final_benchmarks\final_paper_results\base_selection_table1\base_selection_qerrors.csv
base_selection_cardinality,PostgreSQL,JOB-Light,34:mc,,1.0018307631336212,-0.0007943634026564802,C:\Users\vanya\Documents\DATA_SYS_LAB\test44\final_benchmarks\final_paper_results\base_selection_table1\base_selection_qerrors.csv
base_selection_cardinality,DuckDB,JOB-Light,35:mi,,1.65479,0.21874288776254797,C:\Users\vanya\Documents\DATA_SYS_LAB\test44\final_benchmarks\final_paper_results\base_selection_table1\base_selection_qerrors.csv
base_selection_cardinality,PostgreSQL,JOB-Light,35:mi,,1.05823,0.02458006928238905,C:\Users\vanya\Documents\DATA_SYS_LAB\test44\final_benchmarks\final_paper_results\base_selection_table1\base_selection_qerrors.csv
base_selection_cardinality,DuckDB,JOB-Light,35:mi_idx,,25158.5,4.400684744041014,C:\Users\vanya\Documents\DATA_SYS_LAB\test44\final_benchmarks\final_paper_results\base_selection_table1\base_selection_qerrors.csv
base_selection_cardinality,PostgreSQL,JOB-Light,35:mi_idx,,10.0,-1.0,C:\Users\vanya\Documents\DATA_SYS_LAB\test44\final_benchmarks\final_paper_results\base_selection_table1\base_selection_qerrors.csv
base_selection_cardinality,DuckDB,JOB-Light,36:t,,3.450260702524698,0.5378519117081317,C:\Users\vanya\Documents\DATA_SYS_LAB\test44\final_benchmarks\final_paper_results\base_selection_table1\base_selection_qerrors.csv
base_selection_cardinality,PostgreSQL,JOB-Light,36:t,,1.0127848804891606,-0.005517209291428056,C:\Users\vanya\Documents\DATA_SYS_LAB\test44\final_benchmarks\final_paper_results\base_selection_table1\base_selection_qerrors.csv
base_selection_cardinality,DuckDB,JOB-Light,36:mi,,1.483299995769856,-0.1712289954865102,C:\Users\vanya\Documents\DATA_SYS_LAB\test44\final_benchmarks\final_paper_results\base_selection_table1\base_selection_qerrors.csv
base_selection_cardinality,PostgreSQL,JOB-Light,36:mi,,1.0173188568169318,0.00745709456718807,C:\Users\vanya\Documents\DATA_SYS_LAB\test44\final_benchmarks\final_paper_results\base_selection_table1\base_selection_qerrors.csv
base_selection_cardinality,DuckDB,JOB-Light,36:mi_idx,,1.0005169911117298,0.00022446836794008025,C:\Users\vanya\Documents\DATA_SYS_LAB\test44\final_benchmarks\final_paper_results\base_selection_table1\base_selection_qerrors.csv
base_selection_cardinality,PostgreSQL,JOB-Light,36:mi_idx,,1.0053846612714004,0.0023322550953526456,C:\Users\vanya\Documents\DATA_SYS_LAB\test44\final_benchmarks\final_paper_results\base_selection_table1\base_selection_qerrors.csv
base_selection_cardinality,DuckDB,JOB-Light,36:mc,,1.2763982787665387,-0.10598620987222623,C:\Users\vanya\Documents\DATA_SYS_LAB\test44\final_benchmarks\final_paper_results\base_selection_table1\base_selection_qerrors.csv
base_selection_cardinality,PostgreSQL,JOB-Light,36:mc,,1.0018307631336212,-0.0007943634026564802,C:\Users\vanya\Documents\DATA_SYS_LAB\test44\final_benchmarks\final_paper_results\base_selection_table1\base_selection_qerrors.csv
base_selection_cardinality,DuckDB,JOB-Light,37:t,,1.1930469225354634,-0.07665752480821794,C:\Users\vanya\Documents\DATA_SYS_LAB\test44\final_benchmarks\final_paper_results\base_selection_table1\base_selection_qerrors.csv
base_selection_cardinality,PostgreSQL,JOB-Light,37:t,,1.00356,0.0015433428324148595,C:\Users\vanya\Documents\DATA_SYS_LAB\test44\final_benchmarks\final_paper_results\base_selection_table1\base_selection_qerrors.csv
base_selection_cardinality,DuckDB,JOB-Light,37:mi,,4.127170214951746,-0.6156523806510688,C:\Users\vanya\Documents\DATA_SYS_LAB\test44\final_benchmarks\final_paper_results\base_selection_table1\base_selection_qerrors.csv
base_selection_cardinality,PostgreSQL,JOB-Light,37:mi,,1.0166756480756463,-0.007182421242661568,C:\Users\vanya\Documents\DATA_SYS_LAB\test44\final_benchmarks\final_paper_results\base_selection_table1\base_selection_qerrors.csv
base_selection_cardinality,DuckDB,JOB-Light,37:mc,,1.2763982787665387,-0.10598620987222623,C:\Users\vanya\Documents\DATA_SYS_LAB\test44\final_benchmarks\final_paper_results\base_selection_table1\base_selection_qerrors.csv
base_selection_cardinality,PostgreSQL,JOB-Light,37:mc,,1.0018307631336212,-0.0007943634026564802,C:\Users\vanya\Documents\DATA_SYS_LAB\test44\final_benchmarks\final_paper_results\base_selection_table1\base_selection_qerrors.csv
base_selection_cardinality,DuckDB,JOB-Light,37:mi_idx,,1.0005169911117298,0.00022446836794008025,C:\Users\vanya\Documents\DATA_SYS_LAB\test44\final_benchmarks\final_paper_results\base_selection_table1\base_selection_qerrors.csv
base_selection_cardinality,PostgreSQL,JOB-Light,37:mi_idx,,1.0053846612714004,0.0023322550953526456,C:\Users\vanya\Documents\DATA_SYS_LAB\test44\final_benchmarks\final_paper_results\base_selection_table1\base_selection_qerrors.csv
base_selection_cardinality,DuckDB,JOB-Light,38:t,,1.0342278980813129,0.0146162485969051,C:\Users\vanya\Documents\DATA_SYS_LAB\test44\final_benchmarks\final_paper_results\base_selection_table1\base_selection_qerrors.csv
base_selection_cardinality,PostgreSQL,JOB-Light,38:t,,1.1460669998149176,0.05921000750864602,C:\Users\vanya\Documents\DATA_SYS_LAB\test44\final_benchmarks\final_paper_results\base_selection_table1\base_selection_qerrors.csv
base_selection_cardinality,DuckDB,JOB-Light,38:mi,,1.483299995769856,-0.1712289954865102,C:\Users\vanya\Documents\DATA_SYS_LAB\test44\final_benchmarks\final_paper_results\base_selection_table1\base_selection_qerrors.csv
base_selection_cardinality,PostgreSQL,JOB-Light,38:mi,,1.0152711539813783,-0.006582047127031374,C:\Users\vanya\Documents\DATA_SYS_LAB\test44\final_benchmarks\final_paper_results\base_selection_table1\base_selection_qerrors.csv
base_selection_cardinality,DuckDB,JOB-Light,38:mi_idx,,1.0005169911117298,0.00022446836794008025,C:\Users\vanya\Documents\DATA_SYS_LAB\test44\final_benchmarks\final_paper_results\base_selection_table1\base_selection_qerrors.csv
base_selection_cardinality,PostgreSQL,JOB-Light,38:mi_idx,,1.0053846612714004,0.0023322550953526456,C:\Users\vanya\Documents\DATA_SYS_LAB\test44\final_benchmarks\final_paper_results\base_selection_table1\base_selection_qerrors.csv
base_selection_cardinality,DuckDB,JOB-Light,39:t,,1.1930469225354634,-0.07665752480821794,C:\Users\vanya\Documents\DATA_SYS_LAB\test44\final_benchmarks\final_paper_results\base_selection_table1\base_selection_qerrors.csv
base_selection_cardinality,PostgreSQL,JOB-Light,39:t,,1.00356,0.0015433428324148595,C:\Users\vanya\Documents\DATA_SYS_LAB\test44\final_benchmarks\final_paper_results\base_selection_table1\base_selection_qerrors.csv
base_selection_cardinality,DuckDB,JOB-Light,39:mi,,1.483299995769856,-0.1712289954865102,C:\Users\vanya\Documents\DATA_SYS_LAB\test44\final_benchmarks\final_paper_results\base_selection_table1\base_selection_qerrors.csv
base_selection_cardinality,PostgreSQL,JOB-Light,39:mi,,1.0152711539813783,-0.006582047127031374,C:\Users\vanya\Documents\DATA_SYS_LAB\test44\final_benchmarks\final_paper_results\base_selection_table1\base_selection_qerrors.csv
base_selection_cardinality,DuckDB,JOB-Light,39:mi_idx,,1.0005169911117298,0.00022446836794008025,C:\Users\vanya\Documents\DATA_SYS_LAB\test44\final_benchmarks\final_paper_results\base_selection_table1\base_selection_qerrors.csv
base_selection_cardinality,PostgreSQL,JOB-Light,39:mi_idx,,1.0053846612714004,0.0023322550953526456,C:\Users\vanya\Documents\DATA_SYS_LAB\test44\final_benchmarks\final_paper_results\base_selection_table1\base_selection_qerrors.csv
base_selection_cardinality,DuckDB,JOB-Light,40:t,,4.801614603010479,-0.6813872988899298,C:\Users\vanya\Documents\DATA_SYS_LAB\test44\final_benchmarks\final_paper_results\base_selection_table1\base_selection_qerrors.csv
base_selection_cardinality,PostgreSQL,JOB-Light,40:t,,1.0001490819039416,6.474062252572449e-05,C:\Users\vanya\Documents\DATA_SYS_LAB\test44\final_benchmarks\final_paper_results\base_selection_table1\base_selection_qerrors.csv
base_selection_cardinality,DuckDB,JOB-Light,40:mi,,1.483299995769856,-0.1712289954865102,C:\Users\vanya\Documents\DATA_SYS_LAB\test44\final_benchmarks\final_paper_results\base_selection_table1\base_selection_qerrors.csv
base_selection_cardinality,PostgreSQL,JOB-Light,40:mi,,1.0152711539813783,-0.006582047127031374,C:\Users\vanya\Documents\DATA_SYS_LAB\test44\final_benchmarks\final_paper_results\base_selection_table1\base_selection_qerrors.csv
base_selection_cardinality,DuckDB,JOB-Light,40:mi_idx,,1.0005169911117298,0.00022446836794008025,C:\Users\vanya\Documents\DATA_SYS_LAB\test44\final_benchmarks\final_paper_results\base_selection_table1\base_selection_qerrors.csv
base_selection_cardinality,PostgreSQL,JOB-Light,40:mi_idx,,1.0053846612714004,0.0023322550953526456,C:\Users\vanya\Documents\DATA_SYS_LAB\test44\final_benchmarks\final_paper_results\base_selection_table1\base_selection_qerrors.csv
base_selection_cardinality,DuckDB,JOB-Light,41:t,,4.9697560199638104,-0.6963350684548021,C:\Users\vanya\Documents\DATA_SYS_LAB\test44\final_benchmarks\final_paper_results\base_selection_table1\base_selection_qerrors.csv
base_selection_cardinality,PostgreSQL,JOB-Light,41:t,,1.0003841014027703,0.00016678109133898365,C:\Users\vanya\Documents\DATA_SYS_LAB\test44\final_benchmarks\final_paper_results\base_selection_table1\base_selection_qerrors.csv
base_selection_cardinality,DuckDB,JOB-Light,41:mi,,4.127170214951746,-0.6156523806510688,C:\Users\vanya\Documents\DATA_SYS_LAB\test44\final_benchmarks\final_paper_results\base_selection_table1\base_selection_qerrors.csv
base_selection_cardinality,PostgreSQL,JOB-Light,41:mi,,1.0166756480756463,-0.007182421242661568,C:\Users\vanya\Documents\DATA_SYS_LAB\test44\final_benchmarks\final_paper_results\base_selection_table1\base_selection_qerrors.csv
base_selection_cardinality,DuckDB,JOB-Light,42:t,,8.21748366013072,0.9147388491914936,C:\Users\vanya\Documents\DATA_SYS_LAB\test44\final_benchmarks\final_paper_results\base_selection_table1\base_selection_qerrors.csv
base_selection_cardinality,PostgreSQL,JOB-Light,42:t,,1.0415248468345812,-0.017669635027342267,C:\Users\vanya\Documents\DATA_SYS_LAB\test44\final_benchmarks\final_paper_results\base_selection_table1\base_selection_qerrors.csv
base_selection_cardinality,DuckDB,JOB-Light,42:mi,,4.127170214951746,-0.6156523806510688,C:\Users\vanya\Documents\DATA_SYS_LAB\test44\final_benchmarks\final_paper_results\base_selection_table1\base_selection_qerrors.csv
base_selection_cardinality,PostgreSQL,JOB-Light,42:mi,,1.0166756480756463,-0.007182421242661568,C:\Users\vanya\Documents\DATA_SYS_LAB\test44\final_benchmarks\final_paper_results\base_selection_table1\base_selection_qerrors.csv
base_selection_cardinality,DuckDB,JOB-Light,43:t,,4.9697560199638104,-0.6963350684548021,C:\Users\vanya\Documents\DATA_SYS_LAB\test44\final_benchmarks\final_paper_results\base_selection_table1\base_selection_qerrors.csv
base_selection_cardinality,PostgreSQL,JOB-Light,43:t,,1.0003841014027703,0.00016678109133898365,C:\Users\vanya\Documents\DATA_SYS_LAB\test44\final_benchmarks\final_paper_results\base_selection_table1\base_selection_qerrors.csv
base_selection_cardinality,DuckDB,JOB-Light,43:mi,,4.127170214951746,-0.6156523806510688,C:\Users\vanya\Documents\DATA_SYS_LAB\test44\final_benchmarks\final_paper_results\base_selection_table1\base_selection_qerrors.csv
base_selection_cardinality,PostgreSQL,JOB-Light,43:mi,,1.0166756480756463,-0.007182421242661568,C:\Users\vanya\Documents\DATA_SYS_LAB\test44\final_benchmarks\final_paper_results\base_selection_table1\base_selection_qerrors.csv
base_selection_cardinality,DuckDB,JOB-Light,44:mk,,1127.5581395348838,-3.052138944366586,C:\Users\vanya\Documents\DATA_SYS_LAB\test44\final_benchmarks\final_paper_results\base_selection_table1\base_selection_qerrors.csv
base_selection_cardinality,PostgreSQL,JOB-Light,44:mk,,1.0112136928018243,-0.004842941741327824,C:\Users\vanya\Documents\DATA_SYS_LAB\test44\final_benchmarks\final_paper_results\base_selection_table1\base_selection_qerrors.csv
base_selection_cardinality,DuckDB,JOB-Light,45:mi,,1.65479,0.21874288776254797,C:\Users\vanya\Documents\DATA_SYS_LAB\test44\final_benchmarks\final_paper_results\base_selection_table1\base_selection_qerrors.csv
base_selection_cardinality,PostgreSQL,JOB-Light,45:mi,,1.05823,0.02458006928238905,C:\Users\vanya\Documents\DATA_SYS_LAB\test44\final_benchmarks\final_paper_results\base_selection_table1\base_selection_qerrors.csv
base_selection_cardinality,DuckDB,JOB-Light,45:mi_idx,,1.0005169911117298,0.00022446836794008025,C:\Users\vanya\Documents\DATA_SYS_LAB\test44\final_benchmarks\final_paper_results\base_selection_table1\base_selection_qerrors.csv
base_selection_cardinality,PostgreSQL,JOB-Light,45:mi_idx,,1.00544999440206,-0.002360476031431008,C:\Users\vanya\Documents\DATA_SYS_LAB\test44\final_benchmarks\final_paper_results\base_selection_table1\base_selection_qerrors.csv
base_selection_cardinality,DuckDB,JOB-Light,46:t,,5.597217584863662,0.7479721898920622,C:\Users\vanya\Documents\DATA_SYS_LAB\test44\final_benchmarks\final_paper_results\base_selection_table1\base_selection_qerrors.csv
base_selection_cardinality,PostgreSQL,JOB-Light,46:t,,1.0141083521444696,-0.006084359557941895,C:\Users\vanya\Documents\DATA_SYS_LAB\test44\final_benchmarks\final_paper_results\base_selection_table1\base_selection_qerrors.csv
base_selection_cardinality,DuckDB,JOB-Light,46:mi,,1.483299995769856,-0.1712289954865102,C:\Users\vanya\Documents\DATA_SYS_LAB\test44\final_benchmarks\final_paper_results\base_selection_table1\base_selection_qerrors.csv
base_selection_cardinality,PostgreSQL,JOB-Light,46:mi,,1.0173188568169318,0.00745709456718807,C:\Users\vanya\Documents\DATA_SYS_LAB\test44\final_benchmarks\final_paper_results\base_selection_table1\base_selection_qerrors.csv
base_selection_cardinality,DuckDB,JOB-Light,46:mi_idx,,1.0005169911117298,0.00022446836794008025,C:\Users\vanya\Documents\DATA_SYS_LAB\test44\final_benchmarks\final_paper_results\base_selection_table1\base_selection_qerrors.csv
base_selection_cardinality,PostgreSQL,JOB-Light,46:mi_idx,,1.0053846612714004,0.0023322550953526456,C:\Users\vanya\Documents\DATA_SYS_LAB\test44\final_benchmarks\final_paper_results\base_selection_table1\base_selection_qerrors.csv
base_selection_cardinality,DuckDB,JOB-Light,47:mi,,1.483299995769856,-0.1712289954865102,C:\Users\vanya\Documents\DATA_SYS_LAB\test44\final_benchmarks\final_paper_results\base_selection_table1\base_selection_qerrors.csv
base_selection_cardinality,PostgreSQL,JOB-Light,47:mi,,1.0173188568169318,0.00745709456718807,C:\Users\vanya\Documents\DATA_SYS_LAB\test44\final_benchmarks\final_paper_results\base_selection_table1\base_selection_qerrors.csv
base_selection_cardinality,DuckDB,JOB-Light,47:mi_idx,,1.0005169911117298,0.00022446836794008025,C:\Users\vanya\Documents\DATA_SYS_LAB\test44\final_benchmarks\final_paper_results\base_selection_table1\base_selection_qerrors.csv
base_selection_cardinality,PostgreSQL,JOB-Light,47:mi_idx,,1.00544999440206,-0.002360476031431008,C:\Users\vanya\Documents\DATA_SYS_LAB\test44\final_benchmarks\final_paper_results\base_selection_table1\base_selection_qerrors.csv
base_selection_cardinality,DuckDB,JOB-Light,48:t,,10.947104919460166,1.0392992804780474,C:\Users\vanya\Documents\DATA_SYS_LAB\test44\final_benchmarks\final_paper_results\base_selection_table1\base_selection_qerrors.csv
base_selection_cardinality,PostgreSQL,JOB-Light,48:t,,1.0263628239499554,-0.01130091300269486,C:\Users\vanya\Documents\DATA_SYS_LAB\test44\final_benchmarks\final_paper_results\base_selection_table1\base_selection_qerrors.csv
base_selection_cardinality,DuckDB,JOB-Light,48:mi,,4.127170214951746,-0.6156523806510688,C:\Users\vanya\Documents\DATA_SYS_LAB\test44\final_benchmarks\final_paper_results\base_selection_table1\base_selection_qerrors.csv
base_selection_cardinality,PostgreSQL,JOB-Light,48:mi,,1.0166756480756463,-0.007182421242661568,C:\Users\vanya\Documents\DATA_SYS_LAB\test44\final_benchmarks\final_paper_results\base_selection_table1\base_selection_qerrors.csv
base_selection_cardinality,DuckDB,JOB-Light,48:ci,,2.984667897232084,-0.4748960143855013,C:\Users\vanya\Documents\DATA_SYS_LAB\test44\final_benchmarks\final_paper_results\base_selection_table1\base_selection_qerrors.csv
base_selection_cardinality,PostgreSQL,JOB-Light,48:ci,,1.0039919900884549,-0.0017302479939994952,C:\Users\vanya\Documents\DATA_SYS_LAB\test44\final_benchmarks\final_paper_results\base_selection_table1\base_selection_qerrors.csv
base_selection_cardinality,DuckDB,JOB-Light,49:mi,,4.127170214951746,-0.6156523806510688,C:\Users\vanya\Documents\DATA_SYS_LAB\test44\final_benchmarks\final_paper_results\base_selection_table1\base_selection_qerrors.csv
base_selection_cardinality,PostgreSQL,JOB-Light,49:mi,,1.0166756480756463,-0.007182421242661568,C:\Users\vanya\Documents\DATA_SYS_LAB\test44\final_benchmarks\final_paper_results\base_selection_table1\base_selection_qerrors.csv
base_selection_cardinality,DuckDB,JOB-Light,49:ci,,2.984667897232084,-0.4748960143855013,C:\Users\vanya\Documents\DATA_SYS_LAB\test44\final_benchmarks\final_paper_results\base_selection_table1\base_selection_qerrors.csv
base_selection_cardinality,PostgreSQL,JOB-Light,49:ci,,1.0039919900884549,-0.0017302479939994952,C:\Users\vanya\Documents\DATA_SYS_LAB\test44\final_benchmarks\final_paper_results\base_selection_table1\base_selection_qerrors.csv
base_selection_cardinality,DuckDB,JOB-Light,50:t,,4.9697560199638104,-0.6963350684548021,C:\Users\vanya\Documents\DATA_SYS_LAB\test44\final_benchmarks\final_paper_results\base_selection_table1\base_selection_qerrors.csv
base_selection_cardinality,PostgreSQL,JOB-Light,50:t,,1.0003841014027703,0.00016678109133898365,C:\Users\vanya\Documents\DATA_SYS_LAB\test44\final_benchmarks\final_paper_results\base_selection_table1\base_selection_qerrors.csv
base_selection_cardinality,DuckDB,JOB-Light,50:mi,,4.127170214951746,-0.6156523806510688,C:\Users\vanya\Documents\DATA_SYS_LAB\test44\final_benchmarks\final_paper_results\base_selection_table1\base_selection_qerrors.csv
base_selection_cardinality,PostgreSQL,JOB-Light,50:mi,,1.0166756480756463,-0.007182421242661568,C:\Users\vanya\Documents\DATA_SYS_LAB\test44\final_benchmarks\final_paper_results\base_selection_table1\base_selection_qerrors.csv
base_selection_cardinality,DuckDB,JOB-Light,50:ci,,2.984667897232084,-0.4748960143855013,C:\Users\vanya\Documents\DATA_SYS_LAB\test44\final_benchmarks\final_paper_results\base_selection_table1\base_selection_qerrors.csv
base_selection_cardinality,PostgreSQL,JOB-Light,50:ci,,1.0039919900884549,-0.0017302479939994952,C:\Users\vanya\Documents\DATA_SYS_LAB\test44\final_benchmarks\final_paper_results\base_selection_table1\base_selection_qerrors.csv
base_selection_cardinality,DuckDB,JOB-Light,51:t,,1.1749006788436989,-0.07000115473262616,C:\Users\vanya\Documents\DATA_SYS_LAB\test44\final_benchmarks\final_paper_results\base_selection_table1\base_selection_qerrors.csv
base_selection_cardinality,PostgreSQL,JOB-Light,51:t,,1.0132820195168513,0.005730336252632709,C:\Users\vanya\Documents\DATA_SYS_LAB\test44\final_benchmarks\final_paper_results\base_selection_table1\base_selection_qerrors.csv
base_selection_cardinality,DuckDB,JOB-Light,52:t,,1.1749006788436989,-0.07000115473262616,C:\Users\vanya\Documents\DATA_SYS_LAB\test44\final_benchmarks\final_paper_results\base_selection_table1\base_selection_qerrors.csv
base_selection_cardinality,PostgreSQL,JOB-Light,52:t,,1.0132820195168513,0.005730336252632709,C:\Users\vanya\Documents\DATA_SYS_LAB\test44\final_benchmarks\final_paper_results\base_selection_table1\base_selection_qerrors.csv
base_selection_cardinality,DuckDB,JOB-Light,53:t,,4.45757690242787,-0.6490988443907398,C:\Users\vanya\Documents\DATA_SYS_LAB\test44\final_benchmarks\final_paper_results\base_selection_table1\base_selection_qerrors.csv
base_selection_cardinality,PostgreSQL,JOB-Light,53:t,,1.0007678434313674,-0.0003333422042690087,C:\Users\vanya\Documents\DATA_SYS_LAB\test44\final_benchmarks\final_paper_results\base_selection_table1\base_selection_qerrors.csv
base_selection_cardinality,DuckDB,JOB-Light,53:mk,,98.64341085271317,-1.9940680807095474,C:\Users\vanya\Documents\DATA_SYS_LAB\test44\final_benchmarks\final_paper_results\base_selection_table1\base_selection_qerrors.csv
base_selection_cardinality,PostgreSQL,JOB-Light,53:mk,,1.0713555992141455,0.029933643702080764,C:\Users\vanya\Documents\DATA_SYS_LAB\test44\final_benchmarks\final_paper_results\base_selection_table1\base_selection_qerrors.csv
base_selection_cardinality,DuckDB,JOB-Light,53:mc,,1.2763982787665387,-0.10598620987222623,C:\Users\vanya\Documents\DATA_SYS_LAB\test44\final_benchmarks\final_paper_results\base_selection_table1\base_selection_qerrors.csv
base_selection_cardinality,PostgreSQL,JOB-Light,53:mc,,1.0018307631336212,-0.0007943634026564802,C:\Users\vanya\Documents\DATA_SYS_LAB\test44\final_benchmarks\final_paper_results\base_selection_table1\base_selection_qerrors.csv
base_selection_cardinality,DuckDB,JOB-Light,54:t,,4.45757690242787,-0.6490988443907398,C:\Users\vanya\Documents\DATA_SYS_LAB\test44\final_benchmarks\final_paper_results\base_selection_table1\base_selection_qerrors.csv
base_selection_cardinality,PostgreSQL,JOB-Light,54:t,,1.0007678434313674,-0.0003333422042690087,C:\Users\vanya\Documents\DATA_SYS_LAB\test44\final_benchmarks\final_paper_results\base_selection_table1\base_selection_qerrors.csv
base_selection_cardinality,DuckDB,JOB-Light,54:mk,,98.64341085271317,-1.9940680807095474,C:\Users\vanya\Documents\DATA_SYS_LAB\test44\final_benchmarks\final_paper_results\base_selection_table1\base_selection_qerrors.csv
base_selection_cardinality,PostgreSQL,JOB-Light,54:mk,,1.0713555992141455,0.029933643702080764,C:\Users\vanya\Documents\DATA_SYS_LAB\test44\final_benchmarks\final_paper_results\base_selection_table1\base_selection_qerrors.csv
base_selection_cardinality,DuckDB,JOB-Light,54:mc,,1.2763982787665387,-0.10598620987222623,C:\Users\vanya\Documents\DATA_SYS_LAB\test44\final_benchmarks\final_paper_results\base_selection_table1\base_selection_qerrors.csv
base_selection_cardinality,PostgreSQL,JOB-Light,54:mc,,1.0018307631336212,-0.0007943634026564802,C:\Users\vanya\Documents\DATA_SYS_LAB\test44\final_benchmarks\final_paper_results\base_selection_table1\base_selection_qerrors.csv
base_selection_cardinality,DuckDB,JOB-Light,55:t,,4.45757690242787,-0.6490988443907398,C:\Users\vanya\Documents\DATA_SYS_LAB\test44\final_benchmarks\final_paper_results\base_selection_table1\base_selection_qerrors.csv
base_selection_cardinality,PostgreSQL,JOB-Light,55:t,,1.0007678434313674,-0.0003333422042690087,C:\Users\vanya\Documents\DATA_SYS_LAB\test44\final_benchmarks\final_paper_results\base_selection_table1\base_selection_qerrors.csv
base_selection_cardinality,DuckDB,JOB-Light,55:mk,,98.64341085271317,-1.9940680807095474,C:\Users\vanya\Documents\DATA_SYS_LAB\test44\final_benchmarks\final_paper_results\base_selection_table1\base_selection_qerrors.csv
base_selection_cardinality,PostgreSQL,JOB-Light,55:mk,,1.0713555992141455,0.029933643702080764,C:\Users\vanya\Documents\DATA_SYS_LAB\test44\final_benchmarks\final_paper_results\base_selection_table1\base_selection_qerrors.csv
base_selection_cardinality,DuckDB,JOB-Light,55:mc,,1.2763982787665387,-0.10598620987222623,C:\Users\vanya\Documents\DATA_SYS_LAB\test44\final_benchmarks\final_paper_results\base_selection_table1\base_selection_qerrors.csv
base_selection_cardinality,PostgreSQL,JOB-Light,55:mc,,1.0018307631336212,-0.0007943634026564802,C:\Users\vanya\Documents\DATA_SYS_LAB\test44\final_benchmarks\final_paper_results\base_selection_table1\base_selection_qerrors.csv
base_selection_cardinality,DuckDB,JOB-Light,56:t,,4.710266250422541,-0.6730454565601481,C:\Users\vanya\Documents\DATA_SYS_LAB\test44\final_benchmarks\final_paper_results\base_selection_table1\base_selection_qerrors.csv
base_selection_cardinality,PostgreSQL,JOB-Light,56:t,,1.0006501072254774,0.00028224624544598363,C:\Users\vanya\Documents\DATA_SYS_LAB\test44\final_benchmarks\final_paper_results\base_selection_table1\base_selection_qerrors.csv
base_selection_cardinality,DuckDB,JOB-Light,56:mi,,1.483299995769856,-0.1712289954865102,C:\Users\vanya\Documents\DATA_SYS_LAB\test44\final_benchmarks\final_paper_results\base_selection_table1\base_selection_qerrors.csv
base_selection_cardinality,PostgreSQL,JOB-Light,56:mi,,1.0152711539813783,-0.006582047127031374,C:\Users\vanya\Documents\DATA_SYS_LAB\test44\final_benchmarks\final_paper_results\base_selection_table1\base_selection_qerrors.csv
base_selection_cardinality,DuckDB,JOB-Light,56:mi_idx,,1.0005169911117298,0.00022446836794008025,C:\Users\vanya\Documents\DATA_SYS_LAB\test44\final_benchmarks\final_paper_results\base_selection_table1\base_selection_qerrors.csv
base_selection_cardinality,PostgreSQL,JOB-Light,56:mi_idx,,1.0053846612714004,0.0023322550953526456,C:\Users\vanya\Documents\DATA_SYS_LAB\test44\final_benchmarks\final_paper_results\base_selection_table1\base_selection_qerrors.csv
base_selection_cardinality,DuckDB,JOB-Light,57:t,,4.679922849018711,-0.6702386935609552,C:\Users\vanya\Documents\DATA_SYS_LAB\test44\final_benchmarks\final_paper_results\base_selection_table1\base_selection_qerrors.csv
base_selection_cardinality,PostgreSQL,JOB-Light,57:t,,1.0011896770026938,0.0005163630657508017,C:\Users\vanya\Documents\DATA_SYS_LAB\test44\final_benchmarks\final_paper_results\base_selection_table1\base_selection_qerrors.csv
base_selection_cardinality,DuckDB,JOB-Light,57:mi,,1.483299995769856,-0.1712289954865102,C:\Users\vanya\Documents\DATA_SYS_LAB\test44\final_benchmarks\final_paper_results\base_selection_table1\base_selection_qerrors.csv
base_selection_cardinality,PostgreSQL,JOB-Light,57:mi,,1.0152711539813783,-0.006582047127031374,C:\Users\vanya\Documents\DATA_SYS_LAB\test44\final_benchmarks\final_paper_results\base_selection_table1\base_selection_qerrors.csv
base_selection_cardinality,DuckDB,JOB-Light,57:mi_idx,,1.0005169911117298,0.00022446836794008025,C:\Users\vanya\Documents\DATA_SYS_LAB\test44\final_benchmarks\final_paper_results\base_selection_table1\base_selection_qerrors.csv
base_selection_cardinality,PostgreSQL,JOB-Light,57:mi_idx,,1.0053846612714004,0.0023322550953526456,C:\Users\vanya\Documents\DATA_SYS_LAB\test44\final_benchmarks\final_paper_results\base_selection_table1\base_selection_qerrors.csv
base_selection_cardinality,DuckDB,JOB-Light,58:t,,4.623093595275496,-0.664932685888918,C:\Users\vanya\Documents\DATA_SYS_LAB\test44\final_benchmarks\final_paper_results\base_selection_table1\base_selection_qerrors.csv
base_selection_cardinality,PostgreSQL,JOB-Light,58:t,,1.000989247311828,0.00042941228629122917,C:\Users\vanya\Documents\DATA_SYS_LAB\test44\final_benchmarks\final_paper_results\base_selection_table1\base_selection_qerrors.csv
base_selection_cardinality,DuckDB,JOB-Light,58:mi,,4.127170214951746,-0.6156523806510688,C:\Users\vanya\Documents\DATA_SYS_LAB\test44\final_benchmarks\final_paper_results\base_selection_table1\base_selection_qerrors.csv
base_selection_cardinality,PostgreSQL,JOB-Light,58:mi,,1.0166756480756463,-0.007182421242661568,C:\Users\vanya\Documents\DATA_SYS_LAB\test44\final_benchmarks\final_paper_results\base_selection_table1\base_selection_qerrors.csv
base_selection_cardinality,DuckDB,JOB-Light,58:ci,,2.984667897232084,-0.4748960143855013,C:\Users\vanya\Documents\DATA_SYS_LAB\test44\final_benchmarks\final_paper_results\base_selection_table1\base_selection_qerrors.csv
base_selection_cardinality,PostgreSQL,JOB-Light,58:ci,,1.0039919900884549,-0.0017302479939994952,C:\Users\vanya\Documents\DATA_SYS_LAB\test44\final_benchmarks\final_paper_results\base_selection_table1\base_selection_qerrors.csv
base_selection_cardinality,DuckDB,JOB-Light,59:t,,4.623093595275496,-0.664932685888918,C:\Users\vanya\Documents\DATA_SYS_LAB\test44\final_benchmarks\final_paper_results\base_selection_table1\base_selection_qerrors.csv
base_selection_cardinality,PostgreSQL,JOB-Light,59:t,,1.000989247311828,0.00042941228629122917,C:\Users\vanya\Documents\DATA_SYS_LAB\test44\final_benchmarks\final_paper_results\base_selection_table1\base_selection_qerrors.csv
base_selection_cardinality,DuckDB,JOB-Light,59:mi,,4.127170214951746,-0.6156523806510688,C:\Users\vanya\Documents\DATA_SYS_LAB\test44\final_benchmarks\final_paper_results\base_selection_table1\base_selection_qerrors.csv
base_selection_cardinality,PostgreSQL,JOB-Light,59:mi,,1.0166756480756463,-0.007182421242661568,C:\Users\vanya\Documents\DATA_SYS_LAB\test44\final_benchmarks\final_paper_results\base_selection_table1\base_selection_qerrors.csv
base_selection_cardinality,DuckDB,JOB-Light,59:mc,,19.51578947368421,-1.2903861245196306,C:\Users\vanya\Documents\DATA_SYS_LAB\test44\final_benchmarks\final_paper_results\base_selection_table1\base_selection_qerrors.csv
base_selection_cardinality,PostgreSQL,JOB-Light,59:mc,,1.005933117583603,0.002569106336228145,C:\Users\vanya\Documents\DATA_SYS_LAB\test44\final_benchmarks\final_paper_results\base_selection_table1\base_selection_qerrors.csv
base_selection_cardinality,DuckDB,JOB-Light,59:ci,,2.984667897232084,-0.4748960143855013,C:\Users\vanya\Documents\DATA_SYS_LAB\test44\final_benchmarks\final_paper_results\base_selection_table1\base_selection_qerrors.csv
base_selection_cardinality,PostgreSQL,JOB-Light,59:ci,,1.0039919900884549,-0.0017302479939994952,C:\Users\vanya\Documents\DATA_SYS_LAB\test44\final_benchmarks\final_paper_results\base_selection_table1\base_selection_qerrors.csv
base_selection_cardinality,DuckDB,JOB-Light,60:t,,4.9697560199638104,-0.6963350684548021,C:\Users\vanya\Documents\DATA_SYS_LAB\test44\final_benchmarks\final_paper_results\base_selection_table1\base_selection_qerrors.csv
base_selection_cardinality,PostgreSQL,JOB-Light,60:t,,1.0003841014027703,0.00016678109133898365,C:\Users\vanya\Documents\DATA_SYS_LAB\test44\final_benchmarks\final_paper_results\base_selection_table1\base_selection_qerrors.csv
base_selection_cardinality,DuckDB,JOB-Light,60:mi,,4.127170214951746,-0.6156523806510688,C:\Users\vanya\Documents\DATA_SYS_LAB\test44\final_benchmarks\final_paper_results\base_selection_table1\base_selection_qerrors.csv
base_selection_cardinality,PostgreSQL,JOB-Light,60:mi,,1.0166756480756463,-0.007182421242661568,C:\Users\vanya\Documents\DATA_SYS_LAB\test44\final_benchmarks\final_paper_results\base_selection_table1\base_selection_qerrors.csv
base_selection_cardinality,DuckDB,JOB-Light,60:ci,,2.984667897232084,-0.4748960143855013,C:\Users\vanya\Documents\DATA_SYS_LAB\test44\final_benchmarks\final_paper_results\base_selection_table1\base_selection_qerrors.csv
base_selection_cardinality,PostgreSQL,JOB-Light,60:ci,,1.0039919900884549,-0.0017302479939994952,C:\Users\vanya\Documents\DATA_SYS_LAB\test44\final_benchmarks\final_paper_results\base_selection_table1\base_selection_qerrors.csv
base_selection_cardinality,DuckDB,JOB-Light,61:mi,,1.483299995769856,-0.1712289954865102,C:\Users\vanya\Documents\DATA_SYS_LAB\test44\final_benchmarks\final_paper_results\base_selection_table1\base_selection_qerrors.csv
base_selection_cardinality,PostgreSQL,JOB-Light,61:mi,,1.0173188568169318,0.00745709456718807,C:\Users\vanya\Documents\DATA_SYS_LAB\test44\final_benchmarks\final_paper_results\base_selection_table1\base_selection_qerrors.csv
base_selection_cardinality,DuckDB,JOB-Light,61:mi_idx,,1.0005169911117298,0.00022446836794008025,C:\Users\vanya\Documents\DATA_SYS_LAB\test44\final_benchmarks\final_paper_results\base_selection_table1\base_selection_qerrors.csv
base_selection_cardinality,PostgreSQL,JOB-Light,61:mi_idx,,1.00544999440206,-0.002360476031431008,C:\Users\vanya\Documents\DATA_SYS_LAB\test44\final_benchmarks\final_paper_results\base_selection_table1\base_selection_qerrors.csv
base_selection_cardinality,DuckDB,JOB-Light,62:t,,4.623093595275496,-0.664932685888918,C:\Users\vanya\Documents\DATA_SYS_LAB\test44\final_benchmarks\final_paper_results\base_selection_table1\base_selection_qerrors.csv
base_selection_cardinality,PostgreSQL,JOB-Light,62:t,,1.000989247311828,0.00042941228629122917,C:\Users\vanya\Documents\DATA_SYS_LAB\test44\final_benchmarks\final_paper_results\base_selection_table1\base_selection_qerrors.csv
base_selection_cardinality,DuckDB,JOB-Light,62:mi,,1.483299995769856,-0.1712289954865102,C:\Users\vanya\Documents\DATA_SYS_LAB\test44\final_benchmarks\final_paper_results\base_selection_table1\base_selection_qerrors.csv
base_selection_cardinality,PostgreSQL,JOB-Light,62:mi,,1.0173188568169318,0.00745709456718807,C:\Users\vanya\Documents\DATA_SYS_LAB\test44\final_benchmarks\final_paper_results\base_selection_table1\base_selection_qerrors.csv
base_selection_cardinality,DuckDB,JOB-Light,62:mi_idx,,1.0005169911117298,0.00022446836794008025,C:\Users\vanya\Documents\DATA_SYS_LAB\test44\final_benchmarks\final_paper_results\base_selection_table1\base_selection_qerrors.csv
base_selection_cardinality,PostgreSQL,JOB-Light,62:mi_idx,,1.00544999440206,-0.002360476031431008,C:\Users\vanya\Documents\DATA_SYS_LAB\test44\final_benchmarks\final_paper_results\base_selection_table1\base_selection_qerrors.csv
base_selection_cardinality,DuckDB,JOB-Light,63:t,,1.1749006788436989,-0.07000115473262616,C:\Users\vanya\Documents\DATA_SYS_LAB\test44\final_benchmarks\final_paper_results\base_selection_table1\base_selection_qerrors.csv
base_selection_cardinality,PostgreSQL,JOB-Light,63:t,,1.0132820195168513,0.005730336252632709,C:\Users\vanya\Documents\DATA_SYS_LAB\test44\final_benchmarks\final_paper_results\base_selection_table1\base_selection_qerrors.csv
base_selection_cardinality,DuckDB,JOB-Light,63:mi_idx,,1.0005169911117298,0.00022446836794008025,C:\Users\vanya\Documents\DATA_SYS_LAB\test44\final_benchmarks\final_paper_results\base_selection_table1\base_selection_qerrors.csv
base_selection_cardinality,PostgreSQL,JOB-Light,63:mi_idx,,1.0053846612714004,0.0023322550953526456,C:\Users\vanya\Documents\DATA_SYS_LAB\test44\final_benchmarks\final_paper_results\base_selection_table1\base_selection_qerrors.csv
base_selection_cardinality,DuckDB,JOB-Light,64:t,,1.0740166310741002,-0.031011006435964533,C:\Users\vanya\Documents\DATA_SYS_LAB\test44\final_benchmarks\final_paper_results\base_selection_table1\base_selection_qerrors.csv
base_selection_cardinality,PostgreSQL,JOB-Light,64:t,,1.0707041533830244,0.02966948735621402,C:\Users\vanya\Documents\DATA_SYS_LAB\test44\final_benchmarks\final_paper_results\base_selection_table1\base_selection_qerrors.csv
base_selection_cardinality,DuckDB,JOB-Light,64:mi_idx,,1.0005169911117298,0.00022446836794008025,C:\Users\vanya\Documents\DATA_SYS_LAB\test44\final_benchmarks\final_paper_results\base_selection_table1\base_selection_qerrors.csv
base_selection_cardinality,PostgreSQL,JOB-Light,64:mi_idx,,1.0053846612714004,0.0023322550953526456,C:\Users\vanya\Documents\DATA_SYS_LAB\test44\final_benchmarks\final_paper_results\base_selection_table1\base_selection_qerrors.csv
base_selection_cardinality,DuckDB,JOB-Light,65:t,,5.0818858560794045,-0.7060249061626837,C:\Users\vanya\Documents\DATA_SYS_LAB\test44\final_benchmarks\final_paper_results\base_selection_table1\base_selection_qerrors.csv
base_selection_cardinality,PostgreSQL,JOB-Light,65:t,,1.00372314453125,0.0016139385229367606,C:\Users\vanya\Documents\DATA_SYS_LAB\test44\final_benchmarks\final_paper_results\base_selection_table1\base_selection_qerrors.csv
base_selection_cardinality,DuckDB,JOB-Light,65:mk,,98.64341085271317,-1.9940680807095474,C:\Users\vanya\Documents\DATA_SYS_LAB\test44\final_benchmarks\final_paper_results\base_selection_table1\base_selection_qerrors.csv
base_selection_cardinality,PostgreSQL,JOB-Light,65:mk,,1.0713555992141455,0.029933643702080764,C:\Users\vanya\Documents\DATA_SYS_LAB\test44\final_benchmarks\final_paper_results\base_selection_table1\base_selection_qerrors.csv
base_selection_cardinality,DuckDB,JOB-Light,65:mc,,1.2763982787665387,-0.10598620987222623,C:\Users\vanya\Documents\DATA_SYS_LAB\test44\final_benchmarks\final_paper_results\base_selection_table1\base_selection_qerrors.csv
base_selection_cardinality,PostgreSQL,JOB-Light,65:mc,,1.0018307631336212,-0.0007943634026564802,C:\Users\vanya\Documents\DATA_SYS_LAB\test44\final_benchmarks\final_paper_results\base_selection_table1\base_selection_qerrors.csv
base_selection_cardinality,DuckDB,JOB-Light,66:t,,4.9697560199638104,-0.6963350684548021,C:\Users\vanya\Documents\DATA_SYS_LAB\test44\final_benchmarks\final_paper_results\base_selection_table1\base_selection_qerrors.csv
base_selection_cardinality,PostgreSQL,JOB-Light,66:t,,1.0003841014027703,0.00016678109133898365,C:\Users\vanya\Documents\DATA_SYS_LAB\test44\final_benchmarks\final_paper_results\base_selection_table1\base_selection_qerrors.csv
base_selection_cardinality,DuckDB,JOB-Light,66:mi,,1.483299995769856,-0.1712289954865102,C:\Users\vanya\Documents\DATA_SYS_LAB\test44\final_benchmarks\final_paper_results\base_selection_table1\base_selection_qerrors.csv
base_selection_cardinality,PostgreSQL,JOB-Light,66:mi,,1.0152711539813783,-0.006582047127031374,C:\Users\vanya\Documents\DATA_SYS_LAB\test44\final_benchmarks\final_paper_results\base_selection_table1\base_selection_qerrors.csv
base_selection_cardinality,DuckDB,JOB-Light,66:mi_idx,,1.0005169911117298,0.00022446836794008025,C:\Users\vanya\Documents\DATA_SYS_LAB\test44\final_benchmarks\final_paper_results\base_selection_table1\base_selection_qerrors.csv
base_selection_cardinality,PostgreSQL,JOB-Light,66:mi_idx,,1.0053846612714004,0.0023322550953526456,C:\Users\vanya\Documents\DATA_SYS_LAB\test44\final_benchmarks\final_paper_results\base_selection_table1\base_selection_qerrors.csv
base_selection_cardinality,DuckDB,JOB-Light,67:t,,4.801614603010479,-0.6813872988899298,C:\Users\vanya\Documents\DATA_SYS_LAB\test44\final_benchmarks\final_paper_results\base_selection_table1\base_selection_qerrors.csv
base_selection_cardinality,PostgreSQL,JOB-Light,67:t,,1.0001490819039416,6.474062252572449e-05,C:\Users\vanya\Documents\DATA_SYS_LAB\test44\final_benchmarks\final_paper_results\base_selection_table1\base_selection_qerrors.csv
base_selection_cardinality,DuckDB,JOB-Light,67:mi,,1.483299995769856,-0.1712289954865102,C:\Users\vanya\Documents\DATA_SYS_LAB\test44\final_benchmarks\final_paper_results\base_selection_table1\base_selection_qerrors.csv
base_selection_cardinality,PostgreSQL,JOB-Light,67:mi,,1.0152711539813783,-0.006582047127031374,C:\Users\vanya\Documents\DATA_SYS_LAB\test44\final_benchmarks\final_paper_results\base_selection_table1\base_selection_qerrors.csv
base_selection_cardinality,DuckDB,JOB-Light,67:mi_idx,,1.0005169911117298,0.00022446836794008025,C:\Users\vanya\Documents\DATA_SYS_LAB\test44\final_benchmarks\final_paper_results\base_selection_table1\base_selection_qerrors.csv
base_selection_cardinality,PostgreSQL,JOB-Light,67:mi_idx,,1.0053846612714004,0.0023322550953526456,C:\Users\vanya\Documents\DATA_SYS_LAB\test44\final_benchmarks\final_paper_results\base_selection_table1\base_selection_qerrors.csv
base_selection_cardinality,DuckDB,JOB-Light,68:t,,4.45757690242787,-0.6490988443907398,C:\Users\vanya\Documents\DATA_SYS_LAB\test44\final_benchmarks\final_paper_results\base_selection_table1\base_selection_qerrors.csv
base_selection_cardinality,PostgreSQL,JOB-Light,68:t,,1.0007678434313674,-0.0003333422042690087,C:\Users\vanya\Documents\DATA_SYS_LAB\test44\final_benchmarks\final_paper_results\base_selection_table1\base_selection_qerrors.csv
base_selection_cardinality,DuckDB,JOB-Light,68:mi,,4.127170214951746,-0.6156523806510688,C:\Users\vanya\Documents\DATA_SYS_LAB\test44\final_benchmarks\final_paper_results\base_selection_table1\base_selection_qerrors.csv
base_selection_cardinality,PostgreSQL,JOB-Light,68:mi,,1.0166756480756463,-0.007182421242661568,C:\Users\vanya\Documents\DATA_SYS_LAB\test44\final_benchmarks\final_paper_results\base_selection_table1\base_selection_qerrors.csv
base_selection_cardinality,DuckDB,JOB-Light,68:ci,,2.984667897232084,-0.4748960143855013,C:\Users\vanya\Documents\DATA_SYS_LAB\test44\final_benchmarks\final_paper_results\base_selection_table1\base_selection_qerrors.csv
base_selection_cardinality,PostgreSQL,JOB-Light,68:ci,,1.0039919900884549,-0.0017302479939994952,C:\Users\vanya\Documents\DATA_SYS_LAB\test44\final_benchmarks\final_paper_results\base_selection_table1\base_selection_qerrors.csv
base_selection_cardinality,DuckDB,JOB-Light,68:mk,,92.4186046511628,-1.96575940719421,C:\Users\vanya\Documents\DATA_SYS_LAB\test44\final_benchmarks\final_paper_results\base_selection_table1\base_selection_qerrors.csv
base_selection_cardinality,PostgreSQL,JOB-Light,68:mk,,1.003522898842476,0.0015272868658217362,C:\Users\vanya\Documents\DATA_SYS_LAB\test44\final_benchmarks\final_paper_results\base_selection_table1\base_selection_qerrors.csv
base_selection_cardinality,DuckDB,JOB-Light,69:t,,4.45757690242787,-0.6490988443907398,C:\Users\vanya\Documents\DATA_SYS_LAB\test44\final_benchmarks\final_paper_results\base_selection_table1\base_selection_qerrors.csv
base_selection_cardinality,PostgreSQL,JOB-Light,69:t,,1.0007678434313674,-0.0003333422042690087,C:\Users\vanya\Documents\DATA_SYS_LAB\test44\final_benchmarks\final_paper_results\base_selection_table1\base_selection_qerrors.csv
base_selection_cardinality,DuckDB,JOB-Light,69:mi,,4.127170214951746,-0.6156523806510688,C:\Users\vanya\Documents\DATA_SYS_LAB\test44\final_benchmarks\final_paper_results\base_selection_table1\base_selection_qerrors.csv
base_selection_cardinality,PostgreSQL,JOB-Light,69:mi,,1.0166756480756463,-0.007182421242661568,C:\Users\vanya\Documents\DATA_SYS_LAB\test44\final_benchmarks\final_paper_results\base_selection_table1\base_selection_qerrors.csv
base_selection_cardinality,DuckDB,JOB-Light,69:ci,,2.984667897232084,-0.4748960143855013,C:\Users\vanya\Documents\DATA_SYS_LAB\test44\final_benchmarks\final_paper_results\base_selection_table1\base_selection_qerrors.csv
base_selection_cardinality,PostgreSQL,JOB-Light,69:ci,,1.0039919900884549,-0.0017302479939994952,C:\Users\vanya\Documents\DATA_SYS_LAB\test44\final_benchmarks\final_paper_results\base_selection_table1\base_selection_qerrors.csv
base_selection_cardinality,DuckDB,JOB-Light,69:mk,,92.4186046511628,-1.96575940719421,C:\Users\vanya\Documents\DATA_SYS_LAB\test44\final_benchmarks\final_paper_results\base_selection_table1\base_selection_qerrors.csv
base_selection_cardinality,PostgreSQL,JOB-Light,69:mk,,1.003522898842476,0.0015272868658217362,C:\Users\vanya\Documents\DATA_SYS_LAB\test44\final_benchmarks\final_paper_results\base_selection_table1\base_selection_qerrors.csv
base_selection_cardinality,DuckDB,JOB-Light,70:t,,4.9697560199638104,-0.6963350684548021,C:\Users\vanya\Documents\DATA_SYS_LAB\test44\final_benchmarks\final_paper_results\base_selection_table1\base_selection_qerrors.csv
base_selection_cardinality,PostgreSQL,JOB-Light,70:t,,1.0003841014027703,0.00016678109133898365,C:\Users\vanya\Documents\DATA_SYS_LAB\test44\final_benchmarks\final_paper_results\base_selection_table1\base_selection_qerrors.csv
base_selection_cardinality,DuckDB,JOB-Light,70:mi,,1.483299995769856,-0.1712289954865102,C:\Users\vanya\Documents\DATA_SYS_LAB\test44\final_benchmarks\final_paper_results\base_selection_table1\base_selection_qerrors.csv
base_selection_cardinality,PostgreSQL,JOB-Light,70:mi,,1.0173188568169318,0.00745709456718807,C:\Users\vanya\Documents\DATA_SYS_LAB\test44\final_benchmarks\final_paper_results\base_selection_table1\base_selection_qerrors.csv
base_selection_cardinality,DuckDB,JOB-Light,70:mi_idx,,1.0005169911117298,0.00022446836794008025,C:\Users\vanya\Documents\DATA_SYS_LAB\test44\final_benchmarks\final_paper_results\base_selection_table1\base_selection_qerrors.csv
base_selection_cardinality,PostgreSQL,JOB-Light,70:mi_idx,,1.00544999440206,-0.002360476031431008,C:\Users\vanya\Documents\DATA_SYS_LAB\test44\final_benchmarks\final_paper_results\base_selection_table1\base_selection_qerrors.csv
mscn_full_query_cardinality,MSCN,JOB-Light,01,1,1.1176339810821836,-0.04829959780559541,C:\Users\vanya\Documents\DATA_SYS_LAB\benchmark\cardinality_methods\runs\test42_100k_paper_mscn_cardinality_100k_100ep_3seed_20260504_exact3600s_quotefix\model_seeds\seed_1\predictions\job_light.csv
mscn_full_query_cardinality,MSCN,JOB-Light,02,1,1.4507849679799736,-0.16160304707577322,C:\Users\vanya\Documents\DATA_SYS_LAB\benchmark\cardinality_methods\runs\test42_100k_paper_mscn_cardinality_100k_100ep_3seed_20260504_exact3600s_quotefix\model_seeds\seed_1\predictions\job_light.csv
mscn_full_query_cardinality,MSCN,JOB-Light,03,1,1.2299456764960495,-0.08988593020443603,C:\Users\vanya\Documents\DATA_SYS_LAB\benchmark\cardinality_methods\runs\test42_100k_paper_mscn_cardinality_100k_100ep_3seed_20260504_exact3600s_quotefix\model_seeds\seed_1\predictions\job_light.csv
mscn_full_query_cardinality,MSCN,JOB-Light,04,1,1.3493058820385884,-0.13011041358804182,C:\Users\vanya\Documents\DATA_SYS_LAB\benchmark\cardinality_methods\runs\test42_100k_paper_mscn_cardinality_100k_100ep_3seed_20260504_exact3600s_quotefix\model_seeds\seed_1\predictions\job_light.csv
mscn_full_query_cardinality,MSCN,JOB-Light,05,1,1.2279470871659017,0.08917965324898605,C:\Users\vanya\Documents\DATA_SYS_LAB\benchmark\cardinality_methods\runs\test42_100k_paper_mscn_cardinality_100k_100ep_3seed_20260504_exact3600s_quotefix\model_seeds\seed_1\predictions\job_light.csv
mscn_full_query_cardinality,MSCN,JOB-Light,06,1,11.955874524921903,-1.0775813485368666,C:\Users\vanya\Documents\DATA_SYS_LAB\benchmark\cardinality_methods\runs\test42_100k_paper_mscn_cardinality_100k_100ep_3seed_20260504_exact3600s_quotefix\model_seeds\seed_1\predictions\job_light.csv
mscn_full_query_cardinality,MSCN,JOB-Light,07,1,11.746964165512006,-1.0699256439253562,C:\Users\vanya\Documents\DATA_SYS_LAB\benchmark\cardinality_methods\runs\test42_100k_paper_mscn_cardinality_100k_100ep_3seed_20260504_exact3600s_quotefix\model_seeds\seed_1\predictions\job_light.csv
mscn_full_query_cardinality,MSCN,JOB-Light,08,1,11.53836574885718,-1.0621443013228404,C:\Users\vanya\Documents\DATA_SYS_LAB\benchmark\cardinality_methods\runs\test42_100k_paper_mscn_cardinality_100k_100ep_3seed_20260504_exact3600s_quotefix\model_seeds\seed_1\predictions\job_light.csv
mscn_full_query_cardinality,MSCN,JOB-Light,09,1,1.3379406971531653,-0.12643686420167521,C:\Users\vanya\Documents\DATA_SYS_LAB\benchmark\cardinality_methods\runs\test42_100k_paper_mscn_cardinality_100k_100ep_3seed_20260504_exact3600s_quotefix\model_seeds\seed_1\predictions\job_light.csv
mscn_full_query_cardinality,MSCN,JOB-Light,10,1,1.3189004367685058,-0.12021201207853138,C:\Users\vanya\Documents\DATA_SYS_LAB\benchmark\cardinality_methods\runs\test42_100k_paper_mscn_cardinality_100k_100ep_3seed_20260504_exact3600s_quotefix\model_seeds\seed_1\predictions\job_light.csv
mscn_full_query_cardinality,MSCN,JOB-Light,11,1,1.3110417574811928,-0.11761652445503548,C:\Users\vanya\Documents\DATA_SYS_LAB\benchmark\cardinality_methods\runs\test42_100k_paper_mscn_cardinality_100k_100ep_3seed_20260504_exact3600s_quotefix\model_seeds\seed_1\predictions\job_light.csv
mscn_full_query_cardinality,MSCN,JOB-Light,12,1,1.466004248659942,-0.16613522894555563,C:\Users\vanya\Documents\DATA_SYS_LAB\benchmark\cardinality_methods\runs\test42_100k_paper_mscn_cardinality_100k_100ep_3seed_20260504_exact3600s_quotefix\model_seeds\seed_1\predictions\job_light.csv
mscn_full_query_cardinality,MSCN,JOB-Light,13,1,1.4700851137600521,-0.16734247989527543,C:\Users\vanya\Documents\DATA_SYS_LAB\benchmark\cardinality_methods\runs\test42_100k_paper_mscn_cardinality_100k_100ep_3seed_20260504_exact3600s_quotefix\model_seeds\seed_1\predictions\job_light.csv
mscn_full_query_cardinality,MSCN,JOB-Light,14,1,1.4172061952669723,-0.15143304216832218,C:\Users\vanya\Documents\DATA_SYS_LAB\benchmark\cardinality_methods\runs\test42_100k_paper_mscn_cardinality_100k_100ep_3seed_20260504_exact3600s_quotefix\model_seeds\seed_1\predictions\job_light.csv
mscn_full_query_cardinality,MSCN,JOB-Light,15,1,1.6904265255497724,-0.2279962988866091,C:\Users\vanya\Documents\DATA_SYS_LAB\benchmark\cardinality_methods\runs\test42_100k_paper_mscn_cardinality_100k_100ep_3seed_20260504_exact3600s_quotefix\model_seeds\seed_1\predictions\job_light.csv
mscn_full_query_cardinality,MSCN,JOB-Light,16,1,12.25867057279181,-1.0884433744069983,C:\Users\vanya\Documents\DATA_SYS_LAB\benchmark\cardinality_methods\runs\test42_100k_paper_mscn_cardinality_100k_100ep_3seed_20260504_exact3600s_quotefix\model_seeds\seed_1\predictions\job_light.csv
mscn_full_query_cardinality,MSCN,JOB-Light,17,1,1.6672120607232883,-0.22199084334605362,C:\Users\vanya\Documents\DATA_SYS_LAB\benchmark\cardinality_methods\runs\test42_100k_paper_mscn_cardinality_100k_100ep_3seed_20260504_exact3600s_quotefix\model_seeds\seed_1\predictions\job_light.csv
mscn_full_query_cardinality,MSCN,JOB-Light,18,1,1.507333272233438,-0.17820928568551136,C:\Users\vanya\Documents\DATA_SYS_LAB\benchmark\cardinality_methods\runs\test42_100k_paper_mscn_cardinality_100k_100ep_3seed_20260504_exact3600s_quotefix\model_seeds\seed_1\predictions\job_light.csv
mscn_full_query_cardinality,MSCN,JOB-Light,19,1,12.21181889819914,-1.0867803550684867,C:\Users\vanya\Documents\DATA_SYS_LAB\benchmark\cardinality_methods\runs\test42_100k_paper_mscn_cardinality_100k_100ep_3seed_20260504_exact3600s_quotefix\model_seeds\seed_1\predictions\job_light.csv
mscn_full_query_cardinality,MSCN,JOB-Light,20,1,1.4876596598986425,0.17250358663048718,C:\Users\vanya\Documents\DATA_SYS_LAB\benchmark\cardinality_methods\runs\test42_100k_paper_mscn_cardinality_100k_100ep_3seed_20260504_exact3600s_quotefix\model_seeds\seed_1\predictions\job_light.csv
mscn_full_query_cardinality,MSCN,JOB-Light,21,1,1.2753941269151252,-0.10564441276553325,C:\Users\vanya\Documents\DATA_SYS_LAB\benchmark\cardinality_methods\runs\test42_100k_paper_mscn_cardinality_100k_100ep_3seed_20260504_exact3600s_quotefix\model_seeds\seed_1\predictions\job_light.csv
mscn_full_query_cardinality,MSCN,JOB-Light,22,1,1.3966376757023746,0.1450837533923425,C:\Users\vanya\Documents\DATA_SYS_LAB\benchmark\cardinality_methods\runs\test42_100k_paper_mscn_cardinality_100k_100ep_3seed_20260504_exact3600s_quotefix\model_seeds\seed_1\predictions\job_light.csv
mscn_full_query_cardinality,MSCN,JOB-Light,23,1,1.0668059005659398,-0.02808540913270622,C:\Users\vanya\Documents\DATA_SYS_LAB\benchmark\cardinality_methods\runs\test42_100k_paper_mscn_cardinality_100k_100ep_3seed_20260504_exact3600s_quotefix\model_seeds\seed_1\predictions\job_light.csv
mscn_full_query_cardinality,MSCN,JOB-Light,24,1,1.1450925453664862,-0.05884058739014987,C:\Users\vanya\Documents\DATA_SYS_LAB\benchmark\cardinality_methods\runs\test42_100k_paper_mscn_cardinality_100k_100ep_3seed_20260504_exact3600s_quotefix\model_seeds\seed_1\predictions\job_light.csv
mscn_full_query_cardinality,MSCN,JOB-Light,25,1,1.2840629854823171,-0.10858632714133376,C:\Users\vanya\Documents\DATA_SYS_LAB\benchmark\cardinality_methods\runs\test42_100k_paper_mscn_cardinality_100k_100ep_3seed_20260504_exact3600s_quotefix\model_seeds\seed_1\predictions\job_light.csv
mscn_full_query_cardinality,MSCN,JOB-Light,26,1,1.0680877790642442,0.028606945947864473,C:\Users\vanya\Documents\DATA_SYS_LAB\benchmark\cardinality_methods\runs\test42_100k_paper_mscn_cardinality_100k_100ep_3seed_20260504_exact3600s_quotefix\model_seeds\seed_1\predictions\job_light.csv
mscn_full_query_cardinality,MSCN,JOB-Light,27,1,1.13530606936213,-0.055112959604728604,C:\Users\vanya\Documents\DATA_SYS_LAB\benchmark\cardinality_methods\runs\test42_100k_paper_mscn_cardinality_100k_100ep_3seed_20260504_exact3600s_quotefix\model_seeds\seed_1\predictions\job_light.csv
mscn_full_query_cardinality,MSCN,JOB-Light,28,1,1.112837384994621,-0.04643170704882341,C:\Users\vanya\Documents\DATA_SYS_LAB\benchmark\cardinality_methods\runs\test42_100k_paper_mscn_cardinality_100k_100ep_3seed_20260504_exact3600s_quotefix\model_seeds\seed_1\predictions\job_light.csv
mscn_full_query_cardinality,MSCN,JOB-Light,29,1,1.1497190699759516,-0.06059173490669437,C:\Users\vanya\Documents\DATA_SYS_LAB\benchmark\cardinality_methods\runs\test42_100k_paper_mscn_cardinality_100k_100ep_3seed_20260504_exact3600s_quotefix\model_seeds\seed_1\predictions\job_light.csv
mscn_full_query_cardinality,MSCN,JOB-Light,30,1,2.14217601828408,-0.33085515306389884,C:\Users\vanya\Documents\DATA_SYS_LAB\benchmark\cardinality_methods\runs\test42_100k_paper_mscn_cardinality_100k_100ep_3seed_20260504_exact3600s_quotefix\model_seeds\seed_1\predictions\job_light.csv
mscn_full_query_cardinality,MSCN,JOB-Light,31,1,1.8146364704063305,0.2587896350417876,C:\Users\vanya\Documents\DATA_SYS_LAB\benchmark\cardinality_methods\runs\test42_100k_paper_mscn_cardinality_100k_100ep_3seed_20260504_exact3600s_quotefix\model_seeds\seed_1\predictions\job_light.csv
mscn_full_query_cardinality,MSCN,JOB-Light,32,1,1.3791363444775577,0.13960720361395582,C:\Users\vanya\Documents\DATA_SYS_LAB\benchmark\cardinality_methods\runs\test42_100k_paper_mscn_cardinality_100k_100ep_3seed_20260504_exact3600s_quotefix\model_seeds\seed_1\predictions\job_light.csv
mscn_full_query_cardinality,MSCN,JOB-Light,33,1,2.0762603749685606,-0.3172818156125337,C:\Users\vanya\Documents\DATA_SYS_LAB\benchmark\cardinality_methods\runs\test42_100k_paper_mscn_cardinality_100k_100ep_3seed_20260504_exact3600s_quotefix\model_seeds\seed_1\predictions\job_light.csv
mscn_full_query_cardinality,MSCN,JOB-Light,34,1,1.0771966584632366,0.03229499753075738,C:\Users\vanya\Documents\DATA_SYS_LAB\benchmark\cardinality_methods\runs\test42_100k_paper_mscn_cardinality_100k_100ep_3seed_20260504_exact3600s_quotefix\model_seeds\seed_1\predictions\job_light.csv
mscn_full_query_cardinality,MSCN,JOB-Light,35,1,1.107862134252382,-0.04448571882314028,C:\Users\vanya\Documents\DATA_SYS_LAB\benchmark\cardinality_methods\runs\test42_100k_paper_mscn_cardinality_100k_100ep_3seed_20260504_exact3600s_quotefix\model_seeds\seed_1\predictions\job_light.csv
mscn_full_query_cardinality,MSCN,JOB-Light,36,1,1.4261246908883394,0.1541574990062463,C:\Users\vanya\Documents\DATA_SYS_LAB\benchmark\cardinality_methods\runs\test42_100k_paper_mscn_cardinality_100k_100ep_3seed_20260504_exact3600s_quotefix\model_seeds\seed_1\predictions\job_light.csv
mscn_full_query_cardinality,MSCN,JOB-Light,37,1,1.0893751014630324,0.03717744490371432,C:\Users\vanya\Documents\DATA_SYS_LAB\benchmark\cardinality_methods\runs\test42_100k_paper_mscn_cardinality_100k_100ep_3seed_20260504_exact3600s_quotefix\model_seeds\seed_1\predictions\job_light.csv
mscn_full_query_cardinality,MSCN,JOB-Light,38,1,1.9456814540806593,-0.28907173929354407,C:\Users\vanya\Documents\DATA_SYS_LAB\benchmark\cardinality_methods\runs\test42_100k_paper_mscn_cardinality_100k_100ep_3seed_20260504_exact3600s_quotefix\model_seeds\seed_1\predictions\job_light.csv
mscn_full_query_cardinality,MSCN,JOB-Light,39,1,2.152556185792655,-0.33295449618202233,C:\Users\vanya\Documents\DATA_SYS_LAB\benchmark\cardinality_methods\runs\test42_100k_paper_mscn_cardinality_100k_100ep_3seed_20260504_exact3600s_quotefix\model_seeds\seed_1\predictions\job_light.csv
mscn_full_query_cardinality,MSCN,JOB-Light,40,1,1.6140229182281323,-0.2079096971700337,C:\Users\vanya\Documents\DATA_SYS_LAB\benchmark\cardinality_methods\runs\test42_100k_paper_mscn_cardinality_100k_100ep_3seed_20260504_exact3600s_quotefix\model_seeds\seed_1\predictions\job_light.csv
mscn_full_query_cardinality,MSCN,JOB-Light,41,1,4.887657190803562,-0.6891007378721217,C:\Users\vanya\Documents\DATA_SYS_LAB\benchmark\cardinality_methods\runs\test42_100k_paper_mscn_cardinality_100k_100ep_3seed_20260504_exact3600s_quotefix\model_seeds\seed_1\predictions\job_light.csv
mscn_full_query_cardinality,MSCN,JOB-Light,42,1,3.5738135351021074,-0.5531318893031499,C:\Users\vanya\Documents\DATA_SYS_LAB\benchmark\cardinality_methods\runs\test42_100k_paper_mscn_cardinality_100k_100ep_3seed_20260504_exact3600s_quotefix\model_seeds\seed_1\predictions\job_light.csv
mscn_full_query_cardinality,MSCN,JOB-Light,43,1,4.887657190803562,-0.6891007378721217,C:\Users\vanya\Documents\DATA_SYS_LAB\benchmark\cardinality_methods\runs\test42_100k_paper_mscn_cardinality_100k_100ep_3seed_20260504_exact3600s_quotefix\model_seeds\seed_1\predictions\job_light.csv
mscn_full_query_cardinality,MSCN,JOB-Light,44,1,3.2096039893655863,-0.5064514511454038,C:\Users\vanya\Documents\DATA_SYS_LAB\benchmark\cardinality_methods\runs\test42_100k_paper_mscn_cardinality_100k_100ep_3seed_20260504_exact3600s_quotefix\model_seeds\seed_1\predictions\job_light.csv
mscn_full_query_cardinality,MSCN,JOB-Light,45,1,2.0573227776945835,-0.313302434414438,C:\Users\vanya\Documents\DATA_SYS_LAB\benchmark\cardinality_methods\runs\test42_100k_paper_mscn_cardinality_100k_100ep_3seed_20260504_exact3600s_quotefix\model_seeds\seed_1\predictions\job_light.csv
mscn_full_query_cardinality,MSCN,JOB-Light,46,1,1.1168771007421885,-0.0480053867181088,C:\Users\vanya\Documents\DATA_SYS_LAB\benchmark\cardinality_methods\runs\test42_100k_paper_mscn_cardinality_100k_100ep_3seed_20260504_exact3600s_quotefix\model_seeds\seed_1\predictions\job_light.csv
mscn_full_query_cardinality,MSCN,JOB-Light,47,1,1.7971531881118263,-0.25458509765218257,C:\Users\vanya\Documents\DATA_SYS_LAB\benchmark\cardinality_methods\runs\test42_100k_paper_mscn_cardinality_100k_100ep_3seed_20260504_exact3600s_quotefix\model_seeds\seed_1\predictions\job_light.csv
mscn_full_query_cardinality,MSCN,JOB-Light,48,1,1.4364064047540441,0.15727733292238555,C:\Users\vanya\Documents\DATA_SYS_LAB\benchmark\cardinality_methods\runs\test42_100k_paper_mscn_cardinality_100k_100ep_3seed_20260504_exact3600s_quotefix\model_seeds\seed_1\predictions\job_light.csv
mscn_full_query_cardinality,MSCN,JOB-Light,49,1,1.5385734489438267,-0.18711823357639465,C:\Users\vanya\Documents\DATA_SYS_LAB\benchmark\cardinality_methods\runs\test42_100k_paper_mscn_cardinality_100k_100ep_3seed_20260504_exact3600s_quotefix\model_seeds\seed_1\predictions\job_light.csv
mscn_full_query_cardinality,MSCN,JOB-Light,50,1,1.661044842194711,-0.22038135698772418,C:\Users\vanya\Documents\DATA_SYS_LAB\benchmark\cardinality_methods\runs\test42_100k_paper_mscn_cardinality_100k_100ep_3seed_20260504_exact3600s_quotefix\model_seeds\seed_1\predictions\job_light.csv
mscn_full_query_cardinality,MSCN,JOB-Light,51,1,12.679276423761312,-1.1030944700966492,C:\Users\vanya\Documents\DATA_SYS_LAB\benchmark\cardinality_methods\runs\test42_100k_paper_mscn_cardinality_100k_100ep_3seed_20260504_exact3600s_quotefix\model_seeds\seed_1\predictions\job_light.csv
mscn_full_query_cardinality,MSCN,JOB-Light,52,1,12.679276423761312,-1.1030944700966492,C:\Users\vanya\Documents\DATA_SYS_LAB\benchmark\cardinality_methods\runs\test42_100k_paper_mscn_cardinality_100k_100ep_3seed_20260504_exact3600s_quotefix\model_seeds\seed_1\predictions\job_light.csv
mscn_full_query_cardinality,MSCN,JOB-Light,53,1,2.0888170157245494,0.31990039663812536,C:\Users\vanya\Documents\DATA_SYS_LAB\benchmark\cardinality_methods\runs\test42_100k_paper_mscn_cardinality_100k_100ep_3seed_20260504_exact3600s_quotefix\model_seeds\seed_1\predictions\job_light.csv
mscn_full_query_cardinality,MSCN,JOB-Light,54,1,2.0888170157245494,0.31990039663812536,C:\Users\vanya\Documents\DATA_SYS_LAB\benchmark\cardinality_methods\runs\test42_100k_paper_mscn_cardinality_100k_100ep_3seed_20260504_exact3600s_quotefix\model_seeds\seed_1\predictions\job_light.csv
mscn_full_query_cardinality,MSCN,JOB-Light,55,1,2.0888170157245494,0.31990039663812536,C:\Users\vanya\Documents\DATA_SYS_LAB\benchmark\cardinality_methods\runs\test42_100k_paper_mscn_cardinality_100k_100ep_3seed_20260504_exact3600s_quotefix\model_seeds\seed_1\predictions\job_light.csv
mscn_full_query_cardinality,MSCN,JOB-Light,56,1,2.8174489649107826,-0.44985605800709877,C:\Users\vanya\Documents\DATA_SYS_LAB\benchmark\cardinality_methods\runs\test42_100k_paper_mscn_cardinality_100k_100ep_3seed_20260504_exact3600s_quotefix\model_seeds\seed_1\predictions\job_light.csv
mscn_full_query_cardinality,MSCN,JOB-Light,57,1,2.7880421956673684,-0.44529934231220747,C:\Users\vanya\Documents\DATA_SYS_LAB\benchmark\cardinality_methods\runs\test42_100k_paper_mscn_cardinality_100k_100ep_3seed_20260504_exact3600s_quotefix\model_seeds\seed_1\predictions\job_light.csv
mscn_full_query_cardinality,MSCN,JOB-Light,58,1,11.953960414778544,-1.0775118133454369,C:\Users\vanya\Documents\DATA_SYS_LAB\benchmark\cardinality_methods\runs\test42_100k_paper_mscn_cardinality_100k_100ep_3seed_20260504_exact3600s_quotefix\model_seeds\seed_1\predictions\job_light.csv
mscn_full_query_cardinality,MSCN,JOB-Light,59,1,4.609838507629175,-0.6636857114039655,C:\Users\vanya\Documents\DATA_SYS_LAB\benchmark\cardinality_methods\runs\test42_100k_paper_mscn_cardinality_100k_100ep_3seed_20260504_exact3600s_quotefix\model_seeds\seed_1\predictions\job_light.csv
mscn_full_query_cardinality,MSCN,JOB-Light,60,1,12.965081666063988,-1.1127752567019185,C:\Users\vanya\Documents\DATA_SYS_LAB\benchmark\cardinality_methods\runs\test42_100k_paper_mscn_cardinality_100k_100ep_3seed_20260504_exact3600s_quotefix\model_seeds\seed_1\predictions\job_light.csv
mscn_full_query_cardinality,MSCN,JOB-Light,61,1,11.342689335201925,-1.0547160373581241,C:\Users\vanya\Documents\DATA_SYS_LAB\benchmark\cardinality_methods\runs\test42_100k_paper_mscn_cardinality_100k_100ep_3seed_20260504_exact3600s_quotefix\model_seeds\seed_1\predictions\job_light.csv
mscn_full_query_cardinality,MSCN,JOB-Light,62,1,10.380735830486888,-1.0162281392343724,C:\Users\vanya\Documents\DATA_SYS_LAB\benchmark\cardinality_methods\runs\test42_100k_paper_mscn_cardinality_100k_100ep_3seed_20260504_exact3600s_quotefix\model_seeds\seed_1\predictions\job_light.csv
mscn_full_query_cardinality,MSCN,JOB-Light,63,1,12.099780562876523,-1.0827774941845483,C:\Users\vanya\Documents\DATA_SYS_LAB\benchmark\cardinality_methods\runs\test42_100k_paper_mscn_cardinality_100k_100ep_3seed_20260504_exact3600s_quotefix\model_seeds\seed_1\predictions\job_light.csv
mscn_full_query_cardinality,MSCN,JOB-Light,64,1,12.0391214907523,-1.0805947970847083,C:\Users\vanya\Documents\DATA_SYS_LAB\benchmark\cardinality_methods\runs\test42_100k_paper_mscn_cardinality_100k_100ep_3seed_20260504_exact3600s_quotefix\model_seeds\seed_1\predictions\job_light.csv
mscn_full_query_cardinality,MSCN,JOB-Light,65,1,3.3228694552770244,0.5215132795975514,C:\Users\vanya\Documents\DATA_SYS_LAB\benchmark\cardinality_methods\runs\test42_100k_paper_mscn_cardinality_100k_100ep_3seed_20260504_exact3600s_quotefix\model_seeds\seed_1\predictions\job_light.csv
mscn_full_query_cardinality,MSCN,JOB-Light,66,1,3.1049805003234585,-0.4920588770960087,C:\Users\vanya\Documents\DATA_SYS_LAB\benchmark\cardinality_methods\runs\test42_100k_paper_mscn_cardinality_100k_100ep_3seed_20260504_exact3600s_quotefix\model_seeds\seed_1\predictions\job_light.csv
mscn_full_query_cardinality,MSCN,JOB-Light,67,1,2.926945212020559,-0.4664145931752202,C:\Users\vanya\Documents\DATA_SYS_LAB\benchmark\cardinality_methods\runs\test42_100k_paper_mscn_cardinality_100k_100ep_3seed_20260504_exact3600s_quotefix\model_seeds\seed_1\predictions\job_light.csv
mscn_full_query_cardinality,MSCN,JOB-Light,68,1,1.1547742963400394,0.06249710852880705,C:\Users\vanya\Documents\DATA_SYS_LAB\benchmark\cardinality_methods\runs\test42_100k_paper_mscn_cardinality_100k_100ep_3seed_20260504_exact3600s_quotefix\model_seeds\seed_1\predictions\job_light.csv
mscn_full_query_cardinality,MSCN,JOB-Light,69,1,1.1547742963400394,0.06249710852880705,C:\Users\vanya\Documents\DATA_SYS_LAB\benchmark\cardinality_methods\runs\test42_100k_paper_mscn_cardinality_100k_100ep_3seed_20260504_exact3600s_quotefix\model_seeds\seed_1\predictions\job_light.csv
mscn_full_query_cardinality,MSCN,JOB-Light,70,1,11.378466053229385,-1.0560837181644451,C:\Users\vanya\Documents\DATA_SYS_LAB\benchmark\cardinality_methods\runs\test42_100k_paper_mscn_cardinality_100k_100ep_3seed_20260504_exact3600s_quotefix\model_seeds\seed_1\predictions\job_light.csv
mscn_full_query_cardinality,MSCN,JOB,1a,1,7.453315060197633,-0.8723494797453856,C:\Users\vanya\Documents\DATA_SYS_LAB\benchmark\cardinality_methods\runs\test42_100k_paper_mscn_cardinality_100k_100ep_3seed_20260504_exact3600s_quotefix\model_seeds\seed_1\predictions\job_exact.csv
mscn_full_query_cardinality,MSCN,JOB,1b,1,6.350964406613395,-0.80283967878305,C:\Users\vanya\Documents\DATA_SYS_LAB\benchmark\cardinality_methods\runs\test42_100k_paper_mscn_cardinality_100k_100ep_3seed_20260504_exact3600s_quotefix\model_seeds\seed_1\predictions\job_exact.csv
mscn_full_query_cardinality,MSCN,JOB,1c,1,6.7883603272516755,-0.831764886678019,C:\Users\vanya\Documents\DATA_SYS_LAB\benchmark\cardinality_methods\runs\test42_100k_paper_mscn_cardinality_100k_100ep_3seed_20260504_exact3600s_quotefix\model_seeds\seed_1\predictions\job_exact.csv
mscn_full_query_cardinality,MSCN,JOB,1d,1,17.983415089526936,-1.2548721686931337,C:\Users\vanya\Documents\DATA_SYS_LAB\benchmark\cardinality_methods\runs\test42_100k_paper_mscn_cardinality_100k_100ep_3seed_20260504_exact3600s_quotefix\model_seeds\seed_1\predictions\job_exact.csv
mscn_full_query_cardinality,MSCN,JOB,2a,1,15.181229108957266,-1.1813069345125933,C:\Users\vanya\Documents\DATA_SYS_LAB\benchmark\cardinality_methods\runs\test42_100k_paper_mscn_cardinality_100k_100ep_3seed_20260504_exact3600s_quotefix\model_seeds\seed_1\predictions\job_exact.csv
mscn_full_query_cardinality,MSCN,JOB,2b,1,10.887733507558213,-1.0369374823630475,C:\Users\vanya\Documents\DATA_SYS_LAB\benchmark\cardinality_methods\runs\test42_100k_paper_mscn_cardinality_100k_100ep_3seed_20260504_exact3600s_quotefix\model_seeds\seed_1\predictions\job_exact.csv
mscn_full_query_cardinality,MSCN,JOB,2c,1,15.181229108957266,-1.1813069345125933,C:\Users\vanya\Documents\DATA_SYS_LAB\benchmark\cardinality_methods\runs\test42_100k_paper_mscn_cardinality_100k_100ep_3seed_20260504_exact3600s_quotefix\model_seeds\seed_1\predictions\job_exact.csv
mscn_full_query_cardinality,MSCN,JOB,2d,1,4.74502355050714,-0.6762383722596056,C:\Users\vanya\Documents\DATA_SYS_LAB\benchmark\cardinality_methods\runs\test42_100k_paper_mscn_cardinality_100k_100ep_3seed_20260504_exact3600s_quotefix\model_seeds\seed_1\predictions\job_exact.csv
mscn_full_query_cardinality,MSCN,JOB,3a,1,81.52885353341894,-1.911311335276188,C:\Users\vanya\Documents\DATA_SYS_LAB\benchmark\cardinality_methods\runs\test42_100k_paper_mscn_cardinality_100k_100ep_3seed_20260504_exact3600s_quotefix\model_seeds\seed_1\predictions\job_exact.csv
mscn_full_query_cardinality,MSCN,JOB,3b,1,46.77958914726761,-1.6700564031965608,C:\Users\vanya\Documents\DATA_SYS_LAB\benchmark\cardinality_methods\runs\test42_100k_paper_mscn_cardinality_100k_100ep_3seed_20260504_exact3600s_quotefix\model_seeds\seed_1\predictions\job_exact.csv
mscn_full_query_cardinality,MSCN,JOB,3c,1,63.34842066343977,-1.8017357919786845,C:\Users\vanya\Documents\DATA_SYS_LAB\benchmark\cardinality_methods\runs\test42_100k_paper_mscn_cardinality_100k_100ep_3seed_20260504_exact3600s_quotefix\model_seeds\seed_1\predictions\job_exact.csv
mscn_full_query_cardinality,MSCN,JOB,4a,1,14.404999706083728,-1.158513253755188,C:\Users\vanya\Documents\DATA_SYS_LAB\benchmark\cardinality_methods\runs\test42_100k_paper_mscn_cardinality_100k_100ep_3seed_20260504_exact3600s_quotefix\model_seeds\seed_1\predictions\job_exact.csv
mscn_full_query_cardinality,MSCN,JOB,4b,1,14.869356029621226,-1.1722921602611582,C:\Users\vanya\Documents\DATA_SYS_LAB\benchmark\cardinality_methods\runs\test42_100k_paper_mscn_cardinality_100k_100ep_3seed_20260504_exact3600s_quotefix\model_seeds\seed_1\predictions\job_exact.csv
mscn_full_query_cardinality,MSCN,JOB,4c,1,9.736448542356698,-0.9884005729236619,C:\Users\vanya\Documents\DATA_SYS_LAB\benchmark\cardinality_methods\runs\test42_100k_paper_mscn_cardinality_100k_100ep_3seed_20260504_exact3600s_quotefix\model_seeds\seed_1\predictions\job_exact.csv
mscn_full_query_cardinality,MSCN,JOB,5a,1,2.925503143177895,-0.46620056905554996,C:\Users\vanya\Documents\DATA_SYS_LAB\benchmark\cardinality_methods\runs\test42_100k_paper_mscn_cardinality_100k_100ep_3seed_20260504_exact3600s_quotefix\model_seeds\seed_1\predictions\job_exact.csv
mscn_full_query_cardinality,MSCN,JOB,5b,1,37.16457985581684,-1.5701292274838698,C:\Users\vanya\Documents\DATA_SYS_LAB\benchmark\cardinality_methods\runs\test42_100k_paper_mscn_cardinality_100k_100ep_3seed_20260504_exact3600s_quotefix\model_seeds\seed_1\predictions\job_exact.csv
mscn_full_query_cardinality,MSCN,JOB,5c,1,1.195283818454733,-0.07747104014067893,C:\Users\vanya\Documents\DATA_SYS_LAB\benchmark\cardinality_methods\runs\test42_100k_paper_mscn_cardinality_100k_100ep_3seed_20260504_exact3600s_quotefix\model_seeds\seed_1\predictions\job_exact.csv
mscn_full_query_cardinality,MSCN,JOB,6a,1,2.210046877479329,-0.34440148563745565,C:\Users\vanya\Documents\DATA_SYS_LAB\benchmark\cardinality_methods\runs\test42_100k_paper_mscn_cardinality_100k_100ep_3seed_20260504_exact3600s_quotefix\model_seeds\seed_1\predictions\job_exact.csv
mscn_full_query_cardinality,MSCN,JOB,6b,1,1.1069179281440908,-0.04411542153320586,C:\Users\vanya\Documents\DATA_SYS_LAB\benchmark\cardinality_methods\runs\test42_100k_paper_mscn_cardinality_100k_100ep_3seed_20260504_exact3600s_quotefix\model_seeds\seed_1\predictions\job_exact.csv
mscn_full_query_cardinality,MSCN,JOB,6c,1,87.54346806457781,-1.9422237473430661,C:\Users\vanya\Documents\DATA_SYS_LAB\benchmark\cardinality_methods\runs\test42_100k_paper_mscn_cardinality_100k_100ep_3seed_20260504_exact3600s_quotefix\model_seeds\seed_1\predictions\job_exact.csv
mscn_full_query_cardinality,MSCN,JOB,6d,1,1.1069179281440908,-0.04411542153320586,C:\Users\vanya\Documents\DATA_SYS_LAB\benchmark\cardinality_methods\runs\test42_100k_paper_mscn_cardinality_100k_100ep_3seed_20260504_exact3600s_quotefix\model_seeds\seed_1\predictions\job_exact.csv
mscn_full_query_cardinality,MSCN,JOB,6e,1,2.210046877479329,-0.34440148563745565,C:\Users\vanya\Documents\DATA_SYS_LAB\benchmark\cardinality_methods\runs\test42_100k_paper_mscn_cardinality_100k_100ep_3seed_20260504_exact3600s_quotefix\model_seeds\seed_1\predictions\job_exact.csv
mscn_full_query_cardinality,MSCN,JOB,6f,1,5.940480466692774,-0.773821572185705,C:\Users\vanya\Documents\DATA_SYS_LAB\benchmark\cardinality_methods\runs\test42_100k_paper_mscn_cardinality_100k_100ep_3seed_20260504_exact3600s_quotefix\model_seeds\seed_1\predictions\job_exact.csv
mscn_full_query_cardinality,MSCN,JOB,7a,1,2.9769839886919716,-0.47377649885854056,C:\Users\vanya\Documents\DATA_SYS_LAB\benchmark\cardinality_methods\runs\test42_100k_paper_mscn_cardinality_100k_100ep_3seed_20260504_exact3600s_quotefix\model_seeds\seed_1\predictions\job_exact.csv
mscn_full_query_cardinality,MSCN,JOB,7b,1,64.99531243276336,-1.8128820357506295,C:\Users\vanya\Documents\DATA_SYS_LAB\benchmark\cardinality_methods\runs\test42_100k_paper_mscn_cardinality_100k_100ep_3seed_20260504_exact3600s_quotefix\model_seeds\seed_1\predictions\job_exact.csv
mscn_full_query_cardinality,MSCN,JOB,7c,1,46.53380553002668,-1.6677685705455132,C:\Users\vanya\Documents\DATA_SYS_LAB\benchmark\cardinality_methods\runs\test42_100k_paper_mscn_cardinality_100k_100ep_3seed_20260504_exact3600s_quotefix\model_seeds\seed_1\predictions\job_exact.csv
mscn_full_query_cardinality,MSCN,JOB,8a,1,19.513999838092996,-1.2903462970506059,C:\Users\vanya\Documents\DATA_SYS_LAB\benchmark\cardinality_methods\runs\test42_100k_paper_mscn_cardinality_100k_100ep_3seed_20260504_exact3600s_quotefix\model_seeds\seed_1\predictions\job_exact.csv
mscn_full_query_cardinality,MSCN,JOB,8b,1,1.9871065367702951,-0.2982211520072088,C:\Users\vanya\Documents\DATA_SYS_LAB\benchmark\cardinality_methods\runs\test42_100k_paper_mscn_cardinality_100k_100ep_3seed_20260504_exact3600s_quotefix\model_seeds\seed_1\predictions\job_exact.csv
mscn_full_query_cardinality,MSCN,JOB,8c,1,1.9491903960226273,-0.28985426287514415,C:\Users\vanya\Documents\DATA_SYS_LAB\benchmark\cardinality_methods\runs\test42_100k_paper_mscn_cardinality_100k_100ep_3seed_20260504_exact3600s_quotefix\model_seeds\seed_1\predictions\job_exact.csv
mscn_full_query_cardinality,MSCN,JOB,8d,1,1.9491903960226273,-0.28985426287514415,C:\Users\vanya\Documents\DATA_SYS_LAB\benchmark\cardinality_methods\runs\test42_100k_paper_mscn_cardinality_100k_100ep_3seed_20260504_exact3600s_quotefix\model_seeds\seed_1\predictions\job_exact.csv
mscn_full_query_cardinality,MSCN,JOB,9a,1,1.936113575250747,-0.28693083006840303,C:\Users\vanya\Documents\DATA_SYS_LAB\benchmark\cardinality_methods\runs\test42_100k_paper_mscn_cardinality_100k_100ep_3seed_20260504_exact3600s_quotefix\model_seeds\seed_1\predictions\job_exact.csv
mscn_full_query_cardinality,MSCN,JOB,9b,1,5.7092787090578545,-0.7565812444169814,C:\Users\vanya\Documents\DATA_SYS_LAB\benchmark\cardinality_methods\runs\test42_100k_paper_mscn_cardinality_100k_100ep_3seed_20260504_exact3600s_quotefix\model_seeds\seed_1\predictions\job_exact.csv
mscn_full_query_cardinality,MSCN,JOB,9c,1,11.260528177295408,-1.0515587616614301,C:\Users\vanya\Documents\DATA_SYS_LAB\benchmark\cardinality_methods\runs\test42_100k_paper_mscn_cardinality_100k_100ep_3seed_20260504_exact3600s_quotefix\model_seeds\seed_1\predictions\job_exact.csv
mscn_full_query_cardinality,MSCN,JOB,9d,1,2.3676854915835173,-0.3743240129405706,C:\Users\vanya\Documents\DATA_SYS_LAB\benchmark\cardinality_methods\runs\test42_100k_paper_mscn_cardinality_100k_100ep_3seed_20260504_exact3600s_quotefix\model_seeds\seed_1\predictions\job_exact.csv
mscn_full_query_cardinality,MSCN,JOB,10a,1,20.887295507380728,-1.3198822110546076,C:\Users\vanya\Documents\DATA_SYS_LAB\benchmark\cardinality_methods\runs\test42_100k_paper_mscn_cardinality_100k_100ep_3seed_20260504_exact3600s_quotefix\model_seeds\seed_1\predictions\job_exact.csv
mscn_full_query_cardinality,MSCN,JOB,10b,1,15.409075645840437,-1.187776587196592,C:\Users\vanya\Documents\DATA_SYS_LAB\benchmark\cardinality_methods\runs\test42_100k_paper_mscn_cardinality_100k_100ep_3seed_20260504_exact3600s_quotefix\model_seeds\seed_1\predictions\job_exact.csv
mscn_full_query_cardinality,MSCN,JOB,10c,1,12.063179652236014,-1.0814617956492987,C:\Users\vanya\Documents\DATA_SYS_LAB\benchmark\cardinality_methods\runs\test42_100k_paper_mscn_cardinality_100k_100ep_3seed_20260504_exact3600s_quotefix\model_seeds\seed_1\predictions\job_exact.csv
mscn_full_query_cardinality,MSCN,JOB,11a,1,1.22549307346344,0.08831086094500588,C:\Users\vanya\Documents\DATA_SYS_LAB\benchmark\cardinality_methods\runs\test42_100k_paper_mscn_cardinality_100k_100ep_3seed_20260504_exact3600s_quotefix\model_seeds\seed_1\predictions\job_exact.csv
mscn_full_query_cardinality,MSCN,JOB,11b,1,1.0022825002670288,0.0009901476941085628,C:\Users\vanya\Documents\DATA_SYS_LAB\benchmark\cardinality_methods\runs\test42_100k_paper_mscn_cardinality_100k_100ep_3seed_20260504_exact3600s_quotefix\model_seeds\seed_1\predictions\job_exact.csv
mscn_full_query_cardinality,MSCN,JOB,11c,1,11.001244712304175,-1.0414418252585154,C:\Users\vanya\Documents\DATA_SYS_LAB\benchmark\cardinality_methods\runs\test42_100k_paper_mscn_cardinality_100k_100ep_3seed_20260504_exact3600s_quotefix\model_seeds\seed_1\predictions\job_exact.csv
mscn_full_query_cardinality,MSCN,JOB,11d,1,25.823627056317186,-1.4120172410255163,C:\Users\vanya\Documents\DATA_SYS_LAB\benchmark\cardinality_methods\runs\test42_100k_paper_mscn_cardinality_100k_100ep_3seed_20260504_exact3600s_quotefix\model_seeds\seed_1\predictions\job_exact.csv
mscn_full_query_cardinality,MSCN,JOB,12a,1,104.30770894711313,-2.018316406503931,C:\Users\vanya\Documents\DATA_SYS_LAB\benchmark\cardinality_methods\runs\test42_100k_paper_mscn_cardinality_100k_100ep_3seed_20260504_exact3600s_quotefix\model_seeds\seed_1\predictions\job_exact.csv
mscn_full_query_cardinality,MSCN,JOB,12b,1,2.364850072099019,-0.3738036123363826,C:\Users\vanya\Documents\DATA_SYS_LAB\benchmark\cardinality_methods\runs\test42_100k_paper_mscn_cardinality_100k_100ep_3seed_20260504_exact3600s_quotefix\model_seeds\seed_1\predictions\job_exact.csv
mscn_full_query_cardinality,MSCN,JOB,12c,1,1294.3929693768587,-3.1120661453612697,C:\Users\vanya\Documents\DATA_SYS_LAB\benchmark\cardinality_methods\runs\test42_100k_paper_mscn_cardinality_100k_100ep_3seed_20260504_exact3600s_quotefix\model_seeds\seed_1\predictions\job_exact.csv
mscn_full_query_cardinality,MSCN,JOB,13a,1,1.8748873308686864,-0.2729751744358851,C:\Users\vanya\Documents\DATA_SYS_LAB\benchmark\cardinality_methods\runs\test42_100k_paper_mscn_cardinality_100k_100ep_3seed_20260504_exact3600s_quotefix\model_seeds\seed_1\predictions\job_exact.csv
mscn_full_query_cardinality,MSCN,JOB,13b,1,2.367977553020175,-0.3743775812241598,C:\Users\vanya\Documents\DATA_SYS_LAB\benchmark\cardinality_methods\runs\test42_100k_paper_mscn_cardinality_100k_100ep_3seed_20260504_exact3600s_quotefix\model_seeds\seed_1\predictions\job_exact.csv
mscn_full_query_cardinality,MSCN,JOB,13c,1,2.355836791178185,-0.372145199890145,C:\Users\vanya\Documents\DATA_SYS_LAB\benchmark\cardinality_methods\runs\test42_100k_paper_mscn_cardinality_100k_100ep_3seed_20260504_exact3600s_quotefix\model_seeds\seed_1\predictions\job_exact.csv
mscn_full_query_cardinality,MSCN,JOB,13d,1,3.6253639217085407,-0.5593516084951345,C:\Users\vanya\Documents\DATA_SYS_LAB\benchmark\cardinality_methods\runs\test42_100k_paper_mscn_cardinality_100k_100ep_3seed_20260504_exact3600s_quotefix\model_seeds\seed_1\predictions\job_exact.csv
mscn_full_query_cardinality,MSCN,JOB,14a,1,78.36333737675778,-1.8941129236658014,C:\Users\vanya\Documents\DATA_SYS_LAB\benchmark\cardinality_methods\runs\test42_100k_paper_mscn_cardinality_100k_100ep_3seed_20260504_exact3600s_quotefix\model_seeds\seed_1\predictions\job_exact.csv
mscn_full_query_cardinality,MSCN,JOB,14b,1,3.797534294108986,-0.5795017045032359,C:\Users\vanya\Documents\DATA_SYS_LAB\benchmark\cardinality_methods\runs\test42_100k_paper_mscn_cardinality_100k_100ep_3seed_20260504_exact3600s_quotefix\model_seeds\seed_1\predictions\job_exact.csv
mscn_full_query_cardinality,MSCN,JOB,14c,1,55.06230101915971,-1.740854356331613,C:\Users\vanya\Documents\DATA_SYS_LAB\benchmark\cardinality_methods\runs\test42_100k_paper_mscn_cardinality_100k_100ep_3seed_20260504_exact3600s_quotefix\model_seeds\seed_1\predictions\job_exact.csv
mscn_full_query_cardinality,MSCN,JOB,15a,1,1.684541278415256,0.22648165750670385,C:\Users\vanya\Documents\DATA_SYS_LAB\benchmark\cardinality_methods\runs\test42_100k_paper_mscn_cardinality_100k_100ep_3seed_20260504_exact3600s_quotefix\model_seeds\seed_1\predictions\job_exact.csv
mscn_full_query_cardinality,MSCN,JOB,15b,1,4.982091717110659,-0.6974117183567322,C:\Users\vanya\Documents\DATA_SYS_LAB\benchmark\cardinality_methods\runs\test42_100k_paper_mscn_cardinality_100k_100ep_3seed_20260504_exact3600s_quotefix\model_seeds\seed_1\predictions\job_exact.csv
mscn_full_query_cardinality,MSCN,JOB,15c,1,1.7462520141687958,-0.24210692004815912,C:\Users\vanya\Documents\DATA_SYS_LAB\benchmark\cardinality_methods\runs\test42_100k_paper_mscn_cardinality_100k_100ep_3seed_20260504_exact3600s_quotefix\model_seeds\seed_1\predictions\job_exact.csv
mscn_full_query_cardinality,MSCN,JOB,15d,1,6.205485148007255,-0.7927757405270998,C:\Users\vanya\Documents\DATA_SYS_LAB\benchmark\cardinality_methods\runs\test42_100k_paper_mscn_cardinality_100k_100ep_3seed_20260504_exact3600s_quotefix\model_seeds\seed_1\predictions\job_exact.csv
mscn_full_query_cardinality,MSCN,JOB,16a,1,15.812704967717156,-1.1990061679758048,C:\Users\vanya\Documents\DATA_SYS_LAB\benchmark\cardinality_methods\runs\test42_100k_paper_mscn_cardinality_100k_100ep_3seed_20260504_exact3600s_quotefix\model_seeds\seed_1\predictions\job_exact.csv
mscn_full_query_cardinality,MSCN,JOB,16b,1,19.94284557891678,-1.2997871264455316,C:\Users\vanya\Documents\DATA_SYS_LAB\benchmark\cardinality_methods\runs\test42_100k_paper_mscn_cardinality_100k_100ep_3seed_20260504_exact3600s_quotefix\model_seeds\seed_1\predictions\job_exact.csv
mscn_full_query_cardinality,MSCN,JOB,16c,1,13.189952368784471,-1.1202432272361742,C:\Users\vanya\Documents\DATA_SYS_LAB\benchmark\cardinality_methods\runs\test42_100k_paper_mscn_cardinality_100k_100ep_3seed_20260504_exact3600s_quotefix\model_seeds\seed_1\predictions\job_exact.csv
mscn_full_query_cardinality,MSCN,JOB,16d,1,26.381606016756656,-1.4213012302924037,C:\Users\vanya\Documents\DATA_SYS_LAB\benchmark\cardinality_methods\runs\test42_100k_paper_mscn_cardinality_100k_100ep_3seed_20260504_exact3600s_quotefix\model_seeds\seed_1\predictions\job_exact.csv
mscn_full_query_cardinality,MSCN,JOB,17a,1,2.4565936993404205,-0.3903333336369041,C:\Users\vanya\Documents\DATA_SYS_LAB\benchmark\cardinality_methods\runs\test42_100k_paper_mscn_cardinality_100k_100ep_3seed_20260504_exact3600s_quotefix\model_seeds\seed_1\predictions\job_exact.csv
mscn_full_query_cardinality,MSCN,JOB,17b,1,1.3842256565729048,0.14120689461198566,C:\Users\vanya\Documents\DATA_SYS_LAB\benchmark\cardinality_methods\runs\test42_100k_paper_mscn_cardinality_100k_100ep_3seed_20260504_exact3600s_quotefix\model_seeds\seed_1\predictions\job_exact.csv
mscn_full_query_cardinality,MSCN,JOB,17c,1,2.0695443153381348,0.315874730423059,C:\Users\vanya\Documents\DATA_SYS_LAB\benchmark\cardinality_methods\runs\test42_100k_paper_mscn_cardinality_100k_100ep_3seed_20260504_exact3600s_quotefix\model_seeds\seed_1\predictions\job_exact.csv
mscn_full_query_cardinality,MSCN,JOB,17d,1,11.616087352503115,-1.0650598692450888,C:\Users\vanya\Documents\DATA_SYS_LAB\benchmark\cardinality_methods\runs\test42_100k_paper_mscn_cardinality_100k_100ep_3seed_20260504_exact3600s_quotefix\model_seeds\seed_1\predictions\job_exact.csv
mscn_full_query_cardinality,MSCN,JOB,17e,1,44.38434133016542,-1.6472297792732682,C:\Users\vanya\Documents\DATA_SYS_LAB\benchmark\cardinality_methods\runs\test42_100k_paper_mscn_cardinality_100k_100ep_3seed_20260504_exact3600s_quotefix\model_seeds\seed_1\predictions\job_exact.csv
mscn_full_query_cardinality,MSCN,JOB,17f,1,11.616087352503115,-1.0650598692450888,C:\Users\vanya\Documents\DATA_SYS_LAB\benchmark\cardinality_methods\runs\test42_100k_paper_mscn_cardinality_100k_100ep_3seed_20260504_exact3600s_quotefix\model_seeds\seed_1\predictions\job_exact.csv
mscn_full_query_cardinality,MSCN,JOB,18a,1,4.813556858171035,-0.6824661061073694,C:\Users\vanya\Documents\DATA_SYS_LAB\benchmark\cardinality_methods\runs\test42_100k_paper_mscn_cardinality_100k_100ep_3seed_20260504_exact3600s_quotefix\model_seeds\seed_1\predictions\job_exact.csv
mscn_full_query_cardinality,MSCN,JOB,18b,1,43.4055091431225,-1.6375448548262137,C:\Users\vanya\Documents\DATA_SYS_LAB\benchmark\cardinality_methods\runs\test42_100k_paper_mscn_cardinality_100k_100ep_3seed_20260504_exact3600s_quotefix\model_seeds\seed_1\predictions\job_exact.csv
mscn_full_query_cardinality,MSCN,JOB,18c,1,5.242227577777976,-0.7195158707936793,C:\Users\vanya\Documents\DATA_SYS_LAB\benchmark\cardinality_methods\runs\test42_100k_paper_mscn_cardinality_100k_100ep_3seed_20260504_exact3600s_quotefix\model_seeds\seed_1\predictions\job_exact.csv
mscn_full_query_cardinality,MSCN,JOB,19a,1,1.0204315185546875,0.008783864405585736,C:\Users\vanya\Documents\DATA_SYS_LAB\benchmark\cardinality_methods\runs\test42_100k_paper_mscn_cardinality_100k_100ep_3seed_20260504_exact3600s_quotefix\model_seeds\seed_1\predictions\job_exact.csv
mscn_full_query_cardinality,MSCN,JOB,19b,1,1.0126078128814697,0.00544127390823884,C:\Users\vanya\Documents\DATA_SYS_LAB\benchmark\cardinality_methods\runs\test42_100k_paper_mscn_cardinality_100k_100ep_3seed_20260504_exact3600s_quotefix\model_seeds\seed_1\predictions\job_exact.csv
mscn_full_query_cardinality,MSCN,JOB,19c,1,5.822771436064965,-0.7651297428808311,C:\Users\vanya\Documents\DATA_SYS_LAB\benchmark\cardinality_methods\runs\test42_100k_paper_mscn_cardinality_100k_100ep_3seed_20260504_exact3600s_quotefix\model_seeds\seed_1\predictions\job_exact.csv
mscn_full_query_cardinality,MSCN,JOB,19d,1,20.729130222738707,-1.3165810798367565,C:\Users\vanya\Documents\DATA_SYS_LAB\benchmark\cardinality_methods\runs\test42_100k_paper_mscn_cardinality_100k_100ep_3seed_20260504_exact3600s_quotefix\model_seeds\seed_1\predictions\job_exact.csv
mscn_full_query_cardinality,MSCN,JOB,20a,1,6.035805293491909,0.7807352216062142,C:\Users\vanya\Documents\DATA_SYS_LAB\benchmark\cardinality_methods\runs\test42_100k_paper_mscn_cardinality_100k_100ep_3seed_20260504_exact3600s_quotefix\model_seeds\seed_1\predictions\job_exact.csv
mscn_full_query_cardinality,MSCN,JOB,20b,1,8.476410888707521,-0.9282120007019515,C:\Users\vanya\Documents\DATA_SYS_LAB\benchmark\cardinality_methods\runs\test42_100k_paper_mscn_cardinality_100k_100ep_3seed_20260504_exact3600s_quotefix\model_seeds\seed_1\predictions\job_exact.csv
mscn_full_query_cardinality,MSCN,JOB,20c,1,1.637391283646521,0.2141524741723298,C:\Users\vanya\Documents\DATA_SYS_LAB\benchmark\cardinality_methods\runs\test42_100k_paper_mscn_cardinality_100k_100ep_3seed_20260504_exact3600s_quotefix\model_seeds\seed_1\predictions\job_exact.csv
mscn_full_query_cardinality,MSCN,JOB,21a,1,1.0033857822418213,0.0014679428770337964,C:\Users\vanya\Documents\DATA_SYS_LAB\benchmark\cardinality_methods\runs\test42_100k_paper_mscn_cardinality_100k_100ep_3seed_20260504_exact3600s_quotefix\model_seeds\seed_1\predictions\job_exact.csv
mscn_full_query_cardinality,MSCN,JOB,21b,1,1.0009263753890991,0.0004021334851198263,C:\Users\vanya\Documents\DATA_SYS_LAB\benchmark\cardinality_methods\runs\test42_100k_paper_mscn_cardinality_100k_100ep_3seed_20260504_exact3600s_quotefix\model_seeds\seed_1\predictions\job_exact.csv
mscn_full_query_cardinality,MSCN,JOB,21c,1,2.914453374036678,-0.4645571117877128,C:\Users\vanya\Documents\DATA_SYS_LAB\benchmark\cardinality_methods\runs\test42_100k_paper_mscn_cardinality_100k_100ep_3seed_20260504_exact3600s_quotefix\model_seeds\seed_1\predictions\job_exact.csv
mscn_full_query_cardinality,MSCN,JOB,22a,1,1277.5251850784248,-3.1063694705545175,C:\Users\vanya\Documents\DATA_SYS_LAB\benchmark\cardinality_methods\runs\test42_100k_paper_mscn_cardinality_100k_100ep_3seed_20260504_exact3600s_quotefix\model_seeds\seed_1\predictions\job_exact.csv
mscn_full_query_cardinality,MSCN,JOB,22b,1,1277.5251850784248,-3.1063694705545175,C:\Users\vanya\Documents\DATA_SYS_LAB\benchmark\cardinality_methods\runs\test42_100k_paper_mscn_cardinality_100k_100ep_3seed_20260504_exact3600s_quotefix\model_seeds\seed_1\predictions\job_exact.csv
mscn_full_query_cardinality,MSCN,JOB,22c,1,128.18317305446718,-2.107831017934502,C:\Users\vanya\Documents\DATA_SYS_LAB\benchmark\cardinality_methods\runs\test42_100k_paper_mscn_cardinality_100k_100ep_3seed_20260504_exact3600s_quotefix\model_seeds\seed_1\predictions\job_exact.csv
mscn_full_query_cardinality,MSCN,JOB,22d,1,47.989052681060436,-1.6811421769078587,C:\Users\vanya\Documents\DATA_SYS_LAB\benchmark\cardinality_methods\runs\test42_100k_paper_mscn_cardinality_100k_100ep_3seed_20260504_exact3600s_quotefix\model_seeds\seed_1\predictions\job_exact.csv
mscn_full_query_cardinality,MSCN,JOB,23a,1,2.8650980729991096,-0.4571394925628684,C:\Users\vanya\Documents\DATA_SYS_LAB\benchmark\cardinality_methods\runs\test42_100k_paper_mscn_cardinality_100k_100ep_3seed_20260504_exact3600s_quotefix\model_seeds\seed_1\predictions\job_exact.csv
mscn_full_query_cardinality,MSCN,JOB,23b,1,3.4151746190998122,-0.5334129142174596,C:\Users\vanya\Documents\DATA_SYS_LAB\benchmark\cardinality_methods\runs\test42_100k_paper_mscn_cardinality_100k_100ep_3seed_20260504_exact3600s_quotefix\model_seeds\seed_1\predictions\job_exact.csv
mscn_full_query_cardinality,MSCN,JOB,23c,1,2.761554067773572,-0.44115355058553046,C:\Users\vanya\Documents\DATA_SYS_LAB\benchmark\cardinality_methods\runs\test42_100k_paper_mscn_cardinality_100k_100ep_3seed_20260504_exact3600s_quotefix\model_seeds\seed_1\predictions\job_exact.csv
mscn_full_query_cardinality,MSCN,JOB,24a,1,2.2638092041015625,0.3548398213247193,C:\Users\vanya\Documents\DATA_SYS_LAB\benchmark\cardinality_methods\runs\test42_100k_paper_mscn_cardinality_100k_100ep_3seed_20260504_exact3600s_quotefix\model_seeds\seed_1\predictions\job_exact.csv
mscn_full_query_cardinality,MSCN,JOB,24b,1,1.0719399452209473,0.030170454955874566,C:\Users\vanya\Documents\DATA_SYS_LAB\benchmark\cardinality_methods\runs\test42_100k_paper_mscn_cardinality_100k_100ep_3seed_20260504_exact3600s_quotefix\model_seeds\seed_1\predictions\job_exact.csv
mscn_full_query_cardinality,MSCN,JOB,25a,1,6.708765658666671,-0.8266426219659833,C:\Users\vanya\Documents\DATA_SYS_LAB\benchmark\cardinality_methods\runs\test42_100k_paper_mscn_cardinality_100k_100ep_3seed_20260504_exact3600s_quotefix\model_seeds\seed_1\predictions\job_exact.csv
mscn_full_query_cardinality,MSCN,JOB,25b,1,1.177343487739563,0.07090318592503164,C:\Users\vanya\Documents\DATA_SYS_LAB\benchmark\cardinality_methods\runs\test42_100k_paper_mscn_cardinality_100k_100ep_3seed_20260504_exact3600s_quotefix\model_seeds\seed_1\predictions\job_exact.csv
mscn_full_query_cardinality,MSCN,JOB,25c,1,27262.39121914127,-4.43556394569282,C:\Users\vanya\Documents\DATA_SYS_LAB\benchmark\cardinality_methods\runs\test42_100k_paper_mscn_cardinality_100k_100ep_3seed_20260504_exact3600s_quotefix\model_seeds\seed_1\predictions\job_exact.csv
mscn_full_query_cardinality,MSCN,JOB,26a,1,2.656096948718818,0.4242439229268489,C:\Users\vanya\Documents\DATA_SYS_LAB\benchmark\cardinality_methods\runs\test42_100k_paper_mscn_cardinality_100k_100ep_3seed_20260504_exact3600s_quotefix\model_seeds\seed_1\predictions\job_exact.csv
mscn_full_query_cardinality,MSCN,JOB,26b,1,13.940940638950893,1.1442920779602443,C:\Users\vanya\Documents\DATA_SYS_LAB\benchmark\cardinality_methods\runs\test42_100k_paper_mscn_cardinality_100k_100ep_3seed_20260504_exact3600s_quotefix\model_seeds\seed_1\predictions\job_exact.csv
mscn_full_query_cardinality,MSCN,JOB,26c,1,1.1138597975653886,0.04683052927969996,C:\Users\vanya\Documents\DATA_SYS_LAB\benchmark\cardinality_methods\runs\test42_100k_paper_mscn_cardinality_100k_100ep_3seed_20260504_exact3600s_quotefix\model_seeds\seed_1\predictions\job_exact.csv
mscn_full_query_cardinality,MSCN,JOB,27a,1,1.9660155669116939,-0.2935869522535347,C:\Users\vanya\Documents\DATA_SYS_LAB\benchmark\cardinality_methods\runs\test42_100k_paper_mscn_cardinality_100k_100ep_3seed_20260504_exact3600s_quotefix\model_seeds\seed_1\predictions\job_exact.csv
mscn_full_query_cardinality,MSCN,JOB,27b,1,1.9841994614570935,-0.29758532742301713,C:\Users\vanya\Documents\DATA_SYS_LAB\benchmark\cardinality_methods\runs\test42_100k_paper_mscn_cardinality_100k_100ep_3seed_20260504_exact3600s_quotefix\model_seeds\seed_1\predictions\job_exact.csv
mscn_full_query_cardinality,MSCN,JOB,27c,1,2.7072394688713155,-0.4325266729886829,C:\Users\vanya\Documents\DATA_SYS_LAB\benchmark\cardinality_methods\runs\test42_100k_paper_mscn_cardinality_100k_100ep_3seed_20260504_exact3600s_quotefix\model_seeds\seed_1\predictions\job_exact.csv
mscn_full_query_cardinality,MSCN,JOB,28a,1,39.62305377072843,-1.597947943808994,C:\Users\vanya\Documents\DATA_SYS_LAB\benchmark\cardinality_methods\runs\test42_100k_paper_mscn_cardinality_100k_100ep_3seed_20260504_exact3600s_quotefix\model_seeds\seed_1\predictions\job_exact.csv
mscn_full_query_cardinality,MSCN,JOB,28b,1,8.945268977043513,-0.9515934039855012,C:\Users\vanya\Documents\DATA_SYS_LAB\benchmark\cardinality_methods\runs\test42_100k_paper_mscn_cardinality_100k_100ep_3seed_20260504_exact3600s_quotefix\model_seeds\seed_1\predictions\job_exact.csv
mscn_full_query_cardinality,MSCN,JOB,28c,1,60.06680825809096,-1.7786345556575955,C:\Users\vanya\Documents\DATA_SYS_LAB\benchmark\cardinality_methods\runs\test42_100k_paper_mscn_cardinality_100k_100ep_3seed_20260504_exact3600s_quotefix\model_seeds\seed_1\predictions\job_exact.csv
mscn_full_query_cardinality,MSCN,JOB,29a,1,1.9981732379720203,-0.3006331380610273,C:\Users\vanya\Documents\DATA_SYS_LAB\benchmark\cardinality_methods\runs\test42_100k_paper_mscn_cardinality_100k_100ep_3seed_20260504_exact3600s_quotefix\model_seeds\seed_1\predictions\job_exact.csv
mscn_full_query_cardinality,MSCN,JOB,29b,1,1.0008066892623901,0.00035019946317661917,C:\Users\vanya\Documents\DATA_SYS_LAB\benchmark\cardinality_methods\runs\test42_100k_paper_mscn_cardinality_100k_100ep_3seed_20260504_exact3600s_quotefix\model_seeds\seed_1\predictions\job_exact.csv
mscn_full_query_cardinality,MSCN,JOB,29c,1,1.7541115806362877,-0.2440572157765088,C:\Users\vanya\Documents\DATA_SYS_LAB\benchmark\cardinality_methods\runs\test42_100k_paper_mscn_cardinality_100k_100ep_3seed_20260504_exact3600s_quotefix\model_seeds\seed_1\predictions\job_exact.csv
mscn_full_query_cardinality,MSCN,JOB,30a,1,5.610616325236227,-0.7490105710506436,C:\Users\vanya\Documents\DATA_SYS_LAB\benchmark\cardinality_methods\runs\test42_100k_paper_mscn_cardinality_100k_100ep_3seed_20260504_exact3600s_quotefix\model_seeds\seed_1\predictions\job_exact.csv
mscn_full_query_cardinality,MSCN,JOB,30b,1,5.727252679493043,-0.7579463440856959,C:\Users\vanya\Documents\DATA_SYS_LAB\benchmark\cardinality_methods\runs\test42_100k_paper_mscn_cardinality_100k_100ep_3seed_20260504_exact3600s_quotefix\model_seeds\seed_1\predictions\job_exact.csv
mscn_full_query_cardinality,MSCN,JOB,30c,1,3.970782417895708,-0.598876090212671,C:\Users\vanya\Documents\DATA_SYS_LAB\benchmark\cardinality_methods\runs\test42_100k_paper_mscn_cardinality_100k_100ep_3seed_20260504_exact3600s_quotefix\model_seeds\seed_1\predictions\job_exact.csv
mscn_full_query_cardinality,MSCN,JOB,31a,1,13.233577713237825,-1.1216772720835566,C:\Users\vanya\Documents\DATA_SYS_LAB\benchmark\cardinality_methods\runs\test42_100k_paper_mscn_cardinality_100k_100ep_3seed_20260504_exact3600s_quotefix\model_seeds\seed_1\predictions\job_exact.csv
mscn_full_query_cardinality,MSCN,JOB,31b,1,6.93432132810569,-0.8410039624703373,C:\Users\vanya\Documents\DATA_SYS_LAB\benchmark\cardinality_methods\runs\test42_100k_paper_mscn_cardinality_100k_100ep_3seed_20260504_exact3600s_quotefix\model_seeds\seed_1\predictions\job_exact.csv
mscn_full_query_cardinality,MSCN,JOB,31c,1,7.760747455052258,-0.889903551151479,C:\Users\vanya\Documents\DATA_SYS_LAB\benchmark\cardinality_methods\runs\test42_100k_paper_mscn_cardinality_100k_100ep_3seed_20260504_exact3600s_quotefix\model_seeds\seed_1\predictions\job_exact.csv
mscn_full_query_cardinality,MSCN,JOB,32a,1,4.233573688742624,-0.6267071234169405,C:\Users\vanya\Documents\DATA_SYS_LAB\benchmark\cardinality_methods\runs\test42_100k_paper_mscn_cardinality_100k_100ep_3seed_20260504_exact3600s_quotefix\model_seeds\seed_1\predictions\job_exact.csv
mscn_full_query_cardinality,MSCN,JOB,32b,1,4.233573688742624,-0.6267071234169405,C:\Users\vanya\Documents\DATA_SYS_LAB\benchmark\cardinality_methods\runs\test42_100k_paper_mscn_cardinality_100k_100ep_3seed_20260504_exact3600s_quotefix\model_seeds\seed_1\predictions\job_exact.csv
mscn_full_query_cardinality,MSCN,JOB,33a,1,28.164301922668365,-1.449698991328862,C:\Users\vanya\Documents\DATA_SYS_LAB\benchmark\cardinality_methods\runs\test42_100k_paper_mscn_cardinality_100k_100ep_3seed_20260504_exact3600s_quotefix\model_seeds\seed_1\predictions\job_exact.csv
mscn_full_query_cardinality,MSCN,JOB,33b,1,19.168258574025618,-1.2825826592502785,C:\Users\vanya\Documents\DATA_SYS_LAB\benchmark\cardinality_methods\runs\test42_100k_paper_mscn_cardinality_100k_100ep_3seed_20260504_exact3600s_quotefix\model_seeds\seed_1\predictions\job_exact.csv
mscn_full_query_cardinality,MSCN,JOB,33c,1,128.6743767903509,-2.1094920735053266,C:\Users\vanya\Documents\DATA_SYS_LAB\benchmark\cardinality_methods\runs\test42_100k_paper_mscn_cardinality_100k_100ep_3seed_20260504_exact3600s_quotefix\model_seeds\seed_1\predictions\job_exact.csv
mscn_full_query_cardinality,MSCN,JOB-Complex,01,1,1.002948522567749,0.0012786429521311842,C:\Users\vanya\Documents\DATA_SYS_LAB\benchmark\cardinality_methods\runs\test42_100k_paper_mscn_cardinality_100k_100ep_3seed_20260504_exact3600s_quotefix\model_seeds\seed_1\predictions\job_complex.csv
mscn_full_query_cardinality,MSCN,JOB-Complex,02,1,1.0247688293457031,0.010625906891743817,C:\Users\vanya\Documents\DATA_SYS_LAB\benchmark\cardinality_methods\runs\test42_100k_paper_mscn_cardinality_100k_100ep_3seed_20260504_exact3600s_quotefix\model_seeds\seed_1\predictions\job_complex.csv
mscn_full_query_cardinality,MSCN,JOB-Complex,03,1,1.0023224353790283,0.0010074514515417262,C:\Users\vanya\Documents\DATA_SYS_LAB\benchmark\cardinality_methods\runs\test42_100k_paper_mscn_cardinality_100k_100ep_3seed_20260504_exact3600s_quotefix\model_seeds\seed_1\predictions\job_complex.csv
mscn_full_query_cardinality,MSCN,JOB-Complex,04,1,1.0023224353790283,0.0010074514515417262,C:\Users\vanya\Documents\DATA_SYS_LAB\benchmark\cardinality_methods\runs\test42_100k_paper_mscn_cardinality_100k_100ep_3seed_20260504_exact3600s_quotefix\model_seeds\seed_1\predictions\job_complex.csv
mscn_full_query_cardinality,MSCN,JOB-Complex,05,1,1.3297243118286133,0.12376160919089338,C:\Users\vanya\Documents\DATA_SYS_LAB\benchmark\cardinality_methods\runs\test42_100k_paper_mscn_cardinality_100k_100ep_3seed_20260504_exact3600s_quotefix\model_seeds\seed_1\predictions\job_complex.csv
mscn_full_query_cardinality,MSCN,JOB-Complex,06,1,1.0002416372299194,0.00010492903870576473,C:\Users\vanya\Documents\DATA_SYS_LAB\benchmark\cardinality_methods\runs\test42_100k_paper_mscn_cardinality_100k_100ep_3seed_20260504_exact3600s_quotefix\model_seeds\seed_1\predictions\job_complex.csv
mscn_full_query_cardinality,MSCN,JOB-Complex,07,1,1.0002416372299194,0.00010492903870576473,C:\Users\vanya\Documents\DATA_SYS_LAB\benchmark\cardinality_methods\runs\test42_100k_paper_mscn_cardinality_100k_100ep_3seed_20260504_exact3600s_quotefix\model_seeds\seed_1\predictions\job_complex.csv
mscn_full_query_cardinality,MSCN,JOB-Complex,08,1,72.60270690719695,-1.860952813164874,C:\Users\vanya\Documents\DATA_SYS_LAB\benchmark\cardinality_methods\runs\test42_100k_paper_mscn_cardinality_100k_100ep_3seed_20260504_exact3600s_quotefix\model_seeds\seed_1\predictions\job_complex.csv
mscn_full_query_cardinality,MSCN,JOB-Complex,09,1,39.24136496241279,-1.593744105367797,C:\Users\vanya\Documents\DATA_SYS_LAB\benchmark\cardinality_methods\runs\test42_100k_paper_mscn_cardinality_100k_100ep_3seed_20260504_exact3600s_quotefix\model_seeds\seed_1\predictions\job_complex.csv
mscn_full_query_cardinality,MSCN,JOB-Complex,10,1,8.142419988458807,0.9107534996604223,C:\Users\vanya\Documents\DATA_SYS_LAB\benchmark\cardinality_methods\runs\test42_100k_paper_mscn_cardinality_100k_100ep_3seed_20260504_exact3600s_quotefix\model_seeds\seed_1\predictions\job_complex.csv
mscn_full_query_cardinality,MSCN,JOB-Complex,11,1,28.4631827101689,-1.454283460617603,C:\Users\vanya\Documents\DATA_SYS_LAB\benchmark\cardinality_methods\runs\test42_100k_paper_mscn_cardinality_100k_100ep_3seed_20260504_exact3600s_quotefix\model_seeds\seed_1\predictions\job_complex.csv
mscn_full_query_cardinality,MSCN,JOB-Complex,12,1,1.5183679454930474,-0.18137702672018147,C:\Users\vanya\Documents\DATA_SYS_LAB\benchmark\cardinality_methods\runs\test42_100k_paper_mscn_cardinality_100k_100ep_3seed_20260504_exact3600s_quotefix\model_seeds\seed_1\predictions\job_complex.csv
mscn_full_query_cardinality,MSCN,JOB-Complex,13,1,2.2125305665942707,-0.34488927928467616,C:\Users\vanya\Documents\DATA_SYS_LAB\benchmark\cardinality_methods\runs\test42_100k_paper_mscn_cardinality_100k_100ep_3seed_20260504_exact3600s_quotefix\model_seeds\seed_1\predictions\job_complex.csv
mscn_full_query_cardinality,MSCN,JOB-Complex,14,1,53.892420144917516,-1.7315276868801759,C:\Users\vanya\Documents\DATA_SYS_LAB\benchmark\cardinality_methods\runs\test42_100k_paper_mscn_cardinality_100k_100ep_3seed_20260504_exact3600s_quotefix\model_seeds\seed_1\predictions\job_complex.csv
mscn_full_query_cardinality,MSCN,JOB-Complex,15,1,1.3537054354209055,0.1315241727031022,C:\Users\vanya\Documents\DATA_SYS_LAB\benchmark\cardinality_methods\runs\test42_100k_paper_mscn_cardinality_100k_100ep_3seed_20260504_exact3600s_quotefix\model_seeds\seed_1\predictions\job_complex.csv
mscn_full_query_cardinality,MSCN,JOB-Complex,16,1,6.495364379882813,0.8126035193403169,C:\Users\vanya\Documents\DATA_SYS_LAB\benchmark\cardinality_methods\runs\test42_100k_paper_mscn_cardinality_100k_100ep_3seed_20260504_exact3600s_quotefix\model_seeds\seed_1\predictions\job_complex.csv
mscn_full_query_cardinality,MSCN,JOB-Complex,17,1,49485.34296330549,-4.694476584534438,C:\Users\vanya\Documents\DATA_SYS_LAB\benchmark\cardinality_methods\runs\test42_100k_paper_mscn_cardinality_100k_100ep_3seed_20260504_exact3600s_quotefix\model_seeds\seed_1\predictions\job_complex.csv
mscn_full_query_cardinality,MSCN,JOB-Complex,18,1,42.723409016927086,1.630665898940241,C:\Users\vanya\Documents\DATA_SYS_LAB\benchmark\cardinality_methods\runs\test42_100k_paper_mscn_cardinality_100k_100ep_3seed_20260504_exact3600s_quotefix\model_seeds\seed_1\predictions\job_complex.csv
mscn_full_query_cardinality,MSCN,JOB-Complex,19,1,6832.0218538627305,-3.834549246878374,C:\Users\vanya\Documents\DATA_SYS_LAB\benchmark\cardinality_methods\runs\test42_100k_paper_mscn_cardinality_100k_100ep_3seed_20260504_exact3600s_quotefix\model_seeds\seed_1\predictions\job_complex.csv
mscn_full_query_cardinality,MSCN,JOB-Complex,20,1,3.729995967022965,-0.5717083622374761,C:\Users\vanya\Documents\DATA_SYS_LAB\benchmark\cardinality_methods\runs\test42_100k_paper_mscn_cardinality_100k_100ep_3seed_20260504_exact3600s_quotefix\model_seeds\seed_1\predictions\job_complex.csv
mscn_full_query_cardinality,MSCN,JOB-Complex,21,1,627.9787529433826,-2.797944950050022,C:\Users\vanya\Documents\DATA_SYS_LAB\benchmark\cardinality_methods\runs\test42_100k_paper_mscn_cardinality_100k_100ep_3seed_20260504_exact3600s_quotefix\model_seeds\seed_1\predictions\job_complex.csv
mscn_full_query_cardinality,MSCN,JOB-Complex,22,1,79.04656734448042,-1.8978830151193455,C:\Users\vanya\Documents\DATA_SYS_LAB\benchmark\cardinality_methods\runs\test42_100k_paper_mscn_cardinality_100k_100ep_3seed_20260504_exact3600s_quotefix\model_seeds\seed_1\predictions\job_complex.csv
mscn_full_query_cardinality,MSCN,JOB-Complex,23,1,40.97170091711956,1.6124839938185476,C:\Users\vanya\Documents\DATA_SYS_LAB\benchmark\cardinality_methods\runs\test42_100k_paper_mscn_cardinality_100k_100ep_3seed_20260504_exact3600s_quotefix\model_seeds\seed_1\predictions\job_complex.csv
mscn_full_query_cardinality,MSCN,JOB-Complex,24,1,6.86401477204351,-0.8365782094866396,C:\Users\vanya\Documents\DATA_SYS_LAB\benchmark\cardinality_methods\runs\test42_100k_paper_mscn_cardinality_100k_100ep_3seed_20260504_exact3600s_quotefix\model_seeds\seed_1\predictions\job_complex.csv
mscn_full_query_cardinality,MSCN,JOB-Complex,25,1,60.93013305664063,1.7848321265193767,C:\Users\vanya\Documents\DATA_SYS_LAB\benchmark\cardinality_methods\runs\test42_100k_paper_mscn_cardinality_100k_100ep_3seed_20260504_exact3600s_quotefix\model_seeds\seed_1\predictions\job_complex.csv
mscn_full_query_cardinality,MSCN,JOB-Complex,26,1,2.5023620656154986,-0.3983501477725224,C:\Users\vanya\Documents\DATA_SYS_LAB\benchmark\cardinality_methods\runs\test42_100k_paper_mscn_cardinality_100k_100ep_3seed_20260504_exact3600s_quotefix\model_seeds\seed_1\predictions\job_complex.csv
mscn_full_query_cardinality,MSCN,JOB-Complex,27,1,27.151185989379883,1.4337888047312664,C:\Users\vanya\Documents\DATA_SYS_LAB\benchmark\cardinality_methods\runs\test42_100k_paper_mscn_cardinality_100k_100ep_3seed_20260504_exact3600s_quotefix\model_seeds\seed_1\predictions\job_complex.csv
mscn_full_query_cardinality,MSCN,JOB-Complex,28,1,29.437179565429688,1.4688961970428869,C:\Users\vanya\Documents\DATA_SYS_LAB\benchmark\cardinality_methods\runs\test42_100k_paper_mscn_cardinality_100k_100ep_3seed_20260504_exact3600s_quotefix\model_seeds\seed_1\predictions\job_complex.csv
mscn_full_query_cardinality,MSCN,JOB-Complex,29,1,95.87483215332031,1.9817046166446453,C:\Users\vanya\Documents\DATA_SYS_LAB\benchmark\cardinality_methods\runs\test42_100k_paper_mscn_cardinality_100k_100ep_3seed_20260504_exact3600s_quotefix\model_seeds\seed_1\predictions\job_complex.csv
mscn_full_query_cardinality,MSCN,JOB-Complex,30,1,27.151185989379883,1.4337888047312664,C:\Users\vanya\Documents\DATA_SYS_LAB\benchmark\cardinality_methods\runs\test42_100k_paper_mscn_cardinality_100k_100ep_3seed_20260504_exact3600s_quotefix\model_seeds\seed_1\predictions\job_complex.csv
mscn_full_query_cardinality,MSCN,JOB-Light,01,2,1.033738994162921,0.014410898812350291,C:\Users\vanya\Documents\DATA_SYS_LAB\benchmark\cardinality_methods\runs\test42_100k_paper_mscn_cardinality_100k_100ep_3seed_20260504_exact3600s_quotefix\model_seeds\seed_2\predictions\job_light.csv
mscn_full_query_cardinality,MSCN,JOB-Light,02,2,1.369956832714453,-0.13670688277007662,C:\Users\vanya\Documents\DATA_SYS_LAB\benchmark\cardinality_methods\runs\test42_100k_paper_mscn_cardinality_100k_100ep_3seed_20260504_exact3600s_quotefix\model_seeds\seed_2\predictions\job_light.csv
mscn_full_query_cardinality,MSCN,JOB-Light,03,2,1.081773830976683,-0.03413647128252226,C:\Users\vanya\Documents\DATA_SYS_LAB\benchmark\cardinality_methods\runs\test42_100k_paper_mscn_cardinality_100k_100ep_3seed_20260504_exact3600s_quotefix\model_seeds\seed_2\predictions\job_light.csv
mscn_full_query_cardinality,MSCN,JOB-Light,04,2,1.083650450383416,-0.03488921582688504,C:\Users\vanya\Documents\DATA_SYS_LAB\benchmark\cardinality_methods\runs\test42_100k_paper_mscn_cardinality_100k_100ep_3seed_20260504_exact3600s_quotefix\model_seeds\seed_2\predictions\job_light.csv
mscn_full_query_cardinality,MSCN,JOB-Light,05,2,1.6746905046429539,-0.22393455791306768,C:\Users\vanya\Documents\DATA_SYS_LAB\benchmark\cardinality_methods\runs\test42_100k_paper_mscn_cardinality_100k_100ep_3seed_20260504_exact3600s_quotefix\model_seeds\seed_2\predictions\job_light.csv
mscn_full_query_cardinality,MSCN,JOB-Light,06,2,5.246323899551913,-0.7198550997209182,C:\Users\vanya\Documents\DATA_SYS_LAB\benchmark\cardinality_methods\runs\test42_100k_paper_mscn_cardinality_100k_100ep_3seed_20260504_exact3600s_quotefix\model_seeds\seed_2\predictions\job_light.csv
mscn_full_query_cardinality,MSCN,JOB-Light,07,2,5.208519680479472,-0.7167143094896432,C:\Users\vanya\Documents\DATA_SYS_LAB\benchmark\cardinality_methods\runs\test42_100k_paper_mscn_cardinality_100k_100ep_3seed_20260504_exact3600s_quotefix\model_seeds\seed_2\predictions\job_light.csv
mscn_full_query_cardinality,MSCN,JOB-Light,08,2,4.864548418360541,-0.6870425304179658,C:\Users\vanya\Documents\DATA_SYS_LAB\benchmark\cardinality_methods\runs\test42_100k_paper_mscn_cardinality_100k_100ep_3seed_20260504_exact3600s_quotefix\model_seeds\seed_2\predictions\job_light.csv
mscn_full_query_cardinality,MSCN,JOB-Light,09,2,1.0783237180753515,-0.03274915776069701,C:\Users\vanya\Documents\DATA_SYS_LAB\benchmark\cardinality_methods\runs\test42_100k_paper_mscn_cardinality_100k_100ep_3seed_20260504_exact3600s_quotefix\model_seeds\seed_2\predictions\job_light.csv
mscn_full_query_cardinality,MSCN,JOB-Light,10,2,1.0976413259232805,-0.0404604497498615,C:\Users\vanya\Documents\DATA_SYS_LAB\benchmark\cardinality_methods\runs\test42_100k_paper_mscn_cardinality_100k_100ep_3seed_20260504_exact3600s_quotefix\model_seeds\seed_2\predictions\job_light.csv
mscn_full_query_cardinality,MSCN,JOB-Light,11,2,1.0353375240934048,0.015081954580434164,C:\Users\vanya\Documents\DATA_SYS_LAB\benchmark\cardinality_methods\runs\test42_100k_paper_mscn_cardinality_100k_100ep_3seed_20260504_exact3600s_quotefix\model_seeds\seed_2\predictions\job_light.csv
mscn_full_query_cardinality,MSCN,JOB-Light,12,2,1.1510247079182745,-0.06108464630346201,C:\Users\vanya\Documents\DATA_SYS_LAB\benchmark\cardinality_methods\runs\test42_100k_paper_mscn_cardinality_100k_100ep_3seed_20260504_exact3600s_quotefix\model_seeds\seed_2\predictions\job_light.csv
mscn_full_query_cardinality,MSCN,JOB-Light,13,2,1.1410369965022136,-0.057299726027572516,C:\Users\vanya\Documents\DATA_SYS_LAB\benchmark\cardinality_methods\runs\test42_100k_paper_mscn_cardinality_100k_100ep_3seed_20260504_exact3600s_quotefix\model_seeds\seed_2\predictions\job_light.csv
mscn_full_query_cardinality,MSCN,JOB-Light,14,2,1.019954995378501,-0.008581009320761146,C:\Users\vanya\Documents\DATA_SYS_LAB\benchmark\cardinality_methods\runs\test42_100k_paper_mscn_cardinality_100k_100ep_3seed_20260504_exact3600s_quotefix\model_seeds\seed_2\predictions\job_light.csv
mscn_full_query_cardinality,MSCN,JOB-Light,15,2,2.471507609456663,-0.392961951936165,C:\Users\vanya\Documents\DATA_SYS_LAB\benchmark\cardinality_methods\runs\test42_100k_paper_mscn_cardinality_100k_100ep_3seed_20260504_exact3600s_quotefix\model_seeds\seed_2\predictions\job_light.csv
mscn_full_query_cardinality,MSCN,JOB-Light,16,2,6.074892611247847,-0.7835386051090824,C:\Users\vanya\Documents\DATA_SYS_LAB\benchmark\cardinality_methods\runs\test42_100k_paper_mscn_cardinality_100k_100ep_3seed_20260504_exact3600s_quotefix\model_seeds\seed_2\predictions\job_light.csv
mscn_full_query_cardinality,MSCN,JOB-Light,17,2,2.1786974102466568,-0.3381969171735491,C:\Users\vanya\Documents\DATA_SYS_LAB\benchmark\cardinality_methods\runs\test42_100k_paper_mscn_cardinality_100k_100ep_3seed_20260504_exact3600s_quotefix\model_seeds\seed_2\predictions\job_light.csv
mscn_full_query_cardinality,MSCN,JOB-Light,18,2,2.31332745019247,-0.36423711126018005,C:\Users\vanya\Documents\DATA_SYS_LAB\benchmark\cardinality_methods\runs\test42_100k_paper_mscn_cardinality_100k_100ep_3seed_20260504_exact3600s_quotefix\model_seeds\seed_2\predictions\job_light.csv
mscn_full_query_cardinality,MSCN,JOB-Light,19,2,5.663510821756379,-0.7530857346911513,C:\Users\vanya\Documents\DATA_SYS_LAB\benchmark\cardinality_methods\runs\test42_100k_paper_mscn_cardinality_100k_100ep_3seed_20260504_exact3600s_quotefix\model_seeds\seed_2\predictions\job_light.csv
mscn_full_query_cardinality,MSCN,JOB-Light,20,2,1.7848363889283498,-0.2515984116850619,C:\Users\vanya\Documents\DATA_SYS_LAB\benchmark\cardinality_methods\runs\test42_100k_paper_mscn_cardinality_100k_100ep_3seed_20260504_exact3600s_quotefix\model_seeds\seed_2\predictions\job_light.csv
mscn_full_query_cardinality,MSCN,JOB-Light,21,2,4.5481542720659665,-0.6578351874076599,C:\Users\vanya\Documents\DATA_SYS_LAB\benchmark\cardinality_methods\runs\test42_100k_paper_mscn_cardinality_100k_100ep_3seed_20260504_exact3600s_quotefix\model_seeds\seed_2\predictions\job_light.csv
mscn_full_query_cardinality,MSCN,JOB-Light,22,2,2.6853698154781154,-0.4290041029822579,C:\Users\vanya\Documents\DATA_SYS_LAB\benchmark\cardinality_methods\runs\test42_100k_paper_mscn_cardinality_100k_100ep_3seed_20260504_exact3600s_quotefix\model_seeds\seed_2\predictions\job_light.csv
mscn_full_query_cardinality,MSCN,JOB-Light,23,2,1.1137218986197805,-0.046776759084589364,C:\Users\vanya\Documents\DATA_SYS_LAB\benchmark\cardinality_methods\runs\test42_100k_paper_mscn_cardinality_100k_100ep_3seed_20260504_exact3600s_quotefix\model_seeds\seed_2\predictions\job_light.csv
mscn_full_query_cardinality,MSCN,JOB-Light,24,2,1.1302837738044198,-0.053187492974854415,C:\Users\vanya\Documents\DATA_SYS_LAB\benchmark\cardinality_methods\runs\test42_100k_paper_mscn_cardinality_100k_100ep_3seed_20260504_exact3600s_quotefix\model_seeds\seed_2\predictions\job_light.csv
mscn_full_query_cardinality,MSCN,JOB-Light,25,2,1.1537919407585742,-0.06212750108398552,C:\Users\vanya\Documents\DATA_SYS_LAB\benchmark\cardinality_methods\runs\test42_100k_paper_mscn_cardinality_100k_100ep_3seed_20260504_exact3600s_quotefix\model_seeds\seed_2\predictions\job_light.csv
mscn_full_query_cardinality,MSCN,JOB-Light,26,2,1.1596900605628786,0.06434193493987776,C:\Users\vanya\Documents\DATA_SYS_LAB\benchmark\cardinality_methods\runs\test42_100k_paper_mscn_cardinality_100k_100ep_3seed_20260504_exact3600s_quotefix\model_seeds\seed_2\predictions\job_light.csv
mscn_full_query_cardinality,MSCN,JOB-Light,27,2,1.9313728598604947,0.28586612429632535,C:\Users\vanya\Documents\DATA_SYS_LAB\benchmark\cardinality_methods\runs\test42_100k_paper_mscn_cardinality_100k_100ep_3seed_20260504_exact3600s_quotefix\model_seeds\seed_2\predictions\job_light.csv
mscn_full_query_cardinality,MSCN,JOB-Light,28,2,1.2505332877103108,-0.09709525662349199,C:\Users\vanya\Documents\DATA_SYS_LAB\benchmark\cardinality_methods\runs\test42_100k_paper_mscn_cardinality_100k_100ep_3seed_20260504_exact3600s_quotefix\model_seeds\seed_2\predictions\job_light.csv
mscn_full_query_cardinality,MSCN,JOB-Light,29,2,1.1985164972922617,-0.07864401637024444,C:\Users\vanya\Documents\DATA_SYS_LAB\benchmark\cardinality_methods\runs\test42_100k_paper_mscn_cardinality_100k_100ep_3seed_20260504_exact3600s_quotefix\model_seeds\seed_2\predictions\job_light.csv
mscn_full_query_cardinality,MSCN,JOB-Light,30,2,3.239924112213878,-0.5105348379742873,C:\Users\vanya\Documents\DATA_SYS_LAB\benchmark\cardinality_methods\runs\test42_100k_paper_mscn_cardinality_100k_100ep_3seed_20260504_exact3600s_quotefix\model_seeds\seed_2\predictions\job_light.csv
mscn_full_query_cardinality,MSCN,JOB-Light,31,2,1.361057276840179,0.13387640183244598,C:\Users\vanya\Documents\DATA_SYS_LAB\benchmark\cardinality_methods\runs\test42_100k_paper_mscn_cardinality_100k_100ep_3seed_20260504_exact3600s_quotefix\model_seeds\seed_2\predictions\job_light.csv
mscn_full_query_cardinality,MSCN,JOB-Light,32,2,1.7305090848514104,0.2381738836015304,C:\Users\vanya\Documents\DATA_SYS_LAB\benchmark\cardinality_methods\runs\test42_100k_paper_mscn_cardinality_100k_100ep_3seed_20260504_exact3600s_quotefix\model_seeds\seed_2\predictions\job_light.csv
mscn_full_query_cardinality,MSCN,JOB-Light,33,2,2.5968705448869387,-0.4144503004022831,C:\Users\vanya\Documents\DATA_SYS_LAB\benchmark\cardinality_methods\runs\test42_100k_paper_mscn_cardinality_100k_100ep_3seed_20260504_exact3600s_quotefix\model_seeds\seed_2\predictions\job_light.csv
mscn_full_query_cardinality,MSCN,JOB-Light,34,2,1.3176056144688233,0.11978543674429792,C:\Users\vanya\Documents\DATA_SYS_LAB\benchmark\cardinality_methods\runs\test42_100k_paper_mscn_cardinality_100k_100ep_3seed_20260504_exact3600s_quotefix\model_seeds\seed_2\predictions\job_light.csv
mscn_full_query_cardinality,MSCN,JOB-Light,35,2,1.244889783637742,-0.09513090285600698,C:\Users\vanya\Documents\DATA_SYS_LAB\benchmark\cardinality_methods\runs\test42_100k_paper_mscn_cardinality_100k_100ep_3seed_20260504_exact3600s_quotefix\model_seeds\seed_2\predictions\job_light.csv
mscn_full_query_cardinality,MSCN,JOB-Light,36,2,1.0629922751807115,0.02653010849452856,C:\Users\vanya\Documents\DATA_SYS_LAB\benchmark\cardinality_methods\runs\test42_100k_paper_mscn_cardinality_100k_100ep_3seed_20260504_exact3600s_quotefix\model_seeds\seed_2\predictions\job_light.csv
mscn_full_query_cardinality,MSCN,JOB-Light,37,2,1.0453632169752693,0.019267214581596026,C:\Users\vanya\Documents\DATA_SYS_LAB\benchmark\cardinality_methods\runs\test42_100k_paper_mscn_cardinality_100k_100ep_3seed_20260504_exact3600s_quotefix\model_seeds\seed_2\predictions\job_light.csv
mscn_full_query_cardinality,MSCN,JOB-Light,38,2,2.891606934453813,-0.46113925757147856,C:\Users\vanya\Documents\DATA_SYS_LAB\benchmark\cardinality_methods\runs\test42_100k_paper_mscn_cardinality_100k_100ep_3seed_20260504_exact3600s_quotefix\model_seeds\seed_2\predictions\job_light.csv
mscn_full_query_cardinality,MSCN,JOB-Light,39,2,2.331171234638969,-0.36757417550577015,C:\Users\vanya\Documents\DATA_SYS_LAB\benchmark\cardinality_methods\runs\test42_100k_paper_mscn_cardinality_100k_100ep_3seed_20260504_exact3600s_quotefix\model_seeds\seed_2\predictions\job_light.csv
mscn_full_query_cardinality,MSCN,JOB-Light,40,2,3.3871062902436124,-0.5298288253845134,C:\Users\vanya\Documents\DATA_SYS_LAB\benchmark\cardinality_methods\runs\test42_100k_paper_mscn_cardinality_100k_100ep_3seed_20260504_exact3600s_quotefix\model_seeds\seed_2\predictions\job_light.csv
mscn_full_query_cardinality,MSCN,JOB-Light,41,2,6.888022838816807,-0.8380945784507767,C:\Users\vanya\Documents\DATA_SYS_LAB\benchmark\cardinality_methods\runs\test42_100k_paper_mscn_cardinality_100k_100ep_3seed_20260504_exact3600s_quotefix\model_seeds\seed_2\predictions\job_light.csv
mscn_full_query_cardinality,MSCN,JOB-Light,42,2,3.680706051224166,-0.5659311351785928,C:\Users\vanya\Documents\DATA_SYS_LAB\benchmark\cardinality_methods\runs\test42_100k_paper_mscn_cardinality_100k_100ep_3seed_20260504_exact3600s_quotefix\model_seeds\seed_2\predictions\job_light.csv
mscn_full_query_cardinality,MSCN,JOB-Light,43,2,6.888022838816807,-0.8380945784507767,C:\Users\vanya\Documents\DATA_SYS_LAB\benchmark\cardinality_methods\runs\test42_100k_paper_mscn_cardinality_100k_100ep_3seed_20260504_exact3600s_quotefix\model_seeds\seed_2\predictions\job_light.csv
mscn_full_query_cardinality,MSCN,JOB-Light,44,2,5.019963264031719,-0.7007005390002607,C:\Users\vanya\Documents\DATA_SYS_LAB\benchmark\cardinality_methods\runs\test42_100k_paper_mscn_cardinality_100k_100ep_3seed_20260504_exact3600s_quotefix\model_seeds\seed_2\predictions\job_light.csv
mscn_full_query_cardinality,MSCN,JOB-Light,45,2,2.8394521643124255,-0.4532345566080869,C:\Users\vanya\Documents\DATA_SYS_LAB\benchmark\cardinality_methods\runs\test42_100k_paper_mscn_cardinality_100k_100ep_3seed_20260504_exact3600s_quotefix\model_seeds\seed_2\predictions\job_light.csv
mscn_full_query_cardinality,MSCN,JOB-Light,46,2,2.425950983065916,-0.3848820215927745,C:\Users\vanya\Documents\DATA_SYS_LAB\benchmark\cardinality_methods\runs\test42_100k_paper_mscn_cardinality_100k_100ep_3seed_20260504_exact3600s_quotefix\model_seeds\seed_2\predictions\job_light.csv
mscn_full_query_cardinality,MSCN,JOB-Light,47,2,2.734556665466867,-0.43688692725155864,C:\Users\vanya\Documents\DATA_SYS_LAB\benchmark\cardinality_methods\runs\test42_100k_paper_mscn_cardinality_100k_100ep_3seed_20260504_exact3600s_quotefix\model_seeds\seed_2\predictions\job_light.csv
mscn_full_query_cardinality,MSCN,JOB-Light,48,2,1.1755054986251208,-0.07022466495135614,C:\Users\vanya\Documents\DATA_SYS_LAB\benchmark\cardinality_methods\runs\test42_100k_paper_mscn_cardinality_100k_100ep_3seed_20260504_exact3600s_quotefix\model_seeds\seed_2\predictions\job_light.csv
mscn_full_query_cardinality,MSCN,JOB-Light,49,2,1.4772151410307528,-0.16944375039540932,C:\Users\vanya\Documents\DATA_SYS_LAB\benchmark\cardinality_methods\runs\test42_100k_paper_mscn_cardinality_100k_100ep_3seed_20260504_exact3600s_quotefix\model_seeds\seed_2\predictions\job_light.csv
mscn_full_query_cardinality,MSCN,JOB-Light,50,2,1.4646720898854537,-0.1657404059232949,C:\Users\vanya\Documents\DATA_SYS_LAB\benchmark\cardinality_methods\runs\test42_100k_paper_mscn_cardinality_100k_100ep_3seed_20260504_exact3600s_quotefix\model_seeds\seed_2\predictions\job_light.csv
mscn_full_query_cardinality,MSCN,JOB-Light,51,2,6.644565397079981,-0.8224665801888309,C:\Users\vanya\Documents\DATA_SYS_LAB\benchmark\cardinality_methods\runs\test42_100k_paper_mscn_cardinality_100k_100ep_3seed_20260504_exact3600s_quotefix\model_seeds\seed_2\predictions\job_light.csv
mscn_full_query_cardinality,MSCN,JOB-Light,52,2,6.644565397079981,-0.8224665801888309,C:\Users\vanya\Documents\DATA_SYS_LAB\benchmark\cardinality_methods\runs\test42_100k_paper_mscn_cardinality_100k_100ep_3seed_20260504_exact3600s_quotefix\model_seeds\seed_2\predictions\job_light.csv
mscn_full_query_cardinality,MSCN,JOB-Light,53,2,1.384293030703538,0.1412280324235506,C:\Users\vanya\Documents\DATA_SYS_LAB\benchmark\cardinality_methods\runs\test42_100k_paper_mscn_cardinality_100k_100ep_3seed_20260504_exact3600s_quotefix\model_seeds\seed_2\predictions\job_light.csv
mscn_full_query_cardinality,MSCN,JOB-Light,54,2,1.384293030703538,0.1412280324235506,C:\Users\vanya\Documents\DATA_SYS_LAB\benchmark\cardinality_methods\runs\test42_100k_paper_mscn_cardinality_100k_100ep_3seed_20260504_exact3600s_quotefix\model_seeds\seed_2\predictions\job_light.csv
mscn_full_query_cardinality,MSCN,JOB-Light,55,2,1.384293030703538,0.1412280324235506,C:\Users\vanya\Documents\DATA_SYS_LAB\benchmark\cardinality_methods\runs\test42_100k_paper_mscn_cardinality_100k_100ep_3seed_20260504_exact3600s_quotefix\model_seeds\seed_2\predictions\job_light.csv
mscn_full_query_cardinality,MSCN,JOB-Light,56,2,7.821777965937299,-0.893305483626231,C:\Users\vanya\Documents\DATA_SYS_LAB\benchmark\cardinality_methods\runs\test42_100k_paper_mscn_cardinality_100k_100ep_3seed_20260504_exact3600s_quotefix\model_seeds\seed_2\predictions\job_light.csv
mscn_full_query_cardinality,MSCN,JOB-Light,57,2,7.73755729418126,-0.8886038778542994,C:\Users\vanya\Documents\DATA_SYS_LAB\benchmark\cardinality_methods\runs\test42_100k_paper_mscn_cardinality_100k_100ep_3seed_20260504_exact3600s_quotefix\model_seeds\seed_2\predictions\job_light.csv
mscn_full_query_cardinality,MSCN,JOB-Light,58,2,15.337101773656213,-1.1857432994678125,C:\Users\vanya\Documents\DATA_SYS_LAB\benchmark\cardinality_methods\runs\test42_100k_paper_mscn_cardinality_100k_100ep_3seed_20260504_exact3600s_quotefix\model_seeds\seed_2\predictions\job_light.csv
mscn_full_query_cardinality,MSCN,JOB-Light,59,2,2.1561150482627425,-0.3336719306763894,C:\Users\vanya\Documents\DATA_SYS_LAB\benchmark\cardinality_methods\runs\test42_100k_paper_mscn_cardinality_100k_100ep_3seed_20260504_exact3600s_quotefix\model_seeds\seed_2\predictions\job_light.csv
mscn_full_query_cardinality,MSCN,JOB-Light,60,2,16.655942314644523,-1.2215692080553326,C:\Users\vanya\Documents\DATA_SYS_LAB\benchmark\cardinality_methods\runs\test42_100k_paper_mscn_cardinality_100k_100ep_3seed_20260504_exact3600s_quotefix\model_seeds\seed_2\predictions\job_light.csv
mscn_full_query_cardinality,MSCN,JOB-Light,61,2,9.956477028468925,-0.9981056960792601,C:\Users\vanya\Documents\DATA_SYS_LAB\benchmark\cardinality_methods\runs\test42_100k_paper_mscn_cardinality_100k_100ep_3seed_20260504_exact3600s_quotefix\model_seeds\seed_2\predictions\job_light.csv
mscn_full_query_cardinality,MSCN,JOB-Light,62,2,12.168724872262253,-1.0852450720711648,C:\Users\vanya\Documents\DATA_SYS_LAB\benchmark\cardinality_methods\runs\test42_100k_paper_mscn_cardinality_100k_100ep_3seed_20260504_exact3600s_quotefix\model_seeds\seed_2\predictions\job_light.csv
mscn_full_query_cardinality,MSCN,JOB-Light,63,2,7.526542915111809,-0.8765955422502564,C:\Users\vanya\Documents\DATA_SYS_LAB\benchmark\cardinality_methods\runs\test42_100k_paper_mscn_cardinality_100k_100ep_3seed_20260504_exact3600s_quotefix\model_seeds\seed_2\predictions\job_light.csv
mscn_full_query_cardinality,MSCN,JOB-Light,64,2,7.136141899897252,-0.8534634772606738,C:\Users\vanya\Documents\DATA_SYS_LAB\benchmark\cardinality_methods\runs\test42_100k_paper_mscn_cardinality_100k_100ep_3seed_20260504_exact3600s_quotefix\model_seeds\seed_2\predictions\job_light.csv
mscn_full_query_cardinality,MSCN,JOB-Light,65,2,2.8593529906615194,0.4562677728583098,C:\Users\vanya\Documents\DATA_SYS_LAB\benchmark\cardinality_methods\runs\test42_100k_paper_mscn_cardinality_100k_100ep_3seed_20260504_exact3600s_quotefix\model_seeds\seed_2\predictions\job_light.csv
mscn_full_query_cardinality,MSCN,JOB-Light,66,2,7.647270739339098,-0.8835064659597687,C:\Users\vanya\Documents\DATA_SYS_LAB\benchmark\cardinality_methods\runs\test42_100k_paper_mscn_cardinality_100k_100ep_3seed_20260504_exact3600s_quotefix\model_seeds\seed_2\predictions\job_light.csv
mscn_full_query_cardinality,MSCN,JOB-Light,67,2,7.889400432868256,-0.89704399958573,C:\Users\vanya\Documents\DATA_SYS_LAB\benchmark\cardinality_methods\runs\test42_100k_paper_mscn_cardinality_100k_100ep_3seed_20260504_exact3600s_quotefix\model_seeds\seed_2\predictions\job_light.csv
mscn_full_query_cardinality,MSCN,JOB-Light,68,2,3.797917136657997,0.5795454850232299,C:\Users\vanya\Documents\DATA_SYS_LAB\benchmark\cardinality_methods\runs\test42_100k_paper_mscn_cardinality_100k_100ep_3seed_20260504_exact3600s_quotefix\model_seeds\seed_2\predictions\job_light.csv
mscn_full_query_cardinality,MSCN,JOB-Light,69,2,3.797917136657997,0.5795454850232299,C:\Users\vanya\Documents\DATA_SYS_LAB\benchmark\cardinality_methods\runs\test42_100k_paper_mscn_cardinality_100k_100ep_3seed_20260504_exact3600s_quotefix\model_seeds\seed_2\predictions\job_light.csv
mscn_full_query_cardinality,MSCN,JOB-Light,70,2,12.407284250424484,-1.0936767320124376,C:\Users\vanya\Documents\DATA_SYS_LAB\benchmark\cardinality_methods\runs\test42_100k_paper_mscn_cardinality_100k_100ep_3seed_20260504_exact3600s_quotefix\model_seeds\seed_2\predictions\job_light.csv
mscn_full_query_cardinality,MSCN,JOB,1a,2,5.648680708173317,-0.7519470269230081,C:\Users\vanya\Documents\DATA_SYS_LAB\benchmark\cardinality_methods\runs\test42_100k_paper_mscn_cardinality_100k_100ep_3seed_20260504_exact3600s_quotefix\model_seeds\seed_2\predictions\job_exact.csv
mscn_full_query_cardinality,MSCN,JOB,1b,2,3.253041487995446,-0.5122896021360158,C:\Users\vanya\Documents\DATA_SYS_LAB\benchmark\cardinality_methods\runs\test42_100k_paper_mscn_cardinality_100k_100ep_3seed_20260504_exact3600s_quotefix\model_seeds\seed_2\predictions\job_exact.csv
mscn_full_query_cardinality,MSCN,JOB,1c,2,5.2017548764926875,-0.7161498829819528,C:\Users\vanya\Documents\DATA_SYS_LAB\benchmark\cardinality_methods\runs\test42_100k_paper_mscn_cardinality_100k_100ep_3seed_20260504_exact3600s_quotefix\model_seeds\seed_2\predictions\job_exact.csv
mscn_full_query_cardinality,MSCN,JOB,1d,2,17.505856241326168,-1.2431833577053821,C:\Users\vanya\Documents\DATA_SYS_LAB\benchmark\cardinality_methods\runs\test42_100k_paper_mscn_cardinality_100k_100ep_3seed_20260504_exact3600s_quotefix\model_seeds\seed_2\predictions\job_exact.csv
mscn_full_query_cardinality,MSCN,JOB,2a,2,295.04135088540954,-2.4698828878521684,C:\Users\vanya\Documents\DATA_SYS_LAB\benchmark\cardinality_methods\runs\test42_100k_paper_mscn_cardinality_100k_100ep_3seed_20260504_exact3600s_quotefix\model_seeds\seed_2\predictions\job_exact.csv
mscn_full_query_cardinality,MSCN,JOB,2b,2,3.428500866685493,-0.5351042635860457,C:\Users\vanya\Documents\DATA_SYS_LAB\benchmark\cardinality_methods\runs\test42_100k_paper_mscn_cardinality_100k_100ep_3seed_20260504_exact3600s_quotefix\model_seeds\seed_2\predictions\job_exact.csv
mscn_full_query_cardinality,MSCN,JOB,2c,2,295.04135088540954,-2.4698828878521684,C:\Users\vanya\Documents\DATA_SYS_LAB\benchmark\cardinality_methods\runs\test42_100k_paper_mscn_cardinality_100k_100ep_3seed_20260504_exact3600s_quotefix\model_seeds\seed_2\predictions\job_exact.csv
mscn_full_query_cardinality,MSCN,JOB,2d,2,1.6846850562720064,-0.22651872354124217,C:\Users\vanya\Documents\DATA_SYS_LAB\benchmark\cardinality_methods\runs\test42_100k_paper_mscn_cardinality_100k_100ep_3seed_20260504_exact3600s_quotefix\model_seeds\seed_2\predictions\job_exact.csv
mscn_full_query_cardinality,MSCN,JOB,3a,2,15.689291373883307,-1.1956033285861645,C:\Users\vanya\Documents\DATA_SYS_LAB\benchmark\cardinality_methods\runs\test42_100k_paper_mscn_cardinality_100k_100ep_3seed_20260504_exact3600s_quotefix\model_seeds\seed_2\predictions\job_exact.csv
mscn_full_query_cardinality,MSCN,JOB,3b,2,5.378145918736944,-0.7306325812347279,C:\Users\vanya\Documents\DATA_SYS_LAB\benchmark\cardinality_methods\runs\test42_100k_paper_mscn_cardinality_100k_100ep_3seed_20260504_exact3600s_quotefix\model_seeds\seed_2\predictions\job_exact.csv
mscn_full_query_cardinality,MSCN,JOB,3c,2,12.110222620018952,-1.0831521267728736,C:\Users\vanya\Documents\DATA_SYS_LAB\benchmark\cardinality_methods\runs\test42_100k_paper_mscn_cardinality_100k_100ep_3seed_20260504_exact3600s_quotefix\model_seeds\seed_2\predictions\job_exact.csv
mscn_full_query_cardinality,MSCN,JOB,4a,2,100.48550885968403,-2.002103436124219,C:\Users\vanya\Documents\DATA_SYS_LAB\benchmark\cardinality_methods\runs\test42_100k_paper_mscn_cardinality_100k_100ep_3seed_20260504_exact3600s_quotefix\model_seeds\seed_2\predictions\job_exact.csv
mscn_full_query_cardinality,MSCN,JOB,4b,2,10.477677220429953,-1.0202650152662163,C:\Users\vanya\Documents\DATA_SYS_LAB\benchmark\cardinality_methods\runs\test42_100k_paper_mscn_cardinality_100k_100ep_3seed_20260504_exact3600s_quotefix\model_seeds\seed_2\predictions\job_exact.csv
mscn_full_query_cardinality,MSCN,JOB,4c,2,23.33712215692953,-1.3680472995060826,C:\Users\vanya\Documents\DATA_SYS_LAB\benchmark\cardinality_methods\runs\test42_100k_paper_mscn_cardinality_100k_100ep_3seed_20260504_exact3600s_quotefix\model_seeds\seed_2\predictions\job_exact.csv
mscn_full_query_cardinality,MSCN,JOB,5a,2,4.81701927984289,-0.6827783845566227,C:\Users\vanya\Documents\DATA_SYS_LAB\benchmark\cardinality_methods\runs\test42_100k_paper_mscn_cardinality_100k_100ep_3seed_20260504_exact3600s_quotefix\model_seeds\seed_2\predictions\job_exact.csv
mscn_full_query_cardinality,MSCN,JOB,5b,2,10.1143862562521,-1.004939534797394,C:\Users\vanya\Documents\DATA_SYS_LAB\benchmark\cardinality_methods\runs\test42_100k_paper_mscn_cardinality_100k_100ep_3seed_20260504_exact3600s_quotefix\model_seeds\seed_2\predictions\job_exact.csv
mscn_full_query_cardinality,MSCN,JOB,5c,2,5.439152974714431,-0.7355312734024281,C:\Users\vanya\Documents\DATA_SYS_LAB\benchmark\cardinality_methods\runs\test42_100k_paper_mscn_cardinality_100k_100ep_3seed_20260504_exact3600s_quotefix\model_seeds\seed_2\predictions\job_exact.csv
mscn_full_query_cardinality,MSCN,JOB,6a,2,9.85480273530001,-0.993647935380747,C:\Users\vanya\Documents\DATA_SYS_LAB\benchmark\cardinality_methods\runs\test42_100k_paper_mscn_cardinality_100k_100ep_3seed_20260504_exact3600s_quotefix\model_seeds\seed_2\predictions\job_exact.csv
mscn_full_query_cardinality,MSCN,JOB,6b,2,2.0250778658601614,-0.3064417268411805,C:\Users\vanya\Documents\DATA_SYS_LAB\benchmark\cardinality_methods\runs\test42_100k_paper_mscn_cardinality_100k_100ep_3seed_20260504_exact3600s_quotefix\model_seeds\seed_2\predictions\job_exact.csv
mscn_full_query_cardinality,MSCN,JOB,6c,2,8.987561453499971,-0.9536418729402782,C:\Users\vanya\Documents\DATA_SYS_LAB\benchmark\cardinality_methods\runs\test42_100k_paper_mscn_cardinality_100k_100ep_3seed_20260504_exact3600s_quotefix\model_seeds\seed_2\predictions\job_exact.csv
mscn_full_query_cardinality,MSCN,JOB,6d,2,2.0250778658601614,-0.3064417268411805,C:\Users\vanya\Documents\DATA_SYS_LAB\benchmark\cardinality_methods\runs\test42_100k_paper_mscn_cardinality_100k_100ep_3seed_20260504_exact3600s_quotefix\model_seeds\seed_2\predictions\job_exact.csv
mscn_full_query_cardinality,MSCN,JOB,6e,2,9.85480273530001,-0.993647935380747,C:\Users\vanya\Documents\DATA_SYS_LAB\benchmark\cardinality_methods\runs\test42_100k_paper_mscn_cardinality_100k_100ep_3seed_20260504_exact3600s_quotefix\model_seeds\seed_2\predictions\job_exact.csv
mscn_full_query_cardinality,MSCN,JOB,6f,2,6.332890569487498,-0.8016019836094539,C:\Users\vanya\Documents\DATA_SYS_LAB\benchmark\cardinality_methods\runs\test42_100k_paper_mscn_cardinality_100k_100ep_3seed_20260504_exact3600s_quotefix\model_seeds\seed_2\predictions\job_exact.csv
mscn_full_query_cardinality,MSCN,JOB,7a,2,2.991782467385408,-0.4759300127724226,C:\Users\vanya\Documents\DATA_SYS_LAB\benchmark\cardinality_methods\runs\test42_100k_paper_mscn_cardinality_100k_100ep_3seed_20260504_exact3600s_quotefix\model_seeds\seed_2\predictions\job_exact.csv
mscn_full_query_cardinality,MSCN,JOB,7b,2,64.99886872353153,-1.8129057980058827,C:\Users\vanya\Documents\DATA_SYS_LAB\benchmark\cardinality_methods\runs\test42_100k_paper_mscn_cardinality_100k_100ep_3seed_20260504_exact3600s_quotefix\model_seeds\seed_2\predictions\job_exact.csv
mscn_full_query_cardinality,MSCN,JOB,7c,2,31.37096606986684,-1.4965278930156307,C:\Users\vanya\Documents\DATA_SYS_LAB\benchmark\cardinality_methods\runs\test42_100k_paper_mscn_cardinality_100k_100ep_3seed_20260504_exact3600s_quotefix\model_seeds\seed_2\predictions\job_exact.csv
mscn_full_query_cardinality,MSCN,JOB,8a,2,19.79166932093636,-1.2964824261566932,C:\Users\vanya\Documents\DATA_SYS_LAB\benchmark\cardinality_methods\runs\test42_100k_paper_mscn_cardinality_100k_100ep_3seed_20260504_exact3600s_quotefix\model_seeds\seed_2\predictions\job_exact.csv
mscn_full_query_cardinality,MSCN,JOB,8b,2,1.995311310701781,-0.300010664419922,C:\Users\vanya\Documents\DATA_SYS_LAB\benchmark\cardinality_methods\runs\test42_100k_paper_mscn_cardinality_100k_100ep_3seed_20260504_exact3600s_quotefix\model_seeds\seed_2\predictions\job_exact.csv
mscn_full_query_cardinality,MSCN,JOB,8c,2,6.073224722022268,-0.7834193512244227,C:\Users\vanya\Documents\DATA_SYS_LAB\benchmark\cardinality_methods\runs\test42_100k_paper_mscn_cardinality_100k_100ep_3seed_20260504_exact3600s_quotefix\model_seeds\seed_2\predictions\job_exact.csv
mscn_full_query_cardinality,MSCN,JOB,8d,2,6.073224722022268,-0.7834193512244227,C:\Users\vanya\Documents\DATA_SYS_LAB\benchmark\cardinality_methods\runs\test42_100k_paper_mscn_cardinality_100k_100ep_3seed_20260504_exact3600s_quotefix\model_seeds\seed_2\predictions\job_exact.csv
mscn_full_query_cardinality,MSCN,JOB,9a,2,1.0823872754649506,-0.03438267805756401,C:\Users\vanya\Documents\DATA_SYS_LAB\benchmark\cardinality_methods\runs\test42_100k_paper_mscn_cardinality_100k_100ep_3seed_20260504_exact3600s_quotefix\model_seeds\seed_2\predictions\job_exact.csv
mscn_full_query_cardinality,MSCN,JOB,9b,2,5.057523857909234,-0.7039379401494941,C:\Users\vanya\Documents\DATA_SYS_LAB\benchmark\cardinality_methods\runs\test42_100k_paper_mscn_cardinality_100k_100ep_3seed_20260504_exact3600s_quotefix\model_seeds\seed_2\predictions\job_exact.csv
mscn_full_query_cardinality,MSCN,JOB,9c,2,17.44239491161153,-1.2416061150856255,C:\Users\vanya\Documents\DATA_SYS_LAB\benchmark\cardinality_methods\runs\test42_100k_paper_mscn_cardinality_100k_100ep_3seed_20260504_exact3600s_quotefix\model_seeds\seed_2\predictions\job_exact.csv
mscn_full_query_cardinality,MSCN,JOB,9d,2,3.834903981155855,-0.5837544944971986,C:\Users\vanya\Documents\DATA_SYS_LAB\benchmark\cardinality_methods\runs\test42_100k_paper_mscn_cardinality_100k_100ep_3seed_20260504_exact3600s_quotefix\model_seeds\seed_2\predictions\job_exact.csv
mscn_full_query_cardinality,MSCN,JOB,10a,2,11.220651093796805,-1.0500180581892191,C:\Users\vanya\Documents\DATA_SYS_LAB\benchmark\cardinality_methods\runs\test42_100k_paper_mscn_cardinality_100k_100ep_3seed_20260504_exact3600s_quotefix\model_seeds\seed_2\predictions\job_exact.csv
mscn_full_query_cardinality,MSCN,JOB,10b,2,8.594045558309137,-0.9341976516133975,C:\Users\vanya\Documents\DATA_SYS_LAB\benchmark\cardinality_methods\runs\test42_100k_paper_mscn_cardinality_100k_100ep_3seed_20260504_exact3600s_quotefix\model_seeds\seed_2\predictions\job_exact.csv
mscn_full_query_cardinality,MSCN,JOB,10c,2,14.38350524682678,-1.1578647361057528,C:\Users\vanya\Documents\DATA_SYS_LAB\benchmark\cardinality_methods\runs\test42_100k_paper_mscn_cardinality_100k_100ep_3seed_20260504_exact3600s_quotefix\model_seeds\seed_2\predictions\job_exact.csv
mscn_full_query_cardinality,MSCN,JOB,11a,2,1.3528757095336914,0.13125789922649186,C:\Users\vanya\Documents\DATA_SYS_LAB\benchmark\cardinality_methods\runs\test42_100k_paper_mscn_cardinality_100k_100ep_3seed_20260504_exact3600s_quotefix\model_seeds\seed_2\predictions\job_exact.csv
mscn_full_query_cardinality,MSCN,JOB,11b,2,1.0031574964523315,0.0013691229211895263,C:\Users\vanya\Documents\DATA_SYS_LAB\benchmark\cardinality_methods\runs\test42_100k_paper_mscn_cardinality_100k_100ep_3seed_20260504_exact3600s_quotefix\model_seeds\seed_2\predictions\job_exact.csv
mscn_full_query_cardinality,MSCN,JOB,11c,2,13.345143208345254,-1.125323238615126,C:\Users\vanya\Documents\DATA_SYS_LAB\benchmark\cardinality_methods\runs\test42_100k_paper_mscn_cardinality_100k_100ep_3seed_20260504_exact3600s_quotefix\model_seeds\seed_2\predictions\job_exact.csv
mscn_full_query_cardinality,MSCN,JOB,11d,2,36.49866830973885,-1.5622770190788677,C:\Users\vanya\Documents\DATA_SYS_LAB\benchmark\cardinality_methods\runs\test42_100k_paper_mscn_cardinality_100k_100ep_3seed_20260504_exact3600s_quotefix\model_seeds\seed_2\predictions\job_exact.csv
mscn_full_query_cardinality,MSCN,JOB,12a,2,86.59416547864863,-1.9374886312114599,C:\Users\vanya\Documents\DATA_SYS_LAB\benchmark\cardinality_methods\runs\test42_100k_paper_mscn_cardinality_100k_100ep_3seed_20260504_exact3600s_quotefix\model_seeds\seed_2\predictions\job_exact.csv
mscn_full_query_cardinality,MSCN,JOB,12b,2,2.4595019022623696,0.390847162793594,C:\Users\vanya\Documents\DATA_SYS_LAB\benchmark\cardinality_methods\runs\test42_100k_paper_mscn_cardinality_100k_100ep_3seed_20260504_exact3600s_quotefix\model_seeds\seed_2\predictions\job_exact.csv
mscn_full_query_cardinality,MSCN,JOB,12c,2,722.5266934045783,-2.858853896527774,C:\Users\vanya\Documents\DATA_SYS_LAB\benchmark\cardinality_methods\runs\test42_100k_paper_mscn_cardinality_100k_100ep_3seed_20260504_exact3600s_quotefix\model_seeds\seed_2\predictions\job_exact.csv
mscn_full_query_cardinality,MSCN,JOB,13a,2,2.3009003086688797,-0.36189780235707564,C:\Users\vanya\Documents\DATA_SYS_LAB\benchmark\cardinality_methods\runs\test42_100k_paper_mscn_cardinality_100k_100ep_3seed_20260504_exact3600s_quotefix\model_seeds\seed_2\predictions\job_exact.csv
mscn_full_query_cardinality,MSCN,JOB,13b,2,2.3267300190367175,-0.3667459930654561,C:\Users\vanya\Documents\DATA_SYS_LAB\benchmark\cardinality_methods\runs\test42_100k_paper_mscn_cardinality_100k_100ep_3seed_20260504_exact3600s_quotefix\model_seeds\seed_2\predictions\job_exact.csv
mscn_full_query_cardinality,MSCN,JOB,13c,2,1.3505362137294434,0.13050623399700126,C:\Users\vanya\Documents\DATA_SYS_LAB\benchmark\cardinality_methods\runs\test42_100k_paper_mscn_cardinality_100k_100ep_3seed_20260504_exact3600s_quotefix\model_seeds\seed_2\predictions\job_exact.csv
mscn_full_query_cardinality,MSCN,JOB,13d,2,4.161216607009242,-0.6192203230461152,C:\Users\vanya\Documents\DATA_SYS_LAB\benchmark\cardinality_methods\runs\test42_100k_paper_mscn_cardinality_100k_100ep_3seed_20260504_exact3600s_quotefix\model_seeds\seed_2\predictions\job_exact.csv
mscn_full_query_cardinality,MSCN,JOB,14a,2,62.34756973383883,-1.7948195296388842,C:\Users\vanya\Documents\DATA_SYS_LAB\benchmark\cardinality_methods\runs\test42_100k_paper_mscn_cardinality_100k_100ep_3seed_20260504_exact3600s_quotefix\model_seeds\seed_2\predictions\job_exact.csv
mscn_full_query_cardinality,MSCN,JOB,14b,2,1.832376564099534,-0.2630147285595476,C:\Users\vanya\Documents\DATA_SYS_LAB\benchmark\cardinality_methods\runs\test42_100k_paper_mscn_cardinality_100k_100ep_3seed_20260504_exact3600s_quotefix\model_seeds\seed_2\predictions\job_exact.csv
mscn_full_query_cardinality,MSCN,JOB,14c,2,56.7773888726146,-1.7541754159409784,C:\Users\vanya\Documents\DATA_SYS_LAB\benchmark\cardinality_methods\runs\test42_100k_paper_mscn_cardinality_100k_100ep_3seed_20260504_exact3600s_quotefix\model_seeds\seed_2\predictions\job_exact.csv
mscn_full_query_cardinality,MSCN,JOB,15a,2,4.5212584601508246,0.6552593344195808,C:\Users\vanya\Documents\DATA_SYS_LAB\benchmark\cardinality_methods\runs\test42_100k_paper_mscn_cardinality_100k_100ep_3seed_20260504_exact3600s_quotefix\model_seeds\seed_2\predictions\job_exact.csv
mscn_full_query_cardinality,MSCN,JOB,15b,2,3.72770324316104,-0.571441331528656,C:\Users\vanya\Documents\DATA_SYS_LAB\benchmark\cardinality_methods\runs\test42_100k_paper_mscn_cardinality_100k_100ep_3seed_20260504_exact3600s_quotefix\model_seeds\seed_2\predictions\job_exact.csv
mscn_full_query_cardinality,MSCN,JOB,15c,2,2.6271232379616913,0.4194804459536986,C:\Users\vanya\Documents\DATA_SYS_LAB\benchmark\cardinality_methods\runs\test42_100k_paper_mscn_cardinality_100k_100ep_3seed_20260504_exact3600s_quotefix\model_seeds\seed_2\predictions\job_exact.csv
mscn_full_query_cardinality,MSCN,JOB,15d,2,4.896281560409315,-0.6898663839365579,C:\Users\vanya\Documents\DATA_SYS_LAB\benchmark\cardinality_methods\runs\test42_100k_paper_mscn_cardinality_100k_100ep_3seed_20260504_exact3600s_quotefix\model_seeds\seed_2\predictions\job_exact.csv
mscn_full_query_cardinality,MSCN,JOB,16a,2,11.682875716532438,-1.0675497566548788,C:\Users\vanya\Documents\DATA_SYS_LAB\benchmark\cardinality_methods\runs\test42_100k_paper_mscn_cardinality_100k_100ep_3seed_20260504_exact3600s_quotefix\model_seeds\seed_2\predictions\job_exact.csv
mscn_full_query_cardinality,MSCN,JOB,16b,2,5.113512871172652,-0.7087193534442915,C:\Users\vanya\Documents\DATA_SYS_LAB\benchmark\cardinality_methods\runs\test42_100k_paper_mscn_cardinality_100k_100ep_3seed_20260504_exact3600s_quotefix\model_seeds\seed_2\predictions\job_exact.csv
mscn_full_query_cardinality,MSCN,JOB,16c,2,5.537964756060057,-0.7433501875422132,C:\Users\vanya\Documents\DATA_SYS_LAB\benchmark\cardinality_methods\runs\test42_100k_paper_mscn_cardinality_100k_100ep_3seed_20260504_exact3600s_quotefix\model_seeds\seed_2\predictions\job_exact.csv
mscn_full_query_cardinality,MSCN,JOB,16d,2,9.433088769849187,-0.9746539213754616,C:\Users\vanya\Documents\DATA_SYS_LAB\benchmark\cardinality_methods\runs\test42_100k_paper_mscn_cardinality_100k_100ep_3seed_20260504_exact3600s_quotefix\model_seeds\seed_2\predictions\job_exact.csv
mscn_full_query_cardinality,MSCN,JOB,17a,2,1.6737083655954204,0.22367978684333104,C:\Users\vanya\Documents\DATA_SYS_LAB\benchmark\cardinality_methods\runs\test42_100k_paper_mscn_cardinality_100k_100ep_3seed_20260504_exact3600s_quotefix\model_seeds\seed_2\predictions\job_exact.csv
mscn_full_query_cardinality,MSCN,JOB,17b,2,1.358566290205305,-0.13308083433872864,C:\Users\vanya\Documents\DATA_SYS_LAB\benchmark\cardinality_methods\runs\test42_100k_paper_mscn_cardinality_100k_100ep_3seed_20260504_exact3600s_quotefix\model_seeds\seed_2\predictions\job_exact.csv
mscn_full_query_cardinality,MSCN,JOB,17c,2,212.2515869140625,2.326850945961664,C:\Users\vanya\Documents\DATA_SYS_LAB\benchmark\cardinality_methods\runs\test42_100k_paper_mscn_cardinality_100k_100ep_3seed_20260504_exact3600s_quotefix\model_seeds\seed_2\predictions\job_exact.csv
mscn_full_query_cardinality,MSCN,JOB,17d,2,2.316655290487365,-0.3648614172269868,C:\Users\vanya\Documents\DATA_SYS_LAB\benchmark\cardinality_methods\runs\test42_100k_paper_mscn_cardinality_100k_100ep_3seed_20260504_exact3600s_quotefix\model_seeds\seed_2\predictions\job_exact.csv
mscn_full_query_cardinality,MSCN,JOB,17e,2,25.671916587587685,-1.4094582929932888,C:\Users\vanya\Documents\DATA_SYS_LAB\benchmark\cardinality_methods\runs\test42_100k_paper_mscn_cardinality_100k_100ep_3seed_20260504_exact3600s_quotefix\model_seeds\seed_2\predictions\job_exact.csv
mscn_full_query_cardinality,MSCN,JOB,17f,2,2.316655290487365,-0.3648614172269868,C:\Users\vanya\Documents\DATA_SYS_LAB\benchmark\cardinality_methods\runs\test42_100k_paper_mscn_cardinality_100k_100ep_3seed_20260504_exact3600s_quotefix\model_seeds\seed_2\predictions\job_exact.csv
mscn_full_query_cardinality,MSCN,JOB,18a,2,2.411793355226122,-0.38234009429331894,C:\Users\vanya\Documents\DATA_SYS_LAB\benchmark\cardinality_methods\runs\test42_100k_paper_mscn_cardinality_100k_100ep_3seed_20260504_exact3600s_quotefix\model_seeds\seed_2\predictions\job_exact.csv
mscn_full_query_cardinality,MSCN,JOB,18b,2,4.283787677645976,-0.6318279372504189,C:\Users\vanya\Documents\DATA_SYS_LAB\benchmark\cardinality_methods\runs\test42_100k_paper_mscn_cardinality_100k_100ep_3seed_20260504_exact3600s_quotefix\model_seeds\seed_2\predictions\job_exact.csv
mscn_full_query_cardinality,MSCN,JOB,18c,2,4.994922545679276,-0.6985287581786389,C:\Users\vanya\Documents\DATA_SYS_LAB\benchmark\cardinality_methods\runs\test42_100k_paper_mscn_cardinality_100k_100ep_3seed_20260504_exact3600s_quotefix\model_seeds\seed_2\predictions\job_exact.csv
mscn_full_query_cardinality,MSCN,JOB,19a,2,1.1529427766799927,0.06180775275104617,C:\Users\vanya\Documents\DATA_SYS_LAB\benchmark\cardinality_methods\runs\test42_100k_paper_mscn_cardinality_100k_100ep_3seed_20260504_exact3600s_quotefix\model_seeds\seed_2\predictions\job_exact.csv
mscn_full_query_cardinality,MSCN,JOB,19b,2,1.0945888757705688,0.039251030124769826,C:\Users\vanya\Documents\DATA_SYS_LAB\benchmark\cardinality_methods\runs\test42_100k_paper_mscn_cardinality_100k_100ep_3seed_20260504_exact3600s_quotefix\model_seeds\seed_2\predictions\job_exact.csv
mscn_full_query_cardinality,MSCN,JOB,19c,2,5.061449170946242,0.7042748798512529,C:\Users\vanya\Documents\DATA_SYS_LAB\benchmark\cardinality_methods\runs\test42_100k_paper_mscn_cardinality_100k_100ep_3seed_20260504_exact3600s_quotefix\model_seeds\seed_2\predictions\job_exact.csv
mscn_full_query_cardinality,MSCN,JOB,19d,2,18.83637266552505,-1.2749972740928393,C:\Users\vanya\Documents\DATA_SYS_LAB\benchmark\cardinality_methods\runs\test42_100k_paper_mscn_cardinality_100k_100ep_3seed_20260504_exact3600s_quotefix\model_seeds\seed_2\predictions\job_exact.csv
mscn_full_query_cardinality,MSCN,JOB,20a,2,13.807139805385045,1.1401037223592951,C:\Users\vanya\Documents\DATA_SYS_LAB\benchmark\cardinality_methods\runs\test42_100k_paper_mscn_cardinality_100k_100ep_3seed_20260504_exact3600s_quotefix\model_seeds\seed_2\predictions\job_exact.csv
mscn_full_query_cardinality,MSCN,JOB,20b,2,2.9538569779585555,-0.4703894634921464,C:\Users\vanya\Documents\DATA_SYS_LAB\benchmark\cardinality_methods\runs\test42_100k_paper_mscn_cardinality_100k_100ep_3seed_20260504_exact3600s_quotefix\model_seeds\seed_2\predictions\job_exact.csv
mscn_full_query_cardinality,MSCN,JOB,20c,2,2.648807223323425,-0.42305035207096275,C:\Users\vanya\Documents\DATA_SYS_LAB\benchmark\cardinality_methods\runs\test42_100k_paper_mscn_cardinality_100k_100ep_3seed_20260504_exact3600s_quotefix\model_seeds\seed_2\predictions\job_exact.csv
mscn_full_query_cardinality,MSCN,JOB,21a,2,1.0199198722839355,0.008566053730689954,C:\Users\vanya\Documents\DATA_SYS_LAB\benchmark\cardinality_methods\runs\test42_100k_paper_mscn_cardinality_100k_100ep_3seed_20260504_exact3600s_quotefix\model_seeds\seed_2\predictions\job_exact.csv
mscn_full_query_cardinality,MSCN,JOB,21b,2,1.0025644302368164,0.001112292311840778,C:\Users\vanya\Documents\DATA_SYS_LAB\benchmark\cardinality_methods\runs\test42_100k_paper_mscn_cardinality_100k_100ep_3seed_20260504_exact3600s_quotefix\model_seeds\seed_2\predictions\job_exact.csv
mscn_full_query_cardinality,MSCN,JOB,21c,2,2.5960787444901543,-0.4143178613867662,C:\Users\vanya\Documents\DATA_SYS_LAB\benchmark\cardinality_methods\runs\test42_100k_paper_mscn_cardinality_100k_100ep_3seed_20260504_exact3600s_quotefix\model_seeds\seed_2\predictions\job_exact.csv
mscn_full_query_cardinality,MSCN,JOB,22a,2,157.48481937053654,-2.1972386966567012,C:\Users\vanya\Documents\DATA_SYS_LAB\benchmark\cardinality_methods\runs\test42_100k_paper_mscn_cardinality_100k_100ep_3seed_20260504_exact3600s_quotefix\model_seeds\seed_2\predictions\job_exact.csv
mscn_full_query_cardinality,MSCN,JOB,22b,2,157.48481937053654,-2.1972386966567012,C:\Users\vanya\Documents\DATA_SYS_LAB\benchmark\cardinality_methods\runs\test42_100k_paper_mscn_cardinality_100k_100ep_3seed_20260504_exact3600s_quotefix\model_seeds\seed_2\predictions\job_exact.csv
mscn_full_query_cardinality,MSCN,JOB,22c,2,31.923723954715218,-1.5041135467968019,C:\Users\vanya\Documents\DATA_SYS_LAB\benchmark\cardinality_methods\runs\test42_100k_paper_mscn_cardinality_100k_100ep_3seed_20260504_exact3600s_quotefix\model_seeds\seed_2\predictions\job_exact.csv
mscn_full_query_cardinality,MSCN,JOB,22d,2,26.875736253761936,-1.4293603704703148,C:\Users\vanya\Documents\DATA_SYS_LAB\benchmark\cardinality_methods\runs\test42_100k_paper_mscn_cardinality_100k_100ep_3seed_20260504_exact3600s_quotefix\model_seeds\seed_2\predictions\job_exact.csv
mscn_full_query_cardinality,MSCN,JOB,23a,2,1.6251787874859562,0.2109011450979386,C:\Users\vanya\Documents\DATA_SYS_LAB\benchmark\cardinality_methods\runs\test42_100k_paper_mscn_cardinality_100k_100ep_3seed_20260504_exact3600s_quotefix\model_seeds\seed_2\predictions\job_exact.csv
mscn_full_query_cardinality,MSCN,JOB,23b,2,4.626021898822708,-0.6652076843177289,C:\Users\vanya\Documents\DATA_SYS_LAB\benchmark\cardinality_methods\runs\test42_100k_paper_mscn_cardinality_100k_100ep_3seed_20260504_exact3600s_quotefix\model_seeds\seed_2\predictions\job_exact.csv
mscn_full_query_cardinality,MSCN,JOB,23c,2,1.4440338453893353,0.15957737238429082,C:\Users\vanya\Documents\DATA_SYS_LAB\benchmark\cardinality_methods\runs\test42_100k_paper_mscn_cardinality_100k_100ep_3seed_20260504_exact3600s_quotefix\model_seeds\seed_2\predictions\job_exact.csv
mscn_full_query_cardinality,MSCN,JOB,24a,2,1.1245194673538208,0.050966978216435095,C:\Users\vanya\Documents\DATA_SYS_LAB\benchmark\cardinality_methods\runs\test42_100k_paper_mscn_cardinality_100k_100ep_3seed_20260504_exact3600s_quotefix\model_seeds\seed_2\predictions\job_exact.csv
mscn_full_query_cardinality,MSCN,JOB,24b,2,1.0091924667358398,0.003974000003220001,C:\Users\vanya\Documents\DATA_SYS_LAB\benchmark\cardinality_methods\runs\test42_100k_paper_mscn_cardinality_100k_100ep_3seed_20260504_exact3600s_quotefix\model_seeds\seed_2\predictions\job_exact.csv
mscn_full_query_cardinality,MSCN,JOB,25a,2,7.9858205685211425,-0.9023195479098348,C:\Users\vanya\Documents\DATA_SYS_LAB\benchmark\cardinality_methods\runs\test42_100k_paper_mscn_cardinality_100k_100ep_3seed_20260504_exact3600s_quotefix\model_seeds\seed_2\predictions\job_exact.csv
mscn_full_query_cardinality,MSCN,JOB,25b,2,1.3213082551956177,0.12100414835882538,C:\Users\vanya\Documents\DATA_SYS_LAB\benchmark\cardinality_methods\runs\test42_100k_paper_mscn_cardinality_100k_100ep_3seed_20260504_exact3600s_quotefix\model_seeds\seed_2\predictions\job_exact.csv
mscn_full_query_cardinality,MSCN,JOB,25c,2,16644.23265593827,-4.22126377780608,C:\Users\vanya\Documents\DATA_SYS_LAB\benchmark\cardinality_methods\runs\test42_100k_paper_mscn_cardinality_100k_100ep_3seed_20260504_exact3600s_quotefix\model_seeds\seed_2\predictions\job_exact.csv
mscn_full_query_cardinality,MSCN,JOB,26a,2,1.835676823475007,-0.26379622472164155,C:\Users\vanya\Documents\DATA_SYS_LAB\benchmark\cardinality_methods\runs\test42_100k_paper_mscn_cardinality_100k_100ep_3seed_20260504_exact3600s_quotefix\model_seeds\seed_2\predictions\job_exact.csv
mscn_full_query_cardinality,MSCN,JOB,26b,2,1.9826574949799007,-0.29724769610764223,C:\Users\vanya\Documents\DATA_SYS_LAB\benchmark\cardinality_methods\runs\test42_100k_paper_mscn_cardinality_100k_100ep_3seed_20260504_exact3600s_quotefix\model_seeds\seed_2\predictions\job_exact.csv
mscn_full_query_cardinality,MSCN,JOB,26c,2,3.6132928009555374,-0.5579031557797316,C:\Users\vanya\Documents\DATA_SYS_LAB\benchmark\cardinality_methods\runs\test42_100k_paper_mscn_cardinality_100k_100ep_3seed_20260504_exact3600s_quotefix\model_seeds\seed_2\predictions\job_exact.csv
mscn_full_query_cardinality,MSCN,JOB,27a,2,1.964136962165358,-0.29317176850119336,C:\Users\vanya\Documents\DATA_SYS_LAB\benchmark\cardinality_methods\runs\test42_100k_paper_mscn_cardinality_100k_100ep_3seed_20260504_exact3600s_quotefix\model_seeds\seed_2\predictions\job_exact.csv
mscn_full_query_cardinality,MSCN,JOB,27b,2,1.9770820756018816,-0.29602469877301063,C:\Users\vanya\Documents\DATA_SYS_LAB\benchmark\cardinality_methods\runs\test42_100k_paper_mscn_cardinality_100k_100ep_3seed_20260504_exact3600s_quotefix\model_seeds\seed_2\predictions\job_exact.csv
mscn_full_query_cardinality,MSCN,JOB,27c,2,2.17908675139586,-0.3382745202428406,C:\Users\vanya\Documents\DATA_SYS_LAB\benchmark\cardinality_methods\runs\test42_100k_paper_mscn_cardinality_100k_100ep_3seed_20260504_exact3600s_quotefix\model_seeds\seed_2\predictions\job_exact.csv
mscn_full_query_cardinality,MSCN,JOB,28a,2,9.648445536025028,-0.9844573496644021,C:\Users\vanya\Documents\DATA_SYS_LAB\benchmark\cardinality_methods\runs\test42_100k_paper_mscn_cardinality_100k_100ep_3seed_20260504_exact3600s_quotefix\model_seeds\seed_2\predictions\job_exact.csv
mscn_full_query_cardinality,MSCN,JOB,28b,2,2.3977344987467126,-0.37980109197679573,C:\Users\vanya\Documents\DATA_SYS_LAB\benchmark\cardinality_methods\runs\test42_100k_paper_mscn_cardinality_100k_100ep_3seed_20260504_exact3600s_quotefix\model_seeds\seed_2\predictions\job_exact.csv
mscn_full_query_cardinality,MSCN,JOB,28c,2,17.67312671396156,-1.2473133913003343,C:\Users\vanya\Documents\DATA_SYS_LAB\benchmark\cardinality_methods\runs\test42_100k_paper_mscn_cardinality_100k_100ep_3seed_20260504_exact3600s_quotefix\model_seeds\seed_2\predictions\job_exact.csv
mscn_full_query_cardinality,MSCN,JOB,29a,2,1.9993755383598206,-0.30089437436805994,C:\Users\vanya\Documents\DATA_SYS_LAB\benchmark\cardinality_methods\runs\test42_100k_paper_mscn_cardinality_100k_100ep_3seed_20260504_exact3600s_quotefix\model_seeds\seed_2\predictions\job_exact.csv
mscn_full_query_cardinality,MSCN,JOB,29b,2,1.0003294944763184,0.00014307406312012288,C:\Users\vanya\Documents\DATA_SYS_LAB\benchmark\cardinality_methods\runs\test42_100k_paper_mscn_cardinality_100k_100ep_3seed_20260504_exact3600s_quotefix\model_seeds\seed_2\predictions\job_exact.csv
mscn_full_query_cardinality,MSCN,JOB,29c,2,1.8703753065923387,-0.2719287601343395,C:\Users\vanya\Documents\DATA_SYS_LAB\benchmark\cardinality_methods\runs\test42_100k_paper_mscn_cardinality_100k_100ep_3seed_20260504_exact3600s_quotefix\model_seeds\seed_2\predictions\job_exact.csv
mscn_full_query_cardinality,MSCN,JOB,30a,2,6.759794867827707,-0.8299335170774053,C:\Users\vanya\Documents\DATA_SYS_LAB\benchmark\cardinality_methods\runs\test42_100k_paper_mscn_cardinality_100k_100ep_3seed_20260504_exact3600s_quotefix\model_seeds\seed_2\predictions\job_exact.csv
mscn_full_query_cardinality,MSCN,JOB,30b,2,6.367062134101541,-0.8039390880240067,C:\Users\vanya\Documents\DATA_SYS_LAB\benchmark\cardinality_methods\runs\test42_100k_paper_mscn_cardinality_100k_100ep_3seed_20260504_exact3600s_quotefix\model_seeds\seed_2\predictions\job_exact.csv
mscn_full_query_cardinality,MSCN,JOB,30c,2,6.531736906076992,-0.8150286833303813,C:\Users\vanya\Documents\DATA_SYS_LAB\benchmark\cardinality_methods\runs\test42_100k_paper_mscn_cardinality_100k_100ep_3seed_20260504_exact3600s_quotefix\model_seeds\seed_2\predictions\job_exact.csv
mscn_full_query_cardinality,MSCN,JOB,31a,2,12.924906882526932,-1.1114274229032801,C:\Users\vanya\Documents\DATA_SYS_LAB\benchmark\cardinality_methods\runs\test42_100k_paper_mscn_cardinality_100k_100ep_3seed_20260504_exact3600s_quotefix\model_seeds\seed_2\predictions\job_exact.csv
mscn_full_query_cardinality,MSCN,JOB,31b,2,6.932195350113297,-0.8408707926859704,C:\Users\vanya\Documents\DATA_SYS_LAB\benchmark\cardinality_methods\runs\test42_100k_paper_mscn_cardinality_100k_100ep_3seed_20260504_exact3600s_quotefix\model_seeds\seed_2\predictions\job_exact.csv
mscn_full_query_cardinality,MSCN,JOB,31c,2,4.749286639551421,-0.6766283818832974,C:\Users\vanya\Documents\DATA_SYS_LAB\benchmark\cardinality_methods\runs\test42_100k_paper_mscn_cardinality_100k_100ep_3seed_20260504_exact3600s_quotefix\model_seeds\seed_2\predictions\job_exact.csv
mscn_full_query_cardinality,MSCN,JOB,32a,2,2.7271346485281214,-0.43570658116463035,C:\Users\vanya\Documents\DATA_SYS_LAB\benchmark\cardinality_methods\runs\test42_100k_paper_mscn_cardinality_100k_100ep_3seed_20260504_exact3600s_quotefix\model_seeds\seed_2\predictions\job_exact.csv
mscn_full_query_cardinality,MSCN,JOB,32b,2,2.7271346485281214,-0.43570658116463035,C:\Users\vanya\Documents\DATA_SYS_LAB\benchmark\cardinality_methods\runs\test42_100k_paper_mscn_cardinality_100k_100ep_3seed_20260504_exact3600s_quotefix\model_seeds\seed_2\predictions\job_exact.csv
mscn_full_query_cardinality,MSCN,JOB,33a,2,51.89446084317636,-1.7151210042140608,C:\Users\vanya\Documents\DATA_SYS_LAB\benchmark\cardinality_methods\runs\test42_100k_paper_mscn_cardinality_100k_100ep_3seed_20260504_exact3600s_quotefix\model_seeds\seed_2\predictions\job_exact.csv
mscn_full_query_cardinality,MSCN,JOB,33b,2,35.62796204154972,-1.5517909809414612,C:\Users\vanya\Documents\DATA_SYS_LAB\benchmark\cardinality_methods\runs\test42_100k_paper_mscn_cardinality_100k_100ep_3seed_20260504_exact3600s_quotefix\model_seeds\seed_2\predictions\job_exact.csv
mscn_full_query_cardinality,MSCN,JOB,33c,2,23.514484633993703,-1.3713354647718532,C:\Users\vanya\Documents\DATA_SYS_LAB\benchmark\cardinality_methods\runs\test42_100k_paper_mscn_cardinality_100k_100ep_3seed_20260504_exact3600s_quotefix\model_seeds\seed_2\predictions\job_exact.csv
mscn_full_query_cardinality,MSCN,JOB-Complex,01,2,1.0019683837890625,0.0008540179757606103,C:\Users\vanya\Documents\DATA_SYS_LAB\benchmark\cardinality_methods\runs\test42_100k_paper_mscn_cardinality_100k_100ep_3seed_20260504_exact3600s_quotefix\model_seeds\seed_2\predictions\job_complex.csv
mscn_full_query_cardinality,MSCN,JOB-Complex,02,2,1.009194254875183,0.003974769507935166,C:\Users\vanya\Documents\DATA_SYS_LAB\benchmark\cardinality_methods\runs\test42_100k_paper_mscn_cardinality_100k_100ep_3seed_20260504_exact3600s_quotefix\model_seeds\seed_2\predictions\job_complex.csv
mscn_full_query_cardinality,MSCN,JOB-Complex,03,2,1.0053740739822388,0.0023276816960873625,C:\Users\vanya\Documents\DATA_SYS_LAB\benchmark\cardinality_methods\runs\test42_100k_paper_mscn_cardinality_100k_100ep_3seed_20260504_exact3600s_quotefix\model_seeds\seed_2\predictions\job_complex.csv
mscn_full_query_cardinality,MSCN,JOB-Complex,04,2,1.0053740739822388,0.0023276816960873625,C:\Users\vanya\Documents\DATA_SYS_LAB\benchmark\cardinality_methods\runs\test42_100k_paper_mscn_cardinality_100k_100ep_3seed_20260504_exact3600s_quotefix\model_seeds\seed_2\predictions\job_complex.csv
mscn_full_query_cardinality,MSCN,JOB-Complex,05,2,1.2843632016863142,0.10868785409353433,C:\Users\vanya\Documents\DATA_SYS_LAB\benchmark\cardinality_methods\runs\test42_100k_paper_mscn_cardinality_100k_100ep_3seed_20260504_exact3600s_quotefix\model_seeds\seed_2\predictions\job_complex.csv
mscn_full_query_cardinality,MSCN,JOB-Complex,06,2,1.000093936920166,4.079437005634183e-05,C:\Users\vanya\Documents\DATA_SYS_LAB\benchmark\cardinality_methods\runs\test42_100k_paper_mscn_cardinality_100k_100ep_3seed_20260504_exact3600s_quotefix\model_seeds\seed_2\predictions\job_complex.csv
mscn_full_query_cardinality,MSCN,JOB-Complex,07,2,1.000093936920166,4.079437005634183e-05,C:\Users\vanya\Documents\DATA_SYS_LAB\benchmark\cardinality_methods\runs\test42_100k_paper_mscn_cardinality_100k_100ep_3seed_20260504_exact3600s_quotefix\model_seeds\seed_2\predictions\job_complex.csv
mscn_full_query_cardinality,MSCN,JOB-Complex,08,2,69.67161184566804,-1.8430558580095493,C:\Users\vanya\Documents\DATA_SYS_LAB\benchmark\cardinality_methods\runs\test42_100k_paper_mscn_cardinality_100k_100ep_3seed_20260504_exact3600s_quotefix\model_seeds\seed_2\predictions\job_complex.csv
mscn_full_query_cardinality,MSCN,JOB-Complex,09,2,5.699587985258787,-0.755843462304787,C:\Users\vanya\Documents\DATA_SYS_LAB\benchmark\cardinality_methods\runs\test42_100k_paper_mscn_cardinality_100k_100ep_3seed_20260504_exact3600s_quotefix\model_seeds\seed_2\predictions\job_complex.csv
mscn_full_query_cardinality,MSCN,JOB-Complex,10,2,9.111892700195312,0.959608596937214,C:\Users\vanya\Documents\DATA_SYS_LAB\benchmark\cardinality_methods\runs\test42_100k_paper_mscn_cardinality_100k_100ep_3seed_20260504_exact3600s_quotefix\model_seeds\seed_2\predictions\job_complex.csv
mscn_full_query_cardinality,MSCN,JOB-Complex,11,2,1575.3887047649027,-3.1973877273362556,C:\Users\vanya\Documents\DATA_SYS_LAB\benchmark\cardinality_methods\runs\test42_100k_paper_mscn_cardinality_100k_100ep_3seed_20260504_exact3600s_quotefix\model_seeds\seed_2\predictions\job_complex.csv
mscn_full_query_cardinality,MSCN,JOB-Complex,12,2,1.0022844015148704,-0.000990971514401721,C:\Users\vanya\Documents\DATA_SYS_LAB\benchmark\cardinality_methods\runs\test42_100k_paper_mscn_cardinality_100k_100ep_3seed_20260504_exact3600s_quotefix\model_seeds\seed_2\predictions\job_complex.csv
mscn_full_query_cardinality,MSCN,JOB-Complex,13,2,6.943568734872061,0.8415827389711916,C:\Users\vanya\Documents\DATA_SYS_LAB\benchmark\cardinality_methods\runs\test42_100k_paper_mscn_cardinality_100k_100ep_3seed_20260504_exact3600s_quotefix\model_seeds\seed_2\predictions\job_complex.csv
mscn_full_query_cardinality,MSCN,JOB-Complex,14,2,4.8172219480171155,-0.682796656399242,C:\Users\vanya\Documents\DATA_SYS_LAB\benchmark\cardinality_methods\runs\test42_100k_paper_mscn_cardinality_100k_100ep_3seed_20260504_exact3600s_quotefix\model_seeds\seed_2\predictions\job_complex.csv
mscn_full_query_cardinality,MSCN,JOB-Complex,15,2,1.778473953939424,0.25004750925010183,C:\Users\vanya\Documents\DATA_SYS_LAB\benchmark\cardinality_methods\runs\test42_100k_paper_mscn_cardinality_100k_100ep_3seed_20260504_exact3600s_quotefix\model_seeds\seed_2\predictions\job_complex.csv
mscn_full_query_cardinality,MSCN,JOB-Complex,16,2,1.1797308023556903,-0.07178291884073304,C:\Users\vanya\Documents\DATA_SYS_LAB\benchmark\cardinality_methods\runs\test42_100k_paper_mscn_cardinality_100k_100ep_3seed_20260504_exact3600s_quotefix\model_seeds\seed_2\predictions\job_complex.csv
mscn_full_query_cardinality,MSCN,JOB-Complex,17,2,1605.8501313321176,-3.2057050115699597,C:\Users\vanya\Documents\DATA_SYS_LAB\benchmark\cardinality_methods\runs\test42_100k_paper_mscn_cardinality_100k_100ep_3seed_20260504_exact3600s_quotefix\model_seeds\seed_2\predictions\job_complex.csv
mscn_full_query_cardinality,MSCN,JOB-Complex,18,2,1.2369821866353352,0.0923634455453039,C:\Users\vanya\Documents\DATA_SYS_LAB\benchmark\cardinality_methods\runs\test42_100k_paper_mscn_cardinality_100k_100ep_3seed_20260504_exact3600s_quotefix\model_seeds\seed_2\predictions\job_complex.csv
mscn_full_query_cardinality,MSCN,JOB-Complex,19,2,6820.056243486077,-3.8337879562011894,C:\Users\vanya\Documents\DATA_SYS_LAB\benchmark\cardinality_methods\runs\test42_100k_paper_mscn_cardinality_100k_100ep_3seed_20260504_exact3600s_quotefix\model_seeds\seed_2\predictions\job_complex.csv
mscn_full_query_cardinality,MSCN,JOB-Complex,20,2,1.7466959688312744,-0.24221731794821733,C:\Users\vanya\Documents\DATA_SYS_LAB\benchmark\cardinality_methods\runs\test42_100k_paper_mscn_cardinality_100k_100ep_3seed_20260504_exact3600s_quotefix\model_seeds\seed_2\predictions\job_complex.csv
mscn_full_query_cardinality,MSCN,JOB-Complex,21,2,534.1538802280159,-2.727666387565646,C:\Users\vanya\Documents\DATA_SYS_LAB\benchmark\cardinality_methods\runs\test42_100k_paper_mscn_cardinality_100k_100ep_3seed_20260504_exact3600s_quotefix\model_seeds\seed_2\predictions\job_complex.csv
mscn_full_query_cardinality,MSCN,JOB-Complex,22,2,113.03645243721013,-2.053218519053522,C:\Users\vanya\Documents\DATA_SYS_LAB\benchmark\cardinality_methods\runs\test42_100k_paper_mscn_cardinality_100k_100ep_3seed_20260504_exact3600s_quotefix\model_seeds\seed_2\predictions\job_complex.csv
mscn_full_query_cardinality,MSCN,JOB-Complex,23,2,18.8249317113904,1.2747334094453746,C:\Users\vanya\Documents\DATA_SYS_LAB\benchmark\cardinality_methods\runs\test42_100k_paper_mscn_cardinality_100k_100ep_3seed_20260504_exact3600s_quotefix\model_seeds\seed_2\predictions\job_complex.csv
mscn_full_query_cardinality,MSCN,JOB-Complex,24,2,1.3627830835317034,-0.1344267339548122,C:\Users\vanya\Documents\DATA_SYS_LAB\benchmark\cardinality_methods\runs\test42_100k_paper_mscn_cardinality_100k_100ep_3seed_20260504_exact3600s_quotefix\model_seeds\seed_2\predictions\job_complex.csv
mscn_full_query_cardinality,MSCN,JOB-Complex,25,2,194.0713134765625,2.287961345179432,C:\Users\vanya\Documents\DATA_SYS_LAB\benchmark\cardinality_methods\runs\test42_100k_paper_mscn_cardinality_100k_100ep_3seed_20260504_exact3600s_quotefix\model_seeds\seed_2\predictions\job_complex.csv
mscn_full_query_cardinality,MSCN,JOB-Complex,26,2,1.9772822468039508,-0.29606866702756734,C:\Users\vanya\Documents\DATA_SYS_LAB\benchmark\cardinality_methods\runs\test42_100k_paper_mscn_cardinality_100k_100ep_3seed_20260504_exact3600s_quotefix\model_seeds\seed_2\predictions\job_complex.csv
mscn_full_query_cardinality,MSCN,JOB-Complex,27,2,78.59146118164062,1.8953753633022385,C:\Users\vanya\Documents\DATA_SYS_LAB\benchmark\cardinality_methods\runs\test42_100k_paper_mscn_cardinality_100k_100ep_3seed_20260504_exact3600s_quotefix\model_seeds\seed_2\predictions\job_complex.csv
mscn_full_query_cardinality,MSCN,JOB-Complex,28,2,1.5320998827616374,0.18528707934240055,C:\Users\vanya\Documents\DATA_SYS_LAB\benchmark\cardinality_methods\runs\test42_100k_paper_mscn_cardinality_100k_100ep_3seed_20260504_exact3600s_quotefix\model_seeds\seed_2\predictions\job_complex.csv
mscn_full_query_cardinality,MSCN,JOB-Complex,29,2,8.460234642028809,0.9273824082311259,C:\Users\vanya\Documents\DATA_SYS_LAB\benchmark\cardinality_methods\runs\test42_100k_paper_mscn_cardinality_100k_100ep_3seed_20260504_exact3600s_quotefix\model_seeds\seed_2\predictions\job_complex.csv
mscn_full_query_cardinality,MSCN,JOB-Complex,30,2,78.59146118164062,1.8953753633022385,C:\Users\vanya\Documents\DATA_SYS_LAB\benchmark\cardinality_methods\runs\test42_100k_paper_mscn_cardinality_100k_100ep_3seed_20260504_exact3600s_quotefix\model_seeds\seed_2\predictions\job_complex.csv
mscn_full_query_cardinality,MSCN,JOB-Light,01,3,1.0379012295100243,0.016156026422119024,C:\Users\vanya\Documents\DATA_SYS_LAB\benchmark\cardinality_methods\runs\test42_100k_paper_mscn_cardinality_100k_100ep_3seed_20260504_exact3600s_quotefix\model_seeds\seed_3\predictions\job_light.csv
mscn_full_query_cardinality,MSCN,JOB-Light,02,3,1.5988750160440988,-0.20381451630167877,C:\Users\vanya\Documents\DATA_SYS_LAB\benchmark\cardinality_methods\runs\test42_100k_paper_mscn_cardinality_100k_100ep_3seed_20260504_exact3600s_quotefix\model_seeds\seed_3\predictions\job_light.csv
mscn_full_query_cardinality,MSCN,JOB-Light,03,3,1.0692492457457468,-0.02907895257525908,C:\Users\vanya\Documents\DATA_SYS_LAB\benchmark\cardinality_methods\runs\test42_100k_paper_mscn_cardinality_100k_100ep_3seed_20260504_exact3600s_quotefix\model_seeds\seed_3\predictions\job_light.csv
mscn_full_query_cardinality,MSCN,JOB-Light,04,3,1.1600573020068652,-0.06447944209824805,C:\Users\vanya\Documents\DATA_SYS_LAB\benchmark\cardinality_methods\runs\test42_100k_paper_mscn_cardinality_100k_100ep_3seed_20260504_exact3600s_quotefix\model_seeds\seed_3\predictions\job_light.csv
mscn_full_query_cardinality,MSCN,JOB-Light,05,3,1.3772434925087729,-0.1390107290038213,C:\Users\vanya\Documents\DATA_SYS_LAB\benchmark\cardinality_methods\runs\test42_100k_paper_mscn_cardinality_100k_100ep_3seed_20260504_exact3600s_quotefix\model_seeds\seed_3\predictions\job_light.csv
mscn_full_query_cardinality,MSCN,JOB-Light,06,3,13.187181930930127,-1.120151997774827,C:\Users\vanya\Documents\DATA_SYS_LAB\benchmark\cardinality_methods\runs\test42_100k_paper_mscn_cardinality_100k_100ep_3seed_20260504_exact3600s_quotefix\model_seeds\seed_3\predictions\job_light.csv
mscn_full_query_cardinality,MSCN,JOB-Light,07,3,12.249428252091775,-1.088115818271456,C:\Users\vanya\Documents\DATA_SYS_LAB\benchmark\cardinality_methods\runs\test42_100k_paper_mscn_cardinality_100k_100ep_3seed_20260504_exact3600s_quotefix\model_seeds\seed_3\predictions\job_light.csv
mscn_full_query_cardinality,MSCN,JOB-Light,08,3,13.452588608438797,-1.1288058613042429,C:\Users\vanya\Documents\DATA_SYS_LAB\benchmark\cardinality_methods\runs\test42_100k_paper_mscn_cardinality_100k_100ep_3seed_20260504_exact3600s_quotefix\model_seeds\seed_3\predictions\job_light.csv
mscn_full_query_cardinality,MSCN,JOB-Light,09,3,1.2785531593155492,-0.10671878970881497,C:\Users\vanya\Documents\DATA_SYS_LAB\benchmark\cardinality_methods\runs\test42_100k_paper_mscn_cardinality_100k_100ep_3seed_20260504_exact3600s_quotefix\model_seeds\seed_3\predictions\job_light.csv
mscn_full_query_cardinality,MSCN,JOB-Light,10,3,1.2315857455813999,-0.09046465371998329,C:\Users\vanya\Documents\DATA_SYS_LAB\benchmark\cardinality_methods\runs\test42_100k_paper_mscn_cardinality_100k_100ep_3seed_20260504_exact3600s_quotefix\model_seeds\seed_3\predictions\job_light.csv
mscn_full_query_cardinality,MSCN,JOB-Light,11,3,1.2315075587766944,-0.0904370818064122,C:\Users\vanya\Documents\DATA_SYS_LAB\benchmark\cardinality_methods\runs\test42_100k_paper_mscn_cardinality_100k_100ep_3seed_20260504_exact3600s_quotefix\model_seeds\seed_3\predictions\job_light.csv
mscn_full_query_cardinality,MSCN,JOB-Light,12,3,3.0056281547326695,-0.477935250257274,C:\Users\vanya\Documents\DATA_SYS_LAB\benchmark\cardinality_methods\runs\test42_100k_paper_mscn_cardinality_100k_100ep_3seed_20260504_exact3600s_quotefix\model_seeds\seed_3\predictions\job_light.csv
mscn_full_query_cardinality,MSCN,JOB-Light,13,3,2.8900068002013426,-0.4608988646549715,C:\Users\vanya\Documents\DATA_SYS_LAB\benchmark\cardinality_methods\runs\test42_100k_paper_mscn_cardinality_100k_100ep_3seed_20260504_exact3600s_quotefix\model_seeds\seed_3\predictions\job_light.csv
mscn_full_query_cardinality,MSCN,JOB-Light,14,3,2.90526572318766,-0.4631858602500894,C:\Users\vanya\Documents\DATA_SYS_LAB\benchmark\cardinality_methods\runs\test42_100k_paper_mscn_cardinality_100k_100ep_3seed_20260504_exact3600s_quotefix\model_seeds\seed_3\predictions\job_light.csv
mscn_full_query_cardinality,MSCN,JOB-Light,15,3,3.817537880303581,-0.581783355126022,C:\Users\vanya\Documents\DATA_SYS_LAB\benchmark\cardinality_methods\runs\test42_100k_paper_mscn_cardinality_100k_100ep_3seed_20260504_exact3600s_quotefix\model_seeds\seed_3\predictions\job_light.csv
mscn_full_query_cardinality,MSCN,JOB-Light,16,3,14.37716190962885,-1.1576731636104698,C:\Users\vanya\Documents\DATA_SYS_LAB\benchmark\cardinality_methods\runs\test42_100k_paper_mscn_cardinality_100k_100ep_3seed_20260504_exact3600s_quotefix\model_seeds\seed_3\predictions\job_light.csv
mscn_full_query_cardinality,MSCN,JOB-Light,17,3,3.725906183408929,-0.5712319153640976,C:\Users\vanya\Documents\DATA_SYS_LAB\benchmark\cardinality_methods\runs\test42_100k_paper_mscn_cardinality_100k_100ep_3seed_20260504_exact3600s_quotefix\model_seeds\seed_3\predictions\job_light.csv
mscn_full_query_cardinality,MSCN,JOB-Light,18,3,3.3737316756319964,-0.528110538707657,C:\Users\vanya\Documents\DATA_SYS_LAB\benchmark\cardinality_methods\runs\test42_100k_paper_mscn_cardinality_100k_100ep_3seed_20260504_exact3600s_quotefix\model_seeds\seed_3\predictions\job_light.csv
mscn_full_query_cardinality,MSCN,JOB-Light,19,3,16.827079561571495,-1.2260087481593678,C:\Users\vanya\Documents\DATA_SYS_LAB\benchmark\cardinality_methods\runs\test42_100k_paper_mscn_cardinality_100k_100ep_3seed_20260504_exact3600s_quotefix\model_seeds\seed_3\predictions\job_light.csv
mscn_full_query_cardinality,MSCN,JOB-Light,20,3,1.1822841490091929,-0.07272186699879234,C:\Users\vanya\Documents\DATA_SYS_LAB\benchmark\cardinality_methods\runs\test42_100k_paper_mscn_cardinality_100k_100ep_3seed_20260504_exact3600s_quotefix\model_seeds\seed_3\predictions\job_light.csv
mscn_full_query_cardinality,MSCN,JOB-Light,21,3,1.9151467626622483,-0.2822020606921555,C:\Users\vanya\Documents\DATA_SYS_LAB\benchmark\cardinality_methods\runs\test42_100k_paper_mscn_cardinality_100k_100ep_3seed_20260504_exact3600s_quotefix\model_seeds\seed_3\predictions\job_light.csv
mscn_full_query_cardinality,MSCN,JOB-Light,22,3,1.220673264215815,-0.0865994325464898,C:\Users\vanya\Documents\DATA_SYS_LAB\benchmark\cardinality_methods\runs\test42_100k_paper_mscn_cardinality_100k_100ep_3seed_20260504_exact3600s_quotefix\model_seeds\seed_3\predictions\job_light.csv
mscn_full_query_cardinality,MSCN,JOB-Light,23,3,1.2363369127260189,-0.09213683596260767,C:\Users\vanya\Documents\DATA_SYS_LAB\benchmark\cardinality_methods\runs\test42_100k_paper_mscn_cardinality_100k_100ep_3seed_20260504_exact3600s_quotefix\model_seeds\seed_3\predictions\job_light.csv
mscn_full_query_cardinality,MSCN,JOB-Light,24,3,1.3408034149490773,-0.12736510741064308,C:\Users\vanya\Documents\DATA_SYS_LAB\benchmark\cardinality_methods\runs\test42_100k_paper_mscn_cardinality_100k_100ep_3seed_20260504_exact3600s_quotefix\model_seeds\seed_3\predictions\job_light.csv
mscn_full_query_cardinality,MSCN,JOB-Light,25,3,1.0166656470957751,0.007178149091811133,C:\Users\vanya\Documents\DATA_SYS_LAB\benchmark\cardinality_methods\runs\test42_100k_paper_mscn_cardinality_100k_100ep_3seed_20260504_exact3600s_quotefix\model_seeds\seed_3\predictions\job_light.csv
mscn_full_query_cardinality,MSCN,JOB-Light,26,3,1.2367815580097377,0.09229300073796246,C:\Users\vanya\Documents\DATA_SYS_LAB\benchmark\cardinality_methods\runs\test42_100k_paper_mscn_cardinality_100k_100ep_3seed_20260504_exact3600s_quotefix\model_seeds\seed_3\predictions\job_light.csv
mscn_full_query_cardinality,MSCN,JOB-Light,27,3,1.341819663522511,0.12769415189873307,C:\Users\vanya\Documents\DATA_SYS_LAB\benchmark\cardinality_methods\runs\test42_100k_paper_mscn_cardinality_100k_100ep_3seed_20260504_exact3600s_quotefix\model_seeds\seed_3\predictions\job_light.csv
mscn_full_query_cardinality,MSCN,JOB-Light,28,3,1.0665077517706114,-0.02796401640895136,C:\Users\vanya\Documents\DATA_SYS_LAB\benchmark\cardinality_methods\runs\test42_100k_paper_mscn_cardinality_100k_100ep_3seed_20260504_exact3600s_quotefix\model_seeds\seed_3\predictions\job_light.csv
mscn_full_query_cardinality,MSCN,JOB-Light,29,3,1.0889609628912782,-0.037012311431826074,C:\Users\vanya\Documents\DATA_SYS_LAB\benchmark\cardinality_methods\runs\test42_100k_paper_mscn_cardinality_100k_100ep_3seed_20260504_exact3600s_quotefix\model_seeds\seed_3\predictions\job_light.csv
mscn_full_query_cardinality,MSCN,JOB-Light,30,3,6.1499672757871995,-0.7888728048838956,C:\Users\vanya\Documents\DATA_SYS_LAB\benchmark\cardinality_methods\runs\test42_100k_paper_mscn_cardinality_100k_100ep_3seed_20260504_exact3600s_quotefix\model_seeds\seed_3\predictions\job_light.csv
mscn_full_query_cardinality,MSCN,JOB-Light,31,3,1.0435846449479802,0.018527680371244214,C:\Users\vanya\Documents\DATA_SYS_LAB\benchmark\cardinality_methods\runs\test42_100k_paper_mscn_cardinality_100k_100ep_3seed_20260504_exact3600s_quotefix\model_seeds\seed_3\predictions\job_light.csv
mscn_full_query_cardinality,MSCN,JOB-Light,32,3,1.1134202904633983,0.04665913142753483,C:\Users\vanya\Documents\DATA_SYS_LAB\benchmark\cardinality_methods\runs\test42_100k_paper_mscn_cardinality_100k_100ep_3seed_20260504_exact3600s_quotefix\model_seeds\seed_3\predictions\job_light.csv
mscn_full_query_cardinality,MSCN,JOB-Light,33,3,3.7262538945243637,-0.5712724429473109,C:\Users\vanya\Documents\DATA_SYS_LAB\benchmark\cardinality_methods\runs\test42_100k_paper_mscn_cardinality_100k_100ep_3seed_20260504_exact3600s_quotefix\model_seeds\seed_3\predictions\job_light.csv
mscn_full_query_cardinality,MSCN,JOB-Light,34,3,1.400636305528023,0.14632537939176088,C:\Users\vanya\Documents\DATA_SYS_LAB\benchmark\cardinality_methods\runs\test42_100k_paper_mscn_cardinality_100k_100ep_3seed_20260504_exact3600s_quotefix\model_seeds\seed_3\predictions\job_light.csv
mscn_full_query_cardinality,MSCN,JOB-Light,35,3,1.3560290469762255,-0.13226899248560195,C:\Users\vanya\Documents\DATA_SYS_LAB\benchmark\cardinality_methods\runs\test42_100k_paper_mscn_cardinality_100k_100ep_3seed_20260504_exact3600s_quotefix\model_seeds\seed_3\predictions\job_light.csv
mscn_full_query_cardinality,MSCN,JOB-Light,36,3,1.068498995387103,0.028774118172486197,C:\Users\vanya\Documents\DATA_SYS_LAB\benchmark\cardinality_methods\runs\test42_100k_paper_mscn_cardinality_100k_100ep_3seed_20260504_exact3600s_quotefix\model_seeds\seed_3\predictions\job_light.csv
mscn_full_query_cardinality,MSCN,JOB-Light,37,3,1.4332352285994674,-0.15631747448592487,C:\Users\vanya\Documents\DATA_SYS_LAB\benchmark\cardinality_methods\runs\test42_100k_paper_mscn_cardinality_100k_100ep_3seed_20260504_exact3600s_quotefix\model_seeds\seed_3\predictions\job_light.csv
mscn_full_query_cardinality,MSCN,JOB-Light,38,3,2.0819796369711487,-0.31847647753075536,C:\Users\vanya\Documents\DATA_SYS_LAB\benchmark\cardinality_methods\runs\test42_100k_paper_mscn_cardinality_100k_100ep_3seed_20260504_exact3600s_quotefix\model_seeds\seed_3\predictions\job_light.csv
mscn_full_query_cardinality,MSCN,JOB-Light,39,3,1.733718039722779,-0.23897846814047688,C:\Users\vanya\Documents\DATA_SYS_LAB\benchmark\cardinality_methods\runs\test42_100k_paper_mscn_cardinality_100k_100ep_3seed_20260504_exact3600s_quotefix\model_seeds\seed_3\predictions\job_light.csv
mscn_full_query_cardinality,MSCN,JOB-Light,40,3,1.9676357808485272,-0.2939447114700252,C:\Users\vanya\Documents\DATA_SYS_LAB\benchmark\cardinality_methods\runs\test42_100k_paper_mscn_cardinality_100k_100ep_3seed_20260504_exact3600s_quotefix\model_seeds\seed_3\predictions\job_light.csv
mscn_full_query_cardinality,MSCN,JOB-Light,41,3,4.756918618919932,-0.6773257215993574,C:\Users\vanya\Documents\DATA_SYS_LAB\benchmark\cardinality_methods\runs\test42_100k_paper_mscn_cardinality_100k_100ep_3seed_20260504_exact3600s_quotefix\model_seeds\seed_3\predictions\job_light.csv
mscn_full_query_cardinality,MSCN,JOB-Light,42,3,2.879315348230587,-0.4592892322613449,C:\Users\vanya\Documents\DATA_SYS_LAB\benchmark\cardinality_methods\runs\test42_100k_paper_mscn_cardinality_100k_100ep_3seed_20260504_exact3600s_quotefix\model_seeds\seed_3\predictions\job_light.csv
mscn_full_query_cardinality,MSCN,JOB-Light,43,3,4.756918618919932,-0.6773257215993574,C:\Users\vanya\Documents\DATA_SYS_LAB\benchmark\cardinality_methods\runs\test42_100k_paper_mscn_cardinality_100k_100ep_3seed_20260504_exact3600s_quotefix\model_seeds\seed_3\predictions\job_light.csv
mscn_full_query_cardinality,MSCN,JOB-Light,44,3,4.184755214980545,-0.6216700592486626,C:\Users\vanya\Documents\DATA_SYS_LAB\benchmark\cardinality_methods\runs\test42_100k_paper_mscn_cardinality_100k_100ep_3seed_20260504_exact3600s_quotefix\model_seeds\seed_3\predictions\job_light.csv
mscn_full_query_cardinality,MSCN,JOB-Light,45,3,2.43000476842429,-0.3856071258198449,C:\Users\vanya\Documents\DATA_SYS_LAB\benchmark\cardinality_methods\runs\test42_100k_paper_mscn_cardinality_100k_100ep_3seed_20260504_exact3600s_quotefix\model_seeds\seed_3\predictions\job_light.csv
mscn_full_query_cardinality,MSCN,JOB-Light,46,3,2.631522366078478,-0.42020706556484333,C:\Users\vanya\Documents\DATA_SYS_LAB\benchmark\cardinality_methods\runs\test42_100k_paper_mscn_cardinality_100k_100ep_3seed_20260504_exact3600s_quotefix\model_seeds\seed_3\predictions\job_light.csv
mscn_full_query_cardinality,MSCN,JOB-Light,47,3,2.5721433162141776,-0.4102951632051197,C:\Users\vanya\Documents\DATA_SYS_LAB\benchmark\cardinality_methods\runs\test42_100k_paper_mscn_cardinality_100k_100ep_3seed_20260504_exact3600s_quotefix\model_seeds\seed_3\predictions\job_light.csv
mscn_full_query_cardinality,MSCN,JOB-Light,48,3,1.202747425201276,-0.08017443585348369,C:\Users\vanya\Documents\DATA_SYS_LAB\benchmark\cardinality_methods\runs\test42_100k_paper_mscn_cardinality_100k_100ep_3seed_20260504_exact3600s_quotefix\model_seeds\seed_3\predictions\job_light.csv
mscn_full_query_cardinality,MSCN,JOB-Light,49,3,1.4143917129929033,-0.15056970311866066,C:\Users\vanya\Documents\DATA_SYS_LAB\benchmark\cardinality_methods\runs\test42_100k_paper_mscn_cardinality_100k_100ep_3seed_20260504_exact3600s_quotefix\model_seeds\seed_3\predictions\job_light.csv
mscn_full_query_cardinality,MSCN,JOB-Light,50,3,1.5734078267994747,-0.19684130620388146,C:\Users\vanya\Documents\DATA_SYS_LAB\benchmark\cardinality_methods\runs\test42_100k_paper_mscn_cardinality_100k_100ep_3seed_20260504_exact3600s_quotefix\model_seeds\seed_3\predictions\job_light.csv
mscn_full_query_cardinality,MSCN,JOB-Light,51,3,9.065791639413822,-0.9574057333755824,C:\Users\vanya\Documents\DATA_SYS_LAB\benchmark\cardinality_methods\runs\test42_100k_paper_mscn_cardinality_100k_100ep_3seed_20260504_exact3600s_quotefix\model_seeds\seed_3\predictions\job_light.csv
mscn_full_query_cardinality,MSCN,JOB-Light,52,3,9.065791639413822,-0.9574057333755824,C:\Users\vanya\Documents\DATA_SYS_LAB\benchmark\cardinality_methods\runs\test42_100k_paper_mscn_cardinality_100k_100ep_3seed_20260504_exact3600s_quotefix\model_seeds\seed_3\predictions\job_light.csv
mscn_full_query_cardinality,MSCN,JOB-Light,53,3,1.0069591164895961,0.0030118381371242475,C:\Users\vanya\Documents\DATA_SYS_LAB\benchmark\cardinality_methods\runs\test42_100k_paper_mscn_cardinality_100k_100ep_3seed_20260504_exact3600s_quotefix\model_seeds\seed_3\predictions\job_light.csv
mscn_full_query_cardinality,MSCN,JOB-Light,54,3,1.0069591164895961,0.0030118381371242475,C:\Users\vanya\Documents\DATA_SYS_LAB\benchmark\cardinality_methods\runs\test42_100k_paper_mscn_cardinality_100k_100ep_3seed_20260504_exact3600s_quotefix\model_seeds\seed_3\predictions\job_light.csv
mscn_full_query_cardinality,MSCN,JOB-Light,55,3,1.0069591164895961,0.0030118381371242475,C:\Users\vanya\Documents\DATA_SYS_LAB\benchmark\cardinality_methods\runs\test42_100k_paper_mscn_cardinality_100k_100ep_3seed_20260504_exact3600s_quotefix\model_seeds\seed_3\predictions\job_light.csv
mscn_full_query_cardinality,MSCN,JOB-Light,56,3,4.004265196146491,-0.6025228323959646,C:\Users\vanya\Documents\DATA_SYS_LAB\benchmark\cardinality_methods\runs\test42_100k_paper_mscn_cardinality_100k_100ep_3seed_20260504_exact3600s_quotefix\model_seeds\seed_3\predictions\job_light.csv
mscn_full_query_cardinality,MSCN,JOB-Light,57,3,3.981159962306157,-0.6000096278104724,C:\Users\vanya\Documents\DATA_SYS_LAB\benchmark\cardinality_methods\runs\test42_100k_paper_mscn_cardinality_100k_100ep_3seed_20260504_exact3600s_quotefix\model_seeds\seed_3\predictions\job_light.csv
mscn_full_query_cardinality,MSCN,JOB-Light,58,3,13.16767888300266,-1.1195092269629352,C:\Users\vanya\Documents\DATA_SYS_LAB\benchmark\cardinality_methods\runs\test42_100k_paper_mscn_cardinality_100k_100ep_3seed_20260504_exact3600s_quotefix\model_seeds\seed_3\predictions\job_light.csv
mscn_full_query_cardinality,MSCN,JOB-Light,59,3,2.67277523412223,-0.4269624384854005,C:\Users\vanya\Documents\DATA_SYS_LAB\benchmark\cardinality_methods\runs\test42_100k_paper_mscn_cardinality_100k_100ep_3seed_20260504_exact3600s_quotefix\model_seeds\seed_3\predictions\job_light.csv
mscn_full_query_cardinality,MSCN,JOB-Light,60,3,14.660276930477206,-1.166142174141547,C:\Users\vanya\Documents\DATA_SYS_LAB\benchmark\cardinality_methods\runs\test42_100k_paper_mscn_cardinality_100k_100ep_3seed_20260504_exact3600s_quotefix\model_seeds\seed_3\predictions\job_light.csv
mscn_full_query_cardinality,MSCN,JOB-Light,61,3,8.896019574335018,-0.9491957298378397,C:\Users\vanya\Documents\DATA_SYS_LAB\benchmark\cardinality_methods\runs\test42_100k_paper_mscn_cardinality_100k_100ep_3seed_20260504_exact3600s_quotefix\model_seeds\seed_3\predictions\job_light.csv
mscn_full_query_cardinality,MSCN,JOB-Light,62,3,10.910149359622217,-1.037830696107658,C:\Users\vanya\Documents\DATA_SYS_LAB\benchmark\cardinality_methods\runs\test42_100k_paper_mscn_cardinality_100k_100ep_3seed_20260504_exact3600s_quotefix\model_seeds\seed_3\predictions\job_light.csv
mscn_full_query_cardinality,MSCN,JOB-Light,63,3,8.764613323810567,-0.9427327606991022,C:\Users\vanya\Documents\DATA_SYS_LAB\benchmark\cardinality_methods\runs\test42_100k_paper_mscn_cardinality_100k_100ep_3seed_20260504_exact3600s_quotefix\model_seeds\seed_3\predictions\job_light.csv
mscn_full_query_cardinality,MSCN,JOB-Light,64,3,8.169113399741121,-0.9121749247706066,C:\Users\vanya\Documents\DATA_SYS_LAB\benchmark\cardinality_methods\runs\test42_100k_paper_mscn_cardinality_100k_100ep_3seed_20260504_exact3600s_quotefix\model_seeds\seed_3\predictions\job_light.csv
mscn_full_query_cardinality,MSCN,JOB-Light,65,3,1.0041315228027727,-0.0017906011421816154,C:\Users\vanya\Documents\DATA_SYS_LAB\benchmark\cardinality_methods\runs\test42_100k_paper_mscn_cardinality_100k_100ep_3seed_20260504_exact3600s_quotefix\model_seeds\seed_3\predictions\job_light.csv
mscn_full_query_cardinality,MSCN,JOB-Light,66,3,4.148148727245401,-0.6178543191403509,C:\Users\vanya\Documents\DATA_SYS_LAB\benchmark\cardinality_methods\runs\test42_100k_paper_mscn_cardinality_100k_100ep_3seed_20260504_exact3600s_quotefix\model_seeds\seed_3\predictions\job_light.csv
mscn_full_query_cardinality,MSCN,JOB-Light,67,3,4.10768586960012,-0.6135972240402341,C:\Users\vanya\Documents\DATA_SYS_LAB\benchmark\cardinality_methods\runs\test42_100k_paper_mscn_cardinality_100k_100ep_3seed_20260504_exact3600s_quotefix\model_seeds\seed_3\predictions\job_light.csv
mscn_full_query_cardinality,MSCN,JOB-Light,68,3,5.932706917830034,0.7732528942479389,C:\Users\vanya\Documents\DATA_SYS_LAB\benchmark\cardinality_methods\runs\test42_100k_paper_mscn_cardinality_100k_100ep_3seed_20260504_exact3600s_quotefix\model_seeds\seed_3\predictions\job_light.csv
mscn_full_query_cardinality,MSCN,JOB-Light,69,3,5.932706917830034,0.7732528942479389,C:\Users\vanya\Documents\DATA_SYS_LAB\benchmark\cardinality_methods\runs\test42_100k_paper_mscn_cardinality_100k_100ep_3seed_20260504_exact3600s_quotefix\model_seeds\seed_3\predictions\job_light.csv
mscn_full_query_cardinality,MSCN,JOB-Light,70,3,11.74425988645559,-1.0698256530969243,C:\Users\vanya\Documents\DATA_SYS_LAB\benchmark\cardinality_methods\runs\test42_100k_paper_mscn_cardinality_100k_100ep_3seed_20260504_exact3600s_quotefix\model_seeds\seed_3\predictions\job_light.csv
mscn_full_query_cardinality,MSCN,JOB,1a,3,19.336577054703145,-1.2863795980912487,C:\Users\vanya\Documents\DATA_SYS_LAB\benchmark\cardinality_methods\runs\test42_100k_paper_mscn_cardinality_100k_100ep_3seed_20260504_exact3600s_quotefix\model_seeds\seed_3\predictions\job_exact.csv
mscn_full_query_cardinality,MSCN,JOB,1b,3,1.4371473513649067,-0.15750129882587968,C:\Users\vanya\Documents\DATA_SYS_LAB\benchmark\cardinality_methods\runs\test42_100k_paper_mscn_cardinality_100k_100ep_3seed_20260504_exact3600s_quotefix\model_seeds\seed_3\predictions\job_exact.csv
mscn_full_query_cardinality,MSCN,JOB,1c,3,9.248895456245851,-0.966089870479564,C:\Users\vanya\Documents\DATA_SYS_LAB\benchmark\cardinality_methods\runs\test42_100k_paper_mscn_cardinality_100k_100ep_3seed_20260504_exact3600s_quotefix\model_seeds\seed_3\predictions\job_exact.csv
mscn_full_query_cardinality,MSCN,JOB,1d,3,8.658997350763894,-0.9374676067702052,C:\Users\vanya\Documents\DATA_SYS_LAB\benchmark\cardinality_methods\runs\test42_100k_paper_mscn_cardinality_100k_100ep_3seed_20260504_exact3600s_quotefix\model_seeds\seed_3\predictions\job_exact.csv
mscn_full_query_cardinality,MSCN,JOB,2a,3,6.3031967819145605,-0.7995608657430343,C:\Users\vanya\Documents\DATA_SYS_LAB\benchmark\cardinality_methods\runs\test42_100k_paper_mscn_cardinality_100k_100ep_3seed_20260504_exact3600s_quotefix\model_seeds\seed_3\predictions\job_exact.csv
mscn_full_query_cardinality,MSCN,JOB,2b,3,10.782594226522253,-1.0327232620305893,C:\Users\vanya\Documents\DATA_SYS_LAB\benchmark\cardinality_methods\runs\test42_100k_paper_mscn_cardinality_100k_100ep_3seed_20260504_exact3600s_quotefix\model_seeds\seed_3\predictions\job_exact.csv
mscn_full_query_cardinality,MSCN,JOB,2c,3,6.3031967819145605,-0.7995608657430343,C:\Users\vanya\Documents\DATA_SYS_LAB\benchmark\cardinality_methods\runs\test42_100k_paper_mscn_cardinality_100k_100ep_3seed_20260504_exact3600s_quotefix\model_seeds\seed_3\predictions\job_exact.csv
mscn_full_query_cardinality,MSCN,JOB,2d,3,2.3530822675037784,-0.3716371110682287,C:\Users\vanya\Documents\DATA_SYS_LAB\benchmark\cardinality_methods\runs\test42_100k_paper_mscn_cardinality_100k_100ep_3seed_20260504_exact3600s_quotefix\model_seeds\seed_3\predictions\job_exact.csv
mscn_full_query_cardinality,MSCN,JOB,3a,3,9.554364983338703,-0.9802018276132703,C:\Users\vanya\Documents\DATA_SYS_LAB\benchmark\cardinality_methods\runs\test42_100k_paper_mscn_cardinality_100k_100ep_3seed_20260504_exact3600s_quotefix\model_seeds\seed_3\predictions\job_exact.csv
mscn_full_query_cardinality,MSCN,JOB,3b,3,11.0945477740296,-1.0451096046080282,C:\Users\vanya\Documents\DATA_SYS_LAB\benchmark\cardinality_methods\runs\test42_100k_paper_mscn_cardinality_100k_100ep_3seed_20260504_exact3600s_quotefix\model_seeds\seed_3\predictions\job_exact.csv
mscn_full_query_cardinality,MSCN,JOB,3c,3,11.010555926954506,-1.0418092472109421,C:\Users\vanya\Documents\DATA_SYS_LAB\benchmark\cardinality_methods\runs\test42_100k_paper_mscn_cardinality_100k_100ep_3seed_20260504_exact3600s_quotefix\model_seeds\seed_3\predictions\job_exact.csv
mscn_full_query_cardinality,MSCN,JOB,4a,3,189.08624534058455,-2.2766599382054498,C:\Users\vanya\Documents\DATA_SYS_LAB\benchmark\cardinality_methods\runs\test42_100k_paper_mscn_cardinality_100k_100ep_3seed_20260504_exact3600s_quotefix\model_seeds\seed_3\predictions\job_exact.csv
mscn_full_query_cardinality,MSCN,JOB,4b,3,15.271632266782186,-1.1838854579189986,C:\Users\vanya\Documents\DATA_SYS_LAB\benchmark\cardinality_methods\runs\test42_100k_paper_mscn_cardinality_100k_100ep_3seed_20260504_exact3600s_quotefix\model_seeds\seed_3\predictions\job_exact.csv
mscn_full_query_cardinality,MSCN,JOB,4c,3,29.002716524803706,-1.4624386777775462,C:\Users\vanya\Documents\DATA_SYS_LAB\benchmark\cardinality_methods\runs\test42_100k_paper_mscn_cardinality_100k_100ep_3seed_20260504_exact3600s_quotefix\model_seeds\seed_3\predictions\job_exact.csv
mscn_full_query_cardinality,MSCN,JOB,5a,3,14.481235068275463,-1.1608056033295509,C:\Users\vanya\Documents\DATA_SYS_LAB\benchmark\cardinality_methods\runs\test42_100k_paper_mscn_cardinality_100k_100ep_3seed_20260504_exact3600s_quotefix\model_seeds\seed_3\predictions\job_exact.csv
mscn_full_query_cardinality,MSCN,JOB,5b,3,36.60947063000451,-1.5635934490637189,C:\Users\vanya\Documents\DATA_SYS_LAB\benchmark\cardinality_methods\runs\test42_100k_paper_mscn_cardinality_100k_100ep_3seed_20260504_exact3600s_quotefix\model_seeds\seed_3\predictions\job_exact.csv
mscn_full_query_cardinality,MSCN,JOB,5c,3,6.571923915059552,-0.8176925268474631,C:\Users\vanya\Documents\DATA_SYS_LAB\benchmark\cardinality_methods\runs\test42_100k_paper_mscn_cardinality_100k_100ep_3seed_20260504_exact3600s_quotefix\model_seeds\seed_3\predictions\job_exact.csv
mscn_full_query_cardinality,MSCN,JOB,6a,3,3.3678949426918927,-0.5273585357608638,C:\Users\vanya\Documents\DATA_SYS_LAB\benchmark\cardinality_methods\runs\test42_100k_paper_mscn_cardinality_100k_100ep_3seed_20260504_exact3600s_quotefix\model_seeds\seed_3\predictions\job_exact.csv
mscn_full_query_cardinality,MSCN,JOB,6b,3,1.781954718962418,-0.2508966640360912,C:\Users\vanya\Documents\DATA_SYS_LAB\benchmark\cardinality_methods\runs\test42_100k_paper_mscn_cardinality_100k_100ep_3seed_20260504_exact3600s_quotefix\model_seeds\seed_3\predictions\job_exact.csv
mscn_full_query_cardinality,MSCN,JOB,6c,3,22.556297318600596,-1.3532678104675038,C:\Users\vanya\Documents\DATA_SYS_LAB\benchmark\cardinality_methods\runs\test42_100k_paper_mscn_cardinality_100k_100ep_3seed_20260504_exact3600s_quotefix\model_seeds\seed_3\predictions\job_exact.csv
mscn_full_query_cardinality,MSCN,JOB,6d,3,1.781954718962418,-0.2508966640360912,C:\Users\vanya\Documents\DATA_SYS_LAB\benchmark\cardinality_methods\runs\test42_100k_paper_mscn_cardinality_100k_100ep_3seed_20260504_exact3600s_quotefix\model_seeds\seed_3\predictions\job_exact.csv
mscn_full_query_cardinality,MSCN,JOB,6e,3,3.3678949426918927,-0.5273585357608638,C:\Users\vanya\Documents\DATA_SYS_LAB\benchmark\cardinality_methods\runs\test42_100k_paper_mscn_cardinality_100k_100ep_3seed_20260504_exact3600s_quotefix\model_seeds\seed_3\predictions\job_exact.csv
mscn_full_query_cardinality,MSCN,JOB,6f,3,6.6767949922630745,-0.8245680416377437,C:\Users\vanya\Documents\DATA_SYS_LAB\benchmark\cardinality_methods\runs\test42_100k_paper_mscn_cardinality_100k_100ep_3seed_20260504_exact3600s_quotefix\model_seeds\seed_3\predictions\job_exact.csv
mscn_full_query_cardinality,MSCN,JOB,7a,3,2.903225560838321,-0.46288077886367934,C:\Users\vanya\Documents\DATA_SYS_LAB\benchmark\cardinality_methods\runs\test42_100k_paper_mscn_cardinality_100k_100ep_3seed_20260504_exact3600s_quotefix\model_seeds\seed_3\predictions\job_exact.csv
mscn_full_query_cardinality,MSCN,JOB,7b,3,64.76900112917629,-1.8113671993939902,C:\Users\vanya\Documents\DATA_SYS_LAB\benchmark\cardinality_methods\runs\test42_100k_paper_mscn_cardinality_100k_100ep_3seed_20260504_exact3600s_quotefix\model_seeds\seed_3\predictions\job_exact.csv
mscn_full_query_cardinality,MSCN,JOB,7c,3,49.82990030432177,-1.6974900182702695,C:\Users\vanya\Documents\DATA_SYS_LAB\benchmark\cardinality_methods\runs\test42_100k_paper_mscn_cardinality_100k_100ep_3seed_20260504_exact3600s_quotefix\model_seeds\seed_3\predictions\job_exact.csv
mscn_full_query_cardinality,MSCN,JOB,8a,3,19.56724943903936,-1.2915297813349365,C:\Users\vanya\Documents\DATA_SYS_LAB\benchmark\cardinality_methods\runs\test42_100k_paper_mscn_cardinality_100k_100ep_3seed_20260504_exact3600s_quotefix\model_seeds\seed_3\predictions\job_exact.csv
mscn_full_query_cardinality,MSCN,JOB,8b,3,1.9994474984048245,-0.3009100048924311,C:\Users\vanya\Documents\DATA_SYS_LAB\benchmark\cardinality_methods\runs\test42_100k_paper_mscn_cardinality_100k_100ep_3seed_20260504_exact3600s_quotefix\model_seeds\seed_3\predictions\job_exact.csv
mscn_full_query_cardinality,MSCN,JOB,8c,3,5.102441985272429,-0.7077780754911382,C:\Users\vanya\Documents\DATA_SYS_LAB\benchmark\cardinality_methods\runs\test42_100k_paper_mscn_cardinality_100k_100ep_3seed_20260504_exact3600s_quotefix\model_seeds\seed_3\predictions\job_exact.csv
mscn_full_query_cardinality,MSCN,JOB,8d,3,5.102441985272429,-0.7077780754911382,C:\Users\vanya\Documents\DATA_SYS_LAB\benchmark\cardinality_methods\runs\test42_100k_paper_mscn_cardinality_100k_100ep_3seed_20260504_exact3600s_quotefix\model_seeds\seed_3\predictions\job_exact.csv
mscn_full_query_cardinality,MSCN,JOB,9a,3,2.1543780714692913,-0.3333219199205583,C:\Users\vanya\Documents\DATA_SYS_LAB\benchmark\cardinality_methods\runs\test42_100k_paper_mscn_cardinality_100k_100ep_3seed_20260504_exact3600s_quotefix\model_seeds\seed_3\predictions\job_exact.csv
mscn_full_query_cardinality,MSCN,JOB,9b,3,4.000009854658882,-0.6020610612826377,C:\Users\vanya\Documents\DATA_SYS_LAB\benchmark\cardinality_methods\runs\test42_100k_paper_mscn_cardinality_100k_100ep_3seed_20260504_exact3600s_quotefix\model_seeds\seed_3\predictions\job_exact.csv
mscn_full_query_cardinality,MSCN,JOB,9c,3,1.0418036717285806,-0.01778588372506344,C:\Users\vanya\Documents\DATA_SYS_LAB\benchmark\cardinality_methods\runs\test42_100k_paper_mscn_cardinality_100k_100ep_3seed_20260504_exact3600s_quotefix\model_seeds\seed_3\predictions\job_exact.csv
mscn_full_query_cardinality,MSCN,JOB,9d,3,6.420281608165815,-0.8075540776311952,C:\Users\vanya\Documents\DATA_SYS_LAB\benchmark\cardinality_methods\runs\test42_100k_paper_mscn_cardinality_100k_100ep_3seed_20260504_exact3600s_quotefix\model_seeds\seed_3\predictions\job_exact.csv
mscn_full_query_cardinality,MSCN,JOB,10a,3,14.106389435588063,-1.1494158692570833,C:\Users\vanya\Documents\DATA_SYS_LAB\benchmark\cardinality_methods\runs\test42_100k_paper_mscn_cardinality_100k_100ep_3seed_20260504_exact3600s_quotefix\model_seeds\seed_3\predictions\job_exact.csv
mscn_full_query_cardinality,MSCN,JOB,10b,3,9.86501549599036,-0.9940977717795754,C:\Users\vanya\Documents\DATA_SYS_LAB\benchmark\cardinality_methods\runs\test42_100k_paper_mscn_cardinality_100k_100ep_3seed_20260504_exact3600s_quotefix\model_seeds\seed_3\predictions\job_exact.csv
mscn_full_query_cardinality,MSCN,JOB,10c,3,10.828750947594157,-1.0345783654109766,C:\Users\vanya\Documents\DATA_SYS_LAB\benchmark\cardinality_methods\runs\test42_100k_paper_mscn_cardinality_100k_100ep_3seed_20260504_exact3600s_quotefix\model_seeds\seed_3\predictions\job_exact.csv
mscn_full_query_cardinality,MSCN,JOB,11a,3,1.4206501245498657,0.1524871337426091,C:\Users\vanya\Documents\DATA_SYS_LAB\benchmark\cardinality_methods\runs\test42_100k_paper_mscn_cardinality_100k_100ep_3seed_20260504_exact3600s_quotefix\model_seeds\seed_3\predictions\job_exact.csv
mscn_full_query_cardinality,MSCN,JOB,11b,3,1.0186560153961182,0.008027554137973713,C:\Users\vanya\Documents\DATA_SYS_LAB\benchmark\cardinality_methods\runs\test42_100k_paper_mscn_cardinality_100k_100ep_3seed_20260504_exact3600s_quotefix\model_seeds\seed_3\predictions\job_exact.csv
mscn_full_query_cardinality,MSCN,JOB,11c,3,10.440108450776385,-1.0187050100962347,C:\Users\vanya\Documents\DATA_SYS_LAB\benchmark\cardinality_methods\runs\test42_100k_paper_mscn_cardinality_100k_100ep_3seed_20260504_exact3600s_quotefix\model_seeds\seed_3\predictions\job_exact.csv
mscn_full_query_cardinality,MSCN,JOB,11d,3,33.148374899888985,-1.520462241962188,C:\Users\vanya\Documents\DATA_SYS_LAB\benchmark\cardinality_methods\runs\test42_100k_paper_mscn_cardinality_100k_100ep_3seed_20260504_exact3600s_quotefix\model_seeds\seed_3\predictions\job_exact.csv
mscn_full_query_cardinality,MSCN,JOB,12a,3,24.326611887004937,-1.3860816263479532,C:\Users\vanya\Documents\DATA_SYS_LAB\benchmark\cardinality_methods\runs\test42_100k_paper_mscn_cardinality_100k_100ep_3seed_20260504_exact3600s_quotefix\model_seeds\seed_3\predictions\job_exact.csv
mscn_full_query_cardinality,MSCN,JOB,12b,3,1.021201531092326,0.009111457272488804,C:\Users\vanya\Documents\DATA_SYS_LAB\benchmark\cardinality_methods\runs\test42_100k_paper_mscn_cardinality_100k_100ep_3seed_20260504_exact3600s_quotefix\model_seeds\seed_3\predictions\job_exact.csv
mscn_full_query_cardinality,MSCN,JOB,12c,3,121.47362547050808,-2.084481993522647,C:\Users\vanya\Documents\DATA_SYS_LAB\benchmark\cardinality_methods\runs\test42_100k_paper_mscn_cardinality_100k_100ep_3seed_20260504_exact3600s_quotefix\model_seeds\seed_3\predictions\job_exact.csv
mscn_full_query_cardinality,MSCN,JOB,13a,3,1.4873194042000384,-0.17240424396635384,C:\Users\vanya\Documents\DATA_SYS_LAB\benchmark\cardinality_methods\runs\test42_100k_paper_mscn_cardinality_100k_100ep_3seed_20260504_exact3600s_quotefix\model_seeds\seed_3\predictions\job_exact.csv
mscn_full_query_cardinality,MSCN,JOB,13b,3,1.2452304574508577,-0.09524973467436408,C:\Users\vanya\Documents\DATA_SYS_LAB\benchmark\cardinality_methods\runs\test42_100k_paper_mscn_cardinality_100k_100ep_3seed_20260504_exact3600s_quotefix\model_seeds\seed_3\predictions\job_exact.csv
mscn_full_query_cardinality,MSCN,JOB,13c,3,1.0053582667495904,-0.002320853344273023,C:\Users\vanya\Documents\DATA_SYS_LAB\benchmark\cardinality_methods\runs\test42_100k_paper_mscn_cardinality_100k_100ep_3seed_20260504_exact3600s_quotefix\model_seeds\seed_3\predictions\job_exact.csv
mscn_full_query_cardinality,MSCN,JOB,13d,3,4.324517269282872,-0.6359376357343925,C:\Users\vanya\Documents\DATA_SYS_LAB\benchmark\cardinality_methods\runs\test42_100k_paper_mscn_cardinality_100k_100ep_3seed_20260504_exact3600s_quotefix\model_seeds\seed_3\predictions\job_exact.csv
mscn_full_query_cardinality,MSCN,JOB,14a,3,136.65609556297125,-2.1356290082227574,C:\Users\vanya\Documents\DATA_SYS_LAB\benchmark\cardinality_methods\runs\test42_100k_paper_mscn_cardinality_100k_100ep_3seed_20260504_exact3600s_quotefix\model_seeds\seed_3\predictions\job_exact.csv
mscn_full_query_cardinality,MSCN,JOB,14b,3,3.4012467698758875,-0.5316381423436409,C:\Users\vanya\Documents\DATA_SYS_LAB\benchmark\cardinality_methods\runs\test42_100k_paper_mscn_cardinality_100k_100ep_3seed_20260504_exact3600s_quotefix\model_seeds\seed_3\predictions\job_exact.csv
mscn_full_query_cardinality,MSCN,JOB,14c,3,60.120795514949464,-1.7790247185127925,C:\Users\vanya\Documents\DATA_SYS_LAB\benchmark\cardinality_methods\runs\test42_100k_paper_mscn_cardinality_100k_100ep_3seed_20260504_exact3600s_quotefix\model_seeds\seed_3\predictions\job_exact.csv
mscn_full_query_cardinality,MSCN,JOB,15a,3,16.224863688151043,1.210181056798601,C:\Users\vanya\Documents\DATA_SYS_LAB\benchmark\cardinality_methods\runs\test42_100k_paper_mscn_cardinality_100k_100ep_3seed_20260504_exact3600s_quotefix\model_seeds\seed_3\predictions\job_exact.csv
mscn_full_query_cardinality,MSCN,JOB,15b,3,3.972520393392662,-0.599066135386067,C:\Users\vanya\Documents\DATA_SYS_LAB\benchmark\cardinality_methods\runs\test42_100k_paper_mscn_cardinality_100k_100ep_3seed_20260504_exact3600s_quotefix\model_seeds\seed_3\predictions\job_exact.csv
mscn_full_query_cardinality,MSCN,JOB,15c,3,2.0863677166785464,-0.31939085406676254,C:\Users\vanya\Documents\DATA_SYS_LAB\benchmark\cardinality_methods\runs\test42_100k_paper_mscn_cardinality_100k_100ep_3seed_20260504_exact3600s_quotefix\model_seeds\seed_3\predictions\job_exact.csv
mscn_full_query_cardinality,MSCN,JOB,15d,3,6.123452337103882,-0.7869963417895213,C:\Users\vanya\Documents\DATA_SYS_LAB\benchmark\cardinality_methods\runs\test42_100k_paper_mscn_cardinality_100k_100ep_3seed_20260504_exact3600s_quotefix\model_seeds\seed_3\predictions\job_exact.csv
mscn_full_query_cardinality,MSCN,JOB,16a,3,11.461886835950652,-1.0592561163216265,C:\Users\vanya\Documents\DATA_SYS_LAB\benchmark\cardinality_methods\runs\test42_100k_paper_mscn_cardinality_100k_100ep_3seed_20260504_exact3600s_quotefix\model_seeds\seed_3\predictions\job_exact.csv
mscn_full_query_cardinality,MSCN,JOB,16b,3,33.83590752138122,-1.529377829297173,C:\Users\vanya\Documents\DATA_SYS_LAB\benchmark\cardinality_methods\runs\test42_100k_paper_mscn_cardinality_100k_100ep_3seed_20260504_exact3600s_quotefix\model_seeds\seed_3\predictions\job_exact.csv
mscn_full_query_cardinality,MSCN,JOB,16c,3,7.589384468158863,-0.8802065541665955,C:\Users\vanya\Documents\DATA_SYS_LAB\benchmark\cardinality_methods\runs\test42_100k_paper_mscn_cardinality_100k_100ep_3seed_20260504_exact3600s_quotefix\model_seeds\seed_3\predictions\job_exact.csv
mscn_full_query_cardinality,MSCN,JOB,16d,3,10.995429349501546,-1.0412121923579056,C:\Users\vanya\Documents\DATA_SYS_LAB\benchmark\cardinality_methods\runs\test42_100k_paper_mscn_cardinality_100k_100ep_3seed_20260504_exact3600s_quotefix\model_seeds\seed_3\predictions\job_exact.csv
mscn_full_query_cardinality,MSCN,JOB,17a,3,1.9013714184027017,-0.279066961266757,C:\Users\vanya\Documents\DATA_SYS_LAB\benchmark\cardinality_methods\runs\test42_100k_paper_mscn_cardinality_100k_100ep_3seed_20260504_exact3600s_quotefix\model_seeds\seed_3\predictions\job_exact.csv
mscn_full_query_cardinality,MSCN,JOB,17b,3,3.675536742272944,-0.5653207685049201,C:\Users\vanya\Documents\DATA_SYS_LAB\benchmark\cardinality_methods\runs\test42_100k_paper_mscn_cardinality_100k_100ep_3seed_20260504_exact3600s_quotefix\model_seeds\seed_3\predictions\job_exact.csv
mscn_full_query_cardinality,MSCN,JOB,17c,3,5.767026901245117,0.760951977253634,C:\Users\vanya\Documents\DATA_SYS_LAB\benchmark\cardinality_methods\runs\test42_100k_paper_mscn_cardinality_100k_100ep_3seed_20260504_exact3600s_quotefix\model_seeds\seed_3\predictions\job_exact.csv
mscn_full_query_cardinality,MSCN,JOB,17d,3,15.408773551375397,-1.1877680727828608,C:\Users\vanya\Documents\DATA_SYS_LAB\benchmark\cardinality_methods\runs\test42_100k_paper_mscn_cardinality_100k_100ep_3seed_20260504_exact3600s_quotefix\model_seeds\seed_3\predictions\job_exact.csv
mscn_full_query_cardinality,MSCN,JOB,17e,3,64.61108511736069,-1.8103070349037291,C:\Users\vanya\Documents\DATA_SYS_LAB\benchmark\cardinality_methods\runs\test42_100k_paper_mscn_cardinality_100k_100ep_3seed_20260504_exact3600s_quotefix\model_seeds\seed_3\predictions\job_exact.csv
mscn_full_query_cardinality,MSCN,JOB,17f,3,15.408773551375397,-1.1877680727828608,C:\Users\vanya\Documents\DATA_SYS_LAB\benchmark\cardinality_methods\runs\test42_100k_paper_mscn_cardinality_100k_100ep_3seed_20260504_exact3600s_quotefix\model_seeds\seed_3\predictions\job_exact.csv
mscn_full_query_cardinality,MSCN,JOB,18a,3,4.788957195660222,-0.6802409552778039,C:\Users\vanya\Documents\DATA_SYS_LAB\benchmark\cardinality_methods\runs\test42_100k_paper_mscn_cardinality_100k_100ep_3seed_20260504_exact3600s_quotefix\model_seeds\seed_3\predictions\job_exact.csv
mscn_full_query_cardinality,MSCN,JOB,18b,3,3.509174966920619,-0.5452050226108905,C:\Users\vanya\Documents\DATA_SYS_LAB\benchmark\cardinality_methods\runs\test42_100k_paper_mscn_cardinality_100k_100ep_3seed_20260504_exact3600s_quotefix\model_seeds\seed_3\predictions\job_exact.csv
mscn_full_query_cardinality,MSCN,JOB,18c,3,16.879290581372988,-1.2273541897381277,C:\Users\vanya\Documents\DATA_SYS_LAB\benchmark\cardinality_methods\runs\test42_100k_paper_mscn_cardinality_100k_100ep_3seed_20260504_exact3600s_quotefix\model_seeds\seed_3\predictions\job_exact.csv
mscn_full_query_cardinality,MSCN,JOB,19a,3,1.12201726436615,0.049999539416816466,C:\Users\vanya\Documents\DATA_SYS_LAB\benchmark\cardinality_methods\runs\test42_100k_paper_mscn_cardinality_100k_100ep_3seed_20260504_exact3600s_quotefix\model_seeds\seed_3\predictions\job_exact.csv
mscn_full_query_cardinality,MSCN,JOB,19b,3,1.0325367450714111,0.01390551591952268,C:\Users\vanya\Documents\DATA_SYS_LAB\benchmark\cardinality_methods\runs\test42_100k_paper_mscn_cardinality_100k_100ep_3seed_20260504_exact3600s_quotefix\model_seeds\seed_3\predictions\job_exact.csv
mscn_full_query_cardinality,MSCN,JOB,19c,3,6.855837521853147,0.836060516587436,C:\Users\vanya\Documents\DATA_SYS_LAB\benchmark\cardinality_methods\runs\test42_100k_paper_mscn_cardinality_100k_100ep_3seed_20260504_exact3600s_quotefix\model_seeds\seed_3\predictions\job_exact.csv
mscn_full_query_cardinality,MSCN,JOB,19d,3,1.987891911809708,-0.2983927666906821,C:\Users\vanya\Documents\DATA_SYS_LAB\benchmark\cardinality_methods\runs\test42_100k_paper_mscn_cardinality_100k_100ep_3seed_20260504_exact3600s_quotefix\model_seeds\seed_3\predictions\job_exact.csv
mscn_full_query_cardinality,MSCN,JOB,20a,3,2.4181905473981584,0.3834905191976577,C:\Users\vanya\Documents\DATA_SYS_LAB\benchmark\cardinality_methods\runs\test42_100k_paper_mscn_cardinality_100k_100ep_3seed_20260504_exact3600s_quotefix\model_seeds\seed_3\predictions\job_exact.csv
mscn_full_query_cardinality,MSCN,JOB,20b,3,4.161575709287627,-0.6192577999245742,C:\Users\vanya\Documents\DATA_SYS_LAB\benchmark\cardinality_methods\runs\test42_100k_paper_mscn_cardinality_100k_100ep_3seed_20260504_exact3600s_quotefix\model_seeds\seed_3\predictions\job_exact.csv
mscn_full_query_cardinality,MSCN,JOB,20c,3,2.263836995800405,-0.3548451529168612,C:\Users\vanya\Documents\DATA_SYS_LAB\benchmark\cardinality_methods\runs\test42_100k_paper_mscn_cardinality_100k_100ep_3seed_20260504_exact3600s_quotefix\model_seeds\seed_3\predictions\job_exact.csv
mscn_full_query_cardinality,MSCN,JOB,21a,3,1.0332715511322021,0.014214472207011412,C:\Users\vanya\Documents\DATA_SYS_LAB\benchmark\cardinality_methods\runs\test42_100k_paper_mscn_cardinality_100k_100ep_3seed_20260504_exact3600s_quotefix\model_seeds\seed_3\predictions\job_exact.csv
mscn_full_query_cardinality,MSCN,JOB,21b,3,1.008279800415039,0.0035810667466542796,C:\Users\vanya\Documents\DATA_SYS_LAB\benchmark\cardinality_methods\runs\test42_100k_paper_mscn_cardinality_100k_100ep_3seed_20260504_exact3600s_quotefix\model_seeds\seed_3\predictions\job_exact.csv
mscn_full_query_cardinality,MSCN,JOB,21c,3,2.2044690434441816,-0.34330400456594007,C:\Users\vanya\Documents\DATA_SYS_LAB\benchmark\cardinality_methods\runs\test42_100k_paper_mscn_cardinality_100k_100ep_3seed_20260504_exact3600s_quotefix\model_seeds\seed_3\predictions\job_exact.csv
mscn_full_query_cardinality,MSCN,JOB,22a,3,112.23792409887346,-2.0501396255831907,C:\Users\vanya\Documents\DATA_SYS_LAB\benchmark\cardinality_methods\runs\test42_100k_paper_mscn_cardinality_100k_100ep_3seed_20260504_exact3600s_quotefix\model_seeds\seed_3\predictions\job_exact.csv
mscn_full_query_cardinality,MSCN,JOB,22b,3,112.23792409887346,-2.0501396255831907,C:\Users\vanya\Documents\DATA_SYS_LAB\benchmark\cardinality_methods\runs\test42_100k_paper_mscn_cardinality_100k_100ep_3seed_20260504_exact3600s_quotefix\model_seeds\seed_3\predictions\job_exact.csv
mscn_full_query_cardinality,MSCN,JOB,22c,3,39.15207145534931,-1.5927547446271355,C:\Users\vanya\Documents\DATA_SYS_LAB\benchmark\cardinality_methods\runs\test42_100k_paper_mscn_cardinality_100k_100ep_3seed_20260504_exact3600s_quotefix\model_seeds\seed_3\predictions\job_exact.csv
mscn_full_query_cardinality,MSCN,JOB,22d,3,37.761492079799154,-1.5770491463575151,C:\Users\vanya\Documents\DATA_SYS_LAB\benchmark\cardinality_methods\runs\test42_100k_paper_mscn_cardinality_100k_100ep_3seed_20260504_exact3600s_quotefix\model_seeds\seed_3\predictions\job_exact.csv
mscn_full_query_cardinality,MSCN,JOB,23a,3,5.498016723470768,-0.7402060565150937,C:\Users\vanya\Documents\DATA_SYS_LAB\benchmark\cardinality_methods\runs\test42_100k_paper_mscn_cardinality_100k_100ep_3seed_20260504_exact3600s_quotefix\model_seeds\seed_3\predictions\job_exact.csv
mscn_full_query_cardinality,MSCN,JOB,23b,3,5.513539699488074,-0.7414305059995813,C:\Users\vanya\Documents\DATA_SYS_LAB\benchmark\cardinality_methods\runs\test42_100k_paper_mscn_cardinality_100k_100ep_3seed_20260504_exact3600s_quotefix\model_seeds\seed_3\predictions\job_exact.csv
mscn_full_query_cardinality,MSCN,JOB,23c,3,4.330300743592135,-0.6365180595743555,C:\Users\vanya\Documents\DATA_SYS_LAB\benchmark\cardinality_methods\runs\test42_100k_paper_mscn_cardinality_100k_100ep_3seed_20260504_exact3600s_quotefix\model_seeds\seed_3\predictions\job_exact.csv
mscn_full_query_cardinality,MSCN,JOB,24a,3,1.2857416868209839,0.10915372499822551,C:\Users\vanya\Documents\DATA_SYS_LAB\benchmark\cardinality_methods\runs\test42_100k_paper_mscn_cardinality_100k_100ep_3seed_20260504_exact3600s_quotefix\model_seeds\seed_3\predictions\job_exact.csv
mscn_full_query_cardinality,MSCN,JOB,24b,3,1.0230408906936646,0.009892992703080476,C:\Users\vanya\Documents\DATA_SYS_LAB\benchmark\cardinality_methods\runs\test42_100k_paper_mscn_cardinality_100k_100ep_3seed_20260504_exact3600s_quotefix\model_seeds\seed_3\predictions\job_exact.csv
mscn_full_query_cardinality,MSCN,JOB,25a,3,15.899907763892351,-1.2013946049651827,C:\Users\vanya\Documents\DATA_SYS_LAB\benchmark\cardinality_methods\runs\test42_100k_paper_mscn_cardinality_100k_100ep_3seed_20260504_exact3600s_quotefix\model_seeds\seed_3\predictions\job_exact.csv
mscn_full_query_cardinality,MSCN,JOB,25b,3,1.4387844800949097,0.15799574451657847,C:\Users\vanya\Documents\DATA_SYS_LAB\benchmark\cardinality_methods\runs\test42_100k_paper_mscn_cardinality_100k_100ep_3seed_20260504_exact3600s_quotefix\model_seeds\seed_3\predictions\job_exact.csv
mscn_full_query_cardinality,MSCN,JOB,25c,3,9626.686964538805,-3.98347684988894,C:\Users\vanya\Documents\DATA_SYS_LAB\benchmark\cardinality_methods\runs\test42_100k_paper_mscn_cardinality_100k_100ep_3seed_20260504_exact3600s_quotefix\model_seeds\seed_3\predictions\job_exact.csv
mscn_full_query_cardinality,MSCN,JOB,26a,3,2.58854537184175,-0.41305578166781226,C:\Users\vanya\Documents\DATA_SYS_LAB\benchmark\cardinality_methods\runs\test42_100k_paper_mscn_cardinality_100k_100ep_3seed_20260504_exact3600s_quotefix\model_seeds\seed_3\predictions\job_exact.csv
mscn_full_query_cardinality,MSCN,JOB,26b,3,2.280297415597098,0.35799149503941413,C:\Users\vanya\Documents\DATA_SYS_LAB\benchmark\cardinality_methods\runs\test42_100k_paper_mscn_cardinality_100k_100ep_3seed_20260504_exact3600s_quotefix\model_seeds\seed_3\predictions\job_exact.csv
mscn_full_query_cardinality,MSCN,JOB,26c,3,3.7898542637378285,-0.5786225097909239,C:\Users\vanya\Documents\DATA_SYS_LAB\benchmark\cardinality_methods\runs\test42_100k_paper_mscn_cardinality_100k_100ep_3seed_20260504_exact3600s_quotefix\model_seeds\seed_3\predictions\job_exact.csv
mscn_full_query_cardinality,MSCN,JOB,27a,3,1.9007526892806157,-0.27892561362092727,C:\Users\vanya\Documents\DATA_SYS_LAB\benchmark\cardinality_methods\runs\test42_100k_paper_mscn_cardinality_100k_100ep_3seed_20260504_exact3600s_quotefix\model_seeds\seed_3\predictions\job_exact.csv
mscn_full_query_cardinality,MSCN,JOB,27b,3,1.9175392174981745,-0.2827442548994444,C:\Users\vanya\Documents\DATA_SYS_LAB\benchmark\cardinality_methods\runs\test42_100k_paper_mscn_cardinality_100k_100ep_3seed_20260504_exact3600s_quotefix\model_seeds\seed_3\predictions\job_exact.csv
mscn_full_query_cardinality,MSCN,JOB,27c,3,1.6329922017360996,-0.21298411079235283,C:\Users\vanya\Documents\DATA_SYS_LAB\benchmark\cardinality_methods\runs\test42_100k_paper_mscn_cardinality_100k_100ep_3seed_20260504_exact3600s_quotefix\model_seeds\seed_3\predictions\job_exact.csv
mscn_full_query_cardinality,MSCN,JOB,28a,3,14.88942028516566,-1.1728777889640767,C:\Users\vanya\Documents\DATA_SYS_LAB\benchmark\cardinality_methods\runs\test42_100k_paper_mscn_cardinality_100k_100ep_3seed_20260504_exact3600s_quotefix\model_seeds\seed_3\predictions\job_exact.csv
mscn_full_query_cardinality,MSCN,JOB,28b,3,1.2655901701554009,0.10229309299948773,C:\Users\vanya\Documents\DATA_SYS_LAB\benchmark\cardinality_methods\runs\test42_100k_paper_mscn_cardinality_100k_100ep_3seed_20260504_exact3600s_quotefix\model_seeds\seed_3\predictions\job_exact.csv
mscn_full_query_cardinality,MSCN,JOB,28c,3,20.878409328468617,-1.3196974078271684,C:\Users\vanya\Documents\DATA_SYS_LAB\benchmark\cardinality_methods\runs\test42_100k_paper_mscn_cardinality_100k_100ep_3seed_20260504_exact3600s_quotefix\model_seeds\seed_3\predictions\job_exact.csv
mscn_full_query_cardinality,MSCN,JOB,29a,3,1.999846231839712,-0.3009966040485702,C:\Users\vanya\Documents\DATA_SYS_LAB\benchmark\cardinality_methods\runs\test42_100k_paper_mscn_cardinality_100k_100ep_3seed_20260504_exact3600s_quotefix\model_seeds\seed_3\predictions\job_exact.csv
mscn_full_query_cardinality,MSCN,JOB,29b,3,1.00006103515625,2.6506422657881923e-05,C:\Users\vanya\Documents\DATA_SYS_LAB\benchmark\cardinality_methods\runs\test42_100k_paper_mscn_cardinality_100k_100ep_3seed_20260504_exact3600s_quotefix\model_seeds\seed_3\predictions\job_exact.csv
mscn_full_query_cardinality,MSCN,JOB,29c,3,1.8764855132642453,-0.2733452159467113,C:\Users\vanya\Documents\DATA_SYS_LAB\benchmark\cardinality_methods\runs\test42_100k_paper_mscn_cardinality_100k_100ep_3seed_20260504_exact3600s_quotefix\model_seeds\seed_3\predictions\job_exact.csv
mscn_full_query_cardinality,MSCN,JOB,30a,3,4.6365167530153615,-0.6661918333477109,C:\Users\vanya\Documents\DATA_SYS_LAB\benchmark\cardinality_methods\runs\test42_100k_paper_mscn_cardinality_100k_100ep_3seed_20260504_exact3600s_quotefix\model_seeds\seed_3\predictions\job_exact.csv
mscn_full_query_cardinality,MSCN,JOB,30b,3,5.292562512939547,-0.7236659963776768,C:\Users\vanya\Documents\DATA_SYS_LAB\benchmark\cardinality_methods\runs\test42_100k_paper_mscn_cardinality_100k_100ep_3seed_20260504_exact3600s_quotefix\model_seeds\seed_3\predictions\job_exact.csv
mscn_full_query_cardinality,MSCN,JOB,30c,3,5.255692627813376,-0.7206299581597991,C:\Users\vanya\Documents\DATA_SYS_LAB\benchmark\cardinality_methods\runs\test42_100k_paper_mscn_cardinality_100k_100ep_3seed_20260504_exact3600s_quotefix\model_seeds\seed_3\predictions\job_exact.csv
mscn_full_query_cardinality,MSCN,JOB,31a,3,12.167072320310872,-1.0851860894794736,C:\Users\vanya\Documents\DATA_SYS_LAB\benchmark\cardinality_methods\runs\test42_100k_paper_mscn_cardinality_100k_100ep_3seed_20260504_exact3600s_quotefix\model_seeds\seed_3\predictions\job_exact.csv
mscn_full_query_cardinality,MSCN,JOB,31b,3,6.886837624159278,-0.8380198434379191,C:\Users\vanya\Documents\DATA_SYS_LAB\benchmark\cardinality_methods\runs\test42_100k_paper_mscn_cardinality_100k_100ep_3seed_20260504_exact3600s_quotefix\model_seeds\seed_3\predictions\job_exact.csv
mscn_full_query_cardinality,MSCN,JOB,31c,3,10.051334158159928,-1.002223711415295,C:\Users\vanya\Documents\DATA_SYS_LAB\benchmark\cardinality_methods\runs\test42_100k_paper_mscn_cardinality_100k_100ep_3seed_20260504_exact3600s_quotefix\model_seeds\seed_3\predictions\job_exact.csv
mscn_full_query_cardinality,MSCN,JOB,32a,3,10.239558352382263,-1.0102812252667952,C:\Users\vanya\Documents\DATA_SYS_LAB\benchmark\cardinality_methods\runs\test42_100k_paper_mscn_cardinality_100k_100ep_3seed_20260504_exact3600s_quotefix\model_seeds\seed_3\predictions\job_exact.csv
mscn_full_query_cardinality,MSCN,JOB,32b,3,10.239558352382263,-1.0102812252667952,C:\Users\vanya\Documents\DATA_SYS_LAB\benchmark\cardinality_methods\runs\test42_100k_paper_mscn_cardinality_100k_100ep_3seed_20260504_exact3600s_quotefix\model_seeds\seed_3\predictions\job_exact.csv
mscn_full_query_cardinality,MSCN,JOB,33a,3,49.29696821640508,-1.692820210811243,C:\Users\vanya\Documents\DATA_SYS_LAB\benchmark\cardinality_methods\runs\test42_100k_paper_mscn_cardinality_100k_100ep_3seed_20260504_exact3600s_quotefix\model_seeds\seed_3\predictions\job_exact.csv
mscn_full_query_cardinality,MSCN,JOB,33b,3,35.81513834507457,-1.5540666330706965,C:\Users\vanya\Documents\DATA_SYS_LAB\benchmark\cardinality_methods\runs\test42_100k_paper_mscn_cardinality_100k_100ep_3seed_20260504_exact3600s_quotefix\model_seeds\seed_3\predictions\job_exact.csv
mscn_full_query_cardinality,MSCN,JOB,33c,3,47.75162065369844,-1.6789881157944093,C:\Users\vanya\Documents\DATA_SYS_LAB\benchmark\cardinality_methods\runs\test42_100k_paper_mscn_cardinality_100k_100ep_3seed_20260504_exact3600s_quotefix\model_seeds\seed_3\predictions\job_exact.csv
mscn_full_query_cardinality,MSCN,JOB-Complex,01,3,1.0622100830078125,0.026210419634304722,C:\Users\vanya\Documents\DATA_SYS_LAB\benchmark\cardinality_methods\runs\test42_100k_paper_mscn_cardinality_100k_100ep_3seed_20260504_exact3600s_quotefix\model_seeds\seed_3\predictions\job_complex.csv
mscn_full_query_cardinality,MSCN,JOB-Complex,02,3,1.0720442533493042,0.030212713144744635,C:\Users\vanya\Documents\DATA_SYS_LAB\benchmark\cardinality_methods\runs\test42_100k_paper_mscn_cardinality_100k_100ep_3seed_20260504_exact3600s_quotefix\model_seeds\seed_3\predictions\job_complex.csv
mscn_full_query_cardinality,MSCN,JOB-Complex,03,3,1.065033197402954,0.027363145074489913,C:\Users\vanya\Documents\DATA_SYS_LAB\benchmark\cardinality_methods\runs\test42_100k_paper_mscn_cardinality_100k_100ep_3seed_20260504_exact3600s_quotefix\model_seeds\seed_3\predictions\job_complex.csv
mscn_full_query_cardinality,MSCN,JOB-Complex,04,3,1.065033197402954,0.027363145074489913,C:\Users\vanya\Documents\DATA_SYS_LAB\benchmark\cardinality_methods\runs\test42_100k_paper_mscn_cardinality_100k_100ep_3seed_20260504_exact3600s_quotefix\model_seeds\seed_3\predictions\job_complex.csv
mscn_full_query_cardinality,MSCN,JOB-Complex,05,3,1.925759412304867,-0.2846020291878302,C:\Users\vanya\Documents\DATA_SYS_LAB\benchmark\cardinality_methods\runs\test42_100k_paper_mscn_cardinality_100k_100ep_3seed_20260504_exact3600s_quotefix\model_seeds\seed_3\predictions\job_complex.csv
mscn_full_query_cardinality,MSCN,JOB-Complex,06,3,1.0135020017623901,0.005824610802586063,C:\Users\vanya\Documents\DATA_SYS_LAB\benchmark\cardinality_methods\runs\test42_100k_paper_mscn_cardinality_100k_100ep_3seed_20260504_exact3600s_quotefix\model_seeds\seed_3\predictions\job_complex.csv
mscn_full_query_cardinality,MSCN,JOB-Complex,07,3,1.0135020017623901,0.005824610802586063,C:\Users\vanya\Documents\DATA_SYS_LAB\benchmark\cardinality_methods\runs\test42_100k_paper_mscn_cardinality_100k_100ep_3seed_20260504_exact3600s_quotefix\model_seeds\seed_3\predictions\job_complex.csv
mscn_full_query_cardinality,MSCN,JOB-Complex,08,3,72.85608260161182,-1.8624658159555636,C:\Users\vanya\Documents\DATA_SYS_LAB\benchmark\cardinality_methods\runs\test42_100k_paper_mscn_cardinality_100k_100ep_3seed_20260504_exact3600s_quotefix\model_seeds\seed_3\predictions\job_complex.csv
mscn_full_query_cardinality,MSCN,JOB-Complex,09,3,17.68380839217696,-1.2475758005862987,C:\Users\vanya\Documents\DATA_SYS_LAB\benchmark\cardinality_methods\runs\test42_100k_paper_mscn_cardinality_100k_100ep_3seed_20260504_exact3600s_quotefix\model_seeds\seed_3\predictions\job_complex.csv
mscn_full_query_cardinality,MSCN,JOB-Complex,10,3,2.9028871709650215,0.4628301560591763,C:\Users\vanya\Documents\DATA_SYS_LAB\benchmark\cardinality_methods\runs\test42_100k_paper_mscn_cardinality_100k_100ep_3seed_20260504_exact3600s_quotefix\model_seeds\seed_3\predictions\job_complex.csv
mscn_full_query_cardinality,MSCN,JOB-Complex,11,3,70.04994889774315,-1.845407822799006,C:\Users\vanya\Documents\DATA_SYS_LAB\benchmark\cardinality_methods\runs\test42_100k_paper_mscn_cardinality_100k_100ep_3seed_20260504_exact3600s_quotefix\model_seeds\seed_3\predictions\job_complex.csv
mscn_full_query_cardinality,MSCN,JOB-Complex,12,3,3.5946793989701704,0.5556601627392085,C:\Users\vanya\Documents\DATA_SYS_LAB\benchmark\cardinality_methods\runs\test42_100k_paper_mscn_cardinality_100k_100ep_3seed_20260504_exact3600s_quotefix\model_seeds\seed_3\predictions\job_complex.csv
mscn_full_query_cardinality,MSCN,JOB-Complex,13,3,2.465627099678039,-0.3919273947260458,C:\Users\vanya\Documents\DATA_SYS_LAB\benchmark\cardinality_methods\runs\test42_100k_paper_mscn_cardinality_100k_100ep_3seed_20260504_exact3600s_quotefix\model_seeds\seed_3\predictions\job_complex.csv
mscn_full_query_cardinality,MSCN,JOB-Complex,14,3,7.241491949992093,-0.859828052232615,C:\Users\vanya\Documents\DATA_SYS_LAB\benchmark\cardinality_methods\runs\test42_100k_paper_mscn_cardinality_100k_100ep_3seed_20260504_exact3600s_quotefix\model_seeds\seed_3\predictions\job_complex.csv
mscn_full_query_cardinality,MSCN,JOB-Complex,15,3,1.0451730709187304,0.019188211520212706,C:\Users\vanya\Documents\DATA_SYS_LAB\benchmark\cardinality_methods\runs\test42_100k_paper_mscn_cardinality_100k_100ep_3seed_20260504_exact3600s_quotefix\model_seeds\seed_3\predictions\job_complex.csv
mscn_full_query_cardinality,MSCN,JOB-Complex,16,3,1.0850387264006953,-0.03544523897900246,C:\Users\vanya\Documents\DATA_SYS_LAB\benchmark\cardinality_methods\runs\test42_100k_paper_mscn_cardinality_100k_100ep_3seed_20260504_exact3600s_quotefix\model_seeds\seed_3\predictions\job_complex.csv
mscn_full_query_cardinality,MSCN,JOB-Complex,17,3,15953.155907392646,-4.202846609499118,C:\Users\vanya\Documents\DATA_SYS_LAB\benchmark\cardinality_methods\runs\test42_100k_paper_mscn_cardinality_100k_100ep_3seed_20260504_exact3600s_quotefix\model_seeds\seed_3\predictions\job_complex.csv
mscn_full_query_cardinality,MSCN,JOB-Complex,18,3,23.807294209798176,1.376710038977783,C:\Users\vanya\Documents\DATA_SYS_LAB\benchmark\cardinality_methods\runs\test42_100k_paper_mscn_cardinality_100k_100ep_3seed_20260504_exact3600s_quotefix\model_seeds\seed_3\predictions\job_complex.csv
mscn_full_query_cardinality,MSCN,JOB-Complex,19,3,5392.732186961592,-3.7318088529577724,C:\Users\vanya\Documents\DATA_SYS_LAB\benchmark\cardinality_methods\runs\test42_100k_paper_mscn_cardinality_100k_100ep_3seed_20260504_exact3600s_quotefix\model_seeds\seed_3\predictions\job_complex.csv
mscn_full_query_cardinality,MSCN,JOB-Complex,20,3,3.1290833106912745,-0.4954171262308344,C:\Users\vanya\Documents\DATA_SYS_LAB\benchmark\cardinality_methods\runs\test42_100k_paper_mscn_cardinality_100k_100ep_3seed_20260504_exact3600s_quotefix\model_seeds\seed_3\predictions\job_complex.csv
mscn_full_query_cardinality,MSCN,JOB-Complex,21,3,505.01696348658993,-2.7033059662867553,C:\Users\vanya\Documents\DATA_SYS_LAB\benchmark\cardinality_methods\runs\test42_100k_paper_mscn_cardinality_100k_100ep_3seed_20260504_exact3600s_quotefix\model_seeds\seed_3\predictions\job_complex.csv
mscn_full_query_cardinality,MSCN,JOB-Complex,22,3,89.10221942636362,-1.9498885219113755,C:\Users\vanya\Documents\DATA_SYS_LAB\benchmark\cardinality_methods\runs\test42_100k_paper_mscn_cardinality_100k_100ep_3seed_20260504_exact3600s_quotefix\model_seeds\seed_3\predictions\job_complex.csv
mscn_full_query_cardinality,MSCN,JOB-Complex,23,3,14.571578316066576,1.163506594792276,C:\Users\vanya\Documents\DATA_SYS_LAB\benchmark\cardinality_methods\runs\test42_100k_paper_mscn_cardinality_100k_100ep_3seed_20260504_exact3600s_quotefix\model_seeds\seed_3\predictions\job_complex.csv
mscn_full_query_cardinality,MSCN,JOB-Complex,24,3,1.9898283023138708,-0.298815603759118,C:\Users\vanya\Documents\DATA_SYS_LAB\benchmark\cardinality_methods\runs\test42_100k_paper_mscn_cardinality_100k_100ep_3seed_20260504_exact3600s_quotefix\model_seeds\seed_3\predictions\job_complex.csv
mscn_full_query_cardinality,MSCN,JOB-Complex,25,3,53.97740478515625,1.7322119999948487,C:\Users\vanya\Documents\DATA_SYS_LAB\benchmark\cardinality_methods\runs\test42_100k_paper_mscn_cardinality_100k_100ep_3seed_20260504_exact3600s_quotefix\model_seeds\seed_3\predictions\job_complex.csv
mscn_full_query_cardinality,MSCN,JOB-Complex,26,3,2.4238878166115274,-0.38451251576074547,C:\Users\vanya\Documents\DATA_SYS_LAB\benchmark\cardinality_methods\runs\test42_100k_paper_mscn_cardinality_100k_100ep_3seed_20260504_exact3600s_quotefix\model_seeds\seed_3\predictions\job_complex.csv
mscn_full_query_cardinality,MSCN,JOB-Complex,27,3,69.13130950927734,1.839674783517277,C:\Users\vanya\Documents\DATA_SYS_LAB\benchmark\cardinality_methods\runs\test42_100k_paper_mscn_cardinality_100k_100ep_3seed_20260504_exact3600s_quotefix\model_seeds\seed_3\predictions\job_complex.csv
mscn_full_query_cardinality,MSCN,JOB-Complex,28,3,11.781750996907553,1.071209839838459,C:\Users\vanya\Documents\DATA_SYS_LAB\benchmark\cardinality_methods\runs\test42_100k_paper_mscn_cardinality_100k_100ep_3seed_20260504_exact3600s_quotefix\model_seeds\seed_3\predictions\job_complex.csv
mscn_full_query_cardinality,MSCN,JOB-Complex,29,3,6.947066307067871,0.8418014440674257,C:\Users\vanya\Documents\DATA_SYS_LAB\benchmark\cardinality_methods\runs\test42_100k_paper_mscn_cardinality_100k_100ep_3seed_20260504_exact3600s_quotefix\model_seeds\seed_3\predictions\job_complex.csv
mscn_full_query_cardinality,MSCN,JOB-Complex,30,3,69.13130950927734,1.839674783517277,C:\Users\vanya\Documents\DATA_SYS_LAB\benchmark\cardinality_methods\runs\test42_100k_paper_mscn_cardinality_100k_100ep_3seed_20260504_exact3600s_quotefix\model_seeds\seed_3\predictions\job_complex.csv
selected_plan_cost_runtime,PostgreSQL,JOB-Light,01,,1.378651003203686,0.13945434118282188,C:\Users\vanya\Documents\DATA_SYS_LAB\test44\final_benchmarks\final_paper_results\cost_postgres_selected_plan\postgres_cost_per_query.csv
selected_plan_cost_runtime,PostgreSQL,JOB-Light,02,,1.5497107312618514,0.19025064040198897,C:\Users\vanya\Documents\DATA_SYS_LAB\test44\final_benchmarks\final_paper_results\cost_postgres_selected_plan\postgres_cost_per_query.csv
selected_plan_cost_runtime,PostgreSQL,JOB-Light,03,,1.5633411901260172,0.19405377060936577,C:\Users\vanya\Documents\DATA_SYS_LAB\test44\final_benchmarks\final_paper_results\cost_postgres_selected_plan\postgres_cost_per_query.csv
selected_plan_cost_runtime,PostgreSQL,JOB-Light,04,,1.4291364276436038,0.15507368921411038,C:\Users\vanya\Documents\DATA_SYS_LAB\test44\final_benchmarks\final_paper_results\cost_postgres_selected_plan\postgres_cost_per_query.csv
selected_plan_cost_runtime,PostgreSQL,JOB-Light,05,,1.0834672393469866,-0.034815784150597565,C:\Users\vanya\Documents\DATA_SYS_LAB\test44\final_benchmarks\final_paper_results\cost_postgres_selected_plan\postgres_cost_per_query.csv
selected_plan_cost_runtime,PostgreSQL,JOB-Light,06,,1.510462208928803,-0.17910986389662104,C:\Users\vanya\Documents\DATA_SYS_LAB\test44\final_benchmarks\final_paper_results\cost_postgres_selected_plan\postgres_cost_per_query.csv
selected_plan_cost_runtime,PostgreSQL,JOB-Light,07,,1.4013020818547317,-0.14653176722071176,C:\Users\vanya\Documents\DATA_SYS_LAB\test44\final_benchmarks\final_paper_results\cost_postgres_selected_plan\postgres_cost_per_query.csv
selected_plan_cost_runtime,PostgreSQL,JOB-Light,08,,1.5178566179348183,-0.18123074851549384,C:\Users\vanya\Documents\DATA_SYS_LAB\test44\final_benchmarks\final_paper_results\cost_postgres_selected_plan\postgres_cost_per_query.csv
selected_plan_cost_runtime,PostgreSQL,JOB-Light,09,,1.2310572623264737,-0.09027825450241174,C:\Users\vanya\Documents\DATA_SYS_LAB\test44\final_benchmarks\final_paper_results\cost_postgres_selected_plan\postgres_cost_per_query.csv
selected_plan_cost_runtime,PostgreSQL,JOB-Light,10,,1.2303377635630588,-0.09002435429679612,C:\Users\vanya\Documents\DATA_SYS_LAB\test44\final_benchmarks\final_paper_results\cost_postgres_selected_plan\postgres_cost_per_query.csv
selected_plan_cost_runtime,PostgreSQL,JOB-Light,11,,1.2485189112792805,-0.0963951249829496,C:\Users\vanya\Documents\DATA_SYS_LAB\test44\final_benchmarks\final_paper_results\cost_postgres_selected_plan\postgres_cost_per_query.csv
selected_plan_cost_runtime,PostgreSQL,JOB-Light,12,,1.2440091353991964,-0.09482356961436053,C:\Users\vanya\Documents\DATA_SYS_LAB\test44\final_benchmarks\final_paper_results\cost_postgres_selected_plan\postgres_cost_per_query.csv
selected_plan_cost_runtime,PostgreSQL,JOB-Light,13,,1.4479343101537032,-0.16074885924724722,C:\Users\vanya\Documents\DATA_SYS_LAB\test44\final_benchmarks\final_paper_results\cost_postgres_selected_plan\postgres_cost_per_query.csv
selected_plan_cost_runtime,PostgreSQL,JOB-Light,14,,1.2588704654379017,-0.09998104461164117,C:\Users\vanya\Documents\DATA_SYS_LAB\test44\final_benchmarks\final_paper_results\cost_postgres_selected_plan\postgres_cost_per_query.csv
selected_plan_cost_runtime,PostgreSQL,JOB-Light,15,,1.7554495785906505,0.24438835983137325,C:\Users\vanya\Documents\DATA_SYS_LAB\test44\final_benchmarks\final_paper_results\cost_postgres_selected_plan\postgres_cost_per_query.csv
selected_plan_cost_runtime,PostgreSQL,JOB-Light,16,,1.464561216207588,-0.16570752917946693,C:\Users\vanya\Documents\DATA_SYS_LAB\test44\final_benchmarks\final_paper_results\cost_postgres_selected_plan\postgres_cost_per_query.csv
selected_plan_cost_runtime,PostgreSQL,JOB-Light,17,,2.4858707248593426,0.3954785398566914,C:\Users\vanya\Documents\DATA_SYS_LAB\test44\final_benchmarks\final_paper_results\cost_postgres_selected_plan\postgres_cost_per_query.csv
selected_plan_cost_runtime,PostgreSQL,JOB-Light,18,,2.3683352076295847,0.3744431712438391,C:\Users\vanya\Documents\DATA_SYS_LAB\test44\final_benchmarks\final_paper_results\cost_postgres_selected_plan\postgres_cost_per_query.csv
selected_plan_cost_runtime,PostgreSQL,JOB-Light,19,,1.5663459364927386,-0.19488768474501986,C:\Users\vanya\Documents\DATA_SYS_LAB\test44\final_benchmarks\final_paper_results\cost_postgres_selected_plan\postgres_cost_per_query.csv
selected_plan_cost_runtime,PostgreSQL,JOB-Light,20,,1.9690659756555862,0.29426026788171056,C:\Users\vanya\Documents\DATA_SYS_LAB\test44\final_benchmarks\final_paper_results\cost_postgres_selected_plan\postgres_cost_per_query.csv
selected_plan_cost_runtime,PostgreSQL,JOB-Light,21,,5.354598621655321,0.7287269218656472,C:\Users\vanya\Documents\DATA_SYS_LAB\test44\final_benchmarks\final_paper_results\cost_postgres_selected_plan\postgres_cost_per_query.csv
selected_plan_cost_runtime,PostgreSQL,JOB-Light,22,,3.212497347540751,0.5068427777560386,C:\Users\vanya\Documents\DATA_SYS_LAB\test44\final_benchmarks\final_paper_results\cost_postgres_selected_plan\postgres_cost_per_query.csv
selected_plan_cost_runtime,PostgreSQL,JOB-Light,23,,1.068392041428491,-0.02873064425333791,C:\Users\vanya\Documents\DATA_SYS_LAB\test44\final_benchmarks\final_paper_results\cost_postgres_selected_plan\postgres_cost_per_query.csv
selected_plan_cost_runtime,PostgreSQL,JOB-Light,24,,1.0584927037082985,0.024687868732241845,C:\Users\vanya\Documents\DATA_SYS_LAB\test44\final_benchmarks\final_paper_results\cost_postgres_selected_plan\postgres_cost_per_query.csv
selected_plan_cost_runtime,PostgreSQL,JOB-Light,25,,1.6399361402430301,0.2148269367793772,C:\Users\vanya\Documents\DATA_SYS_LAB\test44\final_benchmarks\final_paper_results\cost_postgres_selected_plan\postgres_cost_per_query.csv
selected_plan_cost_runtime,PostgreSQL,JOB-Light,26,,1.3476442743618473,0.12957527048597828,C:\Users\vanya\Documents\DATA_SYS_LAB\test44\final_benchmarks\final_paper_results\cost_postgres_selected_plan\postgres_cost_per_query.csv
selected_plan_cost_runtime,PostgreSQL,JOB-Light,27,,3.2092162419905548,0.5063989815203064,C:\Users\vanya\Documents\DATA_SYS_LAB\test44\final_benchmarks\final_paper_results\cost_postgres_selected_plan\postgres_cost_per_query.csv
selected_plan_cost_runtime,PostgreSQL,JOB-Light,28,,1.071525769137741,-0.030002619857317562,C:\Users\vanya\Documents\DATA_SYS_LAB\test44\final_benchmarks\final_paper_results\cost_postgres_selected_plan\postgres_cost_per_query.csv
selected_plan_cost_runtime,PostgreSQL,JOB-Light,29,,1.0983948532855072,-0.040758489273362924,C:\Users\vanya\Documents\DATA_SYS_LAB\test44\final_benchmarks\final_paper_results\cost_postgres_selected_plan\postgres_cost_per_query.csv
selected_plan_cost_runtime,PostgreSQL,JOB-Light,30,,1.3334009197431353,-0.1249607503539899,C:\Users\vanya\Documents\DATA_SYS_LAB\test44\final_benchmarks\final_paper_results\cost_postgres_selected_plan\postgres_cost_per_query.csv
selected_plan_cost_runtime,PostgreSQL,JOB-Light,31,,1.7937819641318116,0.25376965301737386,C:\Users\vanya\Documents\DATA_SYS_LAB\test44\final_benchmarks\final_paper_results\cost_postgres_selected_plan\postgres_cost_per_query.csv
selected_plan_cost_runtime,PostgreSQL,JOB-Light,32,,2.517907305666169,0.401039737932812,C:\Users\vanya\Documents\DATA_SYS_LAB\test44\final_benchmarks\final_paper_results\cost_postgres_selected_plan\postgres_cost_per_query.csv
selected_plan_cost_runtime,PostgreSQL,JOB-Light,33,,1.418177295769476,-0.1517305282808248,C:\Users\vanya\Documents\DATA_SYS_LAB\test44\final_benchmarks\final_paper_results\cost_postgres_selected_plan\postgres_cost_per_query.csv
selected_plan_cost_runtime,PostgreSQL,JOB-Light,34,,1.090899330787542,0.037784675335664424,C:\Users\vanya\Documents\DATA_SYS_LAB\test44\final_benchmarks\final_paper_results\cost_postgres_selected_plan\postgres_cost_per_query.csv
selected_plan_cost_runtime,PostgreSQL,JOB-Light,35,,1.470193406245725,0.16737447062585453,C:\Users\vanya\Documents\DATA_SYS_LAB\test44\final_benchmarks\final_paper_results\cost_postgres_selected_plan\postgres_cost_per_query.csv
selected_plan_cost_runtime,PostgreSQL,JOB-Light,36,,1.5667339911551863,0.19499526578561346,C:\Users\vanya\Documents\DATA_SYS_LAB\test44\final_benchmarks\final_paper_results\cost_postgres_selected_plan\postgres_cost_per_query.csv
selected_plan_cost_runtime,PostgreSQL,JOB-Light,37,,1.4328778658834442,-0.15620917404466886,C:\Users\vanya\Documents\DATA_SYS_LAB\test44\final_benchmarks\final_paper_results\cost_postgres_selected_plan\postgres_cost_per_query.csv
selected_plan_cost_runtime,PostgreSQL,JOB-Light,38,,1.1741960623956313,-0.06974061966052016,C:\Users\vanya\Documents\DATA_SYS_LAB\test44\final_benchmarks\final_paper_results\cost_postgres_selected_plan\postgres_cost_per_query.csv
selected_plan_cost_runtime,PostgreSQL,JOB-Light,39,,1.1656750145430879,-0.06657748776145851,C:\Users\vanya\Documents\DATA_SYS_LAB\test44\final_benchmarks\final_paper_results\cost_postgres_selected_plan\postgres_cost_per_query.csv
selected_plan_cost_runtime,PostgreSQL,JOB-Light,40,,1.299896726197168,-0.11390884998044296,C:\Users\vanya\Documents\DATA_SYS_LAB\test44\final_benchmarks\final_paper_results\cost_postgres_selected_plan\postgres_cost_per_query.csv
selected_plan_cost_runtime,PostgreSQL,JOB-Light,41,,1.9285362216377142,-0.2852278001684366,C:\Users\vanya\Documents\DATA_SYS_LAB\test44\final_benchmarks\final_paper_results\cost_postgres_selected_plan\postgres_cost_per_query.csv
selected_plan_cost_runtime,PostgreSQL,JOB-Light,42,,1.4153809057372837,-0.1508733324386125,C:\Users\vanya\Documents\DATA_SYS_LAB\test44\final_benchmarks\final_paper_results\cost_postgres_selected_plan\postgres_cost_per_query.csv
selected_plan_cost_runtime,PostgreSQL,JOB-Light,43,,1.9282623602260753,-0.2851661238856044,C:\Users\vanya\Documents\DATA_SYS_LAB\test44\final_benchmarks\final_paper_results\cost_postgres_selected_plan\postgres_cost_per_query.csv
selected_plan_cost_runtime,PostgreSQL,JOB-Light,44,,1.0910871074072497,0.03785942405870254,C:\Users\vanya\Documents\DATA_SYS_LAB\test44\final_benchmarks\final_paper_results\cost_postgres_selected_plan\postgres_cost_per_query.csv
selected_plan_cost_runtime,PostgreSQL,JOB-Light,45,,1.481964180400593,-0.1708377067186366,C:\Users\vanya\Documents\DATA_SYS_LAB\test44\final_benchmarks\final_paper_results\cost_postgres_selected_plan\postgres_cost_per_query.csv
selected_plan_cost_runtime,PostgreSQL,JOB-Light,46,,1.3687265950177214,0.1363167058889906,C:\Users\vanya\Documents\DATA_SYS_LAB\test44\final_benchmarks\final_paper_results\cost_postgres_selected_plan\postgres_cost_per_query.csv
selected_plan_cost_runtime,PostgreSQL,JOB-Light,47,,1.289574901771959,-0.11044657212849887,C:\Users\vanya\Documents\DATA_SYS_LAB\test44\final_benchmarks\final_paper_results\cost_postgres_selected_plan\postgres_cost_per_query.csv
selected_plan_cost_runtime,PostgreSQL,JOB-Light,48,,1.2300356307317457,0.08991769193212829,C:\Users\vanya\Documents\DATA_SYS_LAB\test44\final_benchmarks\final_paper_results\cost_postgres_selected_plan\postgres_cost_per_query.csv
selected_plan_cost_runtime,PostgreSQL,JOB-Light,49,,1.5201829787422492,-0.18189586549432532,C:\Users\vanya\Documents\DATA_SYS_LAB\test44\final_benchmarks\final_paper_results\cost_postgres_selected_plan\postgres_cost_per_query.csv
selected_plan_cost_runtime,PostgreSQL,JOB-Light,50,,1.248604046664245,-0.09642473812458645,C:\Users\vanya\Documents\DATA_SYS_LAB\test44\final_benchmarks\final_paper_results\cost_postgres_selected_plan\postgres_cost_per_query.csv
selected_plan_cost_runtime,PostgreSQL,JOB-Light,51,,3.3228022208909973,-0.521504492066578,C:\Users\vanya\Documents\DATA_SYS_LAB\test44\final_benchmarks\final_paper_results\cost_postgres_selected_plan\postgres_cost_per_query.csv
selected_plan_cost_runtime,PostgreSQL,JOB-Light,52,,3.241417469271565,-0.5107349683741399,C:\Users\vanya\Documents\DATA_SYS_LAB\test44\final_benchmarks\final_paper_results\cost_postgres_selected_plan\postgres_cost_per_query.csv
selected_plan_cost_runtime,PostgreSQL,JOB-Light,53,,1.5435858583430329,0.18853079110192497,C:\Users\vanya\Documents\DATA_SYS_LAB\test44\final_benchmarks\final_paper_results\cost_postgres_selected_plan\postgres_cost_per_query.csv
selected_plan_cost_runtime,PostgreSQL,JOB-Light,54,,2.8844007444943167,0.46005559898489656,C:\Users\vanya\Documents\DATA_SYS_LAB\test44\final_benchmarks\final_paper_results\cost_postgres_selected_plan\postgres_cost_per_query.csv
selected_plan_cost_runtime,PostgreSQL,JOB-Light,55,,2.9813214555448786,0.4744088055672321,C:\Users\vanya\Documents\DATA_SYS_LAB\test44\final_benchmarks\final_paper_results\cost_postgres_selected_plan\postgres_cost_per_query.csv
selected_plan_cost_runtime,PostgreSQL,JOB-Light,56,,1.5625595351739372,-0.19383657341127902,C:\Users\vanya\Documents\DATA_SYS_LAB\test44\final_benchmarks\final_paper_results\cost_postgres_selected_plan\postgres_cost_per_query.csv
selected_plan_cost_runtime,PostgreSQL,JOB-Light,57,,1.5821411455694998,-0.19924522505774733,C:\Users\vanya\Documents\DATA_SYS_LAB\test44\final_benchmarks\final_paper_results\cost_postgres_selected_plan\postgres_cost_per_query.csv
selected_plan_cost_runtime,PostgreSQL,JOB-Light,58,,2.2100089604382807,-0.34439403452719747,C:\Users\vanya\Documents\DATA_SYS_LAB\test44\final_benchmarks\final_paper_results\cost_postgres_selected_plan\postgres_cost_per_query.csv
selected_plan_cost_runtime,PostgreSQL,JOB-Light,59,,1.3067121142081035,-0.11617991735683071,C:\Users\vanya\Documents\DATA_SYS_LAB\test44\final_benchmarks\final_paper_results\cost_postgres_selected_plan\postgres_cost_per_query.csv
selected_plan_cost_runtime,PostgreSQL,JOB-Light,60,,2.390070972776069,-0.3784107974449429,C:\Users\vanya\Documents\DATA_SYS_LAB\test44\final_benchmarks\final_paper_results\cost_postgres_selected_plan\postgres_cost_per_query.csv
selected_plan_cost_runtime,PostgreSQL,JOB-Light,61,,1.6404606439616352,-0.2149658157550949,C:\Users\vanya\Documents\DATA_SYS_LAB\test44\final_benchmarks\final_paper_results\cost_postgres_selected_plan\postgres_cost_per_query.csv
selected_plan_cost_runtime,PostgreSQL,JOB-Light,62,,1.4033216585903805,-0.14715722807738396,C:\Users\vanya\Documents\DATA_SYS_LAB\test44\final_benchmarks\final_paper_results\cost_postgres_selected_plan\postgres_cost_per_query.csv
selected_plan_cost_runtime,PostgreSQL,JOB-Light,63,,3.1424651156633208,-0.49727046530500746,C:\Users\vanya\Documents\DATA_SYS_LAB\test44\final_benchmarks\final_paper_results\cost_postgres_selected_plan\postgres_cost_per_query.csv
selected_plan_cost_runtime,PostgreSQL,JOB-Light,64,,2.8970143622829276,-0.46195064827409715,C:\Users\vanya\Documents\DATA_SYS_LAB\test44\final_benchmarks\final_paper_results\cost_postgres_selected_plan\postgres_cost_per_query.csv
selected_plan_cost_runtime,PostgreSQL,JOB-Light,65,,3.2654541884522805,0.5139435953569375,C:\Users\vanya\Documents\DATA_SYS_LAB\test44\final_benchmarks\final_paper_results\cost_postgres_selected_plan\postgres_cost_per_query.csv
selected_plan_cost_runtime,PostgreSQL,JOB-Light,66,,1.3048065480075293,-0.1155461274899155,C:\Users\vanya\Documents\DATA_SYS_LAB\test44\final_benchmarks\final_paper_results\cost_postgres_selected_plan\postgres_cost_per_query.csv
selected_plan_cost_runtime,PostgreSQL,JOB-Light,67,,1.268029662529806,-0.10312941294818852,C:\Users\vanya\Documents\DATA_SYS_LAB\test44\final_benchmarks\final_paper_results\cost_postgres_selected_plan\postgres_cost_per_query.csv
selected_plan_cost_runtime,PostgreSQL,JOB-Light,68,,1.6771794352987137,0.22457952867128445,C:\Users\vanya\Documents\DATA_SYS_LAB\test44\final_benchmarks\final_paper_results\cost_postgres_selected_plan\postgres_cost_per_query.csv
selected_plan_cost_runtime,PostgreSQL,JOB-Light,69,,2.120918727569879,0.3265240269115696,C:\Users\vanya\Documents\DATA_SYS_LAB\test44\final_benchmarks\final_paper_results\cost_postgres_selected_plan\postgres_cost_per_query.csv
selected_plan_cost_runtime,PostgreSQL,JOB-Light,70,,1.596650697528547,-0.20320991505612318,C:\Users\vanya\Documents\DATA_SYS_LAB\test44\final_benchmarks\final_paper_results\cost_postgres_selected_plan\postgres_cost_per_query.csv
selected_plan_cost_runtime,PostgreSQL,JOB,1a,,1.015334517540353,0.006609150807880193,C:\Users\vanya\Documents\DATA_SYS_LAB\test44\final_benchmarks\final_paper_results\cost_postgres_selected_plan\postgres_cost_per_query.csv
selected_plan_cost_runtime,PostgreSQL,JOB,1b,,2.9492571005129027,0.4697126336799978,C:\Users\vanya\Documents\DATA_SYS_LAB\test44\final_benchmarks\final_paper_results\cost_postgres_selected_plan\postgres_cost_per_query.csv
selected_plan_cost_runtime,PostgreSQL,JOB,1c,,1.1573175267317135,0.06345253024671009,C:\Users\vanya\Documents\DATA_SYS_LAB\test44\final_benchmarks\final_paper_results\cost_postgres_selected_plan\postgres_cost_per_query.csv
selected_plan_cost_runtime,PostgreSQL,JOB,1d,,1.7936221832267156,-0.25373096656745514,C:\Users\vanya\Documents\DATA_SYS_LAB\test44\final_benchmarks\final_paper_results\cost_postgres_selected_plan\postgres_cost_per_query.csv
selected_plan_cost_runtime,PostgreSQL,JOB,2a,,2.7530668895169628,0.43981676329860075,C:\Users\vanya\Documents\DATA_SYS_LAB\test44\final_benchmarks\final_paper_results\cost_postgres_selected_plan\postgres_cost_per_query.csv
selected_plan_cost_runtime,PostgreSQL,JOB,2b,,1.4538554443039517,0.1625212271130548,C:\Users\vanya\Documents\DATA_SYS_LAB\test44\final_benchmarks\final_paper_results\cost_postgres_selected_plan\postgres_cost_per_query.csv
selected_plan_cost_runtime,PostgreSQL,JOB,2c,,2.8907980482067597,0.4610177528214905,C:\Users\vanya\Documents\DATA_SYS_LAB\test44\final_benchmarks\final_paper_results\cost_postgres_selected_plan\postgres_cost_per_query.csv
selected_plan_cost_runtime,PostgreSQL,JOB,2d,,1.5163178188813227,0.18079023857850496,C:\Users\vanya\Documents\DATA_SYS_LAB\test44\final_benchmarks\final_paper_results\cost_postgres_selected_plan\postgres_cost_per_query.csv
selected_plan_cost_runtime,PostgreSQL,JOB,3a,,2.2395158351178814,0.3501541375911567,C:\Users\vanya\Documents\DATA_SYS_LAB\test44\final_benchmarks\final_paper_results\cost_postgres_selected_plan\postgres_cost_per_query.csv
selected_plan_cost_runtime,PostgreSQL,JOB,3b,,2.4009741916440404,0.3803874917992929,C:\Users\vanya\Documents\DATA_SYS_LAB\test44\final_benchmarks\final_paper_results\cost_postgres_selected_plan\postgres_cost_per_query.csv
selected_plan_cost_runtime,PostgreSQL,JOB,3c,,2.9262210549162155,0.4663071308474102,C:\Users\vanya\Documents\DATA_SYS_LAB\test44\final_benchmarks\final_paper_results\cost_postgres_selected_plan\postgres_cost_per_query.csv
selected_plan_cost_runtime,PostgreSQL,JOB,4a,,1.5813316292465798,0.19902295762903585,C:\Users\vanya\Documents\DATA_SYS_LAB\test44\final_benchmarks\final_paper_results\cost_postgres_selected_plan\postgres_cost_per_query.csv
selected_plan_cost_runtime,PostgreSQL,JOB,4b,,3.4186499880761585,0.5338546386648615,C:\Users\vanya\Documents\DATA_SYS_LAB\test44\final_benchmarks\final_paper_results\cost_postgres_selected_plan\postgres_cost_per_query.csv
selected_plan_cost_runtime,PostgreSQL,JOB,4c,,1.641227204450679,0.2151687070792364,C:\Users\vanya\Documents\DATA_SYS_LAB\test44\final_benchmarks\final_paper_results\cost_postgres_selected_plan\postgres_cost_per_query.csv
selected_plan_cost_runtime,PostgreSQL,JOB,5a,,2.282689200131156,-0.3584467840891762,C:\Users\vanya\Documents\DATA_SYS_LAB\test44\final_benchmarks\final_paper_results\cost_postgres_selected_plan\postgres_cost_per_query.csv
selected_plan_cost_runtime,PostgreSQL,JOB,5b,,2.258170467877381,-0.353756723445484,C:\Users\vanya\Documents\DATA_SYS_LAB\test44\final_benchmarks\final_paper_results\cost_postgres_selected_plan\postgres_cost_per_query.csv
selected_plan_cost_runtime,PostgreSQL,JOB,5c,,1.6729106345951543,-0.22347274195534067,C:\Users\vanya\Documents\DATA_SYS_LAB\test44\final_benchmarks\final_paper_results\cost_postgres_selected_plan\postgres_cost_per_query.csv
selected_plan_cost_runtime,PostgreSQL,JOB,6a,,1.0887809736989313,0.036940523023931575,C:\Users\vanya\Documents\DATA_SYS_LAB\test44\final_benchmarks\final_paper_results\cost_postgres_selected_plan\postgres_cost_per_query.csv
selected_plan_cost_runtime,PostgreSQL,JOB,6b,,1.1247722459744156,-0.05106459148720749,C:\Users\vanya\Documents\DATA_SYS_LAB\test44\final_benchmarks\final_paper_results\cost_postgres_selected_plan\postgres_cost_per_query.csv
selected_plan_cost_runtime,PostgreSQL,JOB,6c,,1.1130071965134223,0.04649797241733549,C:\Users\vanya\Documents\DATA_SYS_LAB\test44\final_benchmarks\final_paper_results\cost_postgres_selected_plan\postgres_cost_per_query.csv
selected_plan_cost_runtime,PostgreSQL,JOB,6d,,1.0891333163839558,-0.03708104323253379,C:\Users\vanya\Documents\DATA_SYS_LAB\test44\final_benchmarks\final_paper_results\cost_postgres_selected_plan\postgres_cost_per_query.csv
selected_plan_cost_runtime,PostgreSQL,JOB,6e,,1.2181074950612143,0.08568561543311155,C:\Users\vanya\Documents\DATA_SYS_LAB\test44\final_benchmarks\final_paper_results\cost_postgres_selected_plan\postgres_cost_per_query.csv
selected_plan_cost_runtime,PostgreSQL,JOB,6f,,1.2316448745165502,-0.09048550387510237,C:\Users\vanya\Documents\DATA_SYS_LAB\test44\final_benchmarks\final_paper_results\cost_postgres_selected_plan\postgres_cost_per_query.csv
selected_plan_cost_runtime,PostgreSQL,JOB,7a,,4.430251322280668,0.6464283638717621,C:\Users\vanya\Documents\DATA_SYS_LAB\test44\final_benchmarks\final_paper_results\cost_postgres_selected_plan\postgres_cost_per_query.csv
selected_plan_cost_runtime,PostgreSQL,JOB,7b,,5.367615908970244,-0.7297814314189834,C:\Users\vanya\Documents\DATA_SYS_LAB\test44\final_benchmarks\final_paper_results\cost_postgres_selected_plan\postgres_cost_per_query.csv
selected_plan_cost_runtime,PostgreSQL,JOB,7c,,2.6589144208182014,0.42470435945848256,C:\Users\vanya\Documents\DATA_SYS_LAB\test44\final_benchmarks\final_paper_results\cost_postgres_selected_plan\postgres_cost_per_query.csv
selected_plan_cost_runtime,PostgreSQL,JOB,8a,,2.8121946218518223,0.4490453733433283,C:\Users\vanya\Documents\DATA_SYS_LAB\test44\final_benchmarks\final_paper_results\cost_postgres_selected_plan\postgres_cost_per_query.csv
selected_plan_cost_runtime,PostgreSQL,JOB,8b,,4.658832137078321,0.6682770626152192,C:\Users\vanya\Documents\DATA_SYS_LAB\test44\final_benchmarks\final_paper_results\cost_postgres_selected_plan\postgres_cost_per_query.csv
selected_plan_cost_runtime,PostgreSQL,JOB,8c,,1.3784231303361194,0.13938255208728678,C:\Users\vanya\Documents\DATA_SYS_LAB\test44\final_benchmarks\final_paper_results\cost_postgres_selected_plan\postgres_cost_per_query.csv
selected_plan_cost_runtime,PostgreSQL,JOB,8d,,1.4314247432871732,0.1557685200598485,C:\Users\vanya\Documents\DATA_SYS_LAB\test44\final_benchmarks\final_paper_results\cost_postgres_selected_plan\postgres_cost_per_query.csv
selected_plan_cost_runtime,PostgreSQL,JOB,9a,,2.228288596226679,0.3479714376830112,C:\Users\vanya\Documents\DATA_SYS_LAB\test44\final_benchmarks\final_paper_results\cost_postgres_selected_plan\postgres_cost_per_query.csv
selected_plan_cost_runtime,PostgreSQL,JOB,9b,,3.192680645844348,0.5041554795529436,C:\Users\vanya\Documents\DATA_SYS_LAB\test44\final_benchmarks\final_paper_results\cost_postgres_selected_plan\postgres_cost_per_query.csv
selected_plan_cost_runtime,PostgreSQL,JOB,9c,,3.3324540220654515,0.522764166157611,C:\Users\vanya\Documents\DATA_SYS_LAB\test44\final_benchmarks\final_paper_results\cost_postgres_selected_plan\postgres_cost_per_query.csv
selected_plan_cost_runtime,PostgreSQL,JOB,9d,,1.595569009512493,0.20291559248587107,C:\Users\vanya\Documents\DATA_SYS_LAB\test44\final_benchmarks\final_paper_results\cost_postgres_selected_plan\postgres_cost_per_query.csv
selected_plan_cost_runtime,PostgreSQL,JOB,10a,,2.0147440334560875,0.30421987830897085,C:\Users\vanya\Documents\DATA_SYS_LAB\test44\final_benchmarks\final_paper_results\cost_postgres_selected_plan\postgres_cost_per_query.csv
selected_plan_cost_runtime,PostgreSQL,JOB,10b,,2.0464861710275755,0.311008814279746,C:\Users\vanya\Documents\DATA_SYS_LAB\test44\final_benchmarks\final_paper_results\cost_postgres_selected_plan\postgres_cost_per_query.csv
selected_plan_cost_runtime,PostgreSQL,JOB,10c,,2.9176080242404603,0.4650269447390129,C:\Users\vanya\Documents\DATA_SYS_LAB\test44\final_benchmarks\final_paper_results\cost_postgres_selected_plan\postgres_cost_per_query.csv
selected_plan_cost_runtime,PostgreSQL,JOB,11a,,2.194626228557871,0.3413605652628135,C:\Users\vanya\Documents\DATA_SYS_LAB\test44\final_benchmarks\final_paper_results\cost_postgres_selected_plan\postgres_cost_per_query.csv
selected_plan_cost_runtime,PostgreSQL,JOB,11b,,18.003733852652733,1.2553625841832021,C:\Users\vanya\Documents\DATA_SYS_LAB\test44\final_benchmarks\final_paper_results\cost_postgres_selected_plan\postgres_cost_per_query.csv
selected_plan_cost_runtime,PostgreSQL,JOB,11c,,3.249137833969591,0.5117681352485535,C:\Users\vanya\Documents\DATA_SYS_LAB\test44\final_benchmarks\final_paper_results\cost_postgres_selected_plan\postgres_cost_per_query.csv
selected_plan_cost_runtime,PostgreSQL,JOB,11d,,1.9948416345308388,0.2999084238426492,C:\Users\vanya\Documents\DATA_SYS_LAB\test44\final_benchmarks\final_paper_results\cost_postgres_selected_plan\postgres_cost_per_query.csv
selected_plan_cost_runtime,PostgreSQL,JOB,12a,,1.0896409129648434,-0.03728340141644411,C:\Users\vanya\Documents\DATA_SYS_LAB\test44\final_benchmarks\final_paper_results\cost_postgres_selected_plan\postgres_cost_per_query.csv
selected_plan_cost_runtime,PostgreSQL,JOB,12b,,4.547860384800423,0.6578071237726314,C:\Users\vanya\Documents\DATA_SYS_LAB\test44\final_benchmarks\final_paper_results\cost_postgres_selected_plan\postgres_cost_per_query.csv
selected_plan_cost_runtime,PostgreSQL,JOB,12c,,9.704087448418312,-0.9869547015224079,C:\Users\vanya\Documents\DATA_SYS_LAB\test44\final_benchmarks\final_paper_results\cost_postgres_selected_plan\postgres_cost_per_query.csv
selected_plan_cost_runtime,PostgreSQL,JOB,13a,,2.353943993110291,0.37179612555392877,C:\Users\vanya\Documents\DATA_SYS_LAB\test44\final_benchmarks\final_paper_results\cost_postgres_selected_plan\postgres_cost_per_query.csv
selected_plan_cost_runtime,PostgreSQL,JOB,13b,,1.5284459994420656,0.18425009954976734,C:\Users\vanya\Documents\DATA_SYS_LAB\test44\final_benchmarks\final_paper_results\cost_postgres_selected_plan\postgres_cost_per_query.csv
selected_plan_cost_runtime,PostgreSQL,JOB,13c,,50.42986440360996,-1.7026878004247863,C:\Users\vanya\Documents\DATA_SYS_LAB\test44\final_benchmarks\final_paper_results\cost_postgres_selected_plan\postgres_cost_per_query.csv
selected_plan_cost_runtime,PostgreSQL,JOB,13d,,5.195793748003583,-0.7156519030088103,C:\Users\vanya\Documents\DATA_SYS_LAB\test44\final_benchmarks\final_paper_results\cost_postgres_selected_plan\postgres_cost_per_query.csv
selected_plan_cost_runtime,PostgreSQL,JOB,14a,,1.581913263786723,-0.19918266747298224,C:\Users\vanya\Documents\DATA_SYS_LAB\test44\final_benchmarks\final_paper_results\cost_postgres_selected_plan\postgres_cost_per_query.csv
selected_plan_cost_runtime,PostgreSQL,JOB,14b,,3.558866620134533,0.5513117117394348,C:\Users\vanya\Documents\DATA_SYS_LAB\test44\final_benchmarks\final_paper_results\cost_postgres_selected_plan\postgres_cost_per_query.csv
selected_plan_cost_runtime,PostgreSQL,JOB,14c,,2.0397355913408264,-0.3095738739631307,C:\Users\vanya\Documents\DATA_SYS_LAB\test44\final_benchmarks\final_paper_results\cost_postgres_selected_plan\postgres_cost_per_query.csv
selected_plan_cost_runtime,PostgreSQL,JOB,15a,,2.2456865472109553,0.3513491373587681,C:\Users\vanya\Documents\DATA_SYS_LAB\test44\final_benchmarks\final_paper_results\cost_postgres_selected_plan\postgres_cost_per_query.csv
selected_plan_cost_runtime,PostgreSQL,JOB,15b,,28.91413673331364,1.4611102304436956,C:\Users\vanya\Documents\DATA_SYS_LAB\test44\final_benchmarks\final_paper_results\cost_postgres_selected_plan\postgres_cost_per_query.csv
selected_plan_cost_runtime,PostgreSQL,JOB,15c,,1.2484056734677274,-0.09635573367971643,C:\Users\vanya\Documents\DATA_SYS_LAB\test44\final_benchmarks\final_paper_results\cost_postgres_selected_plan\postgres_cost_per_query.csv
selected_plan_cost_runtime,PostgreSQL,JOB,15d,,2.318365887292576,-0.36518197791419776,C:\Users\vanya\Documents\DATA_SYS_LAB\test44\final_benchmarks\final_paper_results\cost_postgres_selected_plan\postgres_cost_per_query.csv
selected_plan_cost_runtime,PostgreSQL,JOB,16a,,1.2819446324961035,0.1078692683023902,C:\Users\vanya\Documents\DATA_SYS_LAB\test44\final_benchmarks\final_paper_results\cost_postgres_selected_plan\postgres_cost_per_query.csv
selected_plan_cost_runtime,PostgreSQL,JOB,16b,,1.3393651241152058,-0.12689898610268766,C:\Users\vanya\Documents\DATA_SYS_LAB\test44\final_benchmarks\final_paper_results\cost_postgres_selected_plan\postgres_cost_per_query.csv
selected_plan_cost_runtime,PostgreSQL,JOB,16c,,2.3863624104062344,-0.37773639947162163,C:\Users\vanya\Documents\DATA_SYS_LAB\test44\final_benchmarks\final_paper_results\cost_postgres_selected_plan\postgres_cost_per_query.csv
selected_plan_cost_runtime,PostgreSQL,JOB,16d,,1.4748485159073483,0.16874741551143493,C:\Users\vanya\Documents\DATA_SYS_LAB\test44\final_benchmarks\final_paper_results\cost_postgres_selected_plan\postgres_cost_per_query.csv
selected_plan_cost_runtime,PostgreSQL,JOB,17a,,1.4795846434615614,0.17013981514503607,C:\Users\vanya\Documents\DATA_SYS_LAB\test44\final_benchmarks\final_paper_results\cost_postgres_selected_plan\postgres_cost_per_query.csv
selected_plan_cost_runtime,PostgreSQL,JOB,17b,,1.5221882418096913,0.1824683628971291,C:\Users\vanya\Documents\DATA_SYS_LAB\test44\final_benchmarks\final_paper_results\cost_postgres_selected_plan\postgres_cost_per_query.csv
selected_plan_cost_runtime,PostgreSQL,JOB,17c,,3.864453400160065,0.5870880746885625,C:\Users\vanya\Documents\DATA_SYS_LAB\test44\final_benchmarks\final_paper_results\cost_postgres_selected_plan\postgres_cost_per_query.csv
selected_plan_cost_runtime,PostgreSQL,JOB,17d,,1.1995465597214332,-0.07901710952574702,C:\Users\vanya\Documents\DATA_SYS_LAB\test44\final_benchmarks\final_paper_results\cost_postgres_selected_plan\postgres_cost_per_query.csv
selected_plan_cost_runtime,PostgreSQL,JOB,17e,,1.1290657071194548,0.052719216866542004,C:\Users\vanya\Documents\DATA_SYS_LAB\test44\final_benchmarks\final_paper_results\cost_postgres_selected_plan\postgres_cost_per_query.csv
selected_plan_cost_runtime,PostgreSQL,JOB,17f,,1.2106858888731156,-0.08303148053019882,C:\Users\vanya\Documents\DATA_SYS_LAB\test44\final_benchmarks\final_paper_results\cost_postgres_selected_plan\postgres_cost_per_query.csv
selected_plan_cost_runtime,PostgreSQL,JOB,18a,,5.059678269226939,0.7041229021477647,C:\Users\vanya\Documents\DATA_SYS_LAB\test44\final_benchmarks\final_paper_results\cost_postgres_selected_plan\postgres_cost_per_query.csv
selected_plan_cost_runtime,PostgreSQL,JOB,18b,,3.520654593104537,0.5466234190869319,C:\Users\vanya\Documents\DATA_SYS_LAB\test44\final_benchmarks\final_paper_results\cost_postgres_selected_plan\postgres_cost_per_query.csv
selected_plan_cost_runtime,PostgreSQL,JOB,18c,,2.807411621552604,-0.44830609338366045,C:\Users\vanya\Documents\DATA_SYS_LAB\test44\final_benchmarks\final_paper_results\cost_postgres_selected_plan\postgres_cost_per_query.csv
selected_plan_cost_runtime,PostgreSQL,JOB,19a,,3.364234776167386,0.5268862958167605,C:\Users\vanya\Documents\DATA_SYS_LAB\test44\final_benchmarks\final_paper_results\cost_postgres_selected_plan\postgres_cost_per_query.csv
selected_plan_cost_runtime,PostgreSQL,JOB,19b,,4.450416803189806,0.6484006866772517,C:\Users\vanya\Documents\DATA_SYS_LAB\test44\final_benchmarks\final_paper_results\cost_postgres_selected_plan\postgres_cost_per_query.csv
selected_plan_cost_runtime,PostgreSQL,JOB,19c,,1.5729422167008087,-0.19671276875874696,C:\Users\vanya\Documents\DATA_SYS_LAB\test44\final_benchmarks\final_paper_results\cost_postgres_selected_plan\postgres_cost_per_query.csv
selected_plan_cost_runtime,PostgreSQL,JOB,19d,,1.1542417298445162,-0.06229677150928811,C:\Users\vanya\Documents\DATA_SYS_LAB\test44\final_benchmarks\final_paper_results\cost_postgres_selected_plan\postgres_cost_per_query.csv
selected_plan_cost_runtime,PostgreSQL,JOB,20a,,1.119783703079817,0.049134142642792374,C:\Users\vanya\Documents\DATA_SYS_LAB\test44\final_benchmarks\final_paper_results\cost_postgres_selected_plan\postgres_cost_per_query.csv
selected_plan_cost_runtime,PostgreSQL,JOB,20b,,1.2056581627156642,0.0812241908138515,C:\Users\vanya\Documents\DATA_SYS_LAB\test44\final_benchmarks\final_paper_results\cost_postgres_selected_plan\postgres_cost_per_query.csv
selected_plan_cost_runtime,PostgreSQL,JOB,20c,,1.5533665752264063,0.19127395592930066,C:\Users\vanya\Documents\DATA_SYS_LAB\test44\final_benchmarks\final_paper_results\cost_postgres_selected_plan\postgres_cost_per_query.csv
selected_plan_cost_runtime,PostgreSQL,JOB,21a,,3.8157420919052085,0.581579012822502,C:\Users\vanya\Documents\DATA_SYS_LAB\test44\final_benchmarks\final_paper_results\cost_postgres_selected_plan\postgres_cost_per_query.csv
selected_plan_cost_runtime,PostgreSQL,JOB,21b,,4.119428812480536,0.6148370022503887,C:\Users\vanya\Documents\DATA_SYS_LAB\test44\final_benchmarks\final_paper_results\cost_postgres_selected_plan\postgres_cost_per_query.csv
selected_plan_cost_runtime,PostgreSQL,JOB,21c,,4.863415019261788,-0.6869413316460408,C:\Users\vanya\Documents\DATA_SYS_LAB\test44\final_benchmarks\final_paper_results\cost_postgres_selected_plan\postgres_cost_per_query.csv
selected_plan_cost_runtime,PostgreSQL,JOB,22a,,82.31539604092946,-1.9154810720321436,C:\Users\vanya\Documents\DATA_SYS_LAB\test44\final_benchmarks\final_paper_results\cost_postgres_selected_plan\postgres_cost_per_query.csv
selected_plan_cost_runtime,PostgreSQL,JOB,22b,,84.37985019069465,-1.926238749993333,C:\Users\vanya\Documents\DATA_SYS_LAB\test44\final_benchmarks\final_paper_results\cost_postgres_selected_plan\postgres_cost_per_query.csv
selected_plan_cost_runtime,PostgreSQL,JOB,22c,,88.16829796432654,-1.9453124570808573,C:\Users\vanya\Documents\DATA_SYS_LAB\test44\final_benchmarks\final_paper_results\cost_postgres_selected_plan\postgres_cost_per_query.csv
selected_plan_cost_runtime,PostgreSQL,JOB,22d,,189.08428000148862,-2.276655424178749,C:\Users\vanya\Documents\DATA_SYS_LAB\test44\final_benchmarks\final_paper_results\cost_postgres_selected_plan\postgres_cost_per_query.csv
selected_plan_cost_runtime,PostgreSQL,JOB,23a,,2.1687354595181794,-0.3362065803783204,C:\Users\vanya\Documents\DATA_SYS_LAB\test44\final_benchmarks\final_paper_results\cost_postgres_selected_plan\postgres_cost_per_query.csv
selected_plan_cost_runtime,PostgreSQL,JOB,23b,,27.10559406640563,-1.4330589300425334,C:\Users\vanya\Documents\DATA_SYS_LAB\test44\final_benchmarks\final_paper_results\cost_postgres_selected_plan\postgres_cost_per_query.csv
selected_plan_cost_runtime,PostgreSQL,JOB,23c,,1.1703866568823222,-0.068329361925003,C:\Users\vanya\Documents\DATA_SYS_LAB\test44\final_benchmarks\final_paper_results\cost_postgres_selected_plan\postgres_cost_per_query.csv
selected_plan_cost_runtime,PostgreSQL,JOB,24a,,1.8117057165660873,0.25808765468134376,C:\Users\vanya\Documents\DATA_SYS_LAB\test44\final_benchmarks\final_paper_results\cost_postgres_selected_plan\postgres_cost_per_query.csv
selected_plan_cost_runtime,PostgreSQL,JOB,24b,,3.026601916333673,0.480955302717792,C:\Users\vanya\Documents\DATA_SYS_LAB\test44\final_benchmarks\final_paper_results\cost_postgres_selected_plan\postgres_cost_per_query.csv
selected_plan_cost_runtime,PostgreSQL,JOB,25a,,2.716180691329982,-0.43395865759568875,C:\Users\vanya\Documents\DATA_SYS_LAB\test44\final_benchmarks\final_paper_results\cost_postgres_selected_plan\postgres_cost_per_query.csv
selected_plan_cost_runtime,PostgreSQL,JOB,25b,,3.808421871401279,0.5807450506035952,C:\Users\vanya\Documents\DATA_SYS_LAB\test44\final_benchmarks\final_paper_results\cost_postgres_selected_plan\postgres_cost_per_query.csv
selected_plan_cost_runtime,PostgreSQL,JOB,25c,,5.30173014242467,-0.7244176184105621,C:\Users\vanya\Documents\DATA_SYS_LAB\test44\final_benchmarks\final_paper_results\cost_postgres_selected_plan\postgres_cost_per_query.csv
selected_plan_cost_runtime,PostgreSQL,JOB,26a,,163.1818139508785,-2.212671756495828,C:\Users\vanya\Documents\DATA_SYS_LAB\test44\final_benchmarks\final_paper_results\cost_postgres_selected_plan\postgres_cost_per_query.csv
selected_plan_cost_runtime,PostgreSQL,JOB,26b,,1.4949668052141731,0.17463154953512142,C:\Users\vanya\Documents\DATA_SYS_LAB\test44\final_benchmarks\final_paper_results\cost_postgres_selected_plan\postgres_cost_per_query.csv
selected_plan_cost_runtime,PostgreSQL,JOB,26c,,997.8884146763708,-2.999081980566233,C:\Users\vanya\Documents\DATA_SYS_LAB\test44\final_benchmarks\final_paper_results\cost_postgres_selected_plan\postgres_cost_per_query.csv
selected_plan_cost_runtime,PostgreSQL,JOB,27a,,12.39996186892888,1.0934203496671353,C:\Users\vanya\Documents\DATA_SYS_LAB\test44\final_benchmarks\final_paper_results\cost_postgres_selected_plan\postgres_cost_per_query.csv
selected_plan_cost_runtime,PostgreSQL,JOB,27b,,10.118492405802026,1.0051158100714832,C:\Users\vanya\Documents\DATA_SYS_LAB\test44\final_benchmarks\final_paper_results\cost_postgres_selected_plan\postgres_cost_per_query.csv
selected_plan_cost_runtime,PostgreSQL,JOB,27c,,4.680840068745912,-0.6703238027493816,C:\Users\vanya\Documents\DATA_SYS_LAB\test44\final_benchmarks\final_paper_results\cost_postgres_selected_plan\postgres_cost_per_query.csv
selected_plan_cost_runtime,PostgreSQL,JOB,28a,,2.233825792922376,-0.3490493012224985,C:\Users\vanya\Documents\DATA_SYS_LAB\test44\final_benchmarks\final_paper_results\cost_postgres_selected_plan\postgres_cost_per_query.csv
selected_plan_cost_runtime,PostgreSQL,JOB,28b,,1.6420791004639985,-0.21539407365285676,C:\Users\vanya\Documents\DATA_SYS_LAB\test44\final_benchmarks\final_paper_results\cost_postgres_selected_plan\postgres_cost_per_query.csv
selected_plan_cost_runtime,PostgreSQL,JOB,28c,,29.905883514706236,-1.4757566373748974,C:\Users\vanya\Documents\DATA_SYS_LAB\test44\final_benchmarks\final_paper_results\cost_postgres_selected_plan\postgres_cost_per_query.csv
selected_plan_cost_runtime,PostgreSQL,JOB,29a,,2.1666451420016486,0.3357877874202656,C:\Users\vanya\Documents\DATA_SYS_LAB\test44\final_benchmarks\final_paper_results\cost_postgres_selected_plan\postgres_cost_per_query.csv
selected_plan_cost_runtime,PostgreSQL,JOB,29b,,6.045905801483986,0.7814613763491741,C:\Users\vanya\Documents\DATA_SYS_LAB\test44\final_benchmarks\final_paper_results\cost_postgres_selected_plan\postgres_cost_per_query.csv
selected_plan_cost_runtime,PostgreSQL,JOB,29c,,3.557902733329232,0.5511940710790479,C:\Users\vanya\Documents\DATA_SYS_LAB\test44\final_benchmarks\final_paper_results\cost_postgres_selected_plan\postgres_cost_per_query.csv
selected_plan_cost_runtime,PostgreSQL,JOB,30a,,1.8371786577718456,0.26415139164151186,C:\Users\vanya\Documents\DATA_SYS_LAB\test44\final_benchmarks\final_paper_results\cost_postgres_selected_plan\postgres_cost_per_query.csv
selected_plan_cost_runtime,PostgreSQL,JOB,30b,,3.118840227940323,0.4939931272736047,C:\Users\vanya\Documents\DATA_SYS_LAB\test44\final_benchmarks\final_paper_results\cost_postgres_selected_plan\postgres_cost_per_query.csv
selected_plan_cost_runtime,PostgreSQL,JOB,30c,,1.6830194546367345,0.2260891361734164,C:\Users\vanya\Documents\DATA_SYS_LAB\test44\final_benchmarks\final_paper_results\cost_postgres_selected_plan\postgres_cost_per_query.csv
selected_plan_cost_runtime,PostgreSQL,JOB,31a,,2.996555283015353,0.4766222943425451,C:\Users\vanya\Documents\DATA_SYS_LAB\test44\final_benchmarks\final_paper_results\cost_postgres_selected_plan\postgres_cost_per_query.csv
selected_plan_cost_runtime,PostgreSQL,JOB,31b,,2.466167408266599,0.39202255401911745,C:\Users\vanya\Documents\DATA_SYS_LAB\test44\final_benchmarks\final_paper_results\cost_postgres_selected_plan\postgres_cost_per_query.csv
selected_plan_cost_runtime,PostgreSQL,JOB,31c,,2.818422880141894,0.45000615581860054,C:\Users\vanya\Documents\DATA_SYS_LAB\test44\final_benchmarks\final_paper_results\cost_postgres_selected_plan\postgres_cost_per_query.csv
selected_plan_cost_runtime,PostgreSQL,JOB,32a,,3.579424459265595,0.5538132014317995,C:\Users\vanya\Documents\DATA_SYS_LAB\test44\final_benchmarks\final_paper_results\cost_postgres_selected_plan\postgres_cost_per_query.csv
selected_plan_cost_runtime,PostgreSQL,JOB,32b,,3.4328791780746477,0.5356585184799718,C:\Users\vanya\Documents\DATA_SYS_LAB\test44\final_benchmarks\final_paper_results\cost_postgres_selected_plan\postgres_cost_per_query.csv
selected_plan_cost_runtime,PostgreSQL,JOB,33a,,17.793501633117582,-1.250261422524367,C:\Users\vanya\Documents\DATA_SYS_LAB\test44\final_benchmarks\final_paper_results\cost_postgres_selected_plan\postgres_cost_per_query.csv
selected_plan_cost_runtime,PostgreSQL,JOB,33b,,6.408953945938862,-0.8067871508013419,C:\Users\vanya\Documents\DATA_SYS_LAB\test44\final_benchmarks\final_paper_results\cost_postgres_selected_plan\postgres_cost_per_query.csv
selected_plan_cost_runtime,PostgreSQL,JOB,33c,,3.296981558092735,0.5181165178920274,C:\Users\vanya\Documents\DATA_SYS_LAB\test44\final_benchmarks\final_paper_results\cost_postgres_selected_plan\postgres_cost_per_query.csv
selected_plan_cost_runtime,PostgreSQL,JOB-Complex,01,,8.09581013065773,0.9082603141974813,C:\Users\vanya\Documents\DATA_SYS_LAB\test44\final_benchmarks\final_paper_results\cost_postgres_selected_plan\postgres_cost_per_query.csv
selected_plan_cost_runtime,PostgreSQL,JOB-Complex,02,,9.928259501891148,0.996873120098902,C:\Users\vanya\Documents\DATA_SYS_LAB\test44\final_benchmarks\final_paper_results\cost_postgres_selected_plan\postgres_cost_per_query.csv
selected_plan_cost_runtime,PostgreSQL,JOB-Complex,03,,8.800042084422582,0.9444847490807139,C:\Users\vanya\Documents\DATA_SYS_LAB\test44\final_benchmarks\final_paper_results\cost_postgres_selected_plan\postgres_cost_per_query.csv
selected_plan_cost_runtime,PostgreSQL,JOB-Complex,04,,8.491975955613595,0.929008755823787,C:\Users\vanya\Documents\DATA_SYS_LAB\test44\final_benchmarks\final_paper_results\cost_postgres_selected_plan\postgres_cost_per_query.csv
selected_plan_cost_runtime,PostgreSQL,JOB-Complex,05,,2.287647203512241,-0.35938904923736836,C:\Users\vanya\Documents\DATA_SYS_LAB\test44\final_benchmarks\final_paper_results\cost_postgres_selected_plan\postgres_cost_per_query.csv
selected_plan_cost_runtime,PostgreSQL,JOB-Complex,06,,10.266702535999766,1.0114309791015177,C:\Users\vanya\Documents\DATA_SYS_LAB\test44\final_benchmarks\final_paper_results\cost_postgres_selected_plan\postgres_cost_per_query.csv
selected_plan_cost_runtime,PostgreSQL,JOB-Complex,07,,9.82912221780708,0.9925147352294611,C:\Users\vanya\Documents\DATA_SYS_LAB\test44\final_benchmarks\final_paper_results\cost_postgres_selected_plan\postgres_cost_per_query.csv
selected_plan_cost_runtime,PostgreSQL,JOB-Complex,08,,1.4419211697772107,0.15894151803488013,C:\Users\vanya\Documents\DATA_SYS_LAB\test44\final_benchmarks\final_paper_results\cost_postgres_selected_plan\postgres_cost_per_query.csv
selected_plan_cost_runtime,PostgreSQL,JOB-Complex,09,,5.213197450167222,-0.7171041741681725,C:\Users\vanya\Documents\DATA_SYS_LAB\test44\final_benchmarks\final_paper_results\cost_postgres_selected_plan\postgres_cost_per_query.csv
selected_plan_cost_runtime,PostgreSQL,JOB-Complex,10,,1.5689643415792593,0.1956130733311428,C:\Users\vanya\Documents\DATA_SYS_LAB\test44\final_benchmarks\final_paper_results\cost_postgres_selected_plan\postgres_cost_per_query.csv
selected_plan_cost_runtime,PostgreSQL,JOB-Complex,11,,1.328292681406956,0.1232937797872772,C:\Users\vanya\Documents\DATA_SYS_LAB\test44\final_benchmarks\final_paper_results\cost_postgres_selected_plan\postgres_cost_per_query.csv
selected_plan_cost_runtime,PostgreSQL,JOB-Complex,12,,1.2273085327668714,-0.08895375362705246,C:\Users\vanya\Documents\DATA_SYS_LAB\test44\final_benchmarks\final_paper_results\cost_postgres_selected_plan\postgres_cost_per_query.csv
selected_plan_cost_runtime,PostgreSQL,JOB-Complex,13,,2.436921949289216,-0.3868416196501205,C:\Users\vanya\Documents\DATA_SYS_LAB\test44\final_benchmarks\final_paper_results\cost_postgres_selected_plan\postgres_cost_per_query.csv
selected_plan_cost_runtime,PostgreSQL,JOB-Complex,14,,4.609490502501442,-0.6636529244828014,C:\Users\vanya\Documents\DATA_SYS_LAB\test44\final_benchmarks\final_paper_results\cost_postgres_selected_plan\postgres_cost_per_query.csv
selected_plan_cost_runtime,PostgreSQL,JOB-Complex,15,,18.792118869937326,-1.273975750916983,C:\Users\vanya\Documents\DATA_SYS_LAB\test44\final_benchmarks\final_paper_results\cost_postgres_selected_plan\postgres_cost_per_query.csv
selected_plan_cost_runtime,PostgreSQL,JOB-Complex,16,,1.0109446676515055,0.004727385866722873,C:\Users\vanya\Documents\DATA_SYS_LAB\test44\final_benchmarks\final_paper_results\cost_postgres_selected_plan\postgres_cost_per_query.csv
selected_plan_cost_runtime,PostgreSQL,JOB-Complex,17,,3.0289697805732043,-0.4812949404851265,C:\Users\vanya\Documents\DATA_SYS_LAB\test44\final_benchmarks\final_paper_results\cost_postgres_selected_plan\postgres_cost_per_query.csv
selected_plan_cost_runtime,PostgreSQL,JOB-Complex,18,,1.2374349429580835,-0.09252237555953566,C:\Users\vanya\Documents\DATA_SYS_LAB\test44\final_benchmarks\final_paper_results\cost_postgres_selected_plan\postgres_cost_per_query.csv
selected_plan_cost_runtime,PostgreSQL,JOB-Complex,19,,1.3386778799076098,0.1266760872372233,C:\Users\vanya\Documents\DATA_SYS_LAB\test44\final_benchmarks\final_paper_results\cost_postgres_selected_plan\postgres_cost_per_query.csv
selected_plan_cost_runtime,PostgreSQL,JOB-Complex,20,,1.8316633835141638,-0.26284566359237116,C:\Users\vanya\Documents\DATA_SYS_LAB\test44\final_benchmarks\final_paper_results\cost_postgres_selected_plan\postgres_cost_per_query.csv
selected_plan_cost_runtime,PostgreSQL,JOB-Complex,21,,1.194295287581987,0.07711171867973197,C:\Users\vanya\Documents\DATA_SYS_LAB\test44\final_benchmarks\final_paper_results\cost_postgres_selected_plan\postgres_cost_per_query.csv
selected_plan_cost_runtime,PostgreSQL,JOB-Complex,22,,1.3575571724130662,-0.13275812860391503,C:\Users\vanya\Documents\DATA_SYS_LAB\test44\final_benchmarks\final_paper_results\cost_postgres_selected_plan\postgres_cost_per_query.csv
selected_plan_cost_runtime,PostgreSQL,JOB-Complex,23,,8.26009548124675,-0.9169850675066925,C:\Users\vanya\Documents\DATA_SYS_LAB\test44\final_benchmarks\final_paper_results\cost_postgres_selected_plan\postgres_cost_per_query.csv
selected_plan_cost_runtime,PostgreSQL,JOB-Complex,24,,1.2892093595692484,0.11032344979912595,C:\Users\vanya\Documents\DATA_SYS_LAB\test44\final_benchmarks\final_paper_results\cost_postgres_selected_plan\postgres_cost_per_query.csv
selected_plan_cost_runtime,PostgreSQL,JOB-Complex,25,,1.0767313701403396,-0.032107366234272156,C:\Users\vanya\Documents\DATA_SYS_LAB\test44\final_benchmarks\final_paper_results\cost_postgres_selected_plan\postgres_cost_per_query.csv
selected_plan_cost_runtime,PostgreSQL,JOB-Complex,26,,1.6320898288429113,-0.21274405827640486,C:\Users\vanya\Documents\DATA_SYS_LAB\test44\final_benchmarks\final_paper_results\cost_postgres_selected_plan\postgres_cost_per_query.csv
selected_plan_cost_runtime,PostgreSQL,JOB-Complex,27,,4.377583897788882,-0.6412344782272361,C:\Users\vanya\Documents\DATA_SYS_LAB\test44\final_benchmarks\final_paper_results\cost_postgres_selected_plan\postgres_cost_per_query.csv
selected_plan_cost_runtime,PostgreSQL,JOB-Complex,28,,1.131762355482281,0.053755244398556404,C:\Users\vanya\Documents\DATA_SYS_LAB\test44\final_benchmarks\final_paper_results\cost_postgres_selected_plan\postgres_cost_per_query.csv
selected_plan_cost_runtime,PostgreSQL,JOB-Complex,29,,1.5859063359255572,0.20027753418468694,C:\Users\vanya\Documents\DATA_SYS_LAB\test44\final_benchmarks\final_paper_results\cost_postgres_selected_plan\postgres_cost_per_query.csv
selected_plan_cost_runtime,PostgreSQL,JOB-Complex,30,,3.7229147734941095,-0.5708830942831572,C:\Users\vanya\Documents\DATA_SYS_LAB\test44\final_benchmarks\final_paper_results\cost_postgres_selected_plan\postgres_cost_per_query.csv
selected_plan_cost_runtime,Pretrained ZeroShot,JOB-Light,48,0,2.3074874970763855,0.3631393565168254,C:\Users\vanya\Documents\DATA_SYS_LAB\benchmark\cardinality_methods\cost_models\runs\pretrained_zeroshot_mirage_test42_100k\seed_0\mirage_job_light_0_test_pred.csv
selected_plan_cost_runtime,Pretrained ZeroShot,JOB-Light,36,0,2.8110328738623167,0.44886592453078517,C:\Users\vanya\Documents\DATA_SYS_LAB\benchmark\cardinality_methods\cost_models\runs\pretrained_zeroshot_mirage_test42_100k\seed_0\mirage_job_light_0_test_pred.csv
selected_plan_cost_runtime,Pretrained ZeroShot,JOB-Light,30,0,1.309344597204652,-0.11705396050735532,C:\Users\vanya\Documents\DATA_SYS_LAB\benchmark\cardinality_methods\cost_models\runs\pretrained_zeroshot_mirage_test42_100k\seed_0\mirage_job_light_0_test_pred.csv
selected_plan_cost_runtime,Pretrained ZeroShot,JOB-Light,40,0,2.1754313604951068,0.33754538492660224,C:\Users\vanya\Documents\DATA_SYS_LAB\benchmark\cardinality_methods\cost_models\runs\pretrained_zeroshot_mirage_test42_100k\seed_0\mirage_job_light_0_test_pred.csv
selected_plan_cost_runtime,Pretrained ZeroShot,JOB-Light,19,0,1.0258384793503734,-0.011078985484372621,C:\Users\vanya\Documents\DATA_SYS_LAB\benchmark\cardinality_methods\cost_models\runs\pretrained_zeroshot_mirage_test42_100k\seed_0\mirage_job_light_0_test_pred.csv
selected_plan_cost_runtime,Pretrained ZeroShot,JOB-Light,35,0,2.529817464559952,-0.40308918639548075,C:\Users\vanya\Documents\DATA_SYS_LAB\benchmark\cardinality_methods\cost_models\runs\pretrained_zeroshot_mirage_test42_100k\seed_0\mirage_job_light_0_test_pred.csv
selected_plan_cost_runtime,Pretrained ZeroShot,JOB-Light,7,0,2.364256020792432,0.3736945036800287,C:\Users\vanya\Documents\DATA_SYS_LAB\benchmark\cardinality_methods\cost_models\runs\pretrained_zeroshot_mirage_test42_100k\seed_0\mirage_job_light_0_test_pred.csv
selected_plan_cost_runtime,Pretrained ZeroShot,JOB-Light,18,0,2.1963087887617783,0.3416933994518461,C:\Users\vanya\Documents\DATA_SYS_LAB\benchmark\cardinality_methods\cost_models\runs\pretrained_zeroshot_mirage_test42_100k\seed_0\mirage_job_light_0_test_pred.csv
selected_plan_cost_runtime,Pretrained ZeroShot,JOB-Light,8,0,3.684625444705566,0.5663933468585397,C:\Users\vanya\Documents\DATA_SYS_LAB\benchmark\cardinality_methods\cost_models\runs\pretrained_zeroshot_mirage_test42_100k\seed_0\mirage_job_light_0_test_pred.csv
selected_plan_cost_runtime,Pretrained ZeroShot,JOB-Light,20,0,3.4952462278002163,0.5434777756777592,C:\Users\vanya\Documents\DATA_SYS_LAB\benchmark\cardinality_methods\cost_models\runs\pretrained_zeroshot_mirage_test42_100k\seed_0\mirage_job_light_0_test_pred.csv
selected_plan_cost_runtime,Pretrained ZeroShot,JOB-Light,61,0,1.9013860785856256,0.27907030980347153,C:\Users\vanya\Documents\DATA_SYS_LAB\benchmark\cardinality_methods\cost_models\runs\pretrained_zeroshot_mirage_test42_100k\seed_0\mirage_job_light_0_test_pred.csv
selected_plan_cost_runtime,Pretrained ZeroShot,JOB-Light,4,0,8.041831958605172,0.9053549938834073,C:\Users\vanya\Documents\DATA_SYS_LAB\benchmark\cardinality_methods\cost_models\runs\pretrained_zeroshot_mirage_test42_100k\seed_0\mirage_job_light_0_test_pred.csv
selected_plan_cost_runtime,Pretrained ZeroShot,JOB-Light,39,0,3.3088778794813876,0.5196807389803271,C:\Users\vanya\Documents\DATA_SYS_LAB\benchmark\cardinality_methods\cost_models\runs\pretrained_zeroshot_mirage_test42_100k\seed_0\mirage_job_light_0_test_pred.csv
selected_plan_cost_runtime,Pretrained ZeroShot,JOB-Light,67,0,1.5605848684170445,0.19328739163831476,C:\Users\vanya\Documents\DATA_SYS_LAB\benchmark\cardinality_methods\cost_models\runs\pretrained_zeroshot_mirage_test42_100k\seed_0\mirage_job_light_0_test_pred.csv
selected_plan_cost_runtime,Pretrained ZeroShot,JOB-Light,24,0,7.01233921927063,0.8458629167620357,C:\Users\vanya\Documents\DATA_SYS_LAB\benchmark\cardinality_methods\cost_models\runs\pretrained_zeroshot_mirage_test42_100k\seed_0\mirage_job_light_0_test_pred.csv
selected_plan_cost_runtime,Pretrained ZeroShot,JOB-Light,16,0,2.107317813483508,0.3237300383293151,C:\Users\vanya\Documents\DATA_SYS_LAB\benchmark\cardinality_methods\cost_models\runs\pretrained_zeroshot_mirage_test42_100k\seed_0\mirage_job_light_0_test_pred.csv
selected_plan_cost_runtime,Pretrained ZeroShot,JOB-Light,25,0,1.5122215915846635,-0.17961543465142932,C:\Users\vanya\Documents\DATA_SYS_LAB\benchmark\cardinality_methods\cost_models\runs\pretrained_zeroshot_mirage_test42_100k\seed_0\mirage_job_light_0_test_pred.csv
selected_plan_cost_runtime,Pretrained ZeroShot,JOB-Light,60,0,1.5982239771914326,0.2036376418378452,C:\Users\vanya\Documents\DATA_SYS_LAB\benchmark\cardinality_methods\cost_models\runs\pretrained_zeroshot_mirage_test42_100k\seed_0\mirage_job_light_0_test_pred.csv
selected_plan_cost_runtime,Pretrained ZeroShot,JOB-Light,43,0,4.8428822083350465,0.6851039059880578,C:\Users\vanya\Documents\DATA_SYS_LAB\benchmark\cardinality_methods\cost_models\runs\pretrained_zeroshot_mirage_test42_100k\seed_0\mirage_job_light_0_test_pred.csv
selected_plan_cost_runtime,Pretrained ZeroShot,JOB-Light,55,0,2.696720963983455,0.43083601131325194,C:\Users\vanya\Documents\DATA_SYS_LAB\benchmark\cardinality_methods\cost_models\runs\pretrained_zeroshot_mirage_test42_100k\seed_0\mirage_job_light_0_test_pred.csv
selected_plan_cost_runtime,Pretrained ZeroShot,JOB-Light,5,0,2.3471854128266356,0.37054739747544113,C:\Users\vanya\Documents\DATA_SYS_LAB\benchmark\cardinality_methods\cost_models\runs\pretrained_zeroshot_mirage_test42_100k\seed_0\mirage_job_light_0_test_pred.csv
selected_plan_cost_runtime,Pretrained ZeroShot,JOB-Light,58,0,1.3899483367215226,0.14299865817226862,C:\Users\vanya\Documents\DATA_SYS_LAB\benchmark\cardinality_methods\cost_models\runs\pretrained_zeroshot_mirage_test42_100k\seed_0\mirage_job_light_0_test_pred.csv
selected_plan_cost_runtime,Pretrained ZeroShot,JOB-Light,44,0,2.277787103585928,0.35751312972611476,C:\Users\vanya\Documents\DATA_SYS_LAB\benchmark\cardinality_methods\cost_models\runs\pretrained_zeroshot_mirage_test42_100k\seed_0\mirage_job_light_0_test_pred.csv
selected_plan_cost_runtime,Pretrained ZeroShot,JOB-Light,26,0,2.478401215936308,0.3941716134857809,C:\Users\vanya\Documents\DATA_SYS_LAB\benchmark\cardinality_methods\cost_models\runs\pretrained_zeroshot_mirage_test42_100k\seed_0\mirage_job_light_0_test_pred.csv
selected_plan_cost_runtime,Pretrained ZeroShot,JOB-Light,32,0,3.6945530460161473,0.5675619064954647,C:\Users\vanya\Documents\DATA_SYS_LAB\benchmark\cardinality_methods\cost_models\runs\pretrained_zeroshot_mirage_test42_100k\seed_0\mirage_job_light_0_test_pred.csv
selected_plan_cost_runtime,Pretrained ZeroShot,JOB-Light,0,0,11.43481210614823,1.0582290327876795,C:\Users\vanya\Documents\DATA_SYS_LAB\benchmark\cardinality_methods\cost_models\runs\pretrained_zeroshot_mirage_test42_100k\seed_0\mirage_job_light_0_test_pred.csv
selected_plan_cost_runtime,Pretrained ZeroShot,JOB-Light,62,0,1.1088860641197666,-0.04488692553052671,C:\Users\vanya\Documents\DATA_SYS_LAB\benchmark\cardinality_methods\cost_models\runs\pretrained_zeroshot_mirage_test42_100k\seed_0\mirage_job_light_0_test_pred.csv
selected_plan_cost_runtime,Pretrained ZeroShot,JOB-Light,14,0,1.4817631333011954,0.1707787852074697,C:\Users\vanya\Documents\DATA_SYS_LAB\benchmark\cardinality_methods\cost_models\runs\pretrained_zeroshot_mirage_test42_100k\seed_0\mirage_job_light_0_test_pred.csv
selected_plan_cost_runtime,Pretrained ZeroShot,JOB-Light,53,0,1.793600671300747,0.2537257577967028,C:\Users\vanya\Documents\DATA_SYS_LAB\benchmark\cardinality_methods\cost_models\runs\pretrained_zeroshot_mirage_test42_100k\seed_0\mirage_job_light_0_test_pred.csv
selected_plan_cost_runtime,Pretrained ZeroShot,JOB-Light,59,0,1.222672910928575,0.08731029025124816,C:\Users\vanya\Documents\DATA_SYS_LAB\benchmark\cardinality_methods\cost_models\runs\pretrained_zeroshot_mirage_test42_100k\seed_0\mirage_job_light_0_test_pred.csv
selected_plan_cost_runtime,Pretrained ZeroShot,JOB-Light,65,0,3.2623363586066287,0.5135287363351343,C:\Users\vanya\Documents\DATA_SYS_LAB\benchmark\cardinality_methods\cost_models\runs\pretrained_zeroshot_mirage_test42_100k\seed_0\mirage_job_light_0_test_pred.csv
selected_plan_cost_runtime,Pretrained ZeroShot,JOB-Light,21,0,1.241215976368971,0.0938473569896583,C:\Users\vanya\Documents\DATA_SYS_LAB\benchmark\cardinality_methods\cost_models\runs\pretrained_zeroshot_mirage_test42_100k\seed_0\mirage_job_light_0_test_pred.csv
selected_plan_cost_runtime,Pretrained ZeroShot,JOB-Light,46,0,2.3674518303368455,0.37428115133667295,C:\Users\vanya\Documents\DATA_SYS_LAB\benchmark\cardinality_methods\cost_models\runs\pretrained_zeroshot_mirage_test42_100k\seed_0\mirage_job_light_0_test_pred.csv
selected_plan_cost_runtime,Pretrained ZeroShot,JOB-Light,37,0,2.04523832768175,0.3107439227914049,C:\Users\vanya\Documents\DATA_SYS_LAB\benchmark\cardinality_methods\cost_models\runs\pretrained_zeroshot_mirage_test42_100k\seed_0\mirage_job_light_0_test_pred.csv
selected_plan_cost_runtime,Pretrained ZeroShot,JOB-Light,11,0,2.6739108214411464,0.4271469188564622,C:\Users\vanya\Documents\DATA_SYS_LAB\benchmark\cardinality_methods\cost_models\runs\pretrained_zeroshot_mirage_test42_100k\seed_0\mirage_job_light_0_test_pred.csv
selected_plan_cost_runtime,Pretrained ZeroShot,JOB-Light,3,0,2.8226017390789244,0.45064960477743227,C:\Users\vanya\Documents\DATA_SYS_LAB\benchmark\cardinality_methods\cost_models\runs\pretrained_zeroshot_mirage_test42_100k\seed_0\mirage_job_light_0_test_pred.csv
selected_plan_cost_runtime,Pretrained ZeroShot,JOB-Light,13,0,2.642619136980763,0.4220345756831579,C:\Users\vanya\Documents\DATA_SYS_LAB\benchmark\cardinality_methods\cost_models\runs\pretrained_zeroshot_mirage_test42_100k\seed_0\mirage_job_light_0_test_pred.csv
selected_plan_cost_runtime,Pretrained ZeroShot,JOB-Light,49,0,2.819693216814123,0.45020185956316944,C:\Users\vanya\Documents\DATA_SYS_LAB\benchmark\cardinality_methods\cost_models\runs\pretrained_zeroshot_mirage_test42_100k\seed_0\mirage_job_light_0_test_pred.csv
selected_plan_cost_runtime,Pretrained ZeroShot,JOB-Light,34,0,4.692096282087286,0.6713669152828332,C:\Users\vanya\Documents\DATA_SYS_LAB\benchmark\cardinality_methods\cost_models\runs\pretrained_zeroshot_mirage_test42_100k\seed_0\mirage_job_light_0_test_pred.csv
selected_plan_cost_runtime,Pretrained ZeroShot,JOB-Light,6,0,2.497998287771622,0.397592136355334,C:\Users\vanya\Documents\DATA_SYS_LAB\benchmark\cardinality_methods\cost_models\runs\pretrained_zeroshot_mirage_test42_100k\seed_0\mirage_job_light_0_test_pred.csv
selected_plan_cost_runtime,Pretrained ZeroShot,JOB-Light,57,0,1.312058287358876,0.11795312872564735,C:\Users\vanya\Documents\DATA_SYS_LAB\benchmark\cardinality_methods\cost_models\runs\pretrained_zeroshot_mirage_test42_100k\seed_0\mirage_job_light_0_test_pred.csv
selected_plan_cost_runtime,Pretrained ZeroShot,JOB-Light,12,0,2.2874081189628894,0.35934365826686965,C:\Users\vanya\Documents\DATA_SYS_LAB\benchmark\cardinality_methods\cost_models\runs\pretrained_zeroshot_mirage_test42_100k\seed_0\mirage_job_light_0_test_pred.csv
selected_plan_cost_runtime,Pretrained ZeroShot,JOB-Light,27,0,3.6156995818138298,0.5581923390100304,C:\Users\vanya\Documents\DATA_SYS_LAB\benchmark\cardinality_methods\cost_models\runs\pretrained_zeroshot_mirage_test42_100k\seed_0\mirage_job_light_0_test_pred.csv
selected_plan_cost_runtime,Pretrained ZeroShot,JOB-Light,1,0,2.3728680770144996,0.3752735936672908,C:\Users\vanya\Documents\DATA_SYS_LAB\benchmark\cardinality_methods\cost_models\runs\pretrained_zeroshot_mirage_test42_100k\seed_0\mirage_job_light_0_test_pred.csv
selected_plan_cost_runtime,Pretrained ZeroShot,JOB-Light,69,0,1.6275160021491668,0.21152526735446384,C:\Users\vanya\Documents\DATA_SYS_LAB\benchmark\cardinality_methods\cost_models\runs\pretrained_zeroshot_mirage_test42_100k\seed_0\mirage_job_light_0_test_pred.csv
selected_plan_cost_runtime,Pretrained ZeroShot,JOB-Light,15,0,2.2737338814760877,0.35673963336420467,C:\Users\vanya\Documents\DATA_SYS_LAB\benchmark\cardinality_methods\cost_models\runs\pretrained_zeroshot_mirage_test42_100k\seed_0\mirage_job_light_0_test_pred.csv
selected_plan_cost_runtime,Pretrained ZeroShot,JOB-Light,42,0,2.1757408185346416,0.3376071595076335,C:\Users\vanya\Documents\DATA_SYS_LAB\benchmark\cardinality_methods\cost_models\runs\pretrained_zeroshot_mirage_test42_100k\seed_0\mirage_job_light_0_test_pred.csv
selected_plan_cost_runtime,Pretrained ZeroShot,JOB-Light,52,0,1.0418351968955115,-0.017799025355550755,C:\Users\vanya\Documents\DATA_SYS_LAB\benchmark\cardinality_methods\cost_models\runs\pretrained_zeroshot_mirage_test42_100k\seed_0\mirage_job_light_0_test_pred.csv
selected_plan_cost_runtime,Pretrained ZeroShot,JOB-Light,63,0,1.0291471276546706,-0.012477466269700909,C:\Users\vanya\Documents\DATA_SYS_LAB\benchmark\cardinality_methods\cost_models\runs\pretrained_zeroshot_mirage_test42_100k\seed_0\mirage_job_light_0_test_pred.csv
selected_plan_cost_runtime,Pretrained ZeroShot,JOB-Light,56,0,2.5693066320969047,0.4098159379295948,C:\Users\vanya\Documents\DATA_SYS_LAB\benchmark\cardinality_methods\cost_models\runs\pretrained_zeroshot_mirage_test42_100k\seed_0\mirage_job_light_0_test_pred.csv
selected_plan_cost_runtime,Pretrained ZeroShot,JOB-Light,33,0,2.5711784138189198,0.4101322133401308,C:\Users\vanya\Documents\DATA_SYS_LAB\benchmark\cardinality_methods\cost_models\runs\pretrained_zeroshot_mirage_test42_100k\seed_0\mirage_job_light_0_test_pred.csv
selected_plan_cost_runtime,Pretrained ZeroShot,JOB-Light,47,0,1.964717377094509,-0.2933000863165216,C:\Users\vanya\Documents\DATA_SYS_LAB\benchmark\cardinality_methods\cost_models\runs\pretrained_zeroshot_mirage_test42_100k\seed_0\mirage_job_light_0_test_pred.csv
selected_plan_cost_runtime,Pretrained ZeroShot,JOB-Light,2,0,10.956437856130348,1.0396693797978365,C:\Users\vanya\Documents\DATA_SYS_LAB\benchmark\cardinality_methods\cost_models\runs\pretrained_zeroshot_mirage_test42_100k\seed_0\mirage_job_light_0_test_pred.csv
selected_plan_cost_runtime,Pretrained ZeroShot,JOB-Light,64,0,3.8491369679772456,0.5853633653368235,C:\Users\vanya\Documents\DATA_SYS_LAB\benchmark\cardinality_methods\cost_models\runs\pretrained_zeroshot_mirage_test42_100k\seed_0\mirage_job_light_0_test_pred.csv
selected_plan_cost_runtime,Pretrained ZeroShot,JOB-Light,66,0,3.2174378032012867,0.5075101602422967,C:\Users\vanya\Documents\DATA_SYS_LAB\benchmark\cardinality_methods\cost_models\runs\pretrained_zeroshot_mirage_test42_100k\seed_0\mirage_job_light_0_test_pred.csv
selected_plan_cost_runtime,Pretrained ZeroShot,JOB-Light,10,0,3.656142078611686,0.563023064183818,C:\Users\vanya\Documents\DATA_SYS_LAB\benchmark\cardinality_methods\cost_models\runs\pretrained_zeroshot_mirage_test42_100k\seed_0\mirage_job_light_0_test_pred.csv
selected_plan_cost_runtime,Pretrained ZeroShot,JOB-Light,23,0,2.9392565295650632,0.46823749165705325,C:\Users\vanya\Documents\DATA_SYS_LAB\benchmark\cardinality_methods\cost_models\runs\pretrained_zeroshot_mirage_test42_100k\seed_0\mirage_job_light_0_test_pred.csv
selected_plan_cost_runtime,Pretrained ZeroShot,JOB-Light,31,0,1.0959722734789976,0.03979956726204705,C:\Users\vanya\Documents\DATA_SYS_LAB\benchmark\cardinality_methods\cost_models\runs\pretrained_zeroshot_mirage_test42_100k\seed_0\mirage_job_light_0_test_pred.csv
selected_plan_cost_runtime,Pretrained ZeroShot,JOB-Light,28,0,3.5125369042515557,0.5456208958251972,C:\Users\vanya\Documents\DATA_SYS_LAB\benchmark\cardinality_methods\cost_models\runs\pretrained_zeroshot_mirage_test42_100k\seed_0\mirage_job_light_0_test_pred.csv
selected_plan_cost_runtime,Pretrained ZeroShot,JOB-Light,22,0,4.249756019940597,0.6283639977597203,C:\Users\vanya\Documents\DATA_SYS_LAB\benchmark\cardinality_methods\cost_models\runs\pretrained_zeroshot_mirage_test42_100k\seed_0\mirage_job_light_0_test_pred.csv
selected_plan_cost_runtime,Pretrained ZeroShot,JOB-Light,41,0,5.505752412547897,-0.7408166777652921,C:\Users\vanya\Documents\DATA_SYS_LAB\benchmark\cardinality_methods\cost_models\runs\pretrained_zeroshot_mirage_test42_100k\seed_0\mirage_job_light_0_test_pred.csv
selected_plan_cost_runtime,Pretrained ZeroShot,JOB-Light,50,0,1.118721692881979,0.04872205946972288,C:\Users\vanya\Documents\DATA_SYS_LAB\benchmark\cardinality_methods\cost_models\runs\pretrained_zeroshot_mirage_test42_100k\seed_0\mirage_job_light_0_test_pred.csv
selected_plan_cost_runtime,Pretrained ZeroShot,JOB-Light,45,0,1.0053267068956493,0.00230721991029697,C:\Users\vanya\Documents\DATA_SYS_LAB\benchmark\cardinality_methods\cost_models\runs\pretrained_zeroshot_mirage_test42_100k\seed_0\mirage_job_light_0_test_pred.csv
selected_plan_cost_runtime,Pretrained ZeroShot,JOB-Light,54,0,1.8538680855599796,0.2680788281085869,C:\Users\vanya\Documents\DATA_SYS_LAB\benchmark\cardinality_methods\cost_models\runs\pretrained_zeroshot_mirage_test42_100k\seed_0\mirage_job_light_0_test_pred.csv
selected_plan_cost_runtime,Pretrained ZeroShot,JOB-Light,38,0,2.8814864573142978,0.4596165827834197,C:\Users\vanya\Documents\DATA_SYS_LAB\benchmark\cardinality_methods\cost_models\runs\pretrained_zeroshot_mirage_test42_100k\seed_0\mirage_job_light_0_test_pred.csv
selected_plan_cost_runtime,Pretrained ZeroShot,JOB-Light,68,0,1.9734765895817143,0.2952319789323026,C:\Users\vanya\Documents\DATA_SYS_LAB\benchmark\cardinality_methods\cost_models\runs\pretrained_zeroshot_mirage_test42_100k\seed_0\mirage_job_light_0_test_pred.csv
selected_plan_cost_runtime,Pretrained ZeroShot,JOB-Light,17,0,2.011313447905795,0.30347975736351906,C:\Users\vanya\Documents\DATA_SYS_LAB\benchmark\cardinality_methods\cost_models\runs\pretrained_zeroshot_mirage_test42_100k\seed_0\mirage_job_light_0_test_pred.csv
selected_plan_cost_runtime,Pretrained ZeroShot,JOB-Light,9,0,3.6605813459370298,0.5635500622477858,C:\Users\vanya\Documents\DATA_SYS_LAB\benchmark\cardinality_methods\cost_models\runs\pretrained_zeroshot_mirage_test42_100k\seed_0\mirage_job_light_0_test_pred.csv
selected_plan_cost_runtime,Pretrained ZeroShot,JOB-Light,29,0,2.501400463598227,0.3981832260001198,C:\Users\vanya\Documents\DATA_SYS_LAB\benchmark\cardinality_methods\cost_models\runs\pretrained_zeroshot_mirage_test42_100k\seed_0\mirage_job_light_0_test_pred.csv
selected_plan_cost_runtime,Pretrained ZeroShot,JOB-Light,51,0,1.1468102016454063,0.059491547632137855,C:\Users\vanya\Documents\DATA_SYS_LAB\benchmark\cardinality_methods\cost_models\runs\pretrained_zeroshot_mirage_test42_100k\seed_0\mirage_job_light_0_test_pred.csv
selected_plan_cost_runtime,Pretrained ZeroShot,JOB,63,0,1.552170997433001,0.190939564313121,C:\Users\vanya\Documents\DATA_SYS_LAB\benchmark\cardinality_methods\cost_models\runs\pretrained_zeroshot_mirage_test42_100k\seed_0\mirage_job_0_test_pred.csv
selected_plan_cost_runtime,Pretrained ZeroShot,JOB,105,0,4.606276046015246,0.6633499609119389,C:\Users\vanya\Documents\DATA_SYS_LAB\benchmark\cardinality_methods\cost_models\runs\pretrained_zeroshot_mirage_test42_100k\seed_0\mirage_job_0_test_pred.csv
selected_plan_cost_runtime,Pretrained ZeroShot,JOB,112,0,88.80025881776558,1.9484142315777406,C:\Users\vanya\Documents\DATA_SYS_LAB\benchmark\cardinality_methods\cost_models\runs\pretrained_zeroshot_mirage_test42_100k\seed_0\mirage_job_0_test_pred.csv
selected_plan_cost_runtime,Pretrained ZeroShot,JOB,67,0,8.84598674634689,-0.9467462843448304,C:\Users\vanya\Documents\DATA_SYS_LAB\benchmark\cardinality_methods\cost_models\runs\pretrained_zeroshot_mirage_test42_100k\seed_0\mirage_job_0_test_pred.csv
selected_plan_cost_runtime,Pretrained ZeroShot,JOB,37,0,3.8980846559717346,0.5908512665984719,C:\Users\vanya\Documents\DATA_SYS_LAB\benchmark\cardinality_methods\cost_models\runs\pretrained_zeroshot_mirage_test42_100k\seed_0\mirage_job_0_test_pred.csv
selected_plan_cost_runtime,Pretrained ZeroShot,JOB,90,0,170.15482406492856,-2.230844266303294,C:\Users\vanya\Documents\DATA_SYS_LAB\benchmark\cardinality_methods\cost_models\runs\pretrained_zeroshot_mirage_test42_100k\seed_0\mirage_job_0_test_pred.csv
selected_plan_cost_runtime,Pretrained ZeroShot,JOB,111,0,8.221552993495058,-0.9149538604599142,C:\Users\vanya\Documents\DATA_SYS_LAB\benchmark\cardinality_methods\cost_models\runs\pretrained_zeroshot_mirage_test42_100k\seed_0\mirage_job_0_test_pred.csv
selected_plan_cost_runtime,Pretrained ZeroShot,JOB,68,0,1.2334717243561235,0.09112919833580162,C:\Users\vanya\Documents\DATA_SYS_LAB\benchmark\cardinality_methods\cost_models\runs\pretrained_zeroshot_mirage_test42_100k\seed_0\mirage_job_0_test_pred.csv
selected_plan_cost_runtime,Pretrained ZeroShot,JOB,3,0,4.151571930375539,-0.6182125669357846,C:\Users\vanya\Documents\DATA_SYS_LAB\benchmark\cardinality_methods\cost_models\runs\pretrained_zeroshot_mirage_test42_100k\seed_0\mirage_job_0_test_pred.csv
selected_plan_cost_runtime,Pretrained ZeroShot,JOB,33,0,2.0739050245801267,0.3167888637959236,C:\Users\vanya\Documents\DATA_SYS_LAB\benchmark\cardinality_methods\cost_models\runs\pretrained_zeroshot_mirage_test42_100k\seed_0\mirage_job_0_test_pred.csv
selected_plan_cost_runtime,Pretrained ZeroShot,JOB,27,0,1.614492514667445,0.20803603582195723,C:\Users\vanya\Documents\DATA_SYS_LAB\benchmark\cardinality_methods\cost_models\runs\pretrained_zeroshot_mirage_test42_100k\seed_0\mirage_job_0_test_pred.csv
selected_plan_cost_runtime,Pretrained ZeroShot,JOB,58,0,4.654315575756177,0.6678558263428773,C:\Users\vanya\Documents\DATA_SYS_LAB\benchmark\cardinality_methods\cost_models\runs\pretrained_zeroshot_mirage_test42_100k\seed_0\mirage_job_0_test_pred.csv
selected_plan_cost_runtime,Pretrained ZeroShot,JOB,50,0,2.07822975177523,0.3176935578566579,C:\Users\vanya\Documents\DATA_SYS_LAB\benchmark\cardinality_methods\cost_models\runs\pretrained_zeroshot_mirage_test42_100k\seed_0\mirage_job_0_test_pred.csv
selected_plan_cost_runtime,Pretrained ZeroShot,JOB,44,0,3.6826528304057784,0.5661607791466106,C:\Users\vanya\Documents\DATA_SYS_LAB\benchmark\cardinality_methods\cost_models\runs\pretrained_zeroshot_mirage_test42_100k\seed_0\mirage_job_0_test_pred.csv
selected_plan_cost_runtime,Pretrained ZeroShot,JOB,2,0,3.879359454024788,-0.5887600223602689,C:\Users\vanya\Documents\DATA_SYS_LAB\benchmark\cardinality_methods\cost_models\runs\pretrained_zeroshot_mirage_test42_100k\seed_0\mirage_job_0_test_pred.csv
selected_plan_cost_runtime,Pretrained ZeroShot,JOB,29,0,2.612819029394598,0.4171093304096523,C:\Users\vanya\Documents\DATA_SYS_LAB\benchmark\cardinality_methods\cost_models\runs\pretrained_zeroshot_mirage_test42_100k\seed_0\mirage_job_0_test_pred.csv
selected_plan_cost_runtime,Pretrained ZeroShot,JOB,55,0,5.609390898985589,0.7489157055393989,C:\Users\vanya\Documents\DATA_SYS_LAB\benchmark\cardinality_methods\cost_models\runs\pretrained_zeroshot_mirage_test42_100k\seed_0\mirage_job_0_test_pred.csv
selected_plan_cost_runtime,Pretrained ZeroShot,JOB,60,0,2.849557870533912,0.4547774813127743,C:\Users\vanya\Documents\DATA_SYS_LAB\benchmark\cardinality_methods\cost_models\runs\pretrained_zeroshot_mirage_test42_100k\seed_0\mirage_job_0_test_pred.csv
selected_plan_cost_runtime,Pretrained ZeroShot,JOB,46,0,66.37377517224948,-1.8219965199148913,C:\Users\vanya\Documents\DATA_SYS_LAB\benchmark\cardinality_methods\cost_models\runs\pretrained_zeroshot_mirage_test42_100k\seed_0\mirage_job_0_test_pred.csv
selected_plan_cost_runtime,Pretrained ZeroShot,JOB,57,0,1.927096620394584,0.28490348977338537,C:\Users\vanya\Documents\DATA_SYS_LAB\benchmark\cardinality_methods\cost_models\runs\pretrained_zeroshot_mirage_test42_100k\seed_0\mirage_job_0_test_pred.csv
selected_plan_cost_runtime,Pretrained ZeroShot,JOB,74,0,1.0901673244770338,-0.037493160803047036,C:\Users\vanya\Documents\DATA_SYS_LAB\benchmark\cardinality_methods\cost_models\runs\pretrained_zeroshot_mirage_test42_100k\seed_0\mirage_job_0_test_pred.csv
selected_plan_cost_runtime,Pretrained ZeroShot,JOB,75,0,8.95897145067827,0.9522581526380752,C:\Users\vanya\Documents\DATA_SYS_LAB\benchmark\cardinality_methods\cost_models\runs\pretrained_zeroshot_mirage_test42_100k\seed_0\mirage_job_0_test_pred.csv
selected_plan_cost_runtime,Pretrained ZeroShot,JOB,0,0,4.200034742354739,-0.6232528828623163,C:\Users\vanya\Documents\DATA_SYS_LAB\benchmark\cardinality_methods\cost_models\runs\pretrained_zeroshot_mirage_test42_100k\seed_0\mirage_job_0_test_pred.csv
selected_plan_cost_runtime,Pretrained ZeroShot,JOB,26,0,1.1816923619887212,-0.07250442842304855,C:\Users\vanya\Documents\DATA_SYS_LAB\benchmark\cardinality_methods\cost_models\runs\pretrained_zeroshot_mirage_test42_100k\seed_0\mirage_job_0_test_pred.csv
selected_plan_cost_runtime,Pretrained ZeroShot,JOB,12,0,6.701695632487369,0.826184699814852,C:\Users\vanya\Documents\DATA_SYS_LAB\benchmark\cardinality_methods\cost_models\runs\pretrained_zeroshot_mirage_test42_100k\seed_0\mirage_job_0_test_pred.csv
selected_plan_cost_runtime,Pretrained ZeroShot,JOB,93,0,20.840473919486385,1.3189075907444527,C:\Users\vanya\Documents\DATA_SYS_LAB\benchmark\cardinality_methods\cost_models\runs\pretrained_zeroshot_mirage_test42_100k\seed_0\mirage_job_0_test_pred.csv
selected_plan_cost_runtime,Pretrained ZeroShot,JOB,70,0,3.5716890306577103,-0.5528736399845955,C:\Users\vanya\Documents\DATA_SYS_LAB\benchmark\cardinality_methods\cost_models\runs\pretrained_zeroshot_mirage_test42_100k\seed_0\mirage_job_0_test_pred.csv
selected_plan_cost_runtime,Pretrained ZeroShot,JOB,79,0,21.145153020507195,-1.3252108323404,C:\Users\vanya\Documents\DATA_SYS_LAB\benchmark\cardinality_methods\cost_models\runs\pretrained_zeroshot_mirage_test42_100k\seed_0\mirage_job_0_test_pred.csv
selected_plan_cost_runtime,Pretrained ZeroShot,JOB,109,0,12.424380982804164,1.094274760186109,C:\Users\vanya\Documents\DATA_SYS_LAB\benchmark\cardinality_methods\cost_models\runs\pretrained_zeroshot_mirage_test42_100k\seed_0\mirage_job_0_test_pred.csv
selected_plan_cost_runtime,Pretrained ZeroShot,JOB,81,0,45.554458099272615,-1.6585308847815323,C:\Users\vanya\Documents\DATA_SYS_LAB\benchmark\cardinality_methods\cost_models\runs\pretrained_zeroshot_mirage_test42_100k\seed_0\mirage_job_0_test_pred.csv
selected_plan_cost_runtime,Pretrained ZeroShot,JOB,53,0,1.1448473185766017,-0.058747571286324844,C:\Users\vanya\Documents\DATA_SYS_LAB\benchmark\cardinality_methods\cost_models\runs\pretrained_zeroshot_mirage_test42_100k\seed_0\mirage_job_0_test_pred.csv
selected_plan_cost_runtime,Pretrained ZeroShot,JOB,62,0,5.09486115470005,0.7071323530982363,C:\Users\vanya\Documents\DATA_SYS_LAB\benchmark\cardinality_methods\cost_models\runs\pretrained_zeroshot_mirage_test42_100k\seed_0\mirage_job_0_test_pred.csv
selected_plan_cost_runtime,Pretrained ZeroShot,JOB,100,0,1.2577916204416504,-0.09960869708033747,C:\Users\vanya\Documents\DATA_SYS_LAB\benchmark\cardinality_methods\cost_models\runs\pretrained_zeroshot_mirage_test42_100k\seed_0\mirage_job_0_test_pred.csv
selected_plan_cost_runtime,Pretrained ZeroShot,JOB,66,0,4.510895787315531,0.6542627939528198,C:\Users\vanya\Documents\DATA_SYS_LAB\benchmark\cardinality_methods\cost_models\runs\pretrained_zeroshot_mirage_test42_100k\seed_0\mirage_job_0_test_pred.csv
selected_plan_cost_runtime,Pretrained ZeroShot,JOB,49,0,2.6045469210705203,0.4157321856805837,C:\Users\vanya\Documents\DATA_SYS_LAB\benchmark\cardinality_methods\cost_models\runs\pretrained_zeroshot_mirage_test42_100k\seed_0\mirage_job_0_test_pred.csv
selected_plan_cost_runtime,Pretrained ZeroShot,JOB,5,0,4.478888014978977,0.6511702039752345,C:\Users\vanya\Documents\DATA_SYS_LAB\benchmark\cardinality_methods\cost_models\runs\pretrained_zeroshot_mirage_test42_100k\seed_0\mirage_job_0_test_pred.csv
selected_plan_cost_runtime,Pretrained ZeroShot,JOB,23,0,3.333884094340629,0.5229504970926805,C:\Users\vanya\Documents\DATA_SYS_LAB\benchmark\cardinality_methods\cost_models\runs\pretrained_zeroshot_mirage_test42_100k\seed_0\mirage_job_0_test_pred.csv
selected_plan_cost_runtime,Pretrained ZeroShot,JOB,13,0,3.217293184125749,0.507490638908268,C:\Users\vanya\Documents\DATA_SYS_LAB\benchmark\cardinality_methods\cost_models\runs\pretrained_zeroshot_mirage_test42_100k\seed_0\mirage_job_0_test_pred.csv
selected_plan_cost_runtime,Pretrained ZeroShot,JOB,15,0,1.9769406766851332,-0.2959936373587678,C:\Users\vanya\Documents\DATA_SYS_LAB\benchmark\cardinality_methods\cost_models\runs\pretrained_zeroshot_mirage_test42_100k\seed_0\mirage_job_0_test_pred.csv
selected_plan_cost_runtime,Pretrained ZeroShot,JOB,106,0,1.2917084450722822,-0.11116449896467631,C:\Users\vanya\Documents\DATA_SYS_LAB\benchmark\cardinality_methods\cost_models\runs\pretrained_zeroshot_mirage_test42_100k\seed_0\mirage_job_0_test_pred.csv
selected_plan_cost_runtime,Pretrained ZeroShot,JOB,72,0,1.6540025962196643,-0.21853618691120083,C:\Users\vanya\Documents\DATA_SYS_LAB\benchmark\cardinality_methods\cost_models\runs\pretrained_zeroshot_mirage_test42_100k\seed_0\mirage_job_0_test_pred.csv
selected_plan_cost_runtime,Pretrained ZeroShot,JOB,28,0,2.5160735783445833,0.4007233371714051,C:\Users\vanya\Documents\DATA_SYS_LAB\benchmark\cardinality_methods\cost_models\runs\pretrained_zeroshot_mirage_test42_100k\seed_0\mirage_job_0_test_pred.csv
selected_plan_cost_runtime,Pretrained ZeroShot,JOB,17,0,1.353163648167504,0.13135032224311033,C:\Users\vanya\Documents\DATA_SYS_LAB\benchmark\cardinality_methods\cost_models\runs\pretrained_zeroshot_mirage_test42_100k\seed_0\mirage_job_0_test_pred.csv
selected_plan_cost_runtime,Pretrained ZeroShot,JOB,73,0,1.2203190535058437,-0.08647339220073824,C:\Users\vanya\Documents\DATA_SYS_LAB\benchmark\cardinality_methods\cost_models\runs\pretrained_zeroshot_mirage_test42_100k\seed_0\mirage_job_0_test_pred.csv
selected_plan_cost_runtime,Pretrained ZeroShot,JOB,51,0,5.156021067362106,0.7123146832004537,C:\Users\vanya\Documents\DATA_SYS_LAB\benchmark\cardinality_methods\cost_models\runs\pretrained_zeroshot_mirage_test42_100k\seed_0\mirage_job_0_test_pred.csv
selected_plan_cost_runtime,Pretrained ZeroShot,JOB,82,0,3.596958696765316,-0.5559354509211256,C:\Users\vanya\Documents\DATA_SYS_LAB\benchmark\cardinality_methods\cost_models\runs\pretrained_zeroshot_mirage_test42_100k\seed_0\mirage_job_0_test_pred.csv
selected_plan_cost_runtime,Pretrained ZeroShot,JOB,25,0,2.400145166585382,0.38023750968676906,C:\Users\vanya\Documents\DATA_SYS_LAB\benchmark\cardinality_methods\cost_models\runs\pretrained_zeroshot_mirage_test42_100k\seed_0\mirage_job_0_test_pred.csv
selected_plan_cost_runtime,Pretrained ZeroShot,JOB,10,0,7.313254417210342,0.8641106821441442,C:\Users\vanya\Documents\DATA_SYS_LAB\benchmark\cardinality_methods\cost_models\runs\pretrained_zeroshot_mirage_test42_100k\seed_0\mirage_job_0_test_pred.csv
selected_plan_cost_runtime,Pretrained ZeroShot,JOB,11,0,3.110286959557805,0.49280045951020357,C:\Users\vanya\Documents\DATA_SYS_LAB\benchmark\cardinality_methods\cost_models\runs\pretrained_zeroshot_mirage_test42_100k\seed_0\mirage_job_0_test_pred.csv
selected_plan_cost_runtime,Pretrained ZeroShot,JOB,65,0,1.0673223695028267,0.028295611693526016,C:\Users\vanya\Documents\DATA_SYS_LAB\benchmark\cardinality_methods\cost_models\runs\pretrained_zeroshot_mirage_test42_100k\seed_0\mirage_job_0_test_pred.csv
selected_plan_cost_runtime,Pretrained ZeroShot,JOB,76,0,9.776047469312646,0.990163301696606,C:\Users\vanya\Documents\DATA_SYS_LAB\benchmark\cardinality_methods\cost_models\runs\pretrained_zeroshot_mirage_test42_100k\seed_0\mirage_job_0_test_pred.csv
selected_plan_cost_runtime,Pretrained ZeroShot,JOB,95,0,3.3184126609188613,-0.5209303916992759,C:\Users\vanya\Documents\DATA_SYS_LAB\benchmark\cardinality_methods\cost_models\runs\pretrained_zeroshot_mirage_test42_100k\seed_0\mirage_job_0_test_pred.csv
selected_plan_cost_runtime,Pretrained ZeroShot,JOB,31,0,1.107991069978139,0.044536260144354835,C:\Users\vanya\Documents\DATA_SYS_LAB\benchmark\cardinality_methods\cost_models\runs\pretrained_zeroshot_mirage_test42_100k\seed_0\mirage_job_0_test_pred.csv
selected_plan_cost_runtime,Pretrained ZeroShot,JOB,85,0,1.0277893865988104,0.011904128658193,C:\Users\vanya\Documents\DATA_SYS_LAB\benchmark\cardinality_methods\cost_models\runs\pretrained_zeroshot_mirage_test42_100k\seed_0\mirage_job_0_test_pred.csv
selected_plan_cost_runtime,Pretrained ZeroShot,JOB,89,0,3.359917459535827,-0.526328608548049,C:\Users\vanya\Documents\DATA_SYS_LAB\benchmark\cardinality_methods\cost_models\runs\pretrained_zeroshot_mirage_test42_100k\seed_0\mirage_job_0_test_pred.csv
selected_plan_cost_runtime,Pretrained ZeroShot,JOB,103,0,2.4776422966849228,0.39403860640268185,C:\Users\vanya\Documents\DATA_SYS_LAB\benchmark\cardinality_methods\cost_models\runs\pretrained_zeroshot_mirage_test42_100k\seed_0\mirage_job_0_test_pred.csv
selected_plan_cost_runtime,Pretrained ZeroShot,JOB,86,0,1.7020422704670126,-0.23097034164904467,C:\Users\vanya\Documents\DATA_SYS_LAB\benchmark\cardinality_methods\cost_models\runs\pretrained_zeroshot_mirage_test42_100k\seed_0\mirage_job_0_test_pred.csv
selected_plan_cost_runtime,Pretrained ZeroShot,JOB,110,0,23.018237648444156,-1.36207206956071,C:\Users\vanya\Documents\DATA_SYS_LAB\benchmark\cardinality_methods\cost_models\runs\pretrained_zeroshot_mirage_test42_100k\seed_0\mirage_job_0_test_pred.csv
selected_plan_cost_runtime,Pretrained ZeroShot,JOB,45,0,1.3880902913720927,0.14241771667307712,C:\Users\vanya\Documents\DATA_SYS_LAB\benchmark\cardinality_methods\cost_models\runs\pretrained_zeroshot_mirage_test42_100k\seed_0\mirage_job_0_test_pred.csv
selected_plan_cost_runtime,Pretrained ZeroShot,JOB,7,0,4.6713149754360375,0.669439151698385,C:\Users\vanya\Documents\DATA_SYS_LAB\benchmark\cardinality_methods\cost_models\runs\pretrained_zeroshot_mirage_test42_100k\seed_0\mirage_job_0_test_pred.csv
selected_plan_cost_runtime,Pretrained ZeroShot,JOB,96,0,1.2705980587867864,-0.10400818748686237,C:\Users\vanya\Documents\DATA_SYS_LAB\benchmark\cardinality_methods\cost_models\runs\pretrained_zeroshot_mirage_test42_100k\seed_0\mirage_job_0_test_pred.csv
selected_plan_cost_runtime,Pretrained ZeroShot,JOB,22,0,1.1612221154220734,-0.0649152983569417,C:\Users\vanya\Documents\DATA_SYS_LAB\benchmark\cardinality_methods\cost_models\runs\pretrained_zeroshot_mirage_test42_100k\seed_0\mirage_job_0_test_pred.csv
selected_plan_cost_runtime,Pretrained ZeroShot,JOB,6,0,8.905671937705156,0.9496666927861587,C:\Users\vanya\Documents\DATA_SYS_LAB\benchmark\cardinality_methods\cost_models\runs\pretrained_zeroshot_mirage_test42_100k\seed_0\mirage_job_0_test_pred.csv
selected_plan_cost_runtime,Pretrained ZeroShot,JOB,16,0,4.148541477850639,-0.6178954366020205,C:\Users\vanya\Documents\DATA_SYS_LAB\benchmark\cardinality_methods\cost_models\runs\pretrained_zeroshot_mirage_test42_100k\seed_0\mirage_job_0_test_pred.csv
selected_plan_cost_runtime,Pretrained ZeroShot,JOB,99,0,3.203278770932169,-0.5055947355446512,C:\Users\vanya\Documents\DATA_SYS_LAB\benchmark\cardinality_methods\cost_models\runs\pretrained_zeroshot_mirage_test42_100k\seed_0\mirage_job_0_test_pred.csv
selected_plan_cost_runtime,Pretrained ZeroShot,JOB,32,0,10.647015423804389,1.0272278832086363,C:\Users\vanya\Documents\DATA_SYS_LAB\benchmark\cardinality_methods\cost_models\runs\pretrained_zeroshot_mirage_test42_100k\seed_0\mirage_job_0_test_pred.csv
selected_plan_cost_runtime,Pretrained ZeroShot,JOB,92,0,1023.6528427685322,-3.0101526968423746,C:\Users\vanya\Documents\DATA_SYS_LAB\benchmark\cardinality_methods\cost_models\runs\pretrained_zeroshot_mirage_test42_100k\seed_0\mirage_job_0_test_pred.csv
selected_plan_cost_runtime,Pretrained ZeroShot,JOB,54,0,2.0795710993992675,-0.31797377324575177,C:\Users\vanya\Documents\DATA_SYS_LAB\benchmark\cardinality_methods\cost_models\runs\pretrained_zeroshot_mirage_test42_100k\seed_0\mirage_job_0_test_pred.csv
selected_plan_cost_runtime,Pretrained ZeroShot,JOB,38,0,13.201020161935343,1.1206074943558093,C:\Users\vanya\Documents\DATA_SYS_LAB\benchmark\cardinality_methods\cost_models\runs\pretrained_zeroshot_mirage_test42_100k\seed_0\mirage_job_0_test_pred.csv
selected_plan_cost_runtime,Pretrained ZeroShot,JOB,30,0,1.095966752043925,-0.03979737930995865,C:\Users\vanya\Documents\DATA_SYS_LAB\benchmark\cardinality_methods\cost_models\runs\pretrained_zeroshot_mirage_test42_100k\seed_0\mirage_job_0_test_pred.csv
selected_plan_cost_runtime,Pretrained ZeroShot,JOB,8,0,5.606900967002586,0.7487228853540442,C:\Users\vanya\Documents\DATA_SYS_LAB\benchmark\cardinality_methods\cost_models\runs\pretrained_zeroshot_mirage_test42_100k\seed_0\mirage_job_0_test_pred.csv
selected_plan_cost_runtime,Pretrained ZeroShot,JOB,88,0,2.6648135276227274,0.42566682433524883,C:\Users\vanya\Documents\DATA_SYS_LAB\benchmark\cardinality_methods\cost_models\runs\pretrained_zeroshot_mirage_test42_100k\seed_0\mirage_job_0_test_pred.csv
selected_plan_cost_runtime,Pretrained ZeroShot,JOB,52,0,133.4404769298025,2.125287585508976,C:\Users\vanya\Documents\DATA_SYS_LAB\benchmark\cardinality_methods\cost_models\runs\pretrained_zeroshot_mirage_test42_100k\seed_0\mirage_job_0_test_pred.csv
selected_plan_cost_runtime,Pretrained ZeroShot,JOB,108,0,12.95476505275168,1.1124295410409681,C:\Users\vanya\Documents\DATA_SYS_LAB\benchmark\cardinality_methods\cost_models\runs\pretrained_zeroshot_mirage_test42_100k\seed_0\mirage_job_0_test_pred.csv
selected_plan_cost_runtime,Pretrained ZeroShot,JOB,36,0,1.8805349151345279,0.27428140120404015,C:\Users\vanya\Documents\DATA_SYS_LAB\benchmark\cardinality_methods\cost_models\runs\pretrained_zeroshot_mirage_test42_100k\seed_0\mirage_job_0_test_pred.csv
selected_plan_cost_runtime,Pretrained ZeroShot,JOB,78,0,20.627801121173405,-1.3144529355913126,C:\Users\vanya\Documents\DATA_SYS_LAB\benchmark\cardinality_methods\cost_models\runs\pretrained_zeroshot_mirage_test42_100k\seed_0\mirage_job_0_test_pred.csv
selected_plan_cost_runtime,Pretrained ZeroShot,JOB,59,0,3.225344088182614,0.5085760531193866,C:\Users\vanya\Documents\DATA_SYS_LAB\benchmark\cardinality_methods\cost_models\runs\pretrained_zeroshot_mirage_test42_100k\seed_0\mirage_job_0_test_pred.csv
selected_plan_cost_runtime,Pretrained ZeroShot,JOB,24,0,16.00263452651414,-1.2041914867896957,C:\Users\vanya\Documents\DATA_SYS_LAB\benchmark\cardinality_methods\cost_models\runs\pretrained_zeroshot_mirage_test42_100k\seed_0\mirage_job_0_test_pred.csv
selected_plan_cost_runtime,Pretrained ZeroShot,JOB,87,0,1.6393000352288964,-0.21465844821299662,C:\Users\vanya\Documents\DATA_SYS_LAB\benchmark\cardinality_methods\cost_models\runs\pretrained_zeroshot_mirage_test42_100k\seed_0\mirage_job_0_test_pred.csv
selected_plan_cost_runtime,Pretrained ZeroShot,JOB,47,0,1.9859961051506025,-0.29797839244070184,C:\Users\vanya\Documents\DATA_SYS_LAB\benchmark\cardinality_methods\cost_models\runs\pretrained_zeroshot_mirage_test42_100k\seed_0\mirage_job_0_test_pred.csv
selected_plan_cost_runtime,Pretrained ZeroShot,JOB,97,0,2.1398866537460495,0.33039077009857737,C:\Users\vanya\Documents\DATA_SYS_LAB\benchmark\cardinality_methods\cost_models\runs\pretrained_zeroshot_mirage_test42_100k\seed_0\mirage_job_0_test_pred.csv
selected_plan_cost_runtime,Pretrained ZeroShot,JOB,48,0,1.7674047780077153,0.247336024732131,C:\Users\vanya\Documents\DATA_SYS_LAB\benchmark\cardinality_methods\cost_models\runs\pretrained_zeroshot_mirage_test42_100k\seed_0\mirage_job_0_test_pred.csv
selected_plan_cost_runtime,Pretrained ZeroShot,JOB,41,0,1.0974430875167602,0.040382007348503314,C:\Users\vanya\Documents\DATA_SYS_LAB\benchmark\cardinality_methods\cost_models\runs\pretrained_zeroshot_mirage_test42_100k\seed_0\mirage_job_0_test_pred.csv
selected_plan_cost_runtime,Pretrained ZeroShot,JOB,94,0,25.467839962454534,1.4059921121341135,C:\Users\vanya\Documents\DATA_SYS_LAB\benchmark\cardinality_methods\cost_models\runs\pretrained_zeroshot_mirage_test42_100k\seed_0\mirage_job_0_test_pred.csv
selected_plan_cost_runtime,Pretrained ZeroShot,JOB,64,0,5.047984907177777,0.7031180477536677,C:\Users\vanya\Documents\DATA_SYS_LAB\benchmark\cardinality_methods\cost_models\runs\pretrained_zeroshot_mirage_test42_100k\seed_0\mirage_job_0_test_pred.csv
selected_plan_cost_runtime,Pretrained ZeroShot,JOB,18,0,1.0493165548070507,0.020906524672920385,C:\Users\vanya\Documents\DATA_SYS_LAB\benchmark\cardinality_methods\cost_models\runs\pretrained_zeroshot_mirage_test42_100k\seed_0\mirage_job_0_test_pred.csv
selected_plan_cost_runtime,Pretrained ZeroShot,JOB,84,0,1.951149858398006,-0.290290626737375,C:\Users\vanya\Documents\DATA_SYS_LAB\benchmark\cardinality_methods\cost_models\runs\pretrained_zeroshot_mirage_test42_100k\seed_0\mirage_job_0_test_pred.csv
selected_plan_cost_runtime,Pretrained ZeroShot,JOB,98,0,7.567628345491113,-0.8789597952402257,C:\Users\vanya\Documents\DATA_SYS_LAB\benchmark\cardinality_methods\cost_models\runs\pretrained_zeroshot_mirage_test42_100k\seed_0\mirage_job_0_test_pred.csv
selected_plan_cost_runtime,Pretrained ZeroShot,JOB,34,0,2.5577303932434794,0.40785476418583183,C:\Users\vanya\Documents\DATA_SYS_LAB\benchmark\cardinality_methods\cost_models\runs\pretrained_zeroshot_mirage_test42_100k\seed_0\mirage_job_0_test_pred.csv
selected_plan_cost_runtime,Pretrained ZeroShot,JOB,101,0,2.194894267209211,0.3414136041801489,C:\Users\vanya\Documents\DATA_SYS_LAB\benchmark\cardinality_methods\cost_models\runs\pretrained_zeroshot_mirage_test42_100k\seed_0\mirage_job_0_test_pred.csv
selected_plan_cost_runtime,Pretrained ZeroShot,JOB,102,0,1.9803632564742217,0.29674485986378524,C:\Users\vanya\Documents\DATA_SYS_LAB\benchmark\cardinality_methods\cost_models\runs\pretrained_zeroshot_mirage_test42_100k\seed_0\mirage_job_0_test_pred.csv
selected_plan_cost_runtime,Pretrained ZeroShot,JOB,61,0,3.190992232254766,0.5039257470036019,C:\Users\vanya\Documents\DATA_SYS_LAB\benchmark\cardinality_methods\cost_models\runs\pretrained_zeroshot_mirage_test42_100k\seed_0\mirage_job_0_test_pred.csv
selected_plan_cost_runtime,Pretrained ZeroShot,JOB,104,0,1.7296594971775288,0.23796061581568273,C:\Users\vanya\Documents\DATA_SYS_LAB\benchmark\cardinality_methods\cost_models\runs\pretrained_zeroshot_mirage_test42_100k\seed_0\mirage_job_0_test_pred.csv
selected_plan_cost_runtime,Pretrained ZeroShot,JOB,14,0,3.7227828048632414,-0.5708676992855568,C:\Users\vanya\Documents\DATA_SYS_LAB\benchmark\cardinality_methods\cost_models\runs\pretrained_zeroshot_mirage_test42_100k\seed_0\mirage_job_0_test_pred.csv
selected_plan_cost_runtime,Pretrained ZeroShot,JOB,39,0,11.718729526670304,1.0688805306697324,C:\Users\vanya\Documents\DATA_SYS_LAB\benchmark\cardinality_methods\cost_models\runs\pretrained_zeroshot_mirage_test42_100k\seed_0\mirage_job_0_test_pred.csv
selected_plan_cost_runtime,Pretrained ZeroShot,JOB,69,0,2.5932471071467034,0.41384390209793925,C:\Users\vanya\Documents\DATA_SYS_LAB\benchmark\cardinality_methods\cost_models\runs\pretrained_zeroshot_mirage_test42_100k\seed_0\mirage_job_0_test_pred.csv
selected_plan_cost_runtime,Pretrained ZeroShot,JOB,107,0,3.4572051003806306,0.5387251450388817,C:\Users\vanya\Documents\DATA_SYS_LAB\benchmark\cardinality_methods\cost_models\runs\pretrained_zeroshot_mirage_test42_100k\seed_0\mirage_job_0_test_pred.csv
selected_plan_cost_runtime,Pretrained ZeroShot,JOB,9,0,6.039580241660625,0.7810067556632889,C:\Users\vanya\Documents\DATA_SYS_LAB\benchmark\cardinality_methods\cost_models\runs\pretrained_zeroshot_mirage_test42_100k\seed_0\mirage_job_0_test_pred.csv
selected_plan_cost_runtime,Pretrained ZeroShot,JOB,77,0,1.8988681114002404,-0.2784948012403165,C:\Users\vanya\Documents\DATA_SYS_LAB\benchmark\cardinality_methods\cost_models\runs\pretrained_zeroshot_mirage_test42_100k\seed_0\mirage_job_0_test_pred.csv
selected_plan_cost_runtime,Pretrained ZeroShot,JOB,21,0,1.5138942745999546,0.18009554652395543,C:\Users\vanya\Documents\DATA_SYS_LAB\benchmark\cardinality_methods\cost_models\runs\pretrained_zeroshot_mirage_test42_100k\seed_0\mirage_job_0_test_pred.csv
selected_plan_cost_runtime,Pretrained ZeroShot,JOB,4,0,8.481363361825371,0.9284656698186917,C:\Users\vanya\Documents\DATA_SYS_LAB\benchmark\cardinality_methods\cost_models\runs\pretrained_zeroshot_mirage_test42_100k\seed_0\mirage_job_0_test_pred.csv
selected_plan_cost_runtime,Pretrained ZeroShot,JOB,71,0,1.0173940551923422,-0.007489195645734263,C:\Users\vanya\Documents\DATA_SYS_LAB\benchmark\cardinality_methods\cost_models\runs\pretrained_zeroshot_mirage_test42_100k\seed_0\mirage_job_0_test_pred.csv
selected_plan_cost_runtime,Pretrained ZeroShot,JOB,42,0,2.403928440660881,0.38092153558999453,C:\Users\vanya\Documents\DATA_SYS_LAB\benchmark\cardinality_methods\cost_models\runs\pretrained_zeroshot_mirage_test42_100k\seed_0\mirage_job_0_test_pred.csv
selected_plan_cost_runtime,Pretrained ZeroShot,JOB,43,0,7.088792028867592,-0.8505722351981165,C:\Users\vanya\Documents\DATA_SYS_LAB\benchmark\cardinality_methods\cost_models\runs\pretrained_zeroshot_mirage_test42_100k\seed_0\mirage_job_0_test_pred.csv
selected_plan_cost_runtime,Pretrained ZeroShot,JOB,19,0,1.5185523850271285,0.1814297782337393,C:\Users\vanya\Documents\DATA_SYS_LAB\benchmark\cardinality_methods\cost_models\runs\pretrained_zeroshot_mirage_test42_100k\seed_0\mirage_job_0_test_pred.csv
selected_plan_cost_runtime,Pretrained ZeroShot,JOB,35,0,1.468914428585055,0.16699649675978223,C:\Users\vanya\Documents\DATA_SYS_LAB\benchmark\cardinality_methods\cost_models\runs\pretrained_zeroshot_mirage_test42_100k\seed_0\mirage_job_0_test_pred.csv
selected_plan_cost_runtime,Pretrained ZeroShot,JOB,20,0,1.0836529464178388,0.03489021616119736,C:\Users\vanya\Documents\DATA_SYS_LAB\benchmark\cardinality_methods\cost_models\runs\pretrained_zeroshot_mirage_test42_100k\seed_0\mirage_job_0_test_pred.csv
selected_plan_cost_runtime,Pretrained ZeroShot,JOB,1,0,4.6377330136097346,0.6663057434279896,C:\Users\vanya\Documents\DATA_SYS_LAB\benchmark\cardinality_methods\cost_models\runs\pretrained_zeroshot_mirage_test42_100k\seed_0\mirage_job_0_test_pred.csv
selected_plan_cost_runtime,Pretrained ZeroShot,JOB,83,0,11.85354606916169,-1.0738482919402086,C:\Users\vanya\Documents\DATA_SYS_LAB\benchmark\cardinality_methods\cost_models\runs\pretrained_zeroshot_mirage_test42_100k\seed_0\mirage_job_0_test_pred.csv
selected_plan_cost_runtime,Pretrained ZeroShot,JOB,56,0,2.216851316043641,0.3457365660115631,C:\Users\vanya\Documents\DATA_SYS_LAB\benchmark\cardinality_methods\cost_models\runs\pretrained_zeroshot_mirage_test42_100k\seed_0\mirage_job_0_test_pred.csv
selected_plan_cost_runtime,Pretrained ZeroShot,JOB,80,0,22.149743738948597,-1.3453687060261608,C:\Users\vanya\Documents\DATA_SYS_LAB\benchmark\cardinality_methods\cost_models\runs\pretrained_zeroshot_mirage_test42_100k\seed_0\mirage_job_0_test_pred.csv
selected_plan_cost_runtime,Pretrained ZeroShot,JOB,40,0,7.870687970206978,0.8960126953331556,C:\Users\vanya\Documents\DATA_SYS_LAB\benchmark\cardinality_methods\cost_models\runs\pretrained_zeroshot_mirage_test42_100k\seed_0\mirage_job_0_test_pred.csv
selected_plan_cost_runtime,Pretrained ZeroShot,JOB,91,0,2.689202914298358,0.42962357322935035,C:\Users\vanya\Documents\DATA_SYS_LAB\benchmark\cardinality_methods\cost_models\runs\pretrained_zeroshot_mirage_test42_100k\seed_0\mirage_job_0_test_pred.csv
selected_plan_cost_runtime,Pretrained ZeroShot,JOB-Complex,26,0,2.313482185633447,-0.3642661596773338,C:\Users\vanya\Documents\DATA_SYS_LAB\benchmark\cardinality_methods\cost_models\runs\pretrained_zeroshot_mirage_test42_100k\seed_0\mirage_job_complex_0_test_pred.csv
selected_plan_cost_runtime,Pretrained ZeroShot,JOB-Complex,10,0,2.0700957106864752,0.31599042548690137,C:\Users\vanya\Documents\DATA_SYS_LAB\benchmark\cardinality_methods\cost_models\runs\pretrained_zeroshot_mirage_test42_100k\seed_0\mirage_job_complex_0_test_pred.csv
selected_plan_cost_runtime,Pretrained ZeroShot,JOB-Complex,17,0,4.523020189124051,0.6554285262835267,C:\Users\vanya\Documents\DATA_SYS_LAB\benchmark\cardinality_methods\cost_models\runs\pretrained_zeroshot_mirage_test42_100k\seed_0\mirage_job_complex_0_test_pred.csv
selected_plan_cost_runtime,Pretrained ZeroShot,JOB-Complex,18,0,6.798022490252168,0.8323825970484907,C:\Users\vanya\Documents\DATA_SYS_LAB\benchmark\cardinality_methods\cost_models\runs\pretrained_zeroshot_mirage_test42_100k\seed_0\mirage_job_complex_0_test_pred.csv
selected_plan_cost_runtime,Pretrained ZeroShot,JOB-Complex,19,0,1.5999865850660668,-0.20411634137079596,C:\Users\vanya\Documents\DATA_SYS_LAB\benchmark\cardinality_methods\cost_models\runs\pretrained_zeroshot_mirage_test42_100k\seed_0\mirage_job_complex_0_test_pred.csv
selected_plan_cost_runtime,Pretrained ZeroShot,JOB-Complex,1,0,48.41352753990596,1.6849667276584892,C:\Users\vanya\Documents\DATA_SYS_LAB\benchmark\cardinality_methods\cost_models\runs\pretrained_zeroshot_mirage_test42_100k\seed_0\mirage_job_complex_0_test_pred.csv
selected_plan_cost_runtime,Pretrained ZeroShot,JOB-Complex,12,0,3.5767887988355747,0.5534932968142592,C:\Users\vanya\Documents\DATA_SYS_LAB\benchmark\cardinality_methods\cost_models\runs\pretrained_zeroshot_mirage_test42_100k\seed_0\mirage_job_complex_0_test_pred.csv
selected_plan_cost_runtime,Pretrained ZeroShot,JOB-Complex,6,0,56.83764433054676,1.7546360700392996,C:\Users\vanya\Documents\DATA_SYS_LAB\benchmark\cardinality_methods\cost_models\runs\pretrained_zeroshot_mirage_test42_100k\seed_0\mirage_job_complex_0_test_pred.csv
selected_plan_cost_runtime,Pretrained ZeroShot,JOB-Complex,25,0,2.675763810271235,0.42744777560440284,C:\Users\vanya\Documents\DATA_SYS_LAB\benchmark\cardinality_methods\cost_models\runs\pretrained_zeroshot_mirage_test42_100k\seed_0\mirage_job_complex_0_test_pred.csv
selected_plan_cost_runtime,Pretrained ZeroShot,JOB-Complex,9,0,1.0866890766553168,-0.036105301575935576,C:\Users\vanya\Documents\DATA_SYS_LAB\benchmark\cardinality_methods\cost_models\runs\pretrained_zeroshot_mirage_test42_100k\seed_0\mirage_job_complex_0_test_pred.csv
selected_plan_cost_runtime,Pretrained ZeroShot,JOB-Complex,13,0,2.0447520216964494,-0.3106406462607109,C:\Users\vanya\Documents\DATA_SYS_LAB\benchmark\cardinality_methods\cost_models\runs\pretrained_zeroshot_mirage_test42_100k\seed_0\mirage_job_complex_0_test_pred.csv
selected_plan_cost_runtime,Pretrained ZeroShot,JOB-Complex,16,0,2.283040727147729,0.35851365893559534,C:\Users\vanya\Documents\DATA_SYS_LAB\benchmark\cardinality_methods\cost_models\runs\pretrained_zeroshot_mirage_test42_100k\seed_0\mirage_job_complex_0_test_pred.csv
selected_plan_cost_runtime,Pretrained ZeroShot,JOB-Complex,8,0,1.2872136918578558,0.10965065062693401,C:\Users\vanya\Documents\DATA_SYS_LAB\benchmark\cardinality_methods\cost_models\runs\pretrained_zeroshot_mirage_test42_100k\seed_0\mirage_job_complex_0_test_pred.csv
selected_plan_cost_runtime,Pretrained ZeroShot,JOB-Complex,24,0,2.9509750636213825,0.4699655396330029,C:\Users\vanya\Documents\DATA_SYS_LAB\benchmark\cardinality_methods\cost_models\runs\pretrained_zeroshot_mirage_test42_100k\seed_0\mirage_job_complex_0_test_pred.csv
selected_plan_cost_runtime,Pretrained ZeroShot,JOB-Complex,20,0,2.154661567975618,0.33337906535379463,C:\Users\vanya\Documents\DATA_SYS_LAB\benchmark\cardinality_methods\cost_models\runs\pretrained_zeroshot_mirage_test42_100k\seed_0\mirage_job_complex_0_test_pred.csv
selected_plan_cost_runtime,Pretrained ZeroShot,JOB-Complex,27,0,5.634140416311835,0.750827666446255,C:\Users\vanya\Documents\DATA_SYS_LAB\benchmark\cardinality_methods\cost_models\runs\pretrained_zeroshot_mirage_test42_100k\seed_0\mirage_job_complex_0_test_pred.csv
selected_plan_cost_runtime,Pretrained ZeroShot,JOB-Complex,2,0,50.49600738384349,1.70325704069858,C:\Users\vanya\Documents\DATA_SYS_LAB\benchmark\cardinality_methods\cost_models\runs\pretrained_zeroshot_mirage_test42_100k\seed_0\mirage_job_complex_0_test_pred.csv
selected_plan_cost_runtime,Pretrained ZeroShot,JOB-Complex,28,0,2.6034347428683438,0.4155466962166766,C:\Users\vanya\Documents\DATA_SYS_LAB\benchmark\cardinality_methods\cost_models\runs\pretrained_zeroshot_mirage_test42_100k\seed_0\mirage_job_complex_0_test_pred.csv
selected_plan_cost_runtime,Pretrained ZeroShot,JOB-Complex,4,0,2.0175681872587785,0.30482822138657417,C:\Users\vanya\Documents\DATA_SYS_LAB\benchmark\cardinality_methods\cost_models\runs\pretrained_zeroshot_mirage_test42_100k\seed_0\mirage_job_complex_0_test_pred.csv
selected_plan_cost_runtime,Pretrained ZeroShot,JOB-Complex,15,0,1.5339705767382397,0.185817029441663,C:\Users\vanya\Documents\DATA_SYS_LAB\benchmark\cardinality_methods\cost_models\runs\pretrained_zeroshot_mirage_test42_100k\seed_0\mirage_job_complex_0_test_pred.csv
selected_plan_cost_runtime,Pretrained ZeroShot,JOB-Complex,0,0,46.706047503053945,1.669373116693847,C:\Users\vanya\Documents\DATA_SYS_LAB\benchmark\cardinality_methods\cost_models\runs\pretrained_zeroshot_mirage_test42_100k\seed_0\mirage_job_complex_0_test_pred.csv
selected_plan_cost_runtime,Pretrained ZeroShot,JOB-Complex,7,0,1.2029269645259069,0.08023926003621562,C:\Users\vanya\Documents\DATA_SYS_LAB\benchmark\cardinality_methods\cost_models\runs\pretrained_zeroshot_mirage_test42_100k\seed_0\mirage_job_complex_0_test_pred.csv
selected_plan_cost_runtime,Pretrained ZeroShot,JOB-Complex,21,0,1.1928989534917964,0.07660365758525607,C:\Users\vanya\Documents\DATA_SYS_LAB\benchmark\cardinality_methods\cost_models\runs\pretrained_zeroshot_mirage_test42_100k\seed_0\mirage_job_complex_0_test_pred.csv
selected_plan_cost_runtime,Pretrained ZeroShot,JOB-Complex,29,0,1.96750021352102,-0.293914788162485,C:\Users\vanya\Documents\DATA_SYS_LAB\benchmark\cardinality_methods\cost_models\runs\pretrained_zeroshot_mirage_test42_100k\seed_0\mirage_job_complex_0_test_pred.csv
selected_plan_cost_runtime,Pretrained ZeroShot,JOB-Complex,14,0,2.6682365499898073,-0.4262243289181669,C:\Users\vanya\Documents\DATA_SYS_LAB\benchmark\cardinality_methods\cost_models\runs\pretrained_zeroshot_mirage_test42_100k\seed_0\mirage_job_complex_0_test_pred.csv
selected_plan_cost_runtime,Pretrained ZeroShot,JOB-Complex,22,0,2.310874830254473,-0.3637764223280966,C:\Users\vanya\Documents\DATA_SYS_LAB\benchmark\cardinality_methods\cost_models\runs\pretrained_zeroshot_mirage_test42_100k\seed_0\mirage_job_complex_0_test_pred.csv
selected_plan_cost_runtime,Pretrained ZeroShot,JOB-Complex,5,0,59.36798617488736,1.7735523174460632,C:\Users\vanya\Documents\DATA_SYS_LAB\benchmark\cardinality_methods\cost_models\runs\pretrained_zeroshot_mirage_test42_100k\seed_0\mirage_job_complex_0_test_pred.csv
selected_plan_cost_runtime,Pretrained ZeroShot,JOB-Complex,11,0,2.088913119391816,0.3199203774846817,C:\Users\vanya\Documents\DATA_SYS_LAB\benchmark\cardinality_methods\cost_models\runs\pretrained_zeroshot_mirage_test42_100k\seed_0\mirage_job_complex_0_test_pred.csv
selected_plan_cost_runtime,Pretrained ZeroShot,JOB-Complex,23,0,1.8266298375748875,0.2616505474695004,C:\Users\vanya\Documents\DATA_SYS_LAB\benchmark\cardinality_methods\cost_models\runs\pretrained_zeroshot_mirage_test42_100k\seed_0\mirage_job_complex_0_test_pred.csv
selected_plan_cost_runtime,Pretrained ZeroShot,JOB-Complex,3,0,48.728268663341574,1.6877809809828797,C:\Users\vanya\Documents\DATA_SYS_LAB\benchmark\cardinality_methods\cost_models\runs\pretrained_zeroshot_mirage_test42_100k\seed_0\mirage_job_complex_0_test_pred.csv
selected_plan_cost_runtime,Pretrained ZeroShot,JOB-Light,19,1,1.3956299795999698,0.14477028997856262,C:\Users\vanya\Documents\DATA_SYS_LAB\benchmark\cardinality_methods\cost_models\runs\pretrained_zeroshot_mirage_test42_100k\seed_1\mirage_job_light_1_test_pred.csv
selected_plan_cost_runtime,Pretrained ZeroShot,JOB-Light,58,1,1.1967765158843173,0.07801305852680372,C:\Users\vanya\Documents\DATA_SYS_LAB\benchmark\cardinality_methods\cost_models\runs\pretrained_zeroshot_mirage_test42_100k\seed_1\mirage_job_light_1_test_pred.csv
selected_plan_cost_runtime,Pretrained ZeroShot,JOB-Light,18,1,1.1798318514146156,0.0718201164533071,C:\Users\vanya\Documents\DATA_SYS_LAB\benchmark\cardinality_methods\cost_models\runs\pretrained_zeroshot_mirage_test42_100k\seed_1\mirage_job_light_1_test_pred.csv
selected_plan_cost_runtime,Pretrained ZeroShot,JOB-Light,46,1,1.6328975955999523,0.21295894954966302,C:\Users\vanya\Documents\DATA_SYS_LAB\benchmark\cardinality_methods\cost_models\runs\pretrained_zeroshot_mirage_test42_100k\seed_1\mirage_job_light_1_test_pred.csv
selected_plan_cost_runtime,Pretrained ZeroShot,JOB-Light,42,1,2.1216422850603625,0.326672162449311,C:\Users\vanya\Documents\DATA_SYS_LAB\benchmark\cardinality_methods\cost_models\runs\pretrained_zeroshot_mirage_test42_100k\seed_1\mirage_job_light_1_test_pred.csv
selected_plan_cost_runtime,Pretrained ZeroShot,JOB-Light,10,1,2.772421193305619,0.44285921007857076,C:\Users\vanya\Documents\DATA_SYS_LAB\benchmark\cardinality_methods\cost_models\runs\pretrained_zeroshot_mirage_test42_100k\seed_1\mirage_job_light_1_test_pred.csv
selected_plan_cost_runtime,Pretrained ZeroShot,JOB-Light,52,1,1.8621875047819993,0.2700234082201261,C:\Users\vanya\Documents\DATA_SYS_LAB\benchmark\cardinality_methods\cost_models\runs\pretrained_zeroshot_mirage_test42_100k\seed_1\mirage_job_light_1_test_pred.csv
selected_plan_cost_runtime,Pretrained ZeroShot,JOB-Light,1,1,4.04134231307609,0.6065256379664522,C:\Users\vanya\Documents\DATA_SYS_LAB\benchmark\cardinality_methods\cost_models\runs\pretrained_zeroshot_mirage_test42_100k\seed_1\mirage_job_light_1_test_pred.csv
selected_plan_cost_runtime,Pretrained ZeroShot,JOB-Light,57,1,1.122179951898438,0.05006250562777059,C:\Users\vanya\Documents\DATA_SYS_LAB\benchmark\cardinality_methods\cost_models\runs\pretrained_zeroshot_mirage_test42_100k\seed_1\mirage_job_light_1_test_pred.csv
selected_plan_cost_runtime,Pretrained ZeroShot,JOB-Light,7,1,1.300226194551768,0.11401891115331175,C:\Users\vanya\Documents\DATA_SYS_LAB\benchmark\cardinality_methods\cost_models\runs\pretrained_zeroshot_mirage_test42_100k\seed_1\mirage_job_light_1_test_pred.csv
selected_plan_cost_runtime,Pretrained ZeroShot,JOB-Light,68,1,9.790381243127971,0.9907996038116127,C:\Users\vanya\Documents\DATA_SYS_LAB\benchmark\cardinality_methods\cost_models\runs\pretrained_zeroshot_mirage_test42_100k\seed_1\mirage_job_light_1_test_pred.csv
selected_plan_cost_runtime,Pretrained ZeroShot,JOB-Light,21,1,1.6693848639403215,0.22255647150079533,C:\Users\vanya\Documents\DATA_SYS_LAB\benchmark\cardinality_methods\cost_models\runs\pretrained_zeroshot_mirage_test42_100k\seed_1\mirage_job_light_1_test_pred.csv
selected_plan_cost_runtime,Pretrained ZeroShot,JOB-Light,61,1,2.4992322076144897,0.39780660898782677,C:\Users\vanya\Documents\DATA_SYS_LAB\benchmark\cardinality_methods\cost_models\runs\pretrained_zeroshot_mirage_test42_100k\seed_1\mirage_job_light_1_test_pred.csv
selected_plan_cost_runtime,Pretrained ZeroShot,JOB-Light,37,1,1.8464261224883538,0.2663319357413946,C:\Users\vanya\Documents\DATA_SYS_LAB\benchmark\cardinality_methods\cost_models\runs\pretrained_zeroshot_mirage_test42_100k\seed_1\mirage_job_light_1_test_pred.csv
selected_plan_cost_runtime,Pretrained ZeroShot,JOB-Light,27,1,3.0166915419383,0.4795309056397945,C:\Users\vanya\Documents\DATA_SYS_LAB\benchmark\cardinality_methods\cost_models\runs\pretrained_zeroshot_mirage_test42_100k\seed_1\mirage_job_light_1_test_pred.csv
selected_plan_cost_runtime,Pretrained ZeroShot,JOB-Light,8,1,2.825826361826441,0.45114547229759494,C:\Users\vanya\Documents\DATA_SYS_LAB\benchmark\cardinality_methods\cost_models\runs\pretrained_zeroshot_mirage_test42_100k\seed_1\mirage_job_light_1_test_pred.csv
selected_plan_cost_runtime,Pretrained ZeroShot,JOB-Light,53,1,3.4797507516337567,0.5415481373181995,C:\Users\vanya\Documents\DATA_SYS_LAB\benchmark\cardinality_methods\cost_models\runs\pretrained_zeroshot_mirage_test42_100k\seed_1\mirage_job_light_1_test_pred.csv
selected_plan_cost_runtime,Pretrained ZeroShot,JOB-Light,63,1,1.6791002975464153,-0.22507663858592705,C:\Users\vanya\Documents\DATA_SYS_LAB\benchmark\cardinality_methods\cost_models\runs\pretrained_zeroshot_mirage_test42_100k\seed_1\mirage_job_light_1_test_pred.csv
selected_plan_cost_runtime,Pretrained ZeroShot,JOB-Light,48,1,2.6854068513653897,0.42901009261186773,C:\Users\vanya\Documents\DATA_SYS_LAB\benchmark\cardinality_methods\cost_models\runs\pretrained_zeroshot_mirage_test42_100k\seed_1\mirage_job_light_1_test_pred.csv
selected_plan_cost_runtime,Pretrained ZeroShot,JOB-Light,67,1,7.742036890747258,0.8888552363977898,C:\Users\vanya\Documents\DATA_SYS_LAB\benchmark\cardinality_methods\cost_models\runs\pretrained_zeroshot_mirage_test42_100k\seed_1\mirage_job_light_1_test_pred.csv
selected_plan_cost_runtime,Pretrained ZeroShot,JOB-Light,26,1,3.8484010674000118,0.5852803264328449,C:\Users\vanya\Documents\DATA_SYS_LAB\benchmark\cardinality_methods\cost_models\runs\pretrained_zeroshot_mirage_test42_100k\seed_1\mirage_job_light_1_test_pred.csv
selected_plan_cost_runtime,Pretrained ZeroShot,JOB-Light,0,1,3.154874067050539,0.4989820282151468,C:\Users\vanya\Documents\DATA_SYS_LAB\benchmark\cardinality_methods\cost_models\runs\pretrained_zeroshot_mirage_test42_100k\seed_1\mirage_job_light_1_test_pred.csv
selected_plan_cost_runtime,Pretrained ZeroShot,JOB-Light,2,1,3.4463545565581835,0.5373599550724671,C:\Users\vanya\Documents\DATA_SYS_LAB\benchmark\cardinality_methods\cost_models\runs\pretrained_zeroshot_mirage_test42_100k\seed_1\mirage_job_light_1_test_pred.csv
selected_plan_cost_runtime,Pretrained ZeroShot,JOB-Light,22,1,2.9741453101655226,0.4733621833726811,C:\Users\vanya\Documents\DATA_SYS_LAB\benchmark\cardinality_methods\cost_models\runs\pretrained_zeroshot_mirage_test42_100k\seed_1\mirage_job_light_1_test_pred.csv
selected_plan_cost_runtime,Pretrained ZeroShot,JOB-Light,17,1,1.8574655670002573,0.268920771719079,C:\Users\vanya\Documents\DATA_SYS_LAB\benchmark\cardinality_methods\cost_models\runs\pretrained_zeroshot_mirage_test42_100k\seed_1\mirage_job_light_1_test_pred.csv
selected_plan_cost_runtime,Pretrained ZeroShot,JOB-Light,65,1,5.591195785807955,0.7475047001297686,C:\Users\vanya\Documents\DATA_SYS_LAB\benchmark\cardinality_methods\cost_models\runs\pretrained_zeroshot_mirage_test42_100k\seed_1\mirage_job_light_1_test_pred.csv
selected_plan_cost_runtime,Pretrained ZeroShot,JOB-Light,14,1,1.4314304452969828,0.1557702500470347,C:\Users\vanya\Documents\DATA_SYS_LAB\benchmark\cardinality_methods\cost_models\runs\pretrained_zeroshot_mirage_test42_100k\seed_1\mirage_job_light_1_test_pred.csv
selected_plan_cost_runtime,Pretrained ZeroShot,JOB-Light,47,1,1.221401285771545,0.086858372842746,C:\Users\vanya\Documents\DATA_SYS_LAB\benchmark\cardinality_methods\cost_models\runs\pretrained_zeroshot_mirage_test42_100k\seed_1\mirage_job_light_1_test_pred.csv
selected_plan_cost_runtime,Pretrained ZeroShot,JOB-Light,43,1,1.2463235346434554,0.09563079599192083,C:\Users\vanya\Documents\DATA_SYS_LAB\benchmark\cardinality_methods\cost_models\runs\pretrained_zeroshot_mirage_test42_100k\seed_1\mirage_job_light_1_test_pred.csv
selected_plan_cost_runtime,Pretrained ZeroShot,JOB-Light,51,1,2.508770717973272,-0.39946097200847297,C:\Users\vanya\Documents\DATA_SYS_LAB\benchmark\cardinality_methods\cost_models\runs\pretrained_zeroshot_mirage_test42_100k\seed_1\mirage_job_light_1_test_pred.csv
selected_plan_cost_runtime,Pretrained ZeroShot,JOB-Light,4,1,1.8442275480366113,0.2658145049821666,C:\Users\vanya\Documents\DATA_SYS_LAB\benchmark\cardinality_methods\cost_models\runs\pretrained_zeroshot_mirage_test42_100k\seed_1\mirage_job_light_1_test_pred.csv
selected_plan_cost_runtime,Pretrained ZeroShot,JOB-Light,28,1,2.9751374517372504,0.4735070349896262,C:\Users\vanya\Documents\DATA_SYS_LAB\benchmark\cardinality_methods\cost_models\runs\pretrained_zeroshot_mirage_test42_100k\seed_1\mirage_job_light_1_test_pred.csv
selected_plan_cost_runtime,Pretrained ZeroShot,JOB-Light,36,1,1.5745690994538688,0.19716172426314973,C:\Users\vanya\Documents\DATA_SYS_LAB\benchmark\cardinality_methods\cost_models\runs\pretrained_zeroshot_mirage_test42_100k\seed_1\mirage_job_light_1_test_pred.csv
selected_plan_cost_runtime,Pretrained ZeroShot,JOB-Light,25,1,1.0494156336824196,-0.0209475298179445,C:\Users\vanya\Documents\DATA_SYS_LAB\benchmark\cardinality_methods\cost_models\runs\pretrained_zeroshot_mirage_test42_100k\seed_1\mirage_job_light_1_test_pred.csv
selected_plan_cost_runtime,Pretrained ZeroShot,JOB-Light,62,1,1.9054891030642185,-0.28000646951195857,C:\Users\vanya\Documents\DATA_SYS_LAB\benchmark\cardinality_methods\cost_models\runs\pretrained_zeroshot_mirage_test42_100k\seed_1\mirage_job_light_1_test_pred.csv
selected_plan_cost_runtime,Pretrained ZeroShot,JOB-Light,69,1,1.77544408253159,0.24930699878328905,C:\Users\vanya\Documents\DATA_SYS_LAB\benchmark\cardinality_methods\cost_models\runs\pretrained_zeroshot_mirage_test42_100k\seed_1\mirage_job_light_1_test_pred.csv
selected_plan_cost_runtime,Pretrained ZeroShot,JOB-Light,33,1,1.195184372027676,0.07743490576774503,C:\Users\vanya\Documents\DATA_SYS_LAB\benchmark\cardinality_methods\cost_models\runs\pretrained_zeroshot_mirage_test42_100k\seed_1\mirage_job_light_1_test_pred.csv
selected_plan_cost_runtime,Pretrained ZeroShot,JOB-Light,39,1,3.0631440641033443,0.4861674227856158,C:\Users\vanya\Documents\DATA_SYS_LAB\benchmark\cardinality_methods\cost_models\runs\pretrained_zeroshot_mirage_test42_100k\seed_1\mirage_job_light_1_test_pred.csv
selected_plan_cost_runtime,Pretrained ZeroShot,JOB-Light,38,1,2.2358387338595778,0.3494404756362775,C:\Users\vanya\Documents\DATA_SYS_LAB\benchmark\cardinality_methods\cost_models\runs\pretrained_zeroshot_mirage_test42_100k\seed_1\mirage_job_light_1_test_pred.csv
selected_plan_cost_runtime,Pretrained ZeroShot,JOB-Light,11,1,1.0641328512642232,0.026995850674501935,C:\Users\vanya\Documents\DATA_SYS_LAB\benchmark\cardinality_methods\cost_models\runs\pretrained_zeroshot_mirage_test42_100k\seed_1\mirage_job_light_1_test_pred.csv
selected_plan_cost_runtime,Pretrained ZeroShot,JOB-Light,31,1,1.8701538129025281,0.27187732704329776,C:\Users\vanya\Documents\DATA_SYS_LAB\benchmark\cardinality_methods\cost_models\runs\pretrained_zeroshot_mirage_test42_100k\seed_1\mirage_job_light_1_test_pred.csv
selected_plan_cost_runtime,Pretrained ZeroShot,JOB-Light,15,1,1.2238247218760159,0.08771922191659755,C:\Users\vanya\Documents\DATA_SYS_LAB\benchmark\cardinality_methods\cost_models\runs\pretrained_zeroshot_mirage_test42_100k\seed_1\mirage_job_light_1_test_pred.csv
selected_plan_cost_runtime,Pretrained ZeroShot,JOB-Light,5,1,1.3000485509220687,0.11395957154054356,C:\Users\vanya\Documents\DATA_SYS_LAB\benchmark\cardinality_methods\cost_models\runs\pretrained_zeroshot_mirage_test42_100k\seed_1\mirage_job_light_1_test_pred.csv
selected_plan_cost_runtime,Pretrained ZeroShot,JOB-Light,20,1,4.239871485064123,0.6273526928725993,C:\Users\vanya\Documents\DATA_SYS_LAB\benchmark\cardinality_methods\cost_models\runs\pretrained_zeroshot_mirage_test42_100k\seed_1\mirage_job_light_1_test_pred.csv
selected_plan_cost_runtime,Pretrained ZeroShot,JOB-Light,13,1,1.058263955350448,0.024594004234855752,C:\Users\vanya\Documents\DATA_SYS_LAB\benchmark\cardinality_methods\cost_models\runs\pretrained_zeroshot_mirage_test42_100k\seed_1\mirage_job_light_1_test_pred.csv
selected_plan_cost_runtime,Pretrained ZeroShot,JOB-Light,12,1,1.0979056576636599,-0.040565023068174895,C:\Users\vanya\Documents\DATA_SYS_LAB\benchmark\cardinality_methods\cost_models\runs\pretrained_zeroshot_mirage_test42_100k\seed_1\mirage_job_light_1_test_pred.csv
selected_plan_cost_runtime,Pretrained ZeroShot,JOB-Light,9,1,2.831516148113677,0.452019042747526,C:\Users\vanya\Documents\DATA_SYS_LAB\benchmark\cardinality_methods\cost_models\runs\pretrained_zeroshot_mirage_test42_100k\seed_1\mirage_job_light_1_test_pred.csv
selected_plan_cost_runtime,Pretrained ZeroShot,JOB-Light,40,1,2.1213410687214806,0.32661049989579727,C:\Users\vanya\Documents\DATA_SYS_LAB\benchmark\cardinality_methods\cost_models\runs\pretrained_zeroshot_mirage_test42_100k\seed_1\mirage_job_light_1_test_pred.csv
selected_plan_cost_runtime,Pretrained ZeroShot,JOB-Light,55,1,4.067840321516236,0.6093638968452404,C:\Users\vanya\Documents\DATA_SYS_LAB\benchmark\cardinality_methods\cost_models\runs\pretrained_zeroshot_mirage_test42_100k\seed_1\mirage_job_light_1_test_pred.csv
selected_plan_cost_runtime,Pretrained ZeroShot,JOB-Light,34,1,6.345040323796196,0.8024343864538174,C:\Users\vanya\Documents\DATA_SYS_LAB\benchmark\cardinality_methods\cost_models\runs\pretrained_zeroshot_mirage_test42_100k\seed_1\mirage_job_light_1_test_pred.csv
selected_plan_cost_runtime,Pretrained ZeroShot,JOB-Light,3,1,3.660455590673928,0.5635351422802146,C:\Users\vanya\Documents\DATA_SYS_LAB\benchmark\cardinality_methods\cost_models\runs\pretrained_zeroshot_mirage_test42_100k\seed_1\mirage_job_light_1_test_pred.csv
selected_plan_cost_runtime,Pretrained ZeroShot,JOB-Light,66,1,5.091797891751195,0.7068711569142194,C:\Users\vanya\Documents\DATA_SYS_LAB\benchmark\cardinality_methods\cost_models\runs\pretrained_zeroshot_mirage_test42_100k\seed_1\mirage_job_light_1_test_pred.csv
selected_plan_cost_runtime,Pretrained ZeroShot,JOB-Light,30,1,1.491335511173716,0.17357535925420509,C:\Users\vanya\Documents\DATA_SYS_LAB\benchmark\cardinality_methods\cost_models\runs\pretrained_zeroshot_mirage_test42_100k\seed_1\mirage_job_light_1_test_pred.csv
selected_plan_cost_runtime,Pretrained ZeroShot,JOB-Light,41,1,2.152119608037647,-0.33286640438619247,C:\Users\vanya\Documents\DATA_SYS_LAB\benchmark\cardinality_methods\cost_models\runs\pretrained_zeroshot_mirage_test42_100k\seed_1\mirage_job_light_1_test_pred.csv
selected_plan_cost_runtime,Pretrained ZeroShot,JOB-Light,59,1,1.012397222273422,-0.005350944908796678,C:\Users\vanya\Documents\DATA_SYS_LAB\benchmark\cardinality_methods\cost_models\runs\pretrained_zeroshot_mirage_test42_100k\seed_1\mirage_job_light_1_test_pred.csv
selected_plan_cost_runtime,Pretrained ZeroShot,JOB-Light,44,1,2.6310423083881123,0.4201278317997892,C:\Users\vanya\Documents\DATA_SYS_LAB\benchmark\cardinality_methods\cost_models\runs\pretrained_zeroshot_mirage_test42_100k\seed_1\mirage_job_light_1_test_pred.csv
selected_plan_cost_runtime,Pretrained ZeroShot,JOB-Light,64,1,5.684503782622861,0.7546925598110081,C:\Users\vanya\Documents\DATA_SYS_LAB\benchmark\cardinality_methods\cost_models\runs\pretrained_zeroshot_mirage_test42_100k\seed_1\mirage_job_light_1_test_pred.csv
selected_plan_cost_runtime,Pretrained ZeroShot,JOB-Light,60,1,1.738996788223666,0.24029877989918916,C:\Users\vanya\Documents\DATA_SYS_LAB\benchmark\cardinality_methods\cost_models\runs\pretrained_zeroshot_mirage_test42_100k\seed_1\mirage_job_light_1_test_pred.csv
selected_plan_cost_runtime,Pretrained ZeroShot,JOB-Light,6,1,1.3902213677968809,0.14308395936061313,C:\Users\vanya\Documents\DATA_SYS_LAB\benchmark\cardinality_methods\cost_models\runs\pretrained_zeroshot_mirage_test42_100k\seed_1\mirage_job_light_1_test_pred.csv
selected_plan_cost_runtime,Pretrained ZeroShot,JOB-Light,29,1,1.4057694376241856,0.1479140972282577,C:\Users\vanya\Documents\DATA_SYS_LAB\benchmark\cardinality_methods\cost_models\runs\pretrained_zeroshot_mirage_test42_100k\seed_1\mirage_job_light_1_test_pred.csv
selected_plan_cost_runtime,Pretrained ZeroShot,JOB-Light,32,1,2.6346905240863094,0.4207296094631959,C:\Users\vanya\Documents\DATA_SYS_LAB\benchmark\cardinality_methods\cost_models\runs\pretrained_zeroshot_mirage_test42_100k\seed_1\mirage_job_light_1_test_pred.csv
selected_plan_cost_runtime,Pretrained ZeroShot,JOB-Light,24,1,4.75436969433012,0.6770929489456042,C:\Users\vanya\Documents\DATA_SYS_LAB\benchmark\cardinality_methods\cost_models\runs\pretrained_zeroshot_mirage_test42_100k\seed_1\mirage_job_light_1_test_pred.csv
selected_plan_cost_runtime,Pretrained ZeroShot,JOB-Light,23,1,2.399276101000383,0.38008022806006486,C:\Users\vanya\Documents\DATA_SYS_LAB\benchmark\cardinality_methods\cost_models\runs\pretrained_zeroshot_mirage_test42_100k\seed_1\mirage_job_light_1_test_pred.csv
selected_plan_cost_runtime,Pretrained ZeroShot,JOB-Light,56,1,3.99837827489779,0.6018838790590751,C:\Users\vanya\Documents\DATA_SYS_LAB\benchmark\cardinality_methods\cost_models\runs\pretrained_zeroshot_mirage_test42_100k\seed_1\mirage_job_light_1_test_pred.csv
selected_plan_cost_runtime,Pretrained ZeroShot,JOB-Light,45,1,1.895329171654511,0.2776846470314551,C:\Users\vanya\Documents\DATA_SYS_LAB\benchmark\cardinality_methods\cost_models\runs\pretrained_zeroshot_mirage_test42_100k\seed_1\mirage_job_light_1_test_pred.csv
selected_plan_cost_runtime,Pretrained ZeroShot,JOB-Light,50,1,2.571759589235365,-0.41023036784920885,C:\Users\vanya\Documents\DATA_SYS_LAB\benchmark\cardinality_methods\cost_models\runs\pretrained_zeroshot_mirage_test42_100k\seed_1\mirage_job_light_1_test_pred.csv
selected_plan_cost_runtime,Pretrained ZeroShot,JOB-Light,35,1,1.1150061389540613,-0.047277258511115784,C:\Users\vanya\Documents\DATA_SYS_LAB\benchmark\cardinality_methods\cost_models\runs\pretrained_zeroshot_mirage_test42_100k\seed_1\mirage_job_light_1_test_pred.csv
selected_plan_cost_runtime,Pretrained ZeroShot,JOB-Light,16,1,2.0600923273484044,0.31388668462129227,C:\Users\vanya\Documents\DATA_SYS_LAB\benchmark\cardinality_methods\cost_models\runs\pretrained_zeroshot_mirage_test42_100k\seed_1\mirage_job_light_1_test_pred.csv
selected_plan_cost_runtime,Pretrained ZeroShot,JOB-Light,54,1,3.5966772287551474,0.5559014653246966,C:\Users\vanya\Documents\DATA_SYS_LAB\benchmark\cardinality_methods\cost_models\runs\pretrained_zeroshot_mirage_test42_100k\seed_1\mirage_job_light_1_test_pred.csv
selected_plan_cost_runtime,Pretrained ZeroShot,JOB-Light,49,1,3.764100134029337,0.575661168176566,C:\Users\vanya\Documents\DATA_SYS_LAB\benchmark\cardinality_methods\cost_models\runs\pretrained_zeroshot_mirage_test42_100k\seed_1\mirage_job_light_1_test_pred.csv
selected_plan_cost_runtime,Pretrained ZeroShot,JOB,28,1,1.315674931633789,0.11914859988842452,C:\Users\vanya\Documents\DATA_SYS_LAB\benchmark\cardinality_methods\cost_models\runs\pretrained_zeroshot_mirage_test42_100k\seed_1\mirage_job_1_test_pred.csv
selected_plan_cost_runtime,Pretrained ZeroShot,JOB,102,1,3.5415421613984868,0.5491924163599399,C:\Users\vanya\Documents\DATA_SYS_LAB\benchmark\cardinality_methods\cost_models\runs\pretrained_zeroshot_mirage_test42_100k\seed_1\mirage_job_1_test_pred.csv
selected_plan_cost_runtime,Pretrained ZeroShot,JOB,11,1,2.4455760738482923,0.3883811768439363,C:\Users\vanya\Documents\DATA_SYS_LAB\benchmark\cardinality_methods\cost_models\runs\pretrained_zeroshot_mirage_test42_100k\seed_1\mirage_job_1_test_pred.csv
selected_plan_cost_runtime,Pretrained ZeroShot,JOB,95,1,2.6205529634850526,-0.4183929415684184,C:\Users\vanya\Documents\DATA_SYS_LAB\benchmark\cardinality_methods\cost_models\runs\pretrained_zeroshot_mirage_test42_100k\seed_1\mirage_job_1_test_pred.csv
selected_plan_cost_runtime,Pretrained ZeroShot,JOB,3,1,6.69377235555458,-0.8256709386151886,C:\Users\vanya\Documents\DATA_SYS_LAB\benchmark\cardinality_methods\cost_models\runs\pretrained_zeroshot_mirage_test42_100k\seed_1\mirage_job_1_test_pred.csv
selected_plan_cost_runtime,Pretrained ZeroShot,JOB,74,1,2.3871990958606824,0.37788864130581584,C:\Users\vanya\Documents\DATA_SYS_LAB\benchmark\cardinality_methods\cost_models\runs\pretrained_zeroshot_mirage_test42_100k\seed_1\mirage_job_1_test_pred.csv
selected_plan_cost_runtime,Pretrained ZeroShot,JOB,45,1,2.4722941793025752,0.39310014637080853,C:\Users\vanya\Documents\DATA_SYS_LAB\benchmark\cardinality_methods\cost_models\runs\pretrained_zeroshot_mirage_test42_100k\seed_1\mirage_job_1_test_pred.csv
selected_plan_cost_runtime,Pretrained ZeroShot,JOB,2,1,2.770551882714702,-0.4425662873837493,C:\Users\vanya\Documents\DATA_SYS_LAB\benchmark\cardinality_methods\cost_models\runs\pretrained_zeroshot_mirage_test42_100k\seed_1\mirage_job_1_test_pred.csv
selected_plan_cost_runtime,Pretrained ZeroShot,JOB,9,1,8.48464460778993,0.9286336559514925,C:\Users\vanya\Documents\DATA_SYS_LAB\benchmark\cardinality_methods\cost_models\runs\pretrained_zeroshot_mirage_test42_100k\seed_1\mirage_job_1_test_pred.csv
selected_plan_cost_runtime,Pretrained ZeroShot,JOB,47,1,3.4090418051098146,-0.53263232701862,C:\Users\vanya\Documents\DATA_SYS_LAB\benchmark\cardinality_methods\cost_models\runs\pretrained_zeroshot_mirage_test42_100k\seed_1\mirage_job_1_test_pred.csv
selected_plan_cost_runtime,Pretrained ZeroShot,JOB,43,1,9.389678259911525,-0.972650711292847,C:\Users\vanya\Documents\DATA_SYS_LAB\benchmark\cardinality_methods\cost_models\runs\pretrained_zeroshot_mirage_test42_100k\seed_1\mirage_job_1_test_pred.csv
selected_plan_cost_runtime,Pretrained ZeroShot,JOB,82,1,1.9595468332743227,-0.29215564759955087,C:\Users\vanya\Documents\DATA_SYS_LAB\benchmark\cardinality_methods\cost_models\runs\pretrained_zeroshot_mirage_test42_100k\seed_1\mirage_job_1_test_pred.csv
selected_plan_cost_runtime,Pretrained ZeroShot,JOB,110,1,12.766404206313357,-1.1060685908216878,C:\Users\vanya\Documents\DATA_SYS_LAB\benchmark\cardinality_methods\cost_models\runs\pretrained_zeroshot_mirage_test42_100k\seed_1\mirage_job_1_test_pred.csv
selected_plan_cost_runtime,Pretrained ZeroShot,JOB,25,1,2.199000771664519,0.3422253817616924,C:\Users\vanya\Documents\DATA_SYS_LAB\benchmark\cardinality_methods\cost_models\runs\pretrained_zeroshot_mirage_test42_100k\seed_1\mirage_job_1_test_pred.csv
selected_plan_cost_runtime,Pretrained ZeroShot,JOB,29,1,1.3662635974656059,0.13553449720836833,C:\Users\vanya\Documents\DATA_SYS_LAB\benchmark\cardinality_methods\cost_models\runs\pretrained_zeroshot_mirage_test42_100k\seed_1\mirage_job_1_test_pred.csv
selected_plan_cost_runtime,Pretrained ZeroShot,JOB,104,1,7.957652869089268,0.9007849903108516,C:\Users\vanya\Documents\DATA_SYS_LAB\benchmark\cardinality_methods\cost_models\runs\pretrained_zeroshot_mirage_test42_100k\seed_1\mirage_job_1_test_pred.csv
selected_plan_cost_runtime,Pretrained ZeroShot,JOB,111,1,10.808321061562784,-1.0337582369386673,C:\Users\vanya\Documents\DATA_SYS_LAB\benchmark\cardinality_methods\cost_models\runs\pretrained_zeroshot_mirage_test42_100k\seed_1\mirage_job_1_test_pred.csv
selected_plan_cost_runtime,Pretrained ZeroShot,JOB,13,1,2.513965254594444,0.40035927102608004,C:\Users\vanya\Documents\DATA_SYS_LAB\benchmark\cardinality_methods\cost_models\runs\pretrained_zeroshot_mirage_test42_100k\seed_1\mirage_job_1_test_pred.csv
selected_plan_cost_runtime,Pretrained ZeroShot,JOB,57,1,1.4566411379737207,0.1633525709915171,C:\Users\vanya\Documents\DATA_SYS_LAB\benchmark\cardinality_methods\cost_models\runs\pretrained_zeroshot_mirage_test42_100k\seed_1\mirage_job_1_test_pred.csv
selected_plan_cost_runtime,Pretrained ZeroShot,JOB,79,1,39.248481114795915,-1.5938228545532087,C:\Users\vanya\Documents\DATA_SYS_LAB\benchmark\cardinality_methods\cost_models\runs\pretrained_zeroshot_mirage_test42_100k\seed_1\mirage_job_1_test_pred.csv
selected_plan_cost_runtime,Pretrained ZeroShot,JOB,80,1,41.335056933889334,-1.616318540150725,C:\Users\vanya\Documents\DATA_SYS_LAB\benchmark\cardinality_methods\cost_models\runs\pretrained_zeroshot_mirage_test42_100k\seed_1\mirage_job_1_test_pred.csv
selected_plan_cost_runtime,Pretrained ZeroShot,JOB,91,1,2.0775990355287246,0.3175617350113839,C:\Users\vanya\Documents\DATA_SYS_LAB\benchmark\cardinality_methods\cost_models\runs\pretrained_zeroshot_mirage_test42_100k\seed_1\mirage_job_1_test_pred.csv
selected_plan_cost_runtime,Pretrained ZeroShot,JOB,59,1,3.257124505445116,0.5128343600368721,C:\Users\vanya\Documents\DATA_SYS_LAB\benchmark\cardinality_methods\cost_models\runs\pretrained_zeroshot_mirage_test42_100k\seed_1\mirage_job_1_test_pred.csv
selected_plan_cost_runtime,Pretrained ZeroShot,JOB,41,1,1.0524625609976985,0.02220665572737084,C:\Users\vanya\Documents\DATA_SYS_LAB\benchmark\cardinality_methods\cost_models\runs\pretrained_zeroshot_mirage_test42_100k\seed_1\mirage_job_1_test_pred.csv
selected_plan_cost_runtime,Pretrained ZeroShot,JOB,23,1,7.225699912561665,0.8588799211090055,C:\Users\vanya\Documents\DATA_SYS_LAB\benchmark\cardinality_methods\cost_models\runs\pretrained_zeroshot_mirage_test42_100k\seed_1\mirage_job_1_test_pred.csv
selected_plan_cost_runtime,Pretrained ZeroShot,JOB,87,1,1.1639370497862127,0.06592949262506673,C:\Users\vanya\Documents\DATA_SYS_LAB\benchmark\cardinality_methods\cost_models\runs\pretrained_zeroshot_mirage_test42_100k\seed_1\mirage_job_1_test_pred.csv
selected_plan_cost_runtime,Pretrained ZeroShot,JOB,85,1,10.791027432890639,1.0330627966006223,C:\Users\vanya\Documents\DATA_SYS_LAB\benchmark\cardinality_methods\cost_models\runs\pretrained_zeroshot_mirage_test42_100k\seed_1\mirage_job_1_test_pred.csv
selected_plan_cost_runtime,Pretrained ZeroShot,JOB,94,1,24.066838242128632,1.3814190390000078,C:\Users\vanya\Documents\DATA_SYS_LAB\benchmark\cardinality_methods\cost_models\runs\pretrained_zeroshot_mirage_test42_100k\seed_1\mirage_job_1_test_pred.csv
selected_plan_cost_runtime,Pretrained ZeroShot,JOB,5,1,16.428512007652255,1.2155982295257215,C:\Users\vanya\Documents\DATA_SYS_LAB\benchmark\cardinality_methods\cost_models\runs\pretrained_zeroshot_mirage_test42_100k\seed_1\mirage_job_1_test_pred.csv
selected_plan_cost_runtime,Pretrained ZeroShot,JOB,71,1,1.7397897298358138,-0.24049676282846832,C:\Users\vanya\Documents\DATA_SYS_LAB\benchmark\cardinality_methods\cost_models\runs\pretrained_zeroshot_mirage_test42_100k\seed_1\mirage_job_1_test_pred.csv
selected_plan_cost_runtime,Pretrained ZeroShot,JOB,53,1,1.3109550118717315,0.1175877882338681,C:\Users\vanya\Documents\DATA_SYS_LAB\benchmark\cardinality_methods\cost_models\runs\pretrained_zeroshot_mirage_test42_100k\seed_1\mirage_job_1_test_pred.csv
selected_plan_cost_runtime,Pretrained ZeroShot,JOB,77,1,2.3987246078293696,-0.37998039045829357,C:\Users\vanya\Documents\DATA_SYS_LAB\benchmark\cardinality_methods\cost_models\runs\pretrained_zeroshot_mirage_test42_100k\seed_1\mirage_job_1_test_pred.csv
selected_plan_cost_runtime,Pretrained ZeroShot,JOB,49,1,6.974266034470548,0.8434985095869799,C:\Users\vanya\Documents\DATA_SYS_LAB\benchmark\cardinality_methods\cost_models\runs\pretrained_zeroshot_mirage_test42_100k\seed_1\mirage_job_1_test_pred.csv
selected_plan_cost_runtime,Pretrained ZeroShot,JOB,88,1,14.64480751786525,1.165683667961739,C:\Users\vanya\Documents\DATA_SYS_LAB\benchmark\cardinality_methods\cost_models\runs\pretrained_zeroshot_mirage_test42_100k\seed_1\mirage_job_1_test_pred.csv
selected_plan_cost_runtime,Pretrained ZeroShot,JOB,63,1,2.4178016682206627,0.3834206728977683,C:\Users\vanya\Documents\DATA_SYS_LAB\benchmark\cardinality_methods\cost_models\runs\pretrained_zeroshot_mirage_test42_100k\seed_1\mirage_job_1_test_pred.csv
selected_plan_cost_runtime,Pretrained ZeroShot,JOB,109,1,42.54353535448396,1.628833576801952,C:\Users\vanya\Documents\DATA_SYS_LAB\benchmark\cardinality_methods\cost_models\runs\pretrained_zeroshot_mirage_test42_100k\seed_1\mirage_job_1_test_pred.csv
selected_plan_cost_runtime,Pretrained ZeroShot,JOB,7,1,17.134322527174305,1.233866937565046,C:\Users\vanya\Documents\DATA_SYS_LAB\benchmark\cardinality_methods\cost_models\runs\pretrained_zeroshot_mirage_test42_100k\seed_1\mirage_job_1_test_pred.csv
selected_plan_cost_runtime,Pretrained ZeroShot,JOB,22,1,1.1073185467737308,0.044272574090369124,C:\Users\vanya\Documents\DATA_SYS_LAB\benchmark\cardinality_methods\cost_models\runs\pretrained_zeroshot_mirage_test42_100k\seed_1\mirage_job_1_test_pred.csv
selected_plan_cost_runtime,Pretrained ZeroShot,JOB,100,1,3.4730355273209574,0.5407092259368871,C:\Users\vanya\Documents\DATA_SYS_LAB\benchmark\cardinality_methods\cost_models\runs\pretrained_zeroshot_mirage_test42_100k\seed_1\mirage_job_1_test_pred.csv
selected_plan_cost_runtime,Pretrained ZeroShot,JOB,69,1,19.14263218061987,1.2820016545966215,C:\Users\vanya\Documents\DATA_SYS_LAB\benchmark\cardinality_methods\cost_models\runs\pretrained_zeroshot_mirage_test42_100k\seed_1\mirage_job_1_test_pred.csv
selected_plan_cost_runtime,Pretrained ZeroShot,JOB,66,1,5.169203669450865,0.7134236439448396,C:\Users\vanya\Documents\DATA_SYS_LAB\benchmark\cardinality_methods\cost_models\runs\pretrained_zeroshot_mirage_test42_100k\seed_1\mirage_job_1_test_pred.csv
selected_plan_cost_runtime,Pretrained ZeroShot,JOB,42,1,3.2965268590317782,0.518056618584733,C:\Users\vanya\Documents\DATA_SYS_LAB\benchmark\cardinality_methods\cost_models\runs\pretrained_zeroshot_mirage_test42_100k\seed_1\mirage_job_1_test_pred.csv
selected_plan_cost_runtime,Pretrained ZeroShot,JOB,19,1,1.3827301821682396,0.14073744270681204,C:\Users\vanya\Documents\DATA_SYS_LAB\benchmark\cardinality_methods\cost_models\runs\pretrained_zeroshot_mirage_test42_100k\seed_1\mirage_job_1_test_pred.csv
selected_plan_cost_runtime,Pretrained ZeroShot,JOB,83,1,42.68650871556711,-1.6302906357697857,C:\Users\vanya\Documents\DATA_SYS_LAB\benchmark\cardinality_methods\cost_models\runs\pretrained_zeroshot_mirage_test42_100k\seed_1\mirage_job_1_test_pred.csv
selected_plan_cost_runtime,Pretrained ZeroShot,JOB,75,1,10.090970432322397,1.0039329336439256,C:\Users\vanya\Documents\DATA_SYS_LAB\benchmark\cardinality_methods\cost_models\runs\pretrained_zeroshot_mirage_test42_100k\seed_1\mirage_job_1_test_pred.csv
selected_plan_cost_runtime,Pretrained ZeroShot,JOB,55,1,3.9556384818628265,0.5972165932116769,C:\Users\vanya\Documents\DATA_SYS_LAB\benchmark\cardinality_methods\cost_models\runs\pretrained_zeroshot_mirage_test42_100k\seed_1\mirage_job_1_test_pred.csv
selected_plan_cost_runtime,Pretrained ZeroShot,JOB,15,1,2.0703513119315358,-0.3160440458857771,C:\Users\vanya\Documents\DATA_SYS_LAB\benchmark\cardinality_methods\cost_models\runs\pretrained_zeroshot_mirage_test42_100k\seed_1\mirage_job_1_test_pred.csv
selected_plan_cost_runtime,Pretrained ZeroShot,JOB,0,1,3.3335457479170443,-0.5229064195430588,C:\Users\vanya\Documents\DATA_SYS_LAB\benchmark\cardinality_methods\cost_models\runs\pretrained_zeroshot_mirage_test42_100k\seed_1\mirage_job_1_test_pred.csv
selected_plan_cost_runtime,Pretrained ZeroShot,JOB,56,1,3.1271632416600235,0.4951505525258664,C:\Users\vanya\Documents\DATA_SYS_LAB\benchmark\cardinality_methods\cost_models\runs\pretrained_zeroshot_mirage_test42_100k\seed_1\mirage_job_1_test_pred.csv
selected_plan_cost_runtime,Pretrained ZeroShot,JOB,105,1,9.961595289737911,0.9983288936497352,C:\Users\vanya\Documents\DATA_SYS_LAB\benchmark\cardinality_methods\cost_models\runs\pretrained_zeroshot_mirage_test42_100k\seed_1\mirage_job_1_test_pred.csv
selected_plan_cost_runtime,Pretrained ZeroShot,JOB,101,1,2.019772082245196,0.30530236498729835,C:\Users\vanya\Documents\DATA_SYS_LAB\benchmark\cardinality_methods\cost_models\runs\pretrained_zeroshot_mirage_test42_100k\seed_1\mirage_job_1_test_pred.csv
selected_plan_cost_runtime,Pretrained ZeroShot,JOB,36,1,1.2313503819073082,-0.09038164941949103,C:\Users\vanya\Documents\DATA_SYS_LAB\benchmark\cardinality_methods\cost_models\runs\pretrained_zeroshot_mirage_test42_100k\seed_1\mirage_job_1_test_pred.csv
selected_plan_cost_runtime,Pretrained ZeroShot,JOB,10,1,10.293213672323517,1.0125509881987318,C:\Users\vanya\Documents\DATA_SYS_LAB\benchmark\cardinality_methods\cost_models\runs\pretrained_zeroshot_mirage_test42_100k\seed_1\mirage_job_1_test_pred.csv
selected_plan_cost_runtime,Pretrained ZeroShot,JOB,54,1,4.361177128236406,-0.639603725805157,C:\Users\vanya\Documents\DATA_SYS_LAB\benchmark\cardinality_methods\cost_models\runs\pretrained_zeroshot_mirage_test42_100k\seed_1\mirage_job_1_test_pred.csv
selected_plan_cost_runtime,Pretrained ZeroShot,JOB,39,1,4.5030129441629,0.6535031953685381,C:\Users\vanya\Documents\DATA_SYS_LAB\benchmark\cardinality_methods\cost_models\runs\pretrained_zeroshot_mirage_test42_100k\seed_1\mirage_job_1_test_pred.csv
selected_plan_cost_runtime,Pretrained ZeroShot,JOB,21,1,2.172485152967204,0.33695681710852954,C:\Users\vanya\Documents\DATA_SYS_LAB\benchmark\cardinality_methods\cost_models\runs\pretrained_zeroshot_mirage_test42_100k\seed_1\mirage_job_1_test_pred.csv
selected_plan_cost_runtime,Pretrained ZeroShot,JOB,106,1,6.036154221748369,0.780760327325996,C:\Users\vanya\Documents\DATA_SYS_LAB\benchmark\cardinality_methods\cost_models\runs\pretrained_zeroshot_mirage_test42_100k\seed_1\mirage_job_1_test_pred.csv
selected_plan_cost_runtime,Pretrained ZeroShot,JOB,18,1,1.052606298736094,0.022265964482459568,C:\Users\vanya\Documents\DATA_SYS_LAB\benchmark\cardinality_methods\cost_models\runs\pretrained_zeroshot_mirage_test42_100k\seed_1\mirage_job_1_test_pred.csv
selected_plan_cost_runtime,Pretrained ZeroShot,JOB,30,1,7.028368098608453,0.8468544988403455,C:\Users\vanya\Documents\DATA_SYS_LAB\benchmark\cardinality_methods\cost_models\runs\pretrained_zeroshot_mirage_test42_100k\seed_1\mirage_job_1_test_pred.csv
selected_plan_cost_runtime,Pretrained ZeroShot,JOB,51,1,1.5203270868488825,0.1819370331630422,C:\Users\vanya\Documents\DATA_SYS_LAB\benchmark\cardinality_methods\cost_models\runs\pretrained_zeroshot_mirage_test42_100k\seed_1\mirage_job_1_test_pred.csv
selected_plan_cost_runtime,Pretrained ZeroShot,JOB,24,1,6.94616989184006,-0.8417454012301919,C:\Users\vanya\Documents\DATA_SYS_LAB\benchmark\cardinality_methods\cost_models\runs\pretrained_zeroshot_mirage_test42_100k\seed_1\mirage_job_1_test_pred.csv
selected_plan_cost_runtime,Pretrained ZeroShot,JOB,70,1,3.786850606337889,-0.5782781722655677,C:\Users\vanya\Documents\DATA_SYS_LAB\benchmark\cardinality_methods\cost_models\runs\pretrained_zeroshot_mirage_test42_100k\seed_1\mirage_job_1_test_pred.csv
selected_plan_cost_runtime,Pretrained ZeroShot,JOB,98,1,13.436787752132624,-1.1282954570909993,C:\Users\vanya\Documents\DATA_SYS_LAB\benchmark\cardinality_methods\cost_models\runs\pretrained_zeroshot_mirage_test42_100k\seed_1\mirage_job_1_test_pred.csv
selected_plan_cost_runtime,Pretrained ZeroShot,JOB,62,1,2.2059844805646525,0.3436024527873803,C:\Users\vanya\Documents\DATA_SYS_LAB\benchmark\cardinality_methods\cost_models\runs\pretrained_zeroshot_mirage_test42_100k\seed_1\mirage_job_1_test_pred.csv
selected_plan_cost_runtime,Pretrained ZeroShot,JOB,93,1,26.489179466773635,1.4230685057275219,C:\Users\vanya\Documents\DATA_SYS_LAB\benchmark\cardinality_methods\cost_models\runs\pretrained_zeroshot_mirage_test42_100k\seed_1\mirage_job_1_test_pred.csv
selected_plan_cost_runtime,Pretrained ZeroShot,JOB,32,1,4.565718937411902,0.6595091731007583,C:\Users\vanya\Documents\DATA_SYS_LAB\benchmark\cardinality_methods\cost_models\runs\pretrained_zeroshot_mirage_test42_100k\seed_1\mirage_job_1_test_pred.csv
selected_plan_cost_runtime,Pretrained ZeroShot,JOB,68,1,3.928589515909993,0.5942366533248326,C:\Users\vanya\Documents\DATA_SYS_LAB\benchmark\cardinality_methods\cost_models\runs\pretrained_zeroshot_mirage_test42_100k\seed_1\mirage_job_1_test_pred.csv
selected_plan_cost_runtime,Pretrained ZeroShot,JOB,65,1,4.960290754939954,0.6955071340638036,C:\Users\vanya\Documents\DATA_SYS_LAB\benchmark\cardinality_methods\cost_models\runs\pretrained_zeroshot_mirage_test42_100k\seed_1\mirage_job_1_test_pred.csv
selected_plan_cost_runtime,Pretrained ZeroShot,JOB,40,1,9.555511374492257,0.9802539337957873,C:\Users\vanya\Documents\DATA_SYS_LAB\benchmark\cardinality_methods\cost_models\runs\pretrained_zeroshot_mirage_test42_100k\seed_1\mirage_job_1_test_pred.csv
selected_plan_cost_runtime,Pretrained ZeroShot,JOB,46,1,47.52845926021861,-1.6769537359099336,C:\Users\vanya\Documents\DATA_SYS_LAB\benchmark\cardinality_methods\cost_models\runs\pretrained_zeroshot_mirage_test42_100k\seed_1\mirage_job_1_test_pred.csv
selected_plan_cost_runtime,Pretrained ZeroShot,JOB,33,1,2.0710379396891514,0.3161880548793146,C:\Users\vanya\Documents\DATA_SYS_LAB\benchmark\cardinality_methods\cost_models\runs\pretrained_zeroshot_mirage_test42_100k\seed_1\mirage_job_1_test_pred.csv
selected_plan_cost_runtime,Pretrained ZeroShot,JOB,61,1,6.357232846165271,0.803268118611951,C:\Users\vanya\Documents\DATA_SYS_LAB\benchmark\cardinality_methods\cost_models\runs\pretrained_zeroshot_mirage_test42_100k\seed_1\mirage_job_1_test_pred.csv
selected_plan_cost_runtime,Pretrained ZeroShot,JOB,26,1,3.182866402813532,0.5028184099880981,C:\Users\vanya\Documents\DATA_SYS_LAB\benchmark\cardinality_methods\cost_models\runs\pretrained_zeroshot_mirage_test42_100k\seed_1\mirage_job_1_test_pred.csv
selected_plan_cost_runtime,Pretrained ZeroShot,JOB,4,1,31.10954026902524,1.492893593233398,C:\Users\vanya\Documents\DATA_SYS_LAB\benchmark\cardinality_methods\cost_models\runs\pretrained_zeroshot_mirage_test42_100k\seed_1\mirage_job_1_test_pred.csv
selected_plan_cost_runtime,Pretrained ZeroShot,JOB,64,1,2.1856871948178447,0.33958800789496046,C:\Users\vanya\Documents\DATA_SYS_LAB\benchmark\cardinality_methods\cost_models\runs\pretrained_zeroshot_mirage_test42_100k\seed_1\mirage_job_1_test_pred.csv
selected_plan_cost_runtime,Pretrained ZeroShot,JOB,99,1,1.6683014709315167,0.22227453271160164,C:\Users\vanya\Documents\DATA_SYS_LAB\benchmark\cardinality_methods\cost_models\runs\pretrained_zeroshot_mirage_test42_100k\seed_1\mirage_job_1_test_pred.csv
selected_plan_cost_runtime,Pretrained ZeroShot,JOB,67,1,3.5304319135864453,-0.547827840292254,C:\Users\vanya\Documents\DATA_SYS_LAB\benchmark\cardinality_methods\cost_models\runs\pretrained_zeroshot_mirage_test42_100k\seed_1\mirage_job_1_test_pred.csv
selected_plan_cost_runtime,Pretrained ZeroShot,JOB,37,1,2.6448826970651815,0.4224064154460656,C:\Users\vanya\Documents\DATA_SYS_LAB\benchmark\cardinality_methods\cost_models\runs\pretrained_zeroshot_mirage_test42_100k\seed_1\mirage_job_1_test_pred.csv
selected_plan_cost_runtime,Pretrained ZeroShot,JOB,60,1,3.636172518246843,0.5606444801454262,C:\Users\vanya\Documents\DATA_SYS_LAB\benchmark\cardinality_methods\cost_models\runs\pretrained_zeroshot_mirage_test42_100k\seed_1\mirage_job_1_test_pred.csv
selected_plan_cost_runtime,Pretrained ZeroShot,JOB,92,1,1335.2168180040167,-3.125551793953052,C:\Users\vanya\Documents\DATA_SYS_LAB\benchmark\cardinality_methods\cost_models\runs\pretrained_zeroshot_mirage_test42_100k\seed_1\mirage_job_1_test_pred.csv
selected_plan_cost_runtime,Pretrained ZeroShot,JOB,103,1,5.522717408853957,0.7421528214392796,C:\Users\vanya\Documents\DATA_SYS_LAB\benchmark\cardinality_methods\cost_models\runs\pretrained_zeroshot_mirage_test42_100k\seed_1\mirage_job_1_test_pred.csv
selected_plan_cost_runtime,Pretrained ZeroShot,JOB,12,1,5.23671467223239,0.719058911566027,C:\Users\vanya\Documents\DATA_SYS_LAB\benchmark\cardinality_methods\cost_models\runs\pretrained_zeroshot_mirage_test42_100k\seed_1\mirage_job_1_test_pred.csv
selected_plan_cost_runtime,Pretrained ZeroShot,JOB,38,1,15.017990205071708,1.1766118167394568,C:\Users\vanya\Documents\DATA_SYS_LAB\benchmark\cardinality_methods\cost_models\runs\pretrained_zeroshot_mirage_test42_100k\seed_1\mirage_job_1_test_pred.csv
selected_plan_cost_runtime,Pretrained ZeroShot,JOB,86,1,4.565693746577982,0.659506776923837,C:\Users\vanya\Documents\DATA_SYS_LAB\benchmark\cardinality_methods\cost_models\runs\pretrained_zeroshot_mirage_test42_100k\seed_1\mirage_job_1_test_pred.csv
selected_plan_cost_runtime,Pretrained ZeroShot,JOB,52,1,92.01926866872311,1.9638787773486848,C:\Users\vanya\Documents\DATA_SYS_LAB\benchmark\cardinality_methods\cost_models\runs\pretrained_zeroshot_mirage_test42_100k\seed_1\mirage_job_1_test_pred.csv
selected_plan_cost_runtime,Pretrained ZeroShot,JOB,78,1,38.28820654641333,-1.5830650240850124,C:\Users\vanya\Documents\DATA_SYS_LAB\benchmark\cardinality_methods\cost_models\runs\pretrained_zeroshot_mirage_test42_100k\seed_1\mirage_job_1_test_pred.csv
selected_plan_cost_runtime,Pretrained ZeroShot,JOB,107,1,25.576488091421542,1.4078409112440977,C:\Users\vanya\Documents\DATA_SYS_LAB\benchmark\cardinality_methods\cost_models\runs\pretrained_zeroshot_mirage_test42_100k\seed_1\mirage_job_1_test_pred.csv
selected_plan_cost_runtime,Pretrained ZeroShot,JOB,27,1,3.888450316818044,0.589776554295486,C:\Users\vanya\Documents\DATA_SYS_LAB\benchmark\cardinality_methods\cost_models\runs\pretrained_zeroshot_mirage_test42_100k\seed_1\mirage_job_1_test_pred.csv
selected_plan_cost_runtime,Pretrained ZeroShot,JOB,14,1,2.9798350215405813,-0.47419222004338596,C:\Users\vanya\Documents\DATA_SYS_LAB\benchmark\cardinality_methods\cost_models\runs\pretrained_zeroshot_mirage_test42_100k\seed_1\mirage_job_1_test_pred.csv
selected_plan_cost_runtime,Pretrained ZeroShot,JOB,72,1,1.4878119926930626,0.17254805507099796,C:\Users\vanya\Documents\DATA_SYS_LAB\benchmark\cardinality_methods\cost_models\runs\pretrained_zeroshot_mirage_test42_100k\seed_1\mirage_job_1_test_pred.csv
selected_plan_cost_runtime,Pretrained ZeroShot,JOB,97,1,1.3421035221794053,0.12778601611410706,C:\Users\vanya\Documents\DATA_SYS_LAB\benchmark\cardinality_methods\cost_models\runs\pretrained_zeroshot_mirage_test42_100k\seed_1\mirage_job_1_test_pred.csv
selected_plan_cost_runtime,Pretrained ZeroShot,JOB,108,1,44.35965744745612,1.6469881837969156,C:\Users\vanya\Documents\DATA_SYS_LAB\benchmark\cardinality_methods\cost_models\runs\pretrained_zeroshot_mirage_test42_100k\seed_1\mirage_job_1_test_pred.csv
selected_plan_cost_runtime,Pretrained ZeroShot,JOB,96,1,1.1502055967328335,-0.060775476480514026,C:\Users\vanya\Documents\DATA_SYS_LAB\benchmark\cardinality_methods\cost_models\runs\pretrained_zeroshot_mirage_test42_100k\seed_1\mirage_job_1_test_pred.csv
selected_plan_cost_runtime,Pretrained ZeroShot,JOB,58,1,4.8908762379274116,0.6893866732761502,C:\Users\vanya\Documents\DATA_SYS_LAB\benchmark\cardinality_methods\cost_models\runs\pretrained_zeroshot_mirage_test42_100k\seed_1\mirage_job_1_test_pred.csv
selected_plan_cost_runtime,Pretrained ZeroShot,JOB,8,1,7.885723536773892,0.8968415472035738,C:\Users\vanya\Documents\DATA_SYS_LAB\benchmark\cardinality_methods\cost_models\runs\pretrained_zeroshot_mirage_test42_100k\seed_1\mirage_job_1_test_pred.csv
selected_plan_cost_runtime,Pretrained ZeroShot,JOB,89,1,1.755624023328891,-0.24443151494337986,C:\Users\vanya\Documents\DATA_SYS_LAB\benchmark\cardinality_methods\cost_models\runs\pretrained_zeroshot_mirage_test42_100k\seed_1\mirage_job_1_test_pred.csv
selected_plan_cost_runtime,Pretrained ZeroShot,JOB,73,1,2.195597939035359,0.3415528144460726,C:\Users\vanya\Documents\DATA_SYS_LAB\benchmark\cardinality_methods\cost_models\runs\pretrained_zeroshot_mirage_test42_100k\seed_1\mirage_job_1_test_pred.csv
selected_plan_cost_runtime,Pretrained ZeroShot,JOB,17,1,1.9418332011109343,0.288211922303075,C:\Users\vanya\Documents\DATA_SYS_LAB\benchmark\cardinality_methods\cost_models\runs\pretrained_zeroshot_mirage_test42_100k\seed_1\mirage_job_1_test_pred.csv
selected_plan_cost_runtime,Pretrained ZeroShot,JOB,50,1,1.5420366890082238,0.18809470681757318,C:\Users\vanya\Documents\DATA_SYS_LAB\benchmark\cardinality_methods\cost_models\runs\pretrained_zeroshot_mirage_test42_100k\seed_1\mirage_job_1_test_pred.csv
selected_plan_cost_runtime,Pretrained ZeroShot,JOB,6,1,32.66588520284661,1.514094431498821,C:\Users\vanya\Documents\DATA_SYS_LAB\benchmark\cardinality_methods\cost_models\runs\pretrained_zeroshot_mirage_test42_100k\seed_1\mirage_job_1_test_pred.csv
selected_plan_cost_runtime,Pretrained ZeroShot,JOB,112,1,5.9951947310873415,0.7778032940675939,C:\Users\vanya\Documents\DATA_SYS_LAB\benchmark\cardinality_methods\cost_models\runs\pretrained_zeroshot_mirage_test42_100k\seed_1\mirage_job_1_test_pred.csv
selected_plan_cost_runtime,Pretrained ZeroShot,JOB,31,1,9.360938773019706,0.9713194046673781,C:\Users\vanya\Documents\DATA_SYS_LAB\benchmark\cardinality_methods\cost_models\runs\pretrained_zeroshot_mirage_test42_100k\seed_1\mirage_job_1_test_pred.csv
selected_plan_cost_runtime,Pretrained ZeroShot,JOB,44,1,1.5560949108396682,0.1920360823688841,C:\Users\vanya\Documents\DATA_SYS_LAB\benchmark\cardinality_methods\cost_models\runs\pretrained_zeroshot_mirage_test42_100k\seed_1\mirage_job_1_test_pred.csv
selected_plan_cost_runtime,Pretrained ZeroShot,JOB,90,1,254.11756312896637,-2.405034681998037,C:\Users\vanya\Documents\DATA_SYS_LAB\benchmark\cardinality_methods\cost_models\runs\pretrained_zeroshot_mirage_test42_100k\seed_1\mirage_job_1_test_pred.csv
selected_plan_cost_runtime,Pretrained ZeroShot,JOB,76,1,10.968257842378227,1.0401376513188236,C:\Users\vanya\Documents\DATA_SYS_LAB\benchmark\cardinality_methods\cost_models\runs\pretrained_zeroshot_mirage_test42_100k\seed_1\mirage_job_1_test_pred.csv
selected_plan_cost_runtime,Pretrained ZeroShot,JOB,1,1,1.0664622738162928,-0.027945496856988702,C:\Users\vanya\Documents\DATA_SYS_LAB\benchmark\cardinality_methods\cost_models\runs\pretrained_zeroshot_mirage_test42_100k\seed_1\mirage_job_1_test_pred.csv
selected_plan_cost_runtime,Pretrained ZeroShot,JOB,81,1,76.03918889744573,-1.8810374756415602,C:\Users\vanya\Documents\DATA_SYS_LAB\benchmark\cardinality_methods\cost_models\runs\pretrained_zeroshot_mirage_test42_100k\seed_1\mirage_job_1_test_pred.csv
selected_plan_cost_runtime,Pretrained ZeroShot,JOB,34,1,1.3053703889625028,0.11573375693047684,C:\Users\vanya\Documents\DATA_SYS_LAB\benchmark\cardinality_methods\cost_models\runs\pretrained_zeroshot_mirage_test42_100k\seed_1\mirage_job_1_test_pred.csv
selected_plan_cost_runtime,Pretrained ZeroShot,JOB,35,1,2.75856079949709,0.4406825603782614,C:\Users\vanya\Documents\DATA_SYS_LAB\benchmark\cardinality_methods\cost_models\runs\pretrained_zeroshot_mirage_test42_100k\seed_1\mirage_job_1_test_pred.csv
selected_plan_cost_runtime,Pretrained ZeroShot,JOB,16,1,2.5260201023806843,-0.40243680240231494,C:\Users\vanya\Documents\DATA_SYS_LAB\benchmark\cardinality_methods\cost_models\runs\pretrained_zeroshot_mirage_test42_100k\seed_1\mirage_job_1_test_pred.csv
selected_plan_cost_runtime,Pretrained ZeroShot,JOB,20,1,1.0870500926823716,0.03624955740210065,C:\Users\vanya\Documents\DATA_SYS_LAB\benchmark\cardinality_methods\cost_models\runs\pretrained_zeroshot_mirage_test42_100k\seed_1\mirage_job_1_test_pred.csv
selected_plan_cost_runtime,Pretrained ZeroShot,JOB,84,1,1.3900555256058764,-0.14303214844301976,C:\Users\vanya\Documents\DATA_SYS_LAB\benchmark\cardinality_methods\cost_models\runs\pretrained_zeroshot_mirage_test42_100k\seed_1\mirage_job_1_test_pred.csv
selected_plan_cost_runtime,Pretrained ZeroShot,JOB,48,1,1.4233769639228198,0.1533199328818297,C:\Users\vanya\Documents\DATA_SYS_LAB\benchmark\cardinality_methods\cost_models\runs\pretrained_zeroshot_mirage_test42_100k\seed_1\mirage_job_1_test_pred.csv
selected_plan_cost_runtime,Pretrained ZeroShot,JOB-Complex,16,1,4.171891234443215,0.6203329773918669,C:\Users\vanya\Documents\DATA_SYS_LAB\benchmark\cardinality_methods\cost_models\runs\pretrained_zeroshot_mirage_test42_100k\seed_1\mirage_job_complex_1_test_pred.csv
selected_plan_cost_runtime,Pretrained ZeroShot,JOB-Complex,20,1,5.841463014832202,0.766521631306825,C:\Users\vanya\Documents\DATA_SYS_LAB\benchmark\cardinality_methods\cost_models\runs\pretrained_zeroshot_mirage_test42_100k\seed_1\mirage_job_complex_1_test_pred.csv
selected_plan_cost_runtime,Pretrained ZeroShot,JOB-Complex,0,1,34.252375294678984,1.5346906938314466,C:\Users\vanya\Documents\DATA_SYS_LAB\benchmark\cardinality_methods\cost_models\runs\pretrained_zeroshot_mirage_test42_100k\seed_1\mirage_job_complex_1_test_pred.csv
selected_plan_cost_runtime,Pretrained ZeroShot,JOB-Complex,18,1,17.650418799963216,1.2467550145598312,C:\Users\vanya\Documents\DATA_SYS_LAB\benchmark\cardinality_methods\cost_models\runs\pretrained_zeroshot_mirage_test42_100k\seed_1\mirage_job_complex_1_test_pred.csv
selected_plan_cost_runtime,Pretrained ZeroShot,JOB-Complex,29,1,2.3160284870422894,-0.3647438968901074,C:\Users\vanya\Documents\DATA_SYS_LAB\benchmark\cardinality_methods\cost_models\runs\pretrained_zeroshot_mirage_test42_100k\seed_1\mirage_job_complex_1_test_pred.csv
selected_plan_cost_runtime,Pretrained ZeroShot,JOB-Complex,19,1,2.4538837466945354,0.3898539840776229,C:\Users\vanya\Documents\DATA_SYS_LAB\benchmark\cardinality_methods\cost_models\runs\pretrained_zeroshot_mirage_test42_100k\seed_1\mirage_job_complex_1_test_pred.csv
selected_plan_cost_runtime,Pretrained ZeroShot,JOB-Complex,27,1,4.431365464011987,0.6465375686862306,C:\Users\vanya\Documents\DATA_SYS_LAB\benchmark\cardinality_methods\cost_models\runs\pretrained_zeroshot_mirage_test42_100k\seed_1\mirage_job_complex_1_test_pred.csv
selected_plan_cost_runtime,Pretrained ZeroShot,JOB-Complex,5,1,43.50664218177656,1.638555565981779,C:\Users\vanya\Documents\DATA_SYS_LAB\benchmark\cardinality_methods\cost_models\runs\pretrained_zeroshot_mirage_test42_100k\seed_1\mirage_job_complex_1_test_pred.csv
selected_plan_cost_runtime,Pretrained ZeroShot,JOB-Complex,11,1,1.606823970214425,0.20596830180882877,C:\Users\vanya\Documents\DATA_SYS_LAB\benchmark\cardinality_methods\cost_models\runs\pretrained_zeroshot_mirage_test42_100k\seed_1\mirage_job_complex_1_test_pred.csv
selected_plan_cost_runtime,Pretrained ZeroShot,JOB-Complex,1,1,15.21764237779239,1.1823473737469004,C:\Users\vanya\Documents\DATA_SYS_LAB\benchmark\cardinality_methods\cost_models\runs\pretrained_zeroshot_mirage_test42_100k\seed_1\mirage_job_complex_1_test_pred.csv
selected_plan_cost_runtime,Pretrained ZeroShot,JOB-Complex,21,1,1.1629914440498588,0.06557651970213539,C:\Users\vanya\Documents\DATA_SYS_LAB\benchmark\cardinality_methods\cost_models\runs\pretrained_zeroshot_mirage_test42_100k\seed_1\mirage_job_complex_1_test_pred.csv
selected_plan_cost_runtime,Pretrained ZeroShot,JOB-Complex,24,1,2.056777883818251,0.3131873937654273,C:\Users\vanya\Documents\DATA_SYS_LAB\benchmark\cardinality_methods\cost_models\runs\pretrained_zeroshot_mirage_test42_100k\seed_1\mirage_job_complex_1_test_pred.csv
selected_plan_cost_runtime,Pretrained ZeroShot,JOB-Complex,2,1,37.00579473879462,1.5682697355814068,C:\Users\vanya\Documents\DATA_SYS_LAB\benchmark\cardinality_methods\cost_models\runs\pretrained_zeroshot_mirage_test42_100k\seed_1\mirage_job_complex_1_test_pred.csv
selected_plan_cost_runtime,Pretrained ZeroShot,JOB-Complex,25,1,2.4072673091219943,0.38152431812334403,C:\Users\vanya\Documents\DATA_SYS_LAB\benchmark\cardinality_methods\cost_models\runs\pretrained_zeroshot_mirage_test42_100k\seed_1\mirage_job_complex_1_test_pred.csv
selected_plan_cost_runtime,Pretrained ZeroShot,JOB-Complex,8,1,1.3856341561205565,-0.14164858023898402,C:\Users\vanya\Documents\DATA_SYS_LAB\benchmark\cardinality_methods\cost_models\runs\pretrained_zeroshot_mirage_test42_100k\seed_1\mirage_job_complex_1_test_pred.csv
selected_plan_cost_runtime,Pretrained ZeroShot,JOB-Complex,28,1,3.8408926368538685,0.5844321676510923,C:\Users\vanya\Documents\DATA_SYS_LAB\benchmark\cardinality_methods\cost_models\runs\pretrained_zeroshot_mirage_test42_100k\seed_1\mirage_job_complex_1_test_pred.csv
selected_plan_cost_runtime,Pretrained ZeroShot,JOB-Complex,7,1,6.431717114711214,0.8083269346487189,C:\Users\vanya\Documents\DATA_SYS_LAB\benchmark\cardinality_methods\cost_models\runs\pretrained_zeroshot_mirage_test42_100k\seed_1\mirage_job_complex_1_test_pred.csv
selected_plan_cost_runtime,Pretrained ZeroShot,JOB-Complex,22,1,1.1109436378614717,0.045692026189595905,C:\Users\vanya\Documents\DATA_SYS_LAB\benchmark\cardinality_methods\cost_models\runs\pretrained_zeroshot_mirage_test42_100k\seed_1\mirage_job_complex_1_test_pred.csv
selected_plan_cost_runtime,Pretrained ZeroShot,JOB-Complex,6,1,41.65233610096264,1.619639364141502,C:\Users\vanya\Documents\DATA_SYS_LAB\benchmark\cardinality_methods\cost_models\runs\pretrained_zeroshot_mirage_test42_100k\seed_1\mirage_job_complex_1_test_pred.csv
selected_plan_cost_runtime,Pretrained ZeroShot,JOB-Complex,12,1,2.022818675232286,0.3059569545081095,C:\Users\vanya\Documents\DATA_SYS_LAB\benchmark\cardinality_methods\cost_models\runs\pretrained_zeroshot_mirage_test42_100k\seed_1\mirage_job_complex_1_test_pred.csv
selected_plan_cost_runtime,Pretrained ZeroShot,JOB-Complex,10,1,6.506452283774654,0.8133442491580073,C:\Users\vanya\Documents\DATA_SYS_LAB\benchmark\cardinality_methods\cost_models\runs\pretrained_zeroshot_mirage_test42_100k\seed_1\mirage_job_complex_1_test_pred.csv
selected_plan_cost_runtime,Pretrained ZeroShot,JOB-Complex,26,1,2.7232988742236985,-0.43509530652664025,C:\Users\vanya\Documents\DATA_SYS_LAB\benchmark\cardinality_methods\cost_models\runs\pretrained_zeroshot_mirage_test42_100k\seed_1\mirage_job_complex_1_test_pred.csv
selected_plan_cost_runtime,Pretrained ZeroShot,JOB-Complex,4,1,2.710808391948345,0.4330988214313261,C:\Users\vanya\Documents\DATA_SYS_LAB\benchmark\cardinality_methods\cost_models\runs\pretrained_zeroshot_mirage_test42_100k\seed_1\mirage_job_complex_1_test_pred.csv
selected_plan_cost_runtime,Pretrained ZeroShot,JOB-Complex,23,1,7.813941729216965,0.8928701682435279,C:\Users\vanya\Documents\DATA_SYS_LAB\benchmark\cardinality_methods\cost_models\runs\pretrained_zeroshot_mirage_test42_100k\seed_1\mirage_job_complex_1_test_pred.csv
selected_plan_cost_runtime,Pretrained ZeroShot,JOB-Complex,17,1,1.4723909950846488,0.16802315270494292,C:\Users\vanya\Documents\DATA_SYS_LAB\benchmark\cardinality_methods\cost_models\runs\pretrained_zeroshot_mirage_test42_100k\seed_1\mirage_job_complex_1_test_pred.csv
selected_plan_cost_runtime,Pretrained ZeroShot,JOB-Complex,15,1,3.2899699696937645,0.5171919337992721,C:\Users\vanya\Documents\DATA_SYS_LAB\benchmark\cardinality_methods\cost_models\runs\pretrained_zeroshot_mirage_test42_100k\seed_1\mirage_job_complex_1_test_pred.csv
selected_plan_cost_runtime,Pretrained ZeroShot,JOB-Complex,14,1,8.479068297169915,-0.9283481334326373,C:\Users\vanya\Documents\DATA_SYS_LAB\benchmark\cardinality_methods\cost_models\runs\pretrained_zeroshot_mirage_test42_100k\seed_1\mirage_job_complex_1_test_pred.csv
selected_plan_cost_runtime,Pretrained ZeroShot,JOB-Complex,3,1,35.71032349633746,1.5527937844419535,C:\Users\vanya\Documents\DATA_SYS_LAB\benchmark\cardinality_methods\cost_models\runs\pretrained_zeroshot_mirage_test42_100k\seed_1\mirage_job_complex_1_test_pred.csv
selected_plan_cost_runtime,Pretrained ZeroShot,JOB-Complex,13,1,1.8723875848746019,-0.27239575281519507,C:\Users\vanya\Documents\DATA_SYS_LAB\benchmark\cardinality_methods\cost_models\runs\pretrained_zeroshot_mirage_test42_100k\seed_1\mirage_job_complex_1_test_pred.csv
selected_plan_cost_runtime,Pretrained ZeroShot,JOB-Complex,9,1,2.420601558335393,0.3839233085424458,C:\Users\vanya\Documents\DATA_SYS_LAB\benchmark\cardinality_methods\cost_models\runs\pretrained_zeroshot_mirage_test42_100k\seed_1\mirage_job_complex_1_test_pred.csv
selected_plan_cost_runtime,Pretrained ZeroShot,JOB-Light,38,2,5.914762850253565,0.7719373364718174,C:\Users\vanya\Documents\DATA_SYS_LAB\benchmark\cardinality_methods\cost_models\runs\pretrained_zeroshot_mirage_test42_100k\seed_2\mirage_job_light_2_test_pred.csv
selected_plan_cost_runtime,Pretrained ZeroShot,JOB-Light,29,2,1.0416345431487737,0.017715373730018608,C:\Users\vanya\Documents\DATA_SYS_LAB\benchmark\cardinality_methods\cost_models\runs\pretrained_zeroshot_mirage_test42_100k\seed_2\mirage_job_light_2_test_pred.csv
selected_plan_cost_runtime,Pretrained ZeroShot,JOB-Light,63,2,1.1325148796982205,-0.05404391675849184,C:\Users\vanya\Documents\DATA_SYS_LAB\benchmark\cardinality_methods\cost_models\runs\pretrained_zeroshot_mirage_test42_100k\seed_2\mirage_job_light_2_test_pred.csv
selected_plan_cost_runtime,Pretrained ZeroShot,JOB-Light,3,2,2.7706135087864157,0.44257594739603795,C:\Users\vanya\Documents\DATA_SYS_LAB\benchmark\cardinality_methods\cost_models\runs\pretrained_zeroshot_mirage_test42_100k\seed_2\mirage_job_light_2_test_pred.csv
selected_plan_cost_runtime,Pretrained ZeroShot,JOB-Light,55,2,5.420872977628677,0.7340692309734081,C:\Users\vanya\Documents\DATA_SYS_LAB\benchmark\cardinality_methods\cost_models\runs\pretrained_zeroshot_mirage_test42_100k\seed_2\mirage_job_light_2_test_pred.csv
selected_plan_cost_runtime,Pretrained ZeroShot,JOB-Light,31,2,1.6606698691078756,0.22028330597653262,C:\Users\vanya\Documents\DATA_SYS_LAB\benchmark\cardinality_methods\cost_models\runs\pretrained_zeroshot_mirage_test42_100k\seed_2\mirage_job_light_2_test_pred.csv
selected_plan_cost_runtime,Pretrained ZeroShot,JOB-Light,61,2,3.071585681227252,0.48736263437646726,C:\Users\vanya\Documents\DATA_SYS_LAB\benchmark\cardinality_methods\cost_models\runs\pretrained_zeroshot_mirage_test42_100k\seed_2\mirage_job_light_2_test_pred.csv
selected_plan_cost_runtime,Pretrained ZeroShot,JOB-Light,0,2,2.6314333581357054,0.4201923758503859,C:\Users\vanya\Documents\DATA_SYS_LAB\benchmark\cardinality_methods\cost_models\runs\pretrained_zeroshot_mirage_test42_100k\seed_2\mirage_job_light_2_test_pred.csv
selected_plan_cost_runtime,Pretrained ZeroShot,JOB-Light,62,2,1.2163046995041045,-0.08504238475317574,C:\Users\vanya\Documents\DATA_SYS_LAB\benchmark\cardinality_methods\cost_models\runs\pretrained_zeroshot_mirage_test42_100k\seed_2\mirage_job_light_2_test_pred.csv
selected_plan_cost_runtime,Pretrained ZeroShot,JOB-Light,56,2,5.362276009710071,0.7293491644415254,C:\Users\vanya\Documents\DATA_SYS_LAB\benchmark\cardinality_methods\cost_models\runs\pretrained_zeroshot_mirage_test42_100k\seed_2\mirage_job_light_2_test_pred.csv
selected_plan_cost_runtime,Pretrained ZeroShot,JOB-Light,4,2,5.000282806208204,0.6989945678764874,C:\Users\vanya\Documents\DATA_SYS_LAB\benchmark\cardinality_methods\cost_models\runs\pretrained_zeroshot_mirage_test42_100k\seed_2\mirage_job_light_2_test_pred.csv
selected_plan_cost_runtime,Pretrained ZeroShot,JOB-Light,7,2,1.4010577870312795,0.14645604825597097,C:\Users\vanya\Documents\DATA_SYS_LAB\benchmark\cardinality_methods\cost_models\runs\pretrained_zeroshot_mirage_test42_100k\seed_2\mirage_job_light_2_test_pred.csv
selected_plan_cost_runtime,Pretrained ZeroShot,JOB-Light,68,2,2.4006495227729814,0.3803287608750273,C:\Users\vanya\Documents\DATA_SYS_LAB\benchmark\cardinality_methods\cost_models\runs\pretrained_zeroshot_mirage_test42_100k\seed_2\mirage_job_light_2_test_pred.csv
selected_plan_cost_runtime,Pretrained ZeroShot,JOB-Light,30,2,1.3969060364812258,0.14516719408114545,C:\Users\vanya\Documents\DATA_SYS_LAB\benchmark\cardinality_methods\cost_models\runs\pretrained_zeroshot_mirage_test42_100k\seed_2\mirage_job_light_2_test_pred.csv
selected_plan_cost_runtime,Pretrained ZeroShot,JOB-Light,60,2,1.1355679346794818,-0.05521312074324129,C:\Users\vanya\Documents\DATA_SYS_LAB\benchmark\cardinality_methods\cost_models\runs\pretrained_zeroshot_mirage_test42_100k\seed_2\mirage_job_light_2_test_pred.csv
selected_plan_cost_runtime,Pretrained ZeroShot,JOB-Light,27,2,1.5552540797792203,0.1918013492677397,C:\Users\vanya\Documents\DATA_SYS_LAB\benchmark\cardinality_methods\cost_models\runs\pretrained_zeroshot_mirage_test42_100k\seed_2\mirage_job_light_2_test_pred.csv
selected_plan_cost_runtime,Pretrained ZeroShot,JOB-Light,24,2,1.5389855812871702,0.18723455095769564,C:\Users\vanya\Documents\DATA_SYS_LAB\benchmark\cardinality_methods\cost_models\runs\pretrained_zeroshot_mirage_test42_100k\seed_2\mirage_job_light_2_test_pred.csv
selected_plan_cost_runtime,Pretrained ZeroShot,JOB-Light,10,2,3.999295093364712,0.6019834503179904,C:\Users\vanya\Documents\DATA_SYS_LAB\benchmark\cardinality_methods\cost_models\runs\pretrained_zeroshot_mirage_test42_100k\seed_2\mirage_job_light_2_test_pred.csv
selected_plan_cost_runtime,Pretrained ZeroShot,JOB-Light,14,2,1.3245192911307813,0.12205828801689364,C:\Users\vanya\Documents\DATA_SYS_LAB\benchmark\cardinality_methods\cost_models\runs\pretrained_zeroshot_mirage_test42_100k\seed_2\mirage_job_light_2_test_pred.csv
selected_plan_cost_runtime,Pretrained ZeroShot,JOB-Light,67,2,1.8324304922353973,0.26302750996466195,C:\Users\vanya\Documents\DATA_SYS_LAB\benchmark\cardinality_methods\cost_models\runs\pretrained_zeroshot_mirage_test42_100k\seed_2\mirage_job_light_2_test_pred.csv
selected_plan_cost_runtime,Pretrained ZeroShot,JOB-Light,66,2,1.6639271538641138,0.22113430911374696,C:\Users\vanya\Documents\DATA_SYS_LAB\benchmark\cardinality_methods\cost_models\runs\pretrained_zeroshot_mirage_test42_100k\seed_2\mirage_job_light_2_test_pred.csv
selected_plan_cost_runtime,Pretrained ZeroShot,JOB-Light,59,2,1.370987609472486,-0.137033529798963,C:\Users\vanya\Documents\DATA_SYS_LAB\benchmark\cardinality_methods\cost_models\runs\pretrained_zeroshot_mirage_test42_100k\seed_2\mirage_job_light_2_test_pred.csv
selected_plan_cost_runtime,Pretrained ZeroShot,JOB-Light,37,2,2.332824408717174,0.36788205075470204,C:\Users\vanya\Documents\DATA_SYS_LAB\benchmark\cardinality_methods\cost_models\runs\pretrained_zeroshot_mirage_test42_100k\seed_2\mirage_job_light_2_test_pred.csv
selected_plan_cost_runtime,Pretrained ZeroShot,JOB-Light,52,2,1.329062989170403,0.12354556423909653,C:\Users\vanya\Documents\DATA_SYS_LAB\benchmark\cardinality_methods\cost_models\runs\pretrained_zeroshot_mirage_test42_100k\seed_2\mirage_job_light_2_test_pred.csv
selected_plan_cost_runtime,Pretrained ZeroShot,JOB-Light,22,2,1.593920028913786,0.20246652793041223,C:\Users\vanya\Documents\DATA_SYS_LAB\benchmark\cardinality_methods\cost_models\runs\pretrained_zeroshot_mirage_test42_100k\seed_2\mirage_job_light_2_test_pred.csv
selected_plan_cost_runtime,Pretrained ZeroShot,JOB-Light,54,2,2.5669864993538547,0.4094235845765694,C:\Users\vanya\Documents\DATA_SYS_LAB\benchmark\cardinality_methods\cost_models\runs\pretrained_zeroshot_mirage_test42_100k\seed_2\mirage_job_light_2_test_pred.csv
selected_plan_cost_runtime,Pretrained ZeroShot,JOB-Light,5,2,1.377184668301516,0.1389921792162601,C:\Users\vanya\Documents\DATA_SYS_LAB\benchmark\cardinality_methods\cost_models\runs\pretrained_zeroshot_mirage_test42_100k\seed_2\mirage_job_light_2_test_pred.csv
selected_plan_cost_runtime,Pretrained ZeroShot,JOB-Light,13,2,1.5097346447661544,0.17890062117338956,C:\Users\vanya\Documents\DATA_SYS_LAB\benchmark\cardinality_methods\cost_models\runs\pretrained_zeroshot_mirage_test42_100k\seed_2\mirage_job_light_2_test_pred.csv
selected_plan_cost_runtime,Pretrained ZeroShot,JOB-Light,64,2,3.3885686813286413,0.5300162925788928,C:\Users\vanya\Documents\DATA_SYS_LAB\benchmark\cardinality_methods\cost_models\runs\pretrained_zeroshot_mirage_test42_100k\seed_2\mirage_job_light_2_test_pred.csv
selected_plan_cost_runtime,Pretrained ZeroShot,JOB-Light,44,2,2.178314257764651,0.33812053408267356,C:\Users\vanya\Documents\DATA_SYS_LAB\benchmark\cardinality_methods\cost_models\runs\pretrained_zeroshot_mirage_test42_100k\seed_2\mirage_job_light_2_test_pred.csv
selected_plan_cost_runtime,Pretrained ZeroShot,JOB-Light,23,2,1.3675994636722353,0.1359589218085038,C:\Users\vanya\Documents\DATA_SYS_LAB\benchmark\cardinality_methods\cost_models\runs\pretrained_zeroshot_mirage_test42_100k\seed_2\mirage_job_light_2_test_pred.csv
selected_plan_cost_runtime,Pretrained ZeroShot,JOB-Light,43,2,3.435503610837929,0.5359904093362966,C:\Users\vanya\Documents\DATA_SYS_LAB\benchmark\cardinality_methods\cost_models\runs\pretrained_zeroshot_mirage_test42_100k\seed_2\mirage_job_light_2_test_pred.csv
selected_plan_cost_runtime,Pretrained ZeroShot,JOB-Light,8,2,4.061027981882345,0.6086359819389975,C:\Users\vanya\Documents\DATA_SYS_LAB\benchmark\cardinality_methods\cost_models\runs\pretrained_zeroshot_mirage_test42_100k\seed_2\mirage_job_light_2_test_pred.csv
selected_plan_cost_runtime,Pretrained ZeroShot,JOB-Light,50,2,1.1499266271775557,-0.060670130415787143,C:\Users\vanya\Documents\DATA_SYS_LAB\benchmark\cardinality_methods\cost_models\runs\pretrained_zeroshot_mirage_test42_100k\seed_2\mirage_job_light_2_test_pred.csv
selected_plan_cost_runtime,Pretrained ZeroShot,JOB-Light,53,2,2.4835358592825125,0.3950704350685437,C:\Users\vanya\Documents\DATA_SYS_LAB\benchmark\cardinality_methods\cost_models\runs\pretrained_zeroshot_mirage_test42_100k\seed_2\mirage_job_light_2_test_pred.csv
selected_plan_cost_runtime,Pretrained ZeroShot,JOB-Light,20,2,2.542271778726358,0.4052219764665698,C:\Users\vanya\Documents\DATA_SYS_LAB\benchmark\cardinality_methods\cost_models\runs\pretrained_zeroshot_mirage_test42_100k\seed_2\mirage_job_light_2_test_pred.csv
selected_plan_cost_runtime,Pretrained ZeroShot,JOB-Light,9,2,3.978696650911302,0.5997408283503489,C:\Users\vanya\Documents\DATA_SYS_LAB\benchmark\cardinality_methods\cost_models\runs\pretrained_zeroshot_mirage_test42_100k\seed_2\mirage_job_light_2_test_pred.csv
selected_plan_cost_runtime,Pretrained ZeroShot,JOB-Light,47,2,1.363486202243513,0.13465074747029684,C:\Users\vanya\Documents\DATA_SYS_LAB\benchmark\cardinality_methods\cost_models\runs\pretrained_zeroshot_mirage_test42_100k\seed_2\mirage_job_light_2_test_pred.csv
selected_plan_cost_runtime,Pretrained ZeroShot,JOB-Light,16,2,1.876858629485889,0.2734315615151107,C:\Users\vanya\Documents\DATA_SYS_LAB\benchmark\cardinality_methods\cost_models\runs\pretrained_zeroshot_mirage_test42_100k\seed_2\mirage_job_light_2_test_pred.csv
selected_plan_cost_runtime,Pretrained ZeroShot,JOB-Light,48,2,1.3119977334345205,0.11793308476698074,C:\Users\vanya\Documents\DATA_SYS_LAB\benchmark\cardinality_methods\cost_models\runs\pretrained_zeroshot_mirage_test42_100k\seed_2\mirage_job_light_2_test_pred.csv
selected_plan_cost_runtime,Pretrained ZeroShot,JOB-Light,32,2,1.2016643537286584,0.07978317841580149,C:\Users\vanya\Documents\DATA_SYS_LAB\benchmark\cardinality_methods\cost_models\runs\pretrained_zeroshot_mirage_test42_100k\seed_2\mirage_job_light_2_test_pred.csv
selected_plan_cost_runtime,Pretrained ZeroShot,JOB-Light,2,2,3.054558266344524,0.48494841380607356,C:\Users\vanya\Documents\DATA_SYS_LAB\benchmark\cardinality_methods\cost_models\runs\pretrained_zeroshot_mirage_test42_100k\seed_2\mirage_job_light_2_test_pred.csv
selected_plan_cost_runtime,Pretrained ZeroShot,JOB-Light,6,2,1.4447953409385434,0.15980633249327894,C:\Users\vanya\Documents\DATA_SYS_LAB\benchmark\cardinality_methods\cost_models\runs\pretrained_zeroshot_mirage_test42_100k\seed_2\mirage_job_light_2_test_pred.csv
selected_plan_cost_runtime,Pretrained ZeroShot,JOB-Light,57,2,1.2915179410480324,-0.1111004435283378,C:\Users\vanya\Documents\DATA_SYS_LAB\benchmark\cardinality_methods\cost_models\runs\pretrained_zeroshot_mirage_test42_100k\seed_2\mirage_job_light_2_test_pred.csv
selected_plan_cost_runtime,Pretrained ZeroShot,JOB-Light,12,2,1.3282033358579601,0.123264566659402,C:\Users\vanya\Documents\DATA_SYS_LAB\benchmark\cardinality_methods\cost_models\runs\pretrained_zeroshot_mirage_test42_100k\seed_2\mirage_job_light_2_test_pred.csv
selected_plan_cost_runtime,Pretrained ZeroShot,JOB-Light,35,2,1.3281884551823746,0.12325970096502992,C:\Users\vanya\Documents\DATA_SYS_LAB\benchmark\cardinality_methods\cost_models\runs\pretrained_zeroshot_mirage_test42_100k\seed_2\mirage_job_light_2_test_pred.csv
selected_plan_cost_runtime,Pretrained ZeroShot,JOB-Light,26,2,5.557057368658296,0.7448448802770341,C:\Users\vanya\Documents\DATA_SYS_LAB\benchmark\cardinality_methods\cost_models\runs\pretrained_zeroshot_mirage_test42_100k\seed_2\mirage_job_light_2_test_pred.csv
selected_plan_cost_runtime,Pretrained ZeroShot,JOB-Light,36,2,15.19761430811121,1.1817754185934248,C:\Users\vanya\Documents\DATA_SYS_LAB\benchmark\cardinality_methods\cost_models\runs\pretrained_zeroshot_mirage_test42_100k\seed_2\mirage_job_light_2_test_pred.csv
selected_plan_cost_runtime,Pretrained ZeroShot,JOB-Light,45,2,1.5034156664405132,0.1770790715274874,C:\Users\vanya\Documents\DATA_SYS_LAB\benchmark\cardinality_methods\cost_models\runs\pretrained_zeroshot_mirage_test42_100k\seed_2\mirage_job_light_2_test_pred.csv
selected_plan_cost_runtime,Pretrained ZeroShot,JOB-Light,33,2,1.7710658716659622,0.2482347143064091,C:\Users\vanya\Documents\DATA_SYS_LAB\benchmark\cardinality_methods\cost_models\runs\pretrained_zeroshot_mirage_test42_100k\seed_2\mirage_job_light_2_test_pred.csv
selected_plan_cost_runtime,Pretrained ZeroShot,JOB-Light,65,2,6.3284259366325974,0.801295701795547,C:\Users\vanya\Documents\DATA_SYS_LAB\benchmark\cardinality_methods\cost_models\runs\pretrained_zeroshot_mirage_test42_100k\seed_2\mirage_job_light_2_test_pred.csv
selected_plan_cost_runtime,Pretrained ZeroShot,JOB-Light,41,2,2.9692226457197277,-0.4726427641781051,C:\Users\vanya\Documents\DATA_SYS_LAB\benchmark\cardinality_methods\cost_models\runs\pretrained_zeroshot_mirage_test42_100k\seed_2\mirage_job_light_2_test_pred.csv
selected_plan_cost_runtime,Pretrained ZeroShot,JOB-Light,34,2,5.450645037943875,0.7364479004129904,C:\Users\vanya\Documents\DATA_SYS_LAB\benchmark\cardinality_methods\cost_models\runs\pretrained_zeroshot_mirage_test42_100k\seed_2\mirage_job_light_2_test_pred.csv
selected_plan_cost_runtime,Pretrained ZeroShot,JOB-Light,28,2,1.4890395492210713,0.1729062328632396,C:\Users\vanya\Documents\DATA_SYS_LAB\benchmark\cardinality_methods\cost_models\runs\pretrained_zeroshot_mirage_test42_100k\seed_2\mirage_job_light_2_test_pred.csv
selected_plan_cost_runtime,Pretrained ZeroShot,JOB-Light,58,2,1.868889762805611,0.2715836851042624,C:\Users\vanya\Documents\DATA_SYS_LAB\benchmark\cardinality_methods\cost_models\runs\pretrained_zeroshot_mirage_test42_100k\seed_2\mirage_job_light_2_test_pred.csv
selected_plan_cost_runtime,Pretrained ZeroShot,JOB-Light,18,2,1.4258153676064125,0.1540632912794102,C:\Users\vanya\Documents\DATA_SYS_LAB\benchmark\cardinality_methods\cost_models\runs\pretrained_zeroshot_mirage_test42_100k\seed_2\mirage_job_light_2_test_pred.csv
selected_plan_cost_runtime,Pretrained ZeroShot,JOB-Light,69,2,1.1424096781056625,-0.05782187364260393,C:\Users\vanya\Documents\DATA_SYS_LAB\benchmark\cardinality_methods\cost_models\runs\pretrained_zeroshot_mirage_test42_100k\seed_2\mirage_job_light_2_test_pred.csv
selected_plan_cost_runtime,Pretrained ZeroShot,JOB-Light,17,2,1.7582288951739595,0.24507541308131994,C:\Users\vanya\Documents\DATA_SYS_LAB\benchmark\cardinality_methods\cost_models\runs\pretrained_zeroshot_mirage_test42_100k\seed_2\mirage_job_light_2_test_pred.csv
selected_plan_cost_runtime,Pretrained ZeroShot,JOB-Light,49,2,1.6527463031501208,0.2182061944076211,C:\Users\vanya\Documents\DATA_SYS_LAB\benchmark\cardinality_methods\cost_models\runs\pretrained_zeroshot_mirage_test42_100k\seed_2\mirage_job_light_2_test_pred.csv
selected_plan_cost_runtime,Pretrained ZeroShot,JOB-Light,19,2,1.246648687599239,-0.09574408416578191,C:\Users\vanya\Documents\DATA_SYS_LAB\benchmark\cardinality_methods\cost_models\runs\pretrained_zeroshot_mirage_test42_100k\seed_2\mirage_job_light_2_test_pred.csv
selected_plan_cost_runtime,Pretrained ZeroShot,JOB-Light,46,2,2.3902556247599795,0.3784443488503075,C:\Users\vanya\Documents\DATA_SYS_LAB\benchmark\cardinality_methods\cost_models\runs\pretrained_zeroshot_mirage_test42_100k\seed_2\mirage_job_light_2_test_pred.csv
selected_plan_cost_runtime,Pretrained ZeroShot,JOB-Light,1,2,3.0811806072771133,0.4887171557804144,C:\Users\vanya\Documents\DATA_SYS_LAB\benchmark\cardinality_methods\cost_models\runs\pretrained_zeroshot_mirage_test42_100k\seed_2\mirage_job_light_2_test_pred.csv
selected_plan_cost_runtime,Pretrained ZeroShot,JOB-Light,21,2,1.1276505198164306,0.052174524441510536,C:\Users\vanya\Documents\DATA_SYS_LAB\benchmark\cardinality_methods\cost_models\runs\pretrained_zeroshot_mirage_test42_100k\seed_2\mirage_job_light_2_test_pred.csv
selected_plan_cost_runtime,Pretrained ZeroShot,JOB-Light,40,2,1.3813493225714057,-0.14030351904285848,C:\Users\vanya\Documents\DATA_SYS_LAB\benchmark\cardinality_methods\cost_models\runs\pretrained_zeroshot_mirage_test42_100k\seed_2\mirage_job_light_2_test_pred.csv
selected_plan_cost_runtime,Pretrained ZeroShot,JOB-Light,42,2,1.305244901883579,-0.11569200558843894,C:\Users\vanya\Documents\DATA_SYS_LAB\benchmark\cardinality_methods\cost_models\runs\pretrained_zeroshot_mirage_test42_100k\seed_2\mirage_job_light_2_test_pred.csv
selected_plan_cost_runtime,Pretrained ZeroShot,JOB-Light,11,2,1.5421495775894443,0.1881264992475226,C:\Users\vanya\Documents\DATA_SYS_LAB\benchmark\cardinality_methods\cost_models\runs\pretrained_zeroshot_mirage_test42_100k\seed_2\mirage_job_light_2_test_pred.csv
selected_plan_cost_runtime,Pretrained ZeroShot,JOB-Light,39,2,2.901471983162976,0.46261838133981675,C:\Users\vanya\Documents\DATA_SYS_LAB\benchmark\cardinality_methods\cost_models\runs\pretrained_zeroshot_mirage_test42_100k\seed_2\mirage_job_light_2_test_pred.csv
selected_plan_cost_runtime,Pretrained ZeroShot,JOB-Light,25,2,1.7351080407449282,0.23932652237673216,C:\Users\vanya\Documents\DATA_SYS_LAB\benchmark\cardinality_methods\cost_models\runs\pretrained_zeroshot_mirage_test42_100k\seed_2\mirage_job_light_2_test_pred.csv
selected_plan_cost_runtime,Pretrained ZeroShot,JOB-Light,51,2,1.1217620701888062,-0.049900751250078985,C:\Users\vanya\Documents\DATA_SYS_LAB\benchmark\cardinality_methods\cost_models\runs\pretrained_zeroshot_mirage_test42_100k\seed_2\mirage_job_light_2_test_pred.csv
selected_plan_cost_runtime,Pretrained ZeroShot,JOB-Light,15,2,1.4470139595695999,0.16047272084592318,C:\Users\vanya\Documents\DATA_SYS_LAB\benchmark\cardinality_methods\cost_models\runs\pretrained_zeroshot_mirage_test42_100k\seed_2\mirage_job_light_2_test_pred.csv
selected_plan_cost_runtime,Pretrained ZeroShot,JOB,46,2,69.87191523461081,-1.8443026477115232,C:\Users\vanya\Documents\DATA_SYS_LAB\benchmark\cardinality_methods\cost_models\runs\pretrained_zeroshot_mirage_test42_100k\seed_2\mirage_job_2_test_pred.csv
selected_plan_cost_runtime,Pretrained ZeroShot,JOB,6,2,2.1040563115025916,0.3230573587932897,C:\Users\vanya\Documents\DATA_SYS_LAB\benchmark\cardinality_methods\cost_models\runs\pretrained_zeroshot_mirage_test42_100k\seed_2\mirage_job_2_test_pred.csv
selected_plan_cost_runtime,Pretrained ZeroShot,JOB,1,2,1.085361088831218,0.03557424767573737,C:\Users\vanya\Documents\DATA_SYS_LAB\benchmark\cardinality_methods\cost_models\runs\pretrained_zeroshot_mirage_test42_100k\seed_2\mirage_job_2_test_pred.csv
selected_plan_cost_runtime,Pretrained ZeroShot,JOB,50,2,1.08098770626477,0.03382075488602796,C:\Users\vanya\Documents\DATA_SYS_LAB\benchmark\cardinality_methods\cost_models\runs\pretrained_zeroshot_mirage_test42_100k\seed_2\mirage_job_2_test_pred.csv
selected_plan_cost_runtime,Pretrained ZeroShot,JOB,15,2,2.7720267580874993,-0.44279741815970397,C:\Users\vanya\Documents\DATA_SYS_LAB\benchmark\cardinality_methods\cost_models\runs\pretrained_zeroshot_mirage_test42_100k\seed_2\mirage_job_2_test_pred.csv
selected_plan_cost_runtime,Pretrained ZeroShot,JOB,24,2,4.630194298944717,-0.6655992158967879,C:\Users\vanya\Documents\DATA_SYS_LAB\benchmark\cardinality_methods\cost_models\runs\pretrained_zeroshot_mirage_test42_100k\seed_2\mirage_job_2_test_pred.csv
selected_plan_cost_runtime,Pretrained ZeroShot,JOB,36,2,1.1943391713557852,0.07712767631672952,C:\Users\vanya\Documents\DATA_SYS_LAB\benchmark\cardinality_methods\cost_models\runs\pretrained_zeroshot_mirage_test42_100k\seed_2\mirage_job_2_test_pred.csv
selected_plan_cost_runtime,Pretrained ZeroShot,JOB,23,2,3.084140541468268,0.4891341602328234,C:\Users\vanya\Documents\DATA_SYS_LAB\benchmark\cardinality_methods\cost_models\runs\pretrained_zeroshot_mirage_test42_100k\seed_2\mirage_job_2_test_pred.csv
selected_plan_cost_runtime,Pretrained ZeroShot,JOB,41,2,1.2231354065092324,-0.08747453802123582,C:\Users\vanya\Documents\DATA_SYS_LAB\benchmark\cardinality_methods\cost_models\runs\pretrained_zeroshot_mirage_test42_100k\seed_2\mirage_job_2_test_pred.csv
selected_plan_cost_runtime,Pretrained ZeroShot,JOB,110,2,11.55534820560464,-1.062783036919773,C:\Users\vanya\Documents\DATA_SYS_LAB\benchmark\cardinality_methods\cost_models\runs\pretrained_zeroshot_mirage_test42_100k\seed_2\mirage_job_2_test_pred.csv
selected_plan_cost_runtime,Pretrained ZeroShot,JOB,88,2,6.052795985644853,0.7819560359145579,C:\Users\vanya\Documents\DATA_SYS_LAB\benchmark\cardinality_methods\cost_models\runs\pretrained_zeroshot_mirage_test42_100k\seed_2\mirage_job_2_test_pred.csv
selected_plan_cost_runtime,Pretrained ZeroShot,JOB,22,2,1.6282821638106573,-0.21172966564392293,C:\Users\vanya\Documents\DATA_SYS_LAB\benchmark\cardinality_methods\cost_models\runs\pretrained_zeroshot_mirage_test42_100k\seed_2\mirage_job_2_test_pred.csv
selected_plan_cost_runtime,Pretrained ZeroShot,JOB,96,2,1.0356854753523244,-0.015227885662012984,C:\Users\vanya\Documents\DATA_SYS_LAB\benchmark\cardinality_methods\cost_models\runs\pretrained_zeroshot_mirage_test42_100k\seed_2\mirage_job_2_test_pred.csv
selected_plan_cost_runtime,Pretrained ZeroShot,JOB,59,2,1.8060557650530047,0.25673115576757893,C:\Users\vanya\Documents\DATA_SYS_LAB\benchmark\cardinality_methods\cost_models\runs\pretrained_zeroshot_mirage_test42_100k\seed_2\mirage_job_2_test_pred.csv
selected_plan_cost_runtime,Pretrained ZeroShot,JOB,80,2,60.459686095512374,-1.7814658880065233,C:\Users\vanya\Documents\DATA_SYS_LAB\benchmark\cardinality_methods\cost_models\runs\pretrained_zeroshot_mirage_test42_100k\seed_2\mirage_job_2_test_pred.csv
selected_plan_cost_runtime,Pretrained ZeroShot,JOB,71,2,2.027733243662136,-0.3070108212601499,C:\Users\vanya\Documents\DATA_SYS_LAB\benchmark\cardinality_methods\cost_models\runs\pretrained_zeroshot_mirage_test42_100k\seed_2\mirage_job_2_test_pred.csv
selected_plan_cost_runtime,Pretrained ZeroShot,JOB,0,2,2.6742380659341967,-0.42720006639619423,C:\Users\vanya\Documents\DATA_SYS_LAB\benchmark\cardinality_methods\cost_models\runs\pretrained_zeroshot_mirage_test42_100k\seed_2\mirage_job_2_test_pred.csv
selected_plan_cost_runtime,Pretrained ZeroShot,JOB,17,2,1.0707055620767534,0.029670058744219577,C:\Users\vanya\Documents\DATA_SYS_LAB\benchmark\cardinality_methods\cost_models\runs\pretrained_zeroshot_mirage_test42_100k\seed_2\mirage_job_2_test_pred.csv
selected_plan_cost_runtime,Pretrained ZeroShot,JOB,4,2,2.003809470328459,0.30185642482057595,C:\Users\vanya\Documents\DATA_SYS_LAB\benchmark\cardinality_methods\cost_models\runs\pretrained_zeroshot_mirage_test42_100k\seed_2\mirage_job_2_test_pred.csv
selected_plan_cost_runtime,Pretrained ZeroShot,JOB,19,2,1.0556793953770187,0.023532045130311617,C:\Users\vanya\Documents\DATA_SYS_LAB\benchmark\cardinality_methods\cost_models\runs\pretrained_zeroshot_mirage_test42_100k\seed_2\mirage_job_2_test_pred.csv
selected_plan_cost_runtime,Pretrained ZeroShot,JOB,43,2,11.339864920297932,-1.054607881301277,C:\Users\vanya\Documents\DATA_SYS_LAB\benchmark\cardinality_methods\cost_models\runs\pretrained_zeroshot_mirage_test42_100k\seed_2\mirage_job_2_test_pred.csv
selected_plan_cost_runtime,Pretrained ZeroShot,JOB,54,2,22.533269702422864,-1.3528242148347407,C:\Users\vanya\Documents\DATA_SYS_LAB\benchmark\cardinality_methods\cost_models\runs\pretrained_zeroshot_mirage_test42_100k\seed_2\mirage_job_2_test_pred.csv
selected_plan_cost_runtime,Pretrained ZeroShot,JOB,103,2,2.983387667711423,0.4747096901735797,C:\Users\vanya\Documents\DATA_SYS_LAB\benchmark\cardinality_methods\cost_models\runs\pretrained_zeroshot_mirage_test42_100k\seed_2\mirage_job_2_test_pred.csv
selected_plan_cost_runtime,Pretrained ZeroShot,JOB,27,2,2.381565161934527,0.3768624687287519,C:\Users\vanya\Documents\DATA_SYS_LAB\benchmark\cardinality_methods\cost_models\runs\pretrained_zeroshot_mirage_test42_100k\seed_2\mirage_job_2_test_pred.csv
selected_plan_cost_runtime,Pretrained ZeroShot,JOB,111,2,3.940763404318626,-0.5955803614620707,C:\Users\vanya\Documents\DATA_SYS_LAB\benchmark\cardinality_methods\cost_models\runs\pretrained_zeroshot_mirage_test42_100k\seed_2\mirage_job_2_test_pred.csv
selected_plan_cost_runtime,Pretrained ZeroShot,JOB,64,2,1.144193996592186,-0.0584996647600756,C:\Users\vanya\Documents\DATA_SYS_LAB\benchmark\cardinality_methods\cost_models\runs\pretrained_zeroshot_mirage_test42_100k\seed_2\mirage_job_2_test_pred.csv
selected_plan_cost_runtime,Pretrained ZeroShot,JOB,28,2,1.2474686455690558,-0.09602963868222558,C:\Users\vanya\Documents\DATA_SYS_LAB\benchmark\cardinality_methods\cost_models\runs\pretrained_zeroshot_mirage_test42_100k\seed_2\mirage_job_2_test_pred.csv
selected_plan_cost_runtime,Pretrained ZeroShot,JOB,21,2,1.1978853570531294,0.07841525613205418,C:\Users\vanya\Documents\DATA_SYS_LAB\benchmark\cardinality_methods\cost_models\runs\pretrained_zeroshot_mirage_test42_100k\seed_2\mirage_job_2_test_pred.csv
selected_plan_cost_runtime,Pretrained ZeroShot,JOB,30,2,1.2561838461725288,0.09905320431782341,C:\Users\vanya\Documents\DATA_SYS_LAB\benchmark\cardinality_methods\cost_models\runs\pretrained_zeroshot_mirage_test42_100k\seed_2\mirage_job_2_test_pred.csv
selected_plan_cost_runtime,Pretrained ZeroShot,JOB,35,2,1.3628394401076864,-0.13444469341160387,C:\Users\vanya\Documents\DATA_SYS_LAB\benchmark\cardinality_methods\cost_models\runs\pretrained_zeroshot_mirage_test42_100k\seed_2\mirage_job_2_test_pred.csv
selected_plan_cost_runtime,Pretrained ZeroShot,JOB,78,2,57.89530493225039,-1.7626433456843882,C:\Users\vanya\Documents\DATA_SYS_LAB\benchmark\cardinality_methods\cost_models\runs\pretrained_zeroshot_mirage_test42_100k\seed_2\mirage_job_2_test_pred.csv
selected_plan_cost_runtime,Pretrained ZeroShot,JOB,98,2,19.53583064580111,-1.2908318817608777,C:\Users\vanya\Documents\DATA_SYS_LAB\benchmark\cardinality_methods\cost_models\runs\pretrained_zeroshot_mirage_test42_100k\seed_2\mirage_job_2_test_pred.csv
selected_plan_cost_runtime,Pretrained ZeroShot,JOB,9,2,8.005533099169428,0.9033902574694019,C:\Users\vanya\Documents\DATA_SYS_LAB\benchmark\cardinality_methods\cost_models\runs\pretrained_zeroshot_mirage_test42_100k\seed_2\mirage_job_2_test_pred.csv
selected_plan_cost_runtime,Pretrained ZeroShot,JOB,2,2,2.1308254925484333,-0.3285478839110309,C:\Users\vanya\Documents\DATA_SYS_LAB\benchmark\cardinality_methods\cost_models\runs\pretrained_zeroshot_mirage_test42_100k\seed_2\mirage_job_2_test_pred.csv
selected_plan_cost_runtime,Pretrained ZeroShot,JOB,97,2,1.0124449313256694,-0.005371410482466042,C:\Users\vanya\Documents\DATA_SYS_LAB\benchmark\cardinality_methods\cost_models\runs\pretrained_zeroshot_mirage_test42_100k\seed_2\mirage_job_2_test_pred.csv
selected_plan_cost_runtime,Pretrained ZeroShot,JOB,91,2,1.7960637202012657,-0.2543217403718739,C:\Users\vanya\Documents\DATA_SYS_LAB\benchmark\cardinality_methods\cost_models\runs\pretrained_zeroshot_mirage_test42_100k\seed_2\mirage_job_2_test_pred.csv
selected_plan_cost_runtime,Pretrained ZeroShot,JOB,100,2,3.8085031846467787,0.5807543230839117,C:\Users\vanya\Documents\DATA_SYS_LAB\benchmark\cardinality_methods\cost_models\runs\pretrained_zeroshot_mirage_test42_100k\seed_2\mirage_job_2_test_pred.csv
selected_plan_cost_runtime,Pretrained ZeroShot,JOB,61,2,5.03125587912784,0.7016764051944356,C:\Users\vanya\Documents\DATA_SYS_LAB\benchmark\cardinality_methods\cost_models\runs\pretrained_zeroshot_mirage_test42_100k\seed_2\mirage_job_2_test_pred.csv
selected_plan_cost_runtime,Pretrained ZeroShot,JOB,45,2,1.0607081396784137,0.02559590156012653,C:\Users\vanya\Documents\DATA_SYS_LAB\benchmark\cardinality_methods\cost_models\runs\pretrained_zeroshot_mirage_test42_100k\seed_2\mirage_job_2_test_pred.csv
selected_plan_cost_runtime,Pretrained ZeroShot,JOB,89,2,3.4016546976081665,-0.531690226227026,C:\Users\vanya\Documents\DATA_SYS_LAB\benchmark\cardinality_methods\cost_models\runs\pretrained_zeroshot_mirage_test42_100k\seed_2\mirage_job_2_test_pred.csv
selected_plan_cost_runtime,Pretrained ZeroShot,JOB,48,2,1.1721824260240787,0.06899520592294094,C:\Users\vanya\Documents\DATA_SYS_LAB\benchmark\cardinality_methods\cost_models\runs\pretrained_zeroshot_mirage_test42_100k\seed_2\mirage_job_2_test_pred.csv
selected_plan_cost_runtime,Pretrained ZeroShot,JOB,32,2,5.05360389336708,0.70360119847298,C:\Users\vanya\Documents\DATA_SYS_LAB\benchmark\cardinality_methods\cost_models\runs\pretrained_zeroshot_mirage_test42_100k\seed_2\mirage_job_2_test_pred.csv
selected_plan_cost_runtime,Pretrained ZeroShot,JOB,90,2,383.1161837630992,-2.5833304980299516,C:\Users\vanya\Documents\DATA_SYS_LAB\benchmark\cardinality_methods\cost_models\runs\pretrained_zeroshot_mirage_test42_100k\seed_2\mirage_job_2_test_pred.csv
selected_plan_cost_runtime,Pretrained ZeroShot,JOB,104,2,2.6700674307605774,0.4265222293186734,C:\Users\vanya\Documents\DATA_SYS_LAB\benchmark\cardinality_methods\cost_models\runs\pretrained_zeroshot_mirage_test42_100k\seed_2\mirage_job_2_test_pred.csv
selected_plan_cost_runtime,Pretrained ZeroShot,JOB,31,2,1.9584910884870708,0.29192159976456084,C:\Users\vanya\Documents\DATA_SYS_LAB\benchmark\cardinality_methods\cost_models\runs\pretrained_zeroshot_mirage_test42_100k\seed_2\mirage_job_2_test_pred.csv
selected_plan_cost_runtime,Pretrained ZeroShot,JOB,58,2,1.9629678857755746,0.2929131945849553,C:\Users\vanya\Documents\DATA_SYS_LAB\benchmark\cardinality_methods\cost_models\runs\pretrained_zeroshot_mirage_test42_100k\seed_2\mirage_job_2_test_pred.csv
selected_plan_cost_runtime,Pretrained ZeroShot,JOB,84,2,2.2181465045466147,-0.3459902271219454,C:\Users\vanya\Documents\DATA_SYS_LAB\benchmark\cardinality_methods\cost_models\runs\pretrained_zeroshot_mirage_test42_100k\seed_2\mirage_job_2_test_pred.csv
selected_plan_cost_runtime,Pretrained ZeroShot,JOB,85,2,2.3728802341541684,0.3752758187236266,C:\Users\vanya\Documents\DATA_SYS_LAB\benchmark\cardinality_methods\cost_models\runs\pretrained_zeroshot_mirage_test42_100k\seed_2\mirage_job_2_test_pred.csv
selected_plan_cost_runtime,Pretrained ZeroShot,JOB,74,2,1.5888116954651705,-0.201072428065513,C:\Users\vanya\Documents\DATA_SYS_LAB\benchmark\cardinality_methods\cost_models\runs\pretrained_zeroshot_mirage_test42_100k\seed_2\mirage_job_2_test_pred.csv
selected_plan_cost_runtime,Pretrained ZeroShot,JOB,86,2,3.4987878093943237,0.5439176046711022,C:\Users\vanya\Documents\DATA_SYS_LAB\benchmark\cardinality_methods\cost_models\runs\pretrained_zeroshot_mirage_test42_100k\seed_2\mirage_job_2_test_pred.csv
selected_plan_cost_runtime,Pretrained ZeroShot,JOB,92,2,2343.3944672262273,-3.3698454002145377,C:\Users\vanya\Documents\DATA_SYS_LAB\benchmark\cardinality_methods\cost_models\runs\pretrained_zeroshot_mirage_test42_100k\seed_2\mirage_job_2_test_pred.csv
selected_plan_cost_runtime,Pretrained ZeroShot,JOB,81,2,103.04063069089067,-2.013008508252687,C:\Users\vanya\Documents\DATA_SYS_LAB\benchmark\cardinality_methods\cost_models\runs\pretrained_zeroshot_mirage_test42_100k\seed_2\mirage_job_2_test_pred.csv
selected_plan_cost_runtime,Pretrained ZeroShot,JOB,57,2,1.5552564491631151,-0.19180201090211868,C:\Users\vanya\Documents\DATA_SYS_LAB\benchmark\cardinality_methods\cost_models\runs\pretrained_zeroshot_mirage_test42_100k\seed_2\mirage_job_2_test_pred.csv
selected_plan_cost_runtime,Pretrained ZeroShot,JOB,20,2,1.3338274294416592,-0.12509964420624112,C:\Users\vanya\Documents\DATA_SYS_LAB\benchmark\cardinality_methods\cost_models\runs\pretrained_zeroshot_mirage_test42_100k\seed_2\mirage_job_2_test_pred.csv
selected_plan_cost_runtime,Pretrained ZeroShot,JOB,67,2,4.006357663525936,-0.6027497178886517,C:\Users\vanya\Documents\DATA_SYS_LAB\benchmark\cardinality_methods\cost_models\runs\pretrained_zeroshot_mirage_test42_100k\seed_2\mirage_job_2_test_pred.csv
selected_plan_cost_runtime,Pretrained ZeroShot,JOB,72,2,2.4786644324221787,-0.3942177349114695,C:\Users\vanya\Documents\DATA_SYS_LAB\benchmark\cardinality_methods\cost_models\runs\pretrained_zeroshot_mirage_test42_100k\seed_2\mirage_job_2_test_pred.csv
selected_plan_cost_runtime,Pretrained ZeroShot,JOB,87,2,1.6744810921324937,-0.2238802479470209,C:\Users\vanya\Documents\DATA_SYS_LAB\benchmark\cardinality_methods\cost_models\runs\pretrained_zeroshot_mirage_test42_100k\seed_2\mirage_job_2_test_pred.csv
selected_plan_cost_runtime,Pretrained ZeroShot,JOB,37,2,1.7569747493171695,0.24476551999784543,C:\Users\vanya\Documents\DATA_SYS_LAB\benchmark\cardinality_methods\cost_models\runs\pretrained_zeroshot_mirage_test42_100k\seed_2\mirage_job_2_test_pred.csv
selected_plan_cost_runtime,Pretrained ZeroShot,JOB,75,2,11.047617697534955,1.0432686370836344,C:\Users\vanya\Documents\DATA_SYS_LAB\benchmark\cardinality_methods\cost_models\runs\pretrained_zeroshot_mirage_test42_100k\seed_2\mirage_job_2_test_pred.csv
selected_plan_cost_runtime,Pretrained ZeroShot,JOB,16,2,2.512122403703022,-0.40004079667251036,C:\Users\vanya\Documents\DATA_SYS_LAB\benchmark\cardinality_methods\cost_models\runs\pretrained_zeroshot_mirage_test42_100k\seed_2\mirage_job_2_test_pred.csv
selected_plan_cost_runtime,Pretrained ZeroShot,JOB,99,2,1.3722334360823703,0.1374279972154005,C:\Users\vanya\Documents\DATA_SYS_LAB\benchmark\cardinality_methods\cost_models\runs\pretrained_zeroshot_mirage_test42_100k\seed_2\mirage_job_2_test_pred.csv
selected_plan_cost_runtime,Pretrained ZeroShot,JOB,3,2,3.7679580719617554,-0.5761060615261058,C:\Users\vanya\Documents\DATA_SYS_LAB\benchmark\cardinality_methods\cost_models\runs\pretrained_zeroshot_mirage_test42_100k\seed_2\mirage_job_2_test_pred.csv
selected_plan_cost_runtime,Pretrained ZeroShot,JOB,106,2,4.001045651870942,0.6021735067007989,C:\Users\vanya\Documents\DATA_SYS_LAB\benchmark\cardinality_methods\cost_models\runs\pretrained_zeroshot_mirage_test42_100k\seed_2\mirage_job_2_test_pred.csv
selected_plan_cost_runtime,Pretrained ZeroShot,JOB,68,2,3.49902967099549,0.5439476252193965,C:\Users\vanya\Documents\DATA_SYS_LAB\benchmark\cardinality_methods\cost_models\runs\pretrained_zeroshot_mirage_test42_100k\seed_2\mirage_job_2_test_pred.csv
selected_plan_cost_runtime,Pretrained ZeroShot,JOB,13,2,1.320576083298531,0.12076342758372015,C:\Users\vanya\Documents\DATA_SYS_LAB\benchmark\cardinality_methods\cost_models\runs\pretrained_zeroshot_mirage_test42_100k\seed_2\mirage_job_2_test_pred.csv
selected_plan_cost_runtime,Pretrained ZeroShot,JOB,29,2,1.201277901708847,-0.07964348801684026,C:\Users\vanya\Documents\DATA_SYS_LAB\benchmark\cardinality_methods\cost_models\runs\pretrained_zeroshot_mirage_test42_100k\seed_2\mirage_job_2_test_pred.csv
selected_plan_cost_runtime,Pretrained ZeroShot,JOB,44,2,1.0845544827288631,0.03525137373534247,C:\Users\vanya\Documents\DATA_SYS_LAB\benchmark\cardinality_methods\cost_models\runs\pretrained_zeroshot_mirage_test42_100k\seed_2\mirage_job_2_test_pred.csv
selected_plan_cost_runtime,Pretrained ZeroShot,JOB,79,2,59.347281900271824,-1.7734008331011377,C:\Users\vanya\Documents\DATA_SYS_LAB\benchmark\cardinality_methods\cost_models\runs\pretrained_zeroshot_mirage_test42_100k\seed_2\mirage_job_2_test_pred.csv
selected_plan_cost_runtime,Pretrained ZeroShot,JOB,112,2,1.1225200737316394,0.05019411611895249,C:\Users\vanya\Documents\DATA_SYS_LAB\benchmark\cardinality_methods\cost_models\runs\pretrained_zeroshot_mirage_test42_100k\seed_2\mirage_job_2_test_pred.csv
selected_plan_cost_runtime,Pretrained ZeroShot,JOB,60,2,3.654495649164218,0.5628274491738579,C:\Users\vanya\Documents\DATA_SYS_LAB\benchmark\cardinality_methods\cost_models\runs\pretrained_zeroshot_mirage_test42_100k\seed_2\mirage_job_2_test_pred.csv
selected_plan_cost_runtime,Pretrained ZeroShot,JOB,5,2,1.0581832249059493,0.024560872496996688,C:\Users\vanya\Documents\DATA_SYS_LAB\benchmark\cardinality_methods\cost_models\runs\pretrained_zeroshot_mirage_test42_100k\seed_2\mirage_job_2_test_pred.csv
selected_plan_cost_runtime,Pretrained ZeroShot,JOB,34,2,1.1375493919930812,-0.05597026265165409,C:\Users\vanya\Documents\DATA_SYS_LAB\benchmark\cardinality_methods\cost_models\runs\pretrained_zeroshot_mirage_test42_100k\seed_2\mirage_job_2_test_pred.csv
selected_plan_cost_runtime,Pretrained ZeroShot,JOB,49,2,6.9912361782764,0.8445539737338768,C:\Users\vanya\Documents\DATA_SYS_LAB\benchmark\cardinality_methods\cost_models\runs\pretrained_zeroshot_mirage_test42_100k\seed_2\mirage_job_2_test_pred.csv
selected_plan_cost_runtime,Pretrained ZeroShot,JOB,82,2,3.3432037125192386,-0.524162840405767,C:\Users\vanya\Documents\DATA_SYS_LAB\benchmark\cardinality_methods\cost_models\runs\pretrained_zeroshot_mirage_test42_100k\seed_2\mirage_job_2_test_pred.csv
selected_plan_cost_runtime,Pretrained ZeroShot,JOB,8,2,7.5272637379245975,0.8766371329757756,C:\Users\vanya\Documents\DATA_SYS_LAB\benchmark\cardinality_methods\cost_models\runs\pretrained_zeroshot_mirage_test42_100k\seed_2\mirage_job_2_test_pred.csv
selected_plan_cost_runtime,Pretrained ZeroShot,JOB,105,2,4.498219801926788,0.653040673071961,C:\Users\vanya\Documents\DATA_SYS_LAB\benchmark\cardinality_methods\cost_models\runs\pretrained_zeroshot_mirage_test42_100k\seed_2\mirage_job_2_test_pred.csv
selected_plan_cost_runtime,Pretrained ZeroShot,JOB,93,2,27.111090879197445,1.4331469928030698,C:\Users\vanya\Documents\DATA_SYS_LAB\benchmark\cardinality_methods\cost_models\runs\pretrained_zeroshot_mirage_test42_100k\seed_2\mirage_job_2_test_pred.csv
selected_plan_cost_runtime,Pretrained ZeroShot,JOB,51,2,1.902066899973,0.2792257879842316,C:\Users\vanya\Documents\DATA_SYS_LAB\benchmark\cardinality_methods\cost_models\runs\pretrained_zeroshot_mirage_test42_100k\seed_2\mirage_job_2_test_pred.csv
selected_plan_cost_runtime,Pretrained ZeroShot,JOB,33,2,1.0034079247457552,-0.0014775266895013593,C:\Users\vanya\Documents\DATA_SYS_LAB\benchmark\cardinality_methods\cost_models\runs\pretrained_zeroshot_mirage_test42_100k\seed_2\mirage_job_2_test_pred.csv
selected_plan_cost_runtime,Pretrained ZeroShot,JOB,109,2,3.2236935479465596,0.5083537500184361,C:\Users\vanya\Documents\DATA_SYS_LAB\benchmark\cardinality_methods\cost_models\runs\pretrained_zeroshot_mirage_test42_100k\seed_2\mirage_job_2_test_pred.csv
selected_plan_cost_runtime,Pretrained ZeroShot,JOB,101,2,4.417775510475653,0.6452036433962756,C:\Users\vanya\Documents\DATA_SYS_LAB\benchmark\cardinality_methods\cost_models\runs\pretrained_zeroshot_mirage_test42_100k\seed_2\mirage_job_2_test_pred.csv
selected_plan_cost_runtime,Pretrained ZeroShot,JOB,73,2,2.1573150541155672,-0.3339135740651584,C:\Users\vanya\Documents\DATA_SYS_LAB\benchmark\cardinality_methods\cost_models\runs\pretrained_zeroshot_mirage_test42_100k\seed_2\mirage_job_2_test_pred.csv
selected_plan_cost_runtime,Pretrained ZeroShot,JOB,70,2,2.8868185453863817,-0.4604194866122605,C:\Users\vanya\Documents\DATA_SYS_LAB\benchmark\cardinality_methods\cost_models\runs\pretrained_zeroshot_mirage_test42_100k\seed_2\mirage_job_2_test_pred.csv
selected_plan_cost_runtime,Pretrained ZeroShot,JOB,102,2,2.75087931290035,0.4394715373576403,C:\Users\vanya\Documents\DATA_SYS_LAB\benchmark\cardinality_methods\cost_models\runs\pretrained_zeroshot_mirage_test42_100k\seed_2\mirage_job_2_test_pred.csv
selected_plan_cost_runtime,Pretrained ZeroShot,JOB,26,2,1.428519336737055,0.15488612345965316,C:\Users\vanya\Documents\DATA_SYS_LAB\benchmark\cardinality_methods\cost_models\runs\pretrained_zeroshot_mirage_test42_100k\seed_2\mirage_job_2_test_pred.csv
selected_plan_cost_runtime,Pretrained ZeroShot,JOB,76,2,11.657807872110613,1.0666168936005347,C:\Users\vanya\Documents\DATA_SYS_LAB\benchmark\cardinality_methods\cost_models\runs\pretrained_zeroshot_mirage_test42_100k\seed_2\mirage_job_2_test_pred.csv
selected_plan_cost_runtime,Pretrained ZeroShot,JOB,47,2,16.36523871716589,-1.2139223446755993,C:\Users\vanya\Documents\DATA_SYS_LAB\benchmark\cardinality_methods\cost_models\runs\pretrained_zeroshot_mirage_test42_100k\seed_2\mirage_job_2_test_pred.csv
selected_plan_cost_runtime,Pretrained ZeroShot,JOB,56,2,1.0246173828316452,0.01056171949252373,C:\Users\vanya\Documents\DATA_SYS_LAB\benchmark\cardinality_methods\cost_models\runs\pretrained_zeroshot_mirage_test42_100k\seed_2\mirage_job_2_test_pred.csv
selected_plan_cost_runtime,Pretrained ZeroShot,JOB,53,2,2.895022431519849,-0.46165193312305763,C:\Users\vanya\Documents\DATA_SYS_LAB\benchmark\cardinality_methods\cost_models\runs\pretrained_zeroshot_mirage_test42_100k\seed_2\mirage_job_2_test_pred.csv
selected_plan_cost_runtime,Pretrained ZeroShot,JOB,108,2,3.36130909560603,0.5265084506854282,C:\Users\vanya\Documents\DATA_SYS_LAB\benchmark\cardinality_methods\cost_models\runs\pretrained_zeroshot_mirage_test42_100k\seed_2\mirage_job_2_test_pred.csv
selected_plan_cost_runtime,Pretrained ZeroShot,JOB,66,2,3.756531328648167,0.5747870151116979,C:\Users\vanya\Documents\DATA_SYS_LAB\benchmark\cardinality_methods\cost_models\runs\pretrained_zeroshot_mirage_test42_100k\seed_2\mirage_job_2_test_pred.csv
selected_plan_cost_runtime,Pretrained ZeroShot,JOB,94,2,23.53414903294523,1.3716984993505974,C:\Users\vanya\Documents\DATA_SYS_LAB\benchmark\cardinality_methods\cost_models\runs\pretrained_zeroshot_mirage_test42_100k\seed_2\mirage_job_2_test_pred.csv
selected_plan_cost_runtime,Pretrained ZeroShot,JOB,77,2,1.432187144510087,-0.1559997711266163,C:\Users\vanya\Documents\DATA_SYS_LAB\benchmark\cardinality_methods\cost_models\runs\pretrained_zeroshot_mirage_test42_100k\seed_2\mirage_job_2_test_pred.csv
selected_plan_cost_runtime,Pretrained ZeroShot,JOB,7,2,1.103646293825267,0.04282990921489144,C:\Users\vanya\Documents\DATA_SYS_LAB\benchmark\cardinality_methods\cost_models\runs\pretrained_zeroshot_mirage_test42_100k\seed_2\mirage_job_2_test_pred.csv
selected_plan_cost_runtime,Pretrained ZeroShot,JOB,38,2,13.518918816330183,1.1309419600318316,C:\Users\vanya\Documents\DATA_SYS_LAB\benchmark\cardinality_methods\cost_models\runs\pretrained_zeroshot_mirage_test42_100k\seed_2\mirage_job_2_test_pred.csv
selected_plan_cost_runtime,Pretrained ZeroShot,JOB,69,2,3.622850334801326,0.559050393070558,C:\Users\vanya\Documents\DATA_SYS_LAB\benchmark\cardinality_methods\cost_models\runs\pretrained_zeroshot_mirage_test42_100k\seed_2\mirage_job_2_test_pred.csv
selected_plan_cost_runtime,Pretrained ZeroShot,JOB,95,2,2.550455707504718,-0.4066177857565134,C:\Users\vanya\Documents\DATA_SYS_LAB\benchmark\cardinality_methods\cost_models\runs\pretrained_zeroshot_mirage_test42_100k\seed_2\mirage_job_2_test_pred.csv
selected_plan_cost_runtime,Pretrained ZeroShot,JOB,39,2,6.379559792616005,0.8047907122268717,C:\Users\vanya\Documents\DATA_SYS_LAB\benchmark\cardinality_methods\cost_models\runs\pretrained_zeroshot_mirage_test42_100k\seed_2\mirage_job_2_test_pred.csv
selected_plan_cost_runtime,Pretrained ZeroShot,JOB,83,2,21.468679358789508,-1.3318053297259205,C:\Users\vanya\Documents\DATA_SYS_LAB\benchmark\cardinality_methods\cost_models\runs\pretrained_zeroshot_mirage_test42_100k\seed_2\mirage_job_2_test_pred.csv
selected_plan_cost_runtime,Pretrained ZeroShot,JOB,55,2,1.1653556715854871,-0.06645849414544684,C:\Users\vanya\Documents\DATA_SYS_LAB\benchmark\cardinality_methods\cost_models\runs\pretrained_zeroshot_mirage_test42_100k\seed_2\mirage_job_2_test_pred.csv
selected_plan_cost_runtime,Pretrained ZeroShot,JOB,14,2,3.0261239617094233,-0.4808867144286392,C:\Users\vanya\Documents\DATA_SYS_LAB\benchmark\cardinality_methods\cost_models\runs\pretrained_zeroshot_mirage_test42_100k\seed_2\mirage_job_2_test_pred.csv
selected_plan_cost_runtime,Pretrained ZeroShot,JOB,40,2,8.561772812963087,0.9325636996270532,C:\Users\vanya\Documents\DATA_SYS_LAB\benchmark\cardinality_methods\cost_models\runs\pretrained_zeroshot_mirage_test42_100k\seed_2\mirage_job_2_test_pred.csv
selected_plan_cost_runtime,Pretrained ZeroShot,JOB,25,2,1.5800836492973236,0.19868007902190113,C:\Users\vanya\Documents\DATA_SYS_LAB\benchmark\cardinality_methods\cost_models\runs\pretrained_zeroshot_mirage_test42_100k\seed_2\mirage_job_2_test_pred.csv
selected_plan_cost_runtime,Pretrained ZeroShot,JOB,52,2,83.39889233425228,1.921160282576389,C:\Users\vanya\Documents\DATA_SYS_LAB\benchmark\cardinality_methods\cost_models\runs\pretrained_zeroshot_mirage_test42_100k\seed_2\mirage_job_2_test_pred.csv
selected_plan_cost_runtime,Pretrained ZeroShot,JOB,10,2,9.872666043026914,0.9944344466338481,C:\Users\vanya\Documents\DATA_SYS_LAB\benchmark\cardinality_methods\cost_models\runs\pretrained_zeroshot_mirage_test42_100k\seed_2\mirage_job_2_test_pred.csv
selected_plan_cost_runtime,Pretrained ZeroShot,JOB,107,2,7.2970549693082285,0.8631476178406241,C:\Users\vanya\Documents\DATA_SYS_LAB\benchmark\cardinality_methods\cost_models\runs\pretrained_zeroshot_mirage_test42_100k\seed_2\mirage_job_2_test_pred.csv
selected_plan_cost_runtime,Pretrained ZeroShot,JOB,18,2,1.3774736337346698,-0.13908329475930004,C:\Users\vanya\Documents\DATA_SYS_LAB\benchmark\cardinality_methods\cost_models\runs\pretrained_zeroshot_mirage_test42_100k\seed_2\mirage_job_2_test_pred.csv
selected_plan_cost_runtime,Pretrained ZeroShot,JOB,62,2,1.133666230583553,-0.05448521015467126,C:\Users\vanya\Documents\DATA_SYS_LAB\benchmark\cardinality_methods\cost_models\runs\pretrained_zeroshot_mirage_test42_100k\seed_2\mirage_job_2_test_pred.csv
selected_plan_cost_runtime,Pretrained ZeroShot,JOB,11,2,1.2749344164071168,0.10548784490717941,C:\Users\vanya\Documents\DATA_SYS_LAB\benchmark\cardinality_methods\cost_models\runs\pretrained_zeroshot_mirage_test42_100k\seed_2\mirage_job_2_test_pred.csv
selected_plan_cost_runtime,Pretrained ZeroShot,JOB,12,2,2.750807163840302,0.43946014669087385,C:\Users\vanya\Documents\DATA_SYS_LAB\benchmark\cardinality_methods\cost_models\runs\pretrained_zeroshot_mirage_test42_100k\seed_2\mirage_job_2_test_pred.csv
selected_plan_cost_runtime,Pretrained ZeroShot,JOB,42,2,2.8243194336105066,0.45091381433760014,C:\Users\vanya\Documents\DATA_SYS_LAB\benchmark\cardinality_methods\cost_models\runs\pretrained_zeroshot_mirage_test42_100k\seed_2\mirage_job_2_test_pred.csv
selected_plan_cost_runtime,Pretrained ZeroShot,JOB,65,2,1.9401423407195868,0.2878335936010227,C:\Users\vanya\Documents\DATA_SYS_LAB\benchmark\cardinality_methods\cost_models\runs\pretrained_zeroshot_mirage_test42_100k\seed_2\mirage_job_2_test_pred.csv
selected_plan_cost_runtime,Pretrained ZeroShot,JOB,63,2,1.1761549934099023,-0.07046455672925768,C:\Users\vanya\Documents\DATA_SYS_LAB\benchmark\cardinality_methods\cost_models\runs\pretrained_zeroshot_mirage_test42_100k\seed_2\mirage_job_2_test_pred.csv
selected_plan_cost_runtime,Pretrained ZeroShot,JOB-Complex,18,2,2.7084191706807283,0.4327158791511545,C:\Users\vanya\Documents\DATA_SYS_LAB\benchmark\cardinality_methods\cost_models\runs\pretrained_zeroshot_mirage_test42_100k\seed_2\mirage_job_complex_2_test_pred.csv
selected_plan_cost_runtime,Pretrained ZeroShot,JOB-Complex,25,2,1.0179106574605465,0.007709661424487853,C:\Users\vanya\Documents\DATA_SYS_LAB\benchmark\cardinality_methods\cost_models\runs\pretrained_zeroshot_mirage_test42_100k\seed_2\mirage_job_complex_2_test_pred.csv
selected_plan_cost_runtime,Pretrained ZeroShot,JOB-Complex,20,2,1.975696004865562,0.2957201216453655,C:\Users\vanya\Documents\DATA_SYS_LAB\benchmark\cardinality_methods\cost_models\runs\pretrained_zeroshot_mirage_test42_100k\seed_2\mirage_job_complex_2_test_pred.csv
selected_plan_cost_runtime,Pretrained ZeroShot,JOB-Complex,5,2,48.526478602259,1.6859787772189532,C:\Users\vanya\Documents\DATA_SYS_LAB\benchmark\cardinality_methods\cost_models\runs\pretrained_zeroshot_mirage_test42_100k\seed_2\mirage_job_complex_2_test_pred.csv
selected_plan_cost_runtime,Pretrained ZeroShot,JOB-Complex,3,2,41.32775092558685,1.6162417714277424,C:\Users\vanya\Documents\DATA_SYS_LAB\benchmark\cardinality_methods\cost_models\runs\pretrained_zeroshot_mirage_test42_100k\seed_2\mirage_job_complex_2_test_pred.csv
selected_plan_cost_runtime,Pretrained ZeroShot,JOB-Complex,10,2,3.069377305086546,0.48705027762872044,C:\Users\vanya\Documents\DATA_SYS_LAB\benchmark\cardinality_methods\cost_models\runs\pretrained_zeroshot_mirage_test42_100k\seed_2\mirage_job_complex_2_test_pred.csv
selected_plan_cost_runtime,Pretrained ZeroShot,JOB-Complex,22,2,9.261413926003966,-0.9666772948228773,C:\Users\vanya\Documents\DATA_SYS_LAB\benchmark\cardinality_methods\cost_models\runs\pretrained_zeroshot_mirage_test42_100k\seed_2\mirage_job_complex_2_test_pred.csv
selected_plan_cost_runtime,Pretrained ZeroShot,JOB-Complex,7,2,1.6025841479544787,0.20482084257951688,C:\Users\vanya\Documents\DATA_SYS_LAB\benchmark\cardinality_methods\cost_models\runs\pretrained_zeroshot_mirage_test42_100k\seed_2\mirage_job_complex_2_test_pred.csv
selected_plan_cost_runtime,Pretrained ZeroShot,JOB-Complex,17,2,3.652602995487461,0.5626024709420523,C:\Users\vanya\Documents\DATA_SYS_LAB\benchmark\cardinality_methods\cost_models\runs\pretrained_zeroshot_mirage_test42_100k\seed_2\mirage_job_complex_2_test_pred.csv
selected_plan_cost_runtime,Pretrained ZeroShot,JOB-Complex,4,2,1.6820153853313227,0.22582996395531588,C:\Users\vanya\Documents\DATA_SYS_LAB\benchmark\cardinality_methods\cost_models\runs\pretrained_zeroshot_mirage_test42_100k\seed_2\mirage_job_complex_2_test_pred.csv
selected_plan_cost_runtime,Pretrained ZeroShot,JOB-Complex,1,2,13.168820142170235,1.119546866176768,C:\Users\vanya\Documents\DATA_SYS_LAB\benchmark\cardinality_methods\cost_models\runs\pretrained_zeroshot_mirage_test42_100k\seed_2\mirage_job_complex_2_test_pred.csv
selected_plan_cost_runtime,Pretrained ZeroShot,JOB-Complex,8,2,1.5607889834678372,-0.19334419101228628,C:\Users\vanya\Documents\DATA_SYS_LAB\benchmark\cardinality_methods\cost_models\runs\pretrained_zeroshot_mirage_test42_100k\seed_2\mirage_job_complex_2_test_pred.csv
selected_plan_cost_runtime,Pretrained ZeroShot,JOB-Complex,13,2,3.156185430157796,-0.4991625106744555,C:\Users\vanya\Documents\DATA_SYS_LAB\benchmark\cardinality_methods\cost_models\runs\pretrained_zeroshot_mirage_test42_100k\seed_2\mirage_job_complex_2_test_pred.csv
selected_plan_cost_runtime,Pretrained ZeroShot,JOB-Complex,12,2,1.163941137185329,0.06593101773483534,C:\Users\vanya\Documents\DATA_SYS_LAB\benchmark\cardinality_methods\cost_models\runs\pretrained_zeroshot_mirage_test42_100k\seed_2\mirage_job_complex_2_test_pred.csv
selected_plan_cost_runtime,Pretrained ZeroShot,JOB-Complex,15,2,1.1334323996192175,0.05439562296466882,C:\Users\vanya\Documents\DATA_SYS_LAB\benchmark\cardinality_methods\cost_models\runs\pretrained_zeroshot_mirage_test42_100k\seed_2\mirage_job_complex_2_test_pred.csv
selected_plan_cost_runtime,Pretrained ZeroShot,JOB-Complex,21,2,1.5566072654853798,-0.19217905319282735,C:\Users\vanya\Documents\DATA_SYS_LAB\benchmark\cardinality_methods\cost_models\runs\pretrained_zeroshot_mirage_test42_100k\seed_2\mirage_job_complex_2_test_pred.csv
selected_plan_cost_runtime,Pretrained ZeroShot,JOB-Complex,28,2,1.3181742448615215,0.11997282192728148,C:\Users\vanya\Documents\DATA_SYS_LAB\benchmark\cardinality_methods\cost_models\runs\pretrained_zeroshot_mirage_test42_100k\seed_2\mirage_job_complex_2_test_pred.csv
selected_plan_cost_runtime,Pretrained ZeroShot,JOB-Complex,27,2,3.831283452089644,0.5833442838349577,C:\Users\vanya\Documents\DATA_SYS_LAB\benchmark\cardinality_methods\cost_models\runs\pretrained_zeroshot_mirage_test42_100k\seed_2\mirage_job_complex_2_test_pred.csv
selected_plan_cost_runtime,Pretrained ZeroShot,JOB-Complex,23,2,2.3511197570361495,0.37127475098600093,C:\Users\vanya\Documents\DATA_SYS_LAB\benchmark\cardinality_methods\cost_models\runs\pretrained_zeroshot_mirage_test42_100k\seed_2\mirage_job_complex_2_test_pred.csv
selected_plan_cost_runtime,Pretrained ZeroShot,JOB-Complex,16,2,1.4360488265688203,-0.15716920644452056,C:\Users\vanya\Documents\DATA_SYS_LAB\benchmark\cardinality_methods\cost_models\runs\pretrained_zeroshot_mirage_test42_100k\seed_2\mirage_job_complex_2_test_pred.csv
selected_plan_cost_runtime,Pretrained ZeroShot,JOB-Complex,11,2,1.4015147609557161,-0.14659767617254918,C:\Users\vanya\Documents\DATA_SYS_LAB\benchmark\cardinality_methods\cost_models\runs\pretrained_zeroshot_mirage_test42_100k\seed_2\mirage_job_complex_2_test_pred.csv
selected_plan_cost_runtime,Pretrained ZeroShot,JOB-Complex,29,2,2.296691834130409,-0.3611027262724655,C:\Users\vanya\Documents\DATA_SYS_LAB\benchmark\cardinality_methods\cost_models\runs\pretrained_zeroshot_mirage_test42_100k\seed_2\mirage_job_complex_2_test_pred.csv
selected_plan_cost_runtime,Pretrained ZeroShot,JOB-Complex,19,2,4.0765394089894125,0.6102916451204715,C:\Users\vanya\Documents\DATA_SYS_LAB\benchmark\cardinality_methods\cost_models\runs\pretrained_zeroshot_mirage_test42_100k\seed_2\mirage_job_complex_2_test_pred.csv
selected_plan_cost_runtime,Pretrained ZeroShot,JOB-Complex,2,2,42.827023672562845,1.631717893507078,C:\Users\vanya\Documents\DATA_SYS_LAB\benchmark\cardinality_methods\cost_models\runs\pretrained_zeroshot_mirage_test42_100k\seed_2\mirage_job_complex_2_test_pred.csv
selected_plan_cost_runtime,Pretrained ZeroShot,JOB-Complex,26,2,2.7005616210869756,-0.4314540914089981,C:\Users\vanya\Documents\DATA_SYS_LAB\benchmark\cardinality_methods\cost_models\runs\pretrained_zeroshot_mirage_test42_100k\seed_2\mirage_job_complex_2_test_pred.csv
selected_plan_cost_runtime,Pretrained ZeroShot,JOB-Complex,0,2,38.63994025414093,1.5870364462290414,C:\Users\vanya\Documents\DATA_SYS_LAB\benchmark\cardinality_methods\cost_models\runs\pretrained_zeroshot_mirage_test42_100k\seed_2\mirage_job_complex_2_test_pred.csv
selected_plan_cost_runtime,Pretrained ZeroShot,JOB-Complex,6,2,46.45823588766693,1.6670627147453716,C:\Users\vanya\Documents\DATA_SYS_LAB\benchmark\cardinality_methods\cost_models\runs\pretrained_zeroshot_mirage_test42_100k\seed_2\mirage_job_complex_2_test_pred.csv
selected_plan_cost_runtime,Pretrained ZeroShot,JOB-Complex,24,2,1.0263172094467037,-0.01128161128324719,C:\Users\vanya\Documents\DATA_SYS_LAB\benchmark\cardinality_methods\cost_models\runs\pretrained_zeroshot_mirage_test42_100k\seed_2\mirage_job_complex_2_test_pred.csv
selected_plan_cost_runtime,Pretrained ZeroShot,JOB-Complex,14,2,14.751571881455002,-1.1688382998443372,C:\Users\vanya\Documents\DATA_SYS_LAB\benchmark\cardinality_methods\cost_models\runs\pretrained_zeroshot_mirage_test42_100k\seed_2\mirage_job_complex_2_test_pred.csv
selected_plan_cost_runtime,Pretrained ZeroShot,JOB-Complex,9,2,1.4363576942998793,0.15726260516839852,C:\Users\vanya\Documents\DATA_SYS_LAB\benchmark\cardinality_methods\cost_models\runs\pretrained_zeroshot_mirage_test42_100k\seed_2\mirage_job_complex_2_test_pred.csv
selected_plan_cost_runtime,MSCN,JOB-Light,01,1,7.135087033640983,-0.8533992749978959,C:\Users\vanya\Documents\DATA_SYS_LAB\test44\final_benchmarks\final_paper_results\cost_mscn_selected_plan\seed_1\predictions\job_light.csv
selected_plan_cost_runtime,MSCN,JOB-Light,02,1,1.3145544278078782,0.11877857234216799,C:\Users\vanya\Documents\DATA_SYS_LAB\test44\final_benchmarks\final_paper_results\cost_mscn_selected_plan\seed_1\predictions\job_light.csv
selected_plan_cost_runtime,MSCN,JOB-Light,03,1,1.6754577053137805,0.22413346912701743,C:\Users\vanya\Documents\DATA_SYS_LAB\test44\final_benchmarks\final_paper_results\cost_mscn_selected_plan\seed_1\predictions\job_light.csv
selected_plan_cost_runtime,MSCN,JOB-Light,04,1,1.5219949322862583,0.18241320638739372,C:\Users\vanya\Documents\DATA_SYS_LAB\test44\final_benchmarks\final_paper_results\cost_mscn_selected_plan\seed_1\predictions\job_light.csv
selected_plan_cost_runtime,MSCN,JOB-Light,05,1,6.45796388028852,-0.8100956116574123,C:\Users\vanya\Documents\DATA_SYS_LAB\test44\final_benchmarks\final_paper_results\cost_mscn_selected_plan\seed_1\predictions\job_light.csv
selected_plan_cost_runtime,MSCN,JOB-Light,06,1,7.7220829445560915,-0.8877344621636521,C:\Users\vanya\Documents\DATA_SYS_LAB\test44\final_benchmarks\final_paper_results\cost_mscn_selected_plan\seed_1\predictions\job_light.csv
selected_plan_cost_runtime,MSCN,JOB-Light,07,1,2.983105215854,-0.47466857145088365,C:\Users\vanya\Documents\DATA_SYS_LAB\test44\final_benchmarks\final_paper_results\cost_mscn_selected_plan\seed_1\predictions\job_light.csv
selected_plan_cost_runtime,MSCN,JOB-Light,08,1,3.4373916617632316,-0.5362290191467229,C:\Users\vanya\Documents\DATA_SYS_LAB\test44\final_benchmarks\final_paper_results\cost_mscn_selected_plan\seed_1\predictions\job_light.csv
selected_plan_cost_runtime,MSCN,JOB-Light,09,1,1.3809067826134842,-0.1401643627473719,C:\Users\vanya\Documents\DATA_SYS_LAB\test44\final_benchmarks\final_paper_results\cost_mscn_selected_plan\seed_1\predictions\job_light.csv
selected_plan_cost_runtime,MSCN,JOB-Light,10,1,1.0255786025036788,0.010968951223572153,C:\Users\vanya\Documents\DATA_SYS_LAB\test44\final_benchmarks\final_paper_results\cost_mscn_selected_plan\seed_1\predictions\job_light.csv
selected_plan_cost_runtime,MSCN,JOB-Light,11,1,1.075982918013752,-0.03180537665448279,C:\Users\vanya\Documents\DATA_SYS_LAB\test44\final_benchmarks\final_paper_results\cost_mscn_selected_plan\seed_1\predictions\job_light.csv
selected_plan_cost_runtime,MSCN,JOB-Light,12,1,1.1717226427423186,-0.06882482244848899,C:\Users\vanya\Documents\DATA_SYS_LAB\test44\final_benchmarks\final_paper_results\cost_mscn_selected_plan\seed_1\predictions\job_light.csv
selected_plan_cost_runtime,MSCN,JOB-Light,13,1,1.1548382228834675,-0.06252114974336923,C:\Users\vanya\Documents\DATA_SYS_LAB\test44\final_benchmarks\final_paper_results\cost_mscn_selected_plan\seed_1\predictions\job_light.csv
selected_plan_cost_runtime,MSCN,JOB-Light,14,1,1.2299887631036739,-0.08990114384235734,C:\Users\vanya\Documents\DATA_SYS_LAB\test44\final_benchmarks\final_paper_results\cost_mscn_selected_plan\seed_1\predictions\job_light.csv
selected_plan_cost_runtime,MSCN,JOB-Light,15,1,6.113492580088518,-0.7862893894419749,C:\Users\vanya\Documents\DATA_SYS_LAB\test44\final_benchmarks\final_paper_results\cost_mscn_selected_plan\seed_1\predictions\job_light.csv
selected_plan_cost_runtime,MSCN,JOB-Light,16,1,5.106792605975248,-0.7081482209044061,C:\Users\vanya\Documents\DATA_SYS_LAB\test44\final_benchmarks\final_paper_results\cost_mscn_selected_plan\seed_1\predictions\job_light.csv
selected_plan_cost_runtime,MSCN,JOB-Light,17,1,1.067274038250044,0.02827594521576535,C:\Users\vanya\Documents\DATA_SYS_LAB\test44\final_benchmarks\final_paper_results\cost_mscn_selected_plan\seed_1\predictions\job_light.csv
selected_plan_cost_runtime,MSCN,JOB-Light,18,1,1.0279002572463833,-0.011950974747666513,C:\Users\vanya\Documents\DATA_SYS_LAB\test44\final_benchmarks\final_paper_results\cost_mscn_selected_plan\seed_1\predictions\job_light.csv
selected_plan_cost_runtime,MSCN,JOB-Light,19,1,3.6975957342733388,-0.5679194271120411,C:\Users\vanya\Documents\DATA_SYS_LAB\test44\final_benchmarks\final_paper_results\cost_mscn_selected_plan\seed_1\predictions\job_light.csv
selected_plan_cost_runtime,MSCN,JOB-Light,20,1,1.4830269836578942,0.17114905308307668,C:\Users\vanya\Documents\DATA_SYS_LAB\test44\final_benchmarks\final_paper_results\cost_mscn_selected_plan\seed_1\predictions\job_light.csv
selected_plan_cost_runtime,MSCN,JOB-Light,21,1,2.254010157512964,0.35295586882716423,C:\Users\vanya\Documents\DATA_SYS_LAB\test44\final_benchmarks\final_paper_results\cost_mscn_selected_plan\seed_1\predictions\job_light.csv
selected_plan_cost_runtime,MSCN,JOB-Light,22,1,1.259625658294511,0.10024149853661453,C:\Users\vanya\Documents\DATA_SYS_LAB\test44\final_benchmarks\final_paper_results\cost_mscn_selected_plan\seed_1\predictions\job_light.csv
selected_plan_cost_runtime,MSCN,JOB-Light,23,1,1.8013374875018904,-0.25559508718310675,C:\Users\vanya\Documents\DATA_SYS_LAB\test44\final_benchmarks\final_paper_results\cost_mscn_selected_plan\seed_1\predictions\job_light.csv
selected_plan_cost_runtime,MSCN,JOB-Light,24,1,1.3683652607454009,-0.1362020400394156,C:\Users\vanya\Documents\DATA_SYS_LAB\test44\final_benchmarks\final_paper_results\cost_mscn_selected_plan\seed_1\predictions\job_light.csv
selected_plan_cost_runtime,MSCN,JOB-Light,25,1,1.1879960806534962,-0.07481500785614521,C:\Users\vanya\Documents\DATA_SYS_LAB\test44\final_benchmarks\final_paper_results\cost_mscn_selected_plan\seed_1\predictions\job_light.csv
selected_plan_cost_runtime,MSCN,JOB-Light,26,1,2.060203334368403,-0.31391008572655643,C:\Users\vanya\Documents\DATA_SYS_LAB\test44\final_benchmarks\final_paper_results\cost_mscn_selected_plan\seed_1\predictions\job_light.csv
selected_plan_cost_runtime,MSCN,JOB-Light,27,1,1.9094243517781775,0.2809024570240277,C:\Users\vanya\Documents\DATA_SYS_LAB\test44\final_benchmarks\final_paper_results\cost_mscn_selected_plan\seed_1\predictions\job_light.csv
selected_plan_cost_runtime,MSCN,JOB-Light,28,1,1.0388445955178487,-0.016550584749725136,C:\Users\vanya\Documents\DATA_SYS_LAB\test44\final_benchmarks\final_paper_results\cost_mscn_selected_plan\seed_1\predictions\job_light.csv
selected_plan_cost_runtime,MSCN,JOB-Light,29,1,1.0240046626644117,0.010301934144513858,C:\Users\vanya\Documents\DATA_SYS_LAB\test44\final_benchmarks\final_paper_results\cost_mscn_selected_plan\seed_1\predictions\job_light.csv
selected_plan_cost_runtime,MSCN,JOB-Light,30,1,1.8301030779946508,-0.2624755514482229,C:\Users\vanya\Documents\DATA_SYS_LAB\test44\final_benchmarks\final_paper_results\cost_mscn_selected_plan\seed_1\predictions\job_light.csv
selected_plan_cost_runtime,MSCN,JOB-Light,31,1,1.2598349182269304,-0.10031364130795942,C:\Users\vanya\Documents\DATA_SYS_LAB\test44\final_benchmarks\final_paper_results\cost_mscn_selected_plan\seed_1\predictions\job_light.csv
selected_plan_cost_runtime,MSCN,JOB-Light,32,1,1.305240848802409,-0.11569065700357394,C:\Users\vanya\Documents\DATA_SYS_LAB\test44\final_benchmarks\final_paper_results\cost_mscn_selected_plan\seed_1\predictions\job_light.csv
selected_plan_cost_runtime,MSCN,JOB-Light,33,1,2.030151847753125,-0.307528522728449,C:\Users\vanya\Documents\DATA_SYS_LAB\test44\final_benchmarks\final_paper_results\cost_mscn_selected_plan\seed_1\predictions\job_light.csv
selected_plan_cost_runtime,MSCN,JOB-Light,34,1,2.6605392075875236,-0.42496966337855513,C:\Users\vanya\Documents\DATA_SYS_LAB\test44\final_benchmarks\final_paper_results\cost_mscn_selected_plan\seed_1\predictions\job_light.csv
selected_plan_cost_runtime,MSCN,JOB-Light,35,1,1.0462572811044537,0.019638493350165535,C:\Users\vanya\Documents\DATA_SYS_LAB\test44\final_benchmarks\final_paper_results\cost_mscn_selected_plan\seed_1\predictions\job_light.csv
selected_plan_cost_runtime,MSCN,JOB-Light,36,1,1.6605642415286905,0.22025568162169087,C:\Users\vanya\Documents\DATA_SYS_LAB\test44\final_benchmarks\final_paper_results\cost_mscn_selected_plan\seed_1\predictions\job_light.csv
selected_plan_cost_runtime,MSCN,JOB-Light,37,1,1.0943894173519317,0.03917188480743603,C:\Users\vanya\Documents\DATA_SYS_LAB\test44\final_benchmarks\final_paper_results\cost_mscn_selected_plan\seed_1\predictions\job_light.csv
selected_plan_cost_runtime,MSCN,JOB-Light,38,1,1.5860806707027633,0.20032527248352766,C:\Users\vanya\Documents\DATA_SYS_LAB\test44\final_benchmarks\final_paper_results\cost_mscn_selected_plan\seed_1\predictions\job_light.csv
selected_plan_cost_runtime,MSCN,JOB-Light,39,1,1.4309143868330803,0.1556136502250112,C:\Users\vanya\Documents\DATA_SYS_LAB\test44\final_benchmarks\final_paper_results\cost_mscn_selected_plan\seed_1\predictions\job_light.csv
selected_plan_cost_runtime,MSCN,JOB-Light,40,1,1.2325216067209617,-0.09079454141574624,C:\Users\vanya\Documents\DATA_SYS_LAB\test44\final_benchmarks\final_paper_results\cost_mscn_selected_plan\seed_1\predictions\job_light.csv
selected_plan_cost_runtime,MSCN,JOB-Light,41,1,3.450886132830786,-0.537930629329412,C:\Users\vanya\Documents\DATA_SYS_LAB\test44\final_benchmarks\final_paper_results\cost_mscn_selected_plan\seed_1\predictions\job_light.csv
selected_plan_cost_runtime,MSCN,JOB-Light,42,1,1.5931882434878026,-0.20226709298759663,C:\Users\vanya\Documents\DATA_SYS_LAB\test44\final_benchmarks\final_paper_results\cost_mscn_selected_plan\seed_1\predictions\job_light.csv
selected_plan_cost_runtime,MSCN,JOB-Light,43,1,3.30635323265531,-0.5193492493558631,C:\Users\vanya\Documents\DATA_SYS_LAB\test44\final_benchmarks\final_paper_results\cost_mscn_selected_plan\seed_1\predictions\job_light.csv
selected_plan_cost_runtime,MSCN,JOB-Light,44,1,4.771178041968789,-0.6786256230569103,C:\Users\vanya\Documents\DATA_SYS_LAB\test44\final_benchmarks\final_paper_results\cost_mscn_selected_plan\seed_1\predictions\job_light.csv
selected_plan_cost_runtime,MSCN,JOB-Light,45,1,1.1988581592116248,-0.07876780335269032,C:\Users\vanya\Documents\DATA_SYS_LAB\test44\final_benchmarks\final_paper_results\cost_mscn_selected_plan\seed_1\predictions\job_light.csv
selected_plan_cost_runtime,MSCN,JOB-Light,46,1,1.01505165698936,0.006488144490185409,C:\Users\vanya\Documents\DATA_SYS_LAB\test44\final_benchmarks\final_paper_results\cost_mscn_selected_plan\seed_1\predictions\job_light.csv
selected_plan_cost_runtime,MSCN,JOB-Light,47,1,1.108171581830526,-0.04460700883377904,C:\Users\vanya\Documents\DATA_SYS_LAB\test44\final_benchmarks\final_paper_results\cost_mscn_selected_plan\seed_1\predictions\job_light.csv
selected_plan_cost_runtime,MSCN,JOB-Light,48,1,2.0376497344922804,-0.3091295322460763,C:\Users\vanya\Documents\DATA_SYS_LAB\test44\final_benchmarks\final_paper_results\cost_mscn_selected_plan\seed_1\predictions\job_light.csv
selected_plan_cost_runtime,MSCN,JOB-Light,49,1,3.085972707593982,-0.4893920808347947,C:\Users\vanya\Documents\DATA_SYS_LAB\test44\final_benchmarks\final_paper_results\cost_mscn_selected_plan\seed_1\predictions\job_light.csv
selected_plan_cost_runtime,MSCN,JOB-Light,50,1,3.673380353302016,-0.5650658988838291,C:\Users\vanya\Documents\DATA_SYS_LAB\test44\final_benchmarks\final_paper_results\cost_mscn_selected_plan\seed_1\predictions\job_light.csv
selected_plan_cost_runtime,MSCN,JOB-Light,51,1,2.4179472519539873,-0.3834468223993659,C:\Users\vanya\Documents\DATA_SYS_LAB\test44\final_benchmarks\final_paper_results\cost_mscn_selected_plan\seed_1\predictions\job_light.csv
selected_plan_cost_runtime,MSCN,JOB-Light,52,1,2.4462734490042064,-0.3885050016601604,C:\Users\vanya\Documents\DATA_SYS_LAB\test44\final_benchmarks\final_paper_results\cost_mscn_selected_plan\seed_1\predictions\job_light.csv
selected_plan_cost_runtime,MSCN,JOB-Light,53,1,1.7089858079748284,-0.23273845620007502,C:\Users\vanya\Documents\DATA_SYS_LAB\test44\final_benchmarks\final_paper_results\cost_mscn_selected_plan\seed_1\predictions\job_light.csv
selected_plan_cost_runtime,MSCN,JOB-Light,54,1,1.2892292477892124,-0.11033014946935334,C:\Users\vanya\Documents\DATA_SYS_LAB\test44\final_benchmarks\final_paper_results\cost_mscn_selected_plan\seed_1\predictions\job_light.csv
selected_plan_cost_runtime,MSCN,JOB-Light,55,1,1.17656191785957,-0.07061478733622785,C:\Users\vanya\Documents\DATA_SYS_LAB\test44\final_benchmarks\final_paper_results\cost_mscn_selected_plan\seed_1\predictions\job_light.csv
selected_plan_cost_runtime,MSCN,JOB-Light,56,1,1.6252545803298348,-0.2109213986519392,C:\Users\vanya\Documents\DATA_SYS_LAB\test44\final_benchmarks\final_paper_results\cost_mscn_selected_plan\seed_1\predictions\job_light.csv
selected_plan_cost_runtime,MSCN,JOB-Light,57,1,1.5092158816476111,-0.1787513666824368,C:\Users\vanya\Documents\DATA_SYS_LAB\test44\final_benchmarks\final_paper_results\cost_mscn_selected_plan\seed_1\predictions\job_light.csv
selected_plan_cost_runtime,MSCN,JOB-Light,58,1,40.16180996319635,-1.60381327682909,C:\Users\vanya\Documents\DATA_SYS_LAB\test44\final_benchmarks\final_paper_results\cost_mscn_selected_plan\seed_1\predictions\job_light.csv
selected_plan_cost_runtime,MSCN,JOB-Light,59,1,2.496854783192345,-0.3973932845651285,C:\Users\vanya\Documents\DATA_SYS_LAB\test44\final_benchmarks\final_paper_results\cost_mscn_selected_plan\seed_1\predictions\job_light.csv
selected_plan_cost_runtime,MSCN,JOB-Light,60,1,40.11941977280366,-1.6033546434089037,C:\Users\vanya\Documents\DATA_SYS_LAB\test44\final_benchmarks\final_paper_results\cost_mscn_selected_plan\seed_1\predictions\job_light.csv
selected_plan_cost_runtime,MSCN,JOB-Light,61,1,3.160965693570163,-0.4998197824026855,C:\Users\vanya\Documents\DATA_SYS_LAB\test44\final_benchmarks\final_paper_results\cost_mscn_selected_plan\seed_1\predictions\job_light.csv
selected_plan_cost_runtime,MSCN,JOB-Light,62,1,2.879359529482347,-0.4592958961811704,C:\Users\vanya\Documents\DATA_SYS_LAB\test44\final_benchmarks\final_paper_results\cost_mscn_selected_plan\seed_1\predictions\job_light.csv
selected_plan_cost_runtime,MSCN,JOB-Light,63,1,2.6551649961649244,-0.4240915140041087,C:\Users\vanya\Documents\DATA_SYS_LAB\test44\final_benchmarks\final_paper_results\cost_mscn_selected_plan\seed_1\predictions\job_light.csv
selected_plan_cost_runtime,MSCN,JOB-Light,64,1,2.4124113231298527,-0.3824513582507773,C:\Users\vanya\Documents\DATA_SYS_LAB\test44\final_benchmarks\final_paper_results\cost_mscn_selected_plan\seed_1\predictions\job_light.csv
selected_plan_cost_runtime,MSCN,JOB-Light,65,1,1.5129164252586056,-0.1798149379032215,C:\Users\vanya\Documents\DATA_SYS_LAB\test44\final_benchmarks\final_paper_results\cost_mscn_selected_plan\seed_1\predictions\job_light.csv
selected_plan_cost_runtime,MSCN,JOB-Light,66,1,2.5294992742516618,-0.4030345591395086,C:\Users\vanya\Documents\DATA_SYS_LAB\test44\final_benchmarks\final_paper_results\cost_mscn_selected_plan\seed_1\predictions\job_light.csv
selected_plan_cost_runtime,MSCN,JOB-Light,67,1,2.310865291237936,-0.3637746296084128,C:\Users\vanya\Documents\DATA_SYS_LAB\test44\final_benchmarks\final_paper_results\cost_mscn_selected_plan\seed_1\predictions\job_light.csv
selected_plan_cost_runtime,MSCN,JOB-Light,68,1,1.9365881053722944,-0.2870372600655017,C:\Users\vanya\Documents\DATA_SYS_LAB\test44\final_benchmarks\final_paper_results\cost_mscn_selected_plan\seed_1\predictions\job_light.csv
selected_plan_cost_runtime,MSCN,JOB-Light,69,1,1.396120544292155,-0.1449229179008659,C:\Users\vanya\Documents\DATA_SYS_LAB\test44\final_benchmarks\final_paper_results\cost_mscn_selected_plan\seed_1\predictions\job_light.csv
selected_plan_cost_runtime,MSCN,JOB-Light,70,1,3.5161543336667416,-0.546067929197193,C:\Users\vanya\Documents\DATA_SYS_LAB\test44\final_benchmarks\final_paper_results\cost_mscn_selected_plan\seed_1\predictions\job_light.csv
selected_plan_cost_runtime,MSCN,JOB,1a,1,1.5329712140493867,-0.18553399980096125,C:\Users\vanya\Documents\DATA_SYS_LAB\test44\final_benchmarks\final_paper_results\cost_mscn_selected_plan\seed_1\predictions\job.csv
selected_plan_cost_runtime,MSCN,JOB,1b,1,2.6138307439622017,0.41727746184317555,C:\Users\vanya\Documents\DATA_SYS_LAB\test44\final_benchmarks\final_paper_results\cost_mscn_selected_plan\seed_1\predictions\job.csv
selected_plan_cost_runtime,MSCN,JOB,1c,1,1.4635873457290451,-0.16541864589259248,C:\Users\vanya\Documents\DATA_SYS_LAB\test44\final_benchmarks\final_paper_results\cost_mscn_selected_plan\seed_1\predictions\job.csv
selected_plan_cost_runtime,MSCN,JOB,1d,1,2.228334598261036,-0.3479804034083177,C:\Users\vanya\Documents\DATA_SYS_LAB\test44\final_benchmarks\final_paper_results\cost_mscn_selected_plan\seed_1\predictions\job.csv
selected_plan_cost_runtime,MSCN,JOB,2a,1,1.251567157485096,0.09745415825320991,C:\Users\vanya\Documents\DATA_SYS_LAB\test44\final_benchmarks\final_paper_results\cost_mscn_selected_plan\seed_1\predictions\job.csv
selected_plan_cost_runtime,MSCN,JOB,2b,1,1.635695637555876,-0.21370249540669567,C:\Users\vanya\Documents\DATA_SYS_LAB\test44\final_benchmarks\final_paper_results\cost_mscn_selected_plan\seed_1\predictions\job.csv
selected_plan_cost_runtime,MSCN,JOB,2c,1,1.1681895319181823,0.06751331023226738,C:\Users\vanya\Documents\DATA_SYS_LAB\test44\final_benchmarks\final_paper_results\cost_mscn_selected_plan\seed_1\predictions\job.csv
selected_plan_cost_runtime,MSCN,JOB,2d,1,2.071135325725802,-0.31620847614884123,C:\Users\vanya\Documents\DATA_SYS_LAB\test44\final_benchmarks\final_paper_results\cost_mscn_selected_plan\seed_1\predictions\job.csv
selected_plan_cost_runtime,MSCN,JOB,3a,1,1.0622764332550267,-0.026237546703388806,C:\Users\vanya\Documents\DATA_SYS_LAB\test44\final_benchmarks\final_paper_results\cost_mscn_selected_plan\seed_1\predictions\job.csv
selected_plan_cost_runtime,MSCN,JOB,3b,1,1.0797417577213833,0.03331989751714298,C:\Users\vanya\Documents\DATA_SYS_LAB\test44\final_benchmarks\final_paper_results\cost_mscn_selected_plan\seed_1\predictions\job.csv
selected_plan_cost_runtime,MSCN,JOB,3c,1,1.202278644531328,0.08000513302278113,C:\Users\vanya\Documents\DATA_SYS_LAB\test44\final_benchmarks\final_paper_results\cost_mscn_selected_plan\seed_1\predictions\job.csv
selected_plan_cost_runtime,MSCN,JOB,4a,1,1.1490216804273201,0.060328223293262935,C:\Users\vanya\Documents\DATA_SYS_LAB\test44\final_benchmarks\final_paper_results\cost_mscn_selected_plan\seed_1\predictions\job.csv
selected_plan_cost_runtime,MSCN,JOB,4b,1,1.2408596054877847,0.09372264692087151,C:\Users\vanya\Documents\DATA_SYS_LAB\test44\final_benchmarks\final_paper_results\cost_mscn_selected_plan\seed_1\predictions\job.csv
selected_plan_cost_runtime,MSCN,JOB,4c,1,1.3341046977572144,0.12518991344409625,C:\Users\vanya\Documents\DATA_SYS_LAB\test44\final_benchmarks\final_paper_results\cost_mscn_selected_plan\seed_1\predictions\job.csv
selected_plan_cost_runtime,MSCN,JOB,5a,1,3.7807750767418735,-0.5775808413838418,C:\Users\vanya\Documents\DATA_SYS_LAB\test44\final_benchmarks\final_paper_results\cost_mscn_selected_plan\seed_1\predictions\job.csv
selected_plan_cost_runtime,MSCN,JOB,5b,1,3.464576056629698,-0.5396500996893524,C:\Users\vanya\Documents\DATA_SYS_LAB\test44\final_benchmarks\final_paper_results\cost_mscn_selected_plan\seed_1\predictions\job.csv
selected_plan_cost_runtime,MSCN,JOB,5c,1,2.1568431139780024,-0.33381855622373274,C:\Users\vanya\Documents\DATA_SYS_LAB\test44\final_benchmarks\final_paper_results\cost_mscn_selected_plan\seed_1\predictions\job.csv
selected_plan_cost_runtime,MSCN,JOB,6a,1,4.487875554096838,-0.6520408057083624,C:\Users\vanya\Documents\DATA_SYS_LAB\test44\final_benchmarks\final_paper_results\cost_mscn_selected_plan\seed_1\predictions\job.csv
selected_plan_cost_runtime,MSCN,JOB,6b,1,4.466503694114345,-0.6499676975172143,C:\Users\vanya\Documents\DATA_SYS_LAB\test44\final_benchmarks\final_paper_results\cost_mscn_selected_plan\seed_1\predictions\job.csv
selected_plan_cost_runtime,MSCN,JOB,6c,1,5.240178860286657,-0.7193461107833145,C:\Users\vanya\Documents\DATA_SYS_LAB\test44\final_benchmarks\final_paper_results\cost_mscn_selected_plan\seed_1\predictions\job.csv
selected_plan_cost_runtime,MSCN,JOB,6d,1,5.656703468761198,-0.7525634130949937,C:\Users\vanya\Documents\DATA_SYS_LAB\test44\final_benchmarks\final_paper_results\cost_mscn_selected_plan\seed_1\predictions\job.csv
selected_plan_cost_runtime,MSCN,JOB,6e,1,2.7084568891916856,-0.43272192726486197,C:\Users\vanya\Documents\DATA_SYS_LAB\test44\final_benchmarks\final_paper_results\cost_mscn_selected_plan\seed_1\predictions\job.csv
selected_plan_cost_runtime,MSCN,JOB,6f,1,3.559527278803637,-0.5513923255462319,C:\Users\vanya\Documents\DATA_SYS_LAB\test44\final_benchmarks\final_paper_results\cost_mscn_selected_plan\seed_1\predictions\job.csv
selected_plan_cost_runtime,MSCN,JOB,7a,1,1.484959481371945,-0.17171460364875124,C:\Users\vanya\Documents\DATA_SYS_LAB\test44\final_benchmarks\final_paper_results\cost_mscn_selected_plan\seed_1\predictions\job.csv
selected_plan_cost_runtime,MSCN,JOB,7b,1,2.56145642954735,-0.4084869729126939,C:\Users\vanya\Documents\DATA_SYS_LAB\test44\final_benchmarks\final_paper_results\cost_mscn_selected_plan\seed_1\predictions\job.csv
selected_plan_cost_runtime,MSCN,JOB,7c,1,3.04969947220326,-0.4842570445945253,C:\Users\vanya\Documents\DATA_SYS_LAB\test44\final_benchmarks\final_paper_results\cost_mscn_selected_plan\seed_1\predictions\job.csv
selected_plan_cost_runtime,MSCN,JOB,8a,1,1.303266612563536,0.11503326952745956,C:\Users\vanya\Documents\DATA_SYS_LAB\test44\final_benchmarks\final_paper_results\cost_mscn_selected_plan\seed_1\predictions\job.csv
selected_plan_cost_runtime,MSCN,JOB,8b,1,1.5054764421642486,0.17767396402139843,C:\Users\vanya\Documents\DATA_SYS_LAB\test44\final_benchmarks\final_paper_results\cost_mscn_selected_plan\seed_1\predictions\job.csv
selected_plan_cost_runtime,MSCN,JOB,8c,1,1.416990710296607,0.15136700304905046,C:\Users\vanya\Documents\DATA_SYS_LAB\test44\final_benchmarks\final_paper_results\cost_mscn_selected_plan\seed_1\predictions\job.csv
selected_plan_cost_runtime,MSCN,JOB,8d,1,1.6018572450300985,0.20462380983924355,C:\Users\vanya\Documents\DATA_SYS_LAB\test44\final_benchmarks\final_paper_results\cost_mscn_selected_plan\seed_1\predictions\job.csv
selected_plan_cost_runtime,MSCN,JOB,9a,1,2.7376824623671254,-0.43738307387865744,C:\Users\vanya\Documents\DATA_SYS_LAB\test44\final_benchmarks\final_paper_results\cost_mscn_selected_plan\seed_1\predictions\job.csv
selected_plan_cost_runtime,MSCN,JOB,9b,1,1.0162331776952633,0.0069933695299586995,C:\Users\vanya\Documents\DATA_SYS_LAB\test44\final_benchmarks\final_paper_results\cost_mscn_selected_plan\seed_1\predictions\job.csv
selected_plan_cost_runtime,MSCN,JOB,9c,1,1.0412960002621823,0.017574200219174472,C:\Users\vanya\Documents\DATA_SYS_LAB\test44\final_benchmarks\final_paper_results\cost_mscn_selected_plan\seed_1\predictions\job.csv
selected_plan_cost_runtime,MSCN,JOB,9d,1,1.8530726161547706,0.2678924383029188,C:\Users\vanya\Documents\DATA_SYS_LAB\test44\final_benchmarks\final_paper_results\cost_mscn_selected_plan\seed_1\predictions\job.csv
selected_plan_cost_runtime,MSCN,JOB,10a,1,1.527276484045542,-0.18391766484029626,C:\Users\vanya\Documents\DATA_SYS_LAB\test44\final_benchmarks\final_paper_results\cost_mscn_selected_plan\seed_1\predictions\job.csv
selected_plan_cost_runtime,MSCN,JOB,10b,1,1.3760167185626317,-0.13862371059672143,C:\Users\vanya\Documents\DATA_SYS_LAB\test44\final_benchmarks\final_paper_results\cost_mscn_selected_plan\seed_1\predictions\job.csv
selected_plan_cost_runtime,MSCN,JOB,10c,1,2.308551314046145,-0.3633395324108356,C:\Users\vanya\Documents\DATA_SYS_LAB\test44\final_benchmarks\final_paper_results\cost_mscn_selected_plan\seed_1\predictions\job.csv
selected_plan_cost_runtime,MSCN,JOB,11a,1,1.374241250394313,-0.13806298055312902,C:\Users\vanya\Documents\DATA_SYS_LAB\test44\final_benchmarks\final_paper_results\cost_mscn_selected_plan\seed_1\predictions\job.csv
selected_plan_cost_runtime,MSCN,JOB,11b,1,3.1152421591938406,0.4934918116096213,C:\Users\vanya\Documents\DATA_SYS_LAB\test44\final_benchmarks\final_paper_results\cost_mscn_selected_plan\seed_1\predictions\job.csv
selected_plan_cost_runtime,MSCN,JOB,11c,1,1.3171464484923836,-0.11963406519426285,C:\Users\vanya\Documents\DATA_SYS_LAB\test44\final_benchmarks\final_paper_results\cost_mscn_selected_plan\seed_1\predictions\job.csv
selected_plan_cost_runtime,MSCN,JOB,11d,1,1.6007007337102428,-0.20431014400734326,C:\Users\vanya\Documents\DATA_SYS_LAB\test44\final_benchmarks\final_paper_results\cost_mscn_selected_plan\seed_1\predictions\job.csv
selected_plan_cost_runtime,MSCN,JOB,12a,1,2.158426613123518,0.33413728715614444,C:\Users\vanya\Documents\DATA_SYS_LAB\test44\final_benchmarks\final_paper_results\cost_mscn_selected_plan\seed_1\predictions\job.csv
selected_plan_cost_runtime,MSCN,JOB,12b,1,1.2608234580698354,-0.1006542804242809,C:\Users\vanya\Documents\DATA_SYS_LAB\test44\final_benchmarks\final_paper_results\cost_mscn_selected_plan\seed_1\predictions\job.csv
selected_plan_cost_runtime,MSCN,JOB,12c,1,1.4518525859297364,0.1619225224471622,C:\Users\vanya\Documents\DATA_SYS_LAB\test44\final_benchmarks\final_paper_results\cost_mscn_selected_plan\seed_1\predictions\job.csv
selected_plan_cost_runtime,MSCN,JOB,13a,1,2.3671140558232566,0.3742191842583155,C:\Users\vanya\Documents\DATA_SYS_LAB\test44\final_benchmarks\final_paper_results\cost_mscn_selected_plan\seed_1\predictions\job.csv
selected_plan_cost_runtime,MSCN,JOB,13b,1,1.321171306564955,0.12095913303646308,C:\Users\vanya\Documents\DATA_SYS_LAB\test44\final_benchmarks\final_paper_results\cost_mscn_selected_plan\seed_1\predictions\job.csv
selected_plan_cost_runtime,MSCN,JOB,13c,1,49.01075402527021,-1.6902913841387266,C:\Users\vanya\Documents\DATA_SYS_LAB\test44\final_benchmarks\final_paper_results\cost_mscn_selected_plan\seed_1\predictions\job.csv
selected_plan_cost_runtime,MSCN,JOB,13d,1,1.7861954842554537,-0.2519289870763783,C:\Users\vanya\Documents\DATA_SYS_LAB\test44\final_benchmarks\final_paper_results\cost_mscn_selected_plan\seed_1\predictions\job.csv
selected_plan_cost_runtime,MSCN,JOB,14a,1,3.746495964455402,-0.5736252691333207,C:\Users\vanya\Documents\DATA_SYS_LAB\test44\final_benchmarks\final_paper_results\cost_mscn_selected_plan\seed_1\predictions\job.csv
selected_plan_cost_runtime,MSCN,JOB,14b,1,1.0220630241866024,0.009477676828586532,C:\Users\vanya\Documents\DATA_SYS_LAB\test44\final_benchmarks\final_paper_results\cost_mscn_selected_plan\seed_1\predictions\job.csv
selected_plan_cost_runtime,MSCN,JOB,14c,1,3.8340678406429802,-0.5836597930898355,C:\Users\vanya\Documents\DATA_SYS_LAB\test44\final_benchmarks\final_paper_results\cost_mscn_selected_plan\seed_1\predictions\job.csv
selected_plan_cost_runtime,MSCN,JOB,15a,1,1.4551711627665915,-0.1629140796951778,C:\Users\vanya\Documents\DATA_SYS_LAB\test44\final_benchmarks\final_paper_results\cost_mscn_selected_plan\seed_1\predictions\job.csv
selected_plan_cost_runtime,MSCN,JOB,15b,1,14.346012817124736,1.1567312145102968,C:\Users\vanya\Documents\DATA_SYS_LAB\test44\final_benchmarks\final_paper_results\cost_mscn_selected_plan\seed_1\predictions\job.csv
selected_plan_cost_runtime,MSCN,JOB,15c,1,1.5905065793521256,0.20153546996674757,C:\Users\vanya\Documents\DATA_SYS_LAB\test44\final_benchmarks\final_paper_results\cost_mscn_selected_plan\seed_1\predictions\job.csv
selected_plan_cost_runtime,MSCN,JOB,15d,1,2.194559514454537,-0.34134736301135205,C:\Users\vanya\Documents\DATA_SYS_LAB\test44\final_benchmarks\final_paper_results\cost_mscn_selected_plan\seed_1\predictions\job.csv
selected_plan_cost_runtime,MSCN,JOB,16a,1,2.4259664409002797,-0.38488478885016153,C:\Users\vanya\Documents\DATA_SYS_LAB\test44\final_benchmarks\final_paper_results\cost_mscn_selected_plan\seed_1\predictions\job.csv
selected_plan_cost_runtime,MSCN,JOB,16b,1,4.029096483781941,-0.605207667455981,C:\Users\vanya\Documents\DATA_SYS_LAB\test44\final_benchmarks\final_paper_results\cost_mscn_selected_plan\seed_1\predictions\job.csv
selected_plan_cost_runtime,MSCN,JOB,16c,1,4.9224010827091265,-0.692176997605437,C:\Users\vanya\Documents\DATA_SYS_LAB\test44\final_benchmarks\final_paper_results\cost_mscn_selected_plan\seed_1\predictions\job.csv
selected_plan_cost_runtime,MSCN,JOB,16d,1,1.8524466431402087,-0.26774570765082534,C:\Users\vanya\Documents\DATA_SYS_LAB\test44\final_benchmarks\final_paper_results\cost_mscn_selected_plan\seed_1\predictions\job.csv
selected_plan_cost_runtime,MSCN,JOB,17a,1,1.9211587776613512,-0.2835632594023433,C:\Users\vanya\Documents\DATA_SYS_LAB\test44\final_benchmarks\final_paper_results\cost_mscn_selected_plan\seed_1\predictions\job.csv
selected_plan_cost_runtime,MSCN,JOB,17b,1,2.4000246158208967,-0.38021569607008904,C:\Users\vanya\Documents\DATA_SYS_LAB\test44\final_benchmarks\final_paper_results\cost_mscn_selected_plan\seed_1\predictions\job.csv
selected_plan_cost_runtime,MSCN,JOB,17c,1,1.1095010312754632,-0.04512771024268673,C:\Users\vanya\Documents\DATA_SYS_LAB\test44\final_benchmarks\final_paper_results\cost_mscn_selected_plan\seed_1\predictions\job.csv
selected_plan_cost_runtime,MSCN,JOB,17d,1,5.25454163557234,-0.7205348376194826,C:\Users\vanya\Documents\DATA_SYS_LAB\test44\final_benchmarks\final_paper_results\cost_mscn_selected_plan\seed_1\predictions\job.csv
selected_plan_cost_runtime,MSCN,JOB,17e,1,2.0540870829166287,-0.31261885154386304,C:\Users\vanya\Documents\DATA_SYS_LAB\test44\final_benchmarks\final_paper_results\cost_mscn_selected_plan\seed_1\predictions\job.csv
selected_plan_cost_runtime,MSCN,JOB,17f,1,5.473131419141488,-0.7382358764126915,C:\Users\vanya\Documents\DATA_SYS_LAB\test44\final_benchmarks\final_paper_results\cost_mscn_selected_plan\seed_1\predictions\job.csv
selected_plan_cost_runtime,MSCN,JOB,18a,1,1.3259357565002932,0.12252248238449942,C:\Users\vanya\Documents\DATA_SYS_LAB\test44\final_benchmarks\final_paper_results\cost_mscn_selected_plan\seed_1\predictions\job.csv
selected_plan_cost_runtime,MSCN,JOB,18b,1,5.533730464654439,0.7430180018298671,C:\Users\vanya\Documents\DATA_SYS_LAB\test44\final_benchmarks\final_paper_results\cost_mscn_selected_plan\seed_1\predictions\job.csv
selected_plan_cost_runtime,MSCN,JOB,18c,1,1.0605977958765176,-0.02555072023713514,C:\Users\vanya\Documents\DATA_SYS_LAB\test44\final_benchmarks\final_paper_results\cost_mscn_selected_plan\seed_1\predictions\job.csv
selected_plan_cost_runtime,MSCN,JOB,19a,1,1.0433090549868476,0.018412976685007274,C:\Users\vanya\Documents\DATA_SYS_LAB\test44\final_benchmarks\final_paper_results\cost_mscn_selected_plan\seed_1\predictions\job.csv
selected_plan_cost_runtime,MSCN,JOB,19b,1,1.2052603287558654,-0.0810808619575391,C:\Users\vanya\Documents\DATA_SYS_LAB\test44\final_benchmarks\final_paper_results\cost_mscn_selected_plan\seed_1\predictions\job.csv
selected_plan_cost_runtime,MSCN,JOB,19c,1,2.5686169714121228,-0.4096993477057228,C:\Users\vanya\Documents\DATA_SYS_LAB\test44\final_benchmarks\final_paper_results\cost_mscn_selected_plan\seed_1\predictions\job.csv
selected_plan_cost_runtime,MSCN,JOB,19d,1,1.2738389194578161,-0.1051145137030067,C:\Users\vanya\Documents\DATA_SYS_LAB\test44\final_benchmarks\final_paper_results\cost_mscn_selected_plan\seed_1\predictions\job.csv
selected_plan_cost_runtime,MSCN,JOB,20a,1,3.6469347485515544,-0.5619279929278446,C:\Users\vanya\Documents\DATA_SYS_LAB\test44\final_benchmarks\final_paper_results\cost_mscn_selected_plan\seed_1\predictions\job.csv
selected_plan_cost_runtime,MSCN,JOB,20b,1,4.446750131683546,-0.6480427265976153,C:\Users\vanya\Documents\DATA_SYS_LAB\test44\final_benchmarks\final_paper_results\cost_mscn_selected_plan\seed_1\predictions\job.csv
selected_plan_cost_runtime,MSCN,JOB,20c,1,2.2874879034680062,-0.35935880613914795,C:\Users\vanya\Documents\DATA_SYS_LAB\test44\final_benchmarks\final_paper_results\cost_mscn_selected_plan\seed_1\predictions\job.csv
selected_plan_cost_runtime,MSCN,JOB,21a,1,1.675108216328011,-0.22404286882718408,C:\Users\vanya\Documents\DATA_SYS_LAB\test44\final_benchmarks\final_paper_results\cost_mscn_selected_plan\seed_1\predictions\job.csv
selected_plan_cost_runtime,MSCN,JOB,21b,1,1.484129213076133,-0.1714717136674291,C:\Users\vanya\Documents\DATA_SYS_LAB\test44\final_benchmarks\final_paper_results\cost_mscn_selected_plan\seed_1\predictions\job.csv
selected_plan_cost_runtime,MSCN,JOB,21c,1,1.283087473502582,0.10825626507680719,C:\Users\vanya\Documents\DATA_SYS_LAB\test44\final_benchmarks\final_paper_results\cost_mscn_selected_plan\seed_1\predictions\job.csv
selected_plan_cost_runtime,MSCN,JOB,22a,1,65.93823740829023,-1.8191373338583268,C:\Users\vanya\Documents\DATA_SYS_LAB\test44\final_benchmarks\final_paper_results\cost_mscn_selected_plan\seed_1\predictions\job.csv
selected_plan_cost_runtime,MSCN,JOB,22b,1,66.09979853656057,-1.8202001358155437,C:\Users\vanya\Documents\DATA_SYS_LAB\test44\final_benchmarks\final_paper_results\cost_mscn_selected_plan\seed_1\predictions\job.csv
selected_plan_cost_runtime,MSCN,JOB,22c,1,64.363325145356,-1.8086384725770317,C:\Users\vanya\Documents\DATA_SYS_LAB\test44\final_benchmarks\final_paper_results\cost_mscn_selected_plan\seed_1\predictions\job.csv
selected_plan_cost_runtime,MSCN,JOB,22d,1,291.9400406356265,-2.4652936641368273,C:\Users\vanya\Documents\DATA_SYS_LAB\test44\final_benchmarks\final_paper_results\cost_mscn_selected_plan\seed_1\predictions\job.csv
selected_plan_cost_runtime,MSCN,JOB,23a,1,1.345702193128618,-0.1289489601918089,C:\Users\vanya\Documents\DATA_SYS_LAB\test44\final_benchmarks\final_paper_results\cost_mscn_selected_plan\seed_1\predictions\job.csv
selected_plan_cost_runtime,MSCN,JOB,23b,1,40.57230583479964,-1.6082296905456537,C:\Users\vanya\Documents\DATA_SYS_LAB\test44\final_benchmarks\final_paper_results\cost_mscn_selected_plan\seed_1\predictions\job.csv
selected_plan_cost_runtime,MSCN,JOB,23c,1,1.2427753917357023,0.0943926451790084,C:\Users\vanya\Documents\DATA_SYS_LAB\test44\final_benchmarks\final_paper_results\cost_mscn_selected_plan\seed_1\predictions\job.csv
selected_plan_cost_runtime,MSCN,JOB,24a,1,1.1477073429372782,-0.059831160230282586,C:\Users\vanya\Documents\DATA_SYS_LAB\test44\final_benchmarks\final_paper_results\cost_mscn_selected_plan\seed_1\predictions\job.csv
selected_plan_cost_runtime,MSCN,JOB,24b,1,1.5094447317123911,-0.17881721596676356,C:\Users\vanya\Documents\DATA_SYS_LAB\test44\final_benchmarks\final_paper_results\cost_mscn_selected_plan\seed_1\predictions\job.csv
selected_plan_cost_runtime,MSCN,JOB,25a,1,1.9383528945453747,-0.28743284712223355,C:\Users\vanya\Documents\DATA_SYS_LAB\test44\final_benchmarks\final_paper_results\cost_mscn_selected_plan\seed_1\predictions\job.csv
selected_plan_cost_runtime,MSCN,JOB,25b,1,1.3859100253289725,-0.14173503635694137,C:\Users\vanya\Documents\DATA_SYS_LAB\test44\final_benchmarks\final_paper_results\cost_mscn_selected_plan\seed_1\predictions\job.csv
selected_plan_cost_runtime,MSCN,JOB,25c,1,1.7551931058645245,-0.24432490439034724,C:\Users\vanya\Documents\DATA_SYS_LAB\test44\final_benchmarks\final_paper_results\cost_mscn_selected_plan\seed_1\predictions\job.csv
selected_plan_cost_runtime,MSCN,JOB,26a,1,1.7618132539977576,-0.2459598728294667,C:\Users\vanya\Documents\DATA_SYS_LAB\test44\final_benchmarks\final_paper_results\cost_mscn_selected_plan\seed_1\predictions\job.csv
selected_plan_cost_runtime,MSCN,JOB,26b,1,2.434296732476561,-0.3863735161382902,C:\Users\vanya\Documents\DATA_SYS_LAB\test44\final_benchmarks\final_paper_results\cost_mscn_selected_plan\seed_1\predictions\job.csv
selected_plan_cost_runtime,MSCN,JOB,26c,1,2.672133936061984,-0.4268582226039744,C:\Users\vanya\Documents\DATA_SYS_LAB\test44\final_benchmarks\final_paper_results\cost_mscn_selected_plan\seed_1\predictions\job.csv
selected_plan_cost_runtime,MSCN,JOB,27a,1,4.180503984548998,0.6212286417067484,C:\Users\vanya\Documents\DATA_SYS_LAB\test44\final_benchmarks\final_paper_results\cost_mscn_selected_plan\seed_1\predictions\job.csv
selected_plan_cost_runtime,MSCN,JOB,27b,1,5.3369925434962715,0.7272965960356119,C:\Users\vanya\Documents\DATA_SYS_LAB\test44\final_benchmarks\final_paper_results\cost_mscn_selected_plan\seed_1\predictions\job.csv
selected_plan_cost_runtime,MSCN,JOB,27c,1,1.4284255361949219,0.1548576055430153,C:\Users\vanya\Documents\DATA_SYS_LAB\test44\final_benchmarks\final_paper_results\cost_mscn_selected_plan\seed_1\predictions\job.csv
selected_plan_cost_runtime,MSCN,JOB,28a,1,34.49698653464901,-1.5377811591737542,C:\Users\vanya\Documents\DATA_SYS_LAB\test44\final_benchmarks\final_paper_results\cost_mscn_selected_plan\seed_1\predictions\job.csv
selected_plan_cost_runtime,MSCN,JOB,28b,1,1.0938048457773486,-0.03893984305553468,C:\Users\vanya\Documents\DATA_SYS_LAB\test44\final_benchmarks\final_paper_results\cost_mscn_selected_plan\seed_1\predictions\job.csv
selected_plan_cost_runtime,MSCN,JOB,28c,1,1.4774915717541057,-0.16952501215828514,C:\Users\vanya\Documents\DATA_SYS_LAB\test44\final_benchmarks\final_paper_results\cost_mscn_selected_plan\seed_1\predictions\job.csv
selected_plan_cost_runtime,MSCN,JOB,29a,1,1.881660898763038,-0.2745413602893009,C:\Users\vanya\Documents\DATA_SYS_LAB\test44\final_benchmarks\final_paper_results\cost_mscn_selected_plan\seed_1\predictions\job.csv
selected_plan_cost_runtime,MSCN,JOB,29b,1,1.2444156695921342,-0.09496547107581076,C:\Users\vanya\Documents\DATA_SYS_LAB\test44\final_benchmarks\final_paper_results\cost_mscn_selected_plan\seed_1\predictions\job.csv
selected_plan_cost_runtime,MSCN,JOB,29c,1,1.0674790517924617,-0.02835936118633024,C:\Users\vanya\Documents\DATA_SYS_LAB\test44\final_benchmarks\final_paper_results\cost_mscn_selected_plan\seed_1\predictions\job.csv
selected_plan_cost_runtime,MSCN,JOB,30a,1,2.1858670425121023,0.3396237420329822,C:\Users\vanya\Documents\DATA_SYS_LAB\test44\final_benchmarks\final_paper_results\cost_mscn_selected_plan\seed_1\predictions\job.csv
selected_plan_cost_runtime,MSCN,JOB,30b,1,1.2557502348440321,0.09890326805114315,C:\Users\vanya\Documents\DATA_SYS_LAB\test44\final_benchmarks\final_paper_results\cost_mscn_selected_plan\seed_1\predictions\job.csv
selected_plan_cost_runtime,MSCN,JOB,30c,1,2.7404221030316265,0.43781746168852115,C:\Users\vanya\Documents\DATA_SYS_LAB\test44\final_benchmarks\final_paper_results\cost_mscn_selected_plan\seed_1\predictions\job.csv
selected_plan_cost_runtime,MSCN,JOB,31a,1,1.426430738508929,-0.15425068898738528,C:\Users\vanya\Documents\DATA_SYS_LAB\test44\final_benchmarks\final_paper_results\cost_mscn_selected_plan\seed_1\predictions\job.csv
selected_plan_cost_runtime,MSCN,JOB,31b,1,2.169657611781231,-0.3363912043341342,C:\Users\vanya\Documents\DATA_SYS_LAB\test44\final_benchmarks\final_paper_results\cost_mscn_selected_plan\seed_1\predictions\job.csv
selected_plan_cost_runtime,MSCN,JOB,31c,1,1.1418965885739385,0.05762677549893741,C:\Users\vanya\Documents\DATA_SYS_LAB\test44\final_benchmarks\final_paper_results\cost_mscn_selected_plan\seed_1\predictions\job.csv
selected_plan_cost_runtime,MSCN,JOB,32a,1,1.1581094351975423,-0.0637495998549911,C:\Users\vanya\Documents\DATA_SYS_LAB\test44\final_benchmarks\final_paper_results\cost_mscn_selected_plan\seed_1\predictions\job.csv
selected_plan_cost_runtime,MSCN,JOB,32b,1,1.239862917635305,0.09337367112549899,C:\Users\vanya\Documents\DATA_SYS_LAB\test44\final_benchmarks\final_paper_results\cost_mscn_selected_plan\seed_1\predictions\job.csv
selected_plan_cost_runtime,MSCN,JOB,33a,1,10.333473497640458,-1.0142463299699942,C:\Users\vanya\Documents\DATA_SYS_LAB\test44\final_benchmarks\final_paper_results\cost_mscn_selected_plan\seed_1\predictions\job.csv
selected_plan_cost_runtime,MSCN,JOB,33b,1,5.157768118706107,-0.7124618133680127,C:\Users\vanya\Documents\DATA_SYS_LAB\test44\final_benchmarks\final_paper_results\cost_mscn_selected_plan\seed_1\predictions\job.csv
selected_plan_cost_runtime,MSCN,JOB,33c,1,5.036379758365989,-0.702118469796558,C:\Users\vanya\Documents\DATA_SYS_LAB\test44\final_benchmarks\final_paper_results\cost_mscn_selected_plan\seed_1\predictions\job.csv
selected_plan_cost_runtime,MSCN,JOB-Complex,01,1,1.2941813102682014,-0.11199512373066615,C:\Users\vanya\Documents\DATA_SYS_LAB\test44\final_benchmarks\final_paper_results\cost_mscn_selected_plan\seed_1\predictions\job_complex.csv
selected_plan_cost_runtime,MSCN,JOB-Complex,02,1,1.7625624088843954,-0.2461445034530886,C:\Users\vanya\Documents\DATA_SYS_LAB\test44\final_benchmarks\final_paper_results\cost_mscn_selected_plan\seed_1\predictions\job_complex.csv
selected_plan_cost_runtime,MSCN,JOB-Complex,03,1,1.3081524294666032,-0.11665835210691501,C:\Users\vanya\Documents\DATA_SYS_LAB\test44\final_benchmarks\final_paper_results\cost_mscn_selected_plan\seed_1\predictions\job_complex.csv
selected_plan_cost_runtime,MSCN,JOB-Complex,04,1,1.309253620842603,-0.11702378365031398,C:\Users\vanya\Documents\DATA_SYS_LAB\test44\final_benchmarks\final_paper_results\cost_mscn_selected_plan\seed_1\predictions\job_complex.csv
selected_plan_cost_runtime,MSCN,JOB-Complex,05,1,1.3245902740300088,-0.12208156186094812,C:\Users\vanya\Documents\DATA_SYS_LAB\test44\final_benchmarks\final_paper_results\cost_mscn_selected_plan\seed_1\predictions\job_complex.csv
selected_plan_cost_runtime,MSCN,JOB-Complex,06,1,1.0429352598908184,-0.01825735047368827,C:\Users\vanya\Documents\DATA_SYS_LAB\test44\final_benchmarks\final_paper_results\cost_mscn_selected_plan\seed_1\predictions\job_complex.csv
selected_plan_cost_runtime,MSCN,JOB-Complex,07,1,1.266906057544509,-0.10274441267141901,C:\Users\vanya\Documents\DATA_SYS_LAB\test44\final_benchmarks\final_paper_results\cost_mscn_selected_plan\seed_1\predictions\job_complex.csv
selected_plan_cost_runtime,MSCN,JOB-Complex,08,1,3.1005536375415916,-0.4914392487572624,C:\Users\vanya\Documents\DATA_SYS_LAB\test44\final_benchmarks\final_paper_results\cost_mscn_selected_plan\seed_1\predictions\job_complex.csv
selected_plan_cost_runtime,MSCN,JOB-Complex,09,1,1.2125591048961,-0.08370291701006807,C:\Users\vanya\Documents\DATA_SYS_LAB\test44\final_benchmarks\final_paper_results\cost_mscn_selected_plan\seed_1\predictions\job_complex.csv
selected_plan_cost_runtime,MSCN,JOB-Complex,10,1,1.866575564236683,0.2710455760821716,C:\Users\vanya\Documents\DATA_SYS_LAB\test44\final_benchmarks\final_paper_results\cost_mscn_selected_plan\seed_1\predictions\job_complex.csv
selected_plan_cost_runtime,MSCN,JOB-Complex,11,1,1.5862594339707192,-0.2003742179927485,C:\Users\vanya\Documents\DATA_SYS_LAB\test44\final_benchmarks\final_paper_results\cost_mscn_selected_plan\seed_1\predictions\job_complex.csv
selected_plan_cost_runtime,MSCN,JOB-Complex,12,1,1.7898329264303905,0.252812493261571,C:\Users\vanya\Documents\DATA_SYS_LAB\test44\final_benchmarks\final_paper_results\cost_mscn_selected_plan\seed_1\predictions\job_complex.csv
selected_plan_cost_runtime,MSCN,JOB-Complex,13,1,1.1285323598865125,-0.05251401668684693,C:\Users\vanya\Documents\DATA_SYS_LAB\test44\final_benchmarks\final_paper_results\cost_mscn_selected_plan\seed_1\predictions\job_complex.csv
selected_plan_cost_runtime,MSCN,JOB-Complex,14,1,8.175460787307133,-0.9125122398332632,C:\Users\vanya\Documents\DATA_SYS_LAB\test44\final_benchmarks\final_paper_results\cost_mscn_selected_plan\seed_1\predictions\job_complex.csv
selected_plan_cost_runtime,MSCN,JOB-Complex,15,1,2.6788626523713464,-0.4279504475214836,C:\Users\vanya\Documents\DATA_SYS_LAB\test44\final_benchmarks\final_paper_results\cost_mscn_selected_plan\seed_1\predictions\job_complex.csv
selected_plan_cost_runtime,MSCN,JOB-Complex,16,1,1.4168931020134956,-0.1513370859871187,C:\Users\vanya\Documents\DATA_SYS_LAB\test44\final_benchmarks\final_paper_results\cost_mscn_selected_plan\seed_1\predictions\job_complex.csv
selected_plan_cost_runtime,MSCN,JOB-Complex,17,1,2.0036688579075115,-0.30182594819985453,C:\Users\vanya\Documents\DATA_SYS_LAB\test44\final_benchmarks\final_paper_results\cost_mscn_selected_plan\seed_1\predictions\job_complex.csv
selected_plan_cost_runtime,MSCN,JOB-Complex,18,1,3.6492112393039577,0.5621990037890858,C:\Users\vanya\Documents\DATA_SYS_LAB\test44\final_benchmarks\final_paper_results\cost_mscn_selected_plan\seed_1\predictions\job_complex.csv
selected_plan_cost_runtime,MSCN,JOB-Complex,19,1,1.5401299434057374,0.18755736455289182,C:\Users\vanya\Documents\DATA_SYS_LAB\test44\final_benchmarks\final_paper_results\cost_mscn_selected_plan\seed_1\predictions\job_complex.csv
selected_plan_cost_runtime,MSCN,JOB-Complex,20,1,1.1283520914284244,0.05244463821536184,C:\Users\vanya\Documents\DATA_SYS_LAB\test44\final_benchmarks\final_paper_results\cost_mscn_selected_plan\seed_1\predictions\job_complex.csv
selected_plan_cost_runtime,MSCN,JOB-Complex,21,1,1.0269471368119625,-0.011548088405701833,C:\Users\vanya\Documents\DATA_SYS_LAB\test44\final_benchmarks\final_paper_results\cost_mscn_selected_plan\seed_1\predictions\job_complex.csv
selected_plan_cost_runtime,MSCN,JOB-Complex,22,1,3.9510211673751887,-0.5967093563961047,C:\Users\vanya\Documents\DATA_SYS_LAB\test44\final_benchmarks\final_paper_results\cost_mscn_selected_plan\seed_1\predictions\job_complex.csv
selected_plan_cost_runtime,MSCN,JOB-Complex,23,1,1.097513761735804,0.040409974571061304,C:\Users\vanya\Documents\DATA_SYS_LAB\test44\final_benchmarks\final_paper_results\cost_mscn_selected_plan\seed_1\predictions\job_complex.csv
selected_plan_cost_runtime,MSCN,JOB-Complex,24,1,1.7684910657148962,-0.24760287013294663,C:\Users\vanya\Documents\DATA_SYS_LAB\test44\final_benchmarks\final_paper_results\cost_mscn_selected_plan\seed_1\predictions\job_complex.csv
selected_plan_cost_runtime,MSCN,JOB-Complex,25,1,1.044191953396557,-0.018780342189255173,C:\Users\vanya\Documents\DATA_SYS_LAB\test44\final_benchmarks\final_paper_results\cost_mscn_selected_plan\seed_1\predictions\job_complex.csv
selected_plan_cost_runtime,MSCN,JOB-Complex,26,1,4.383688359517557,0.6418396721750799,C:\Users\vanya\Documents\DATA_SYS_LAB\test44\final_benchmarks\final_paper_results\cost_mscn_selected_plan\seed_1\predictions\job_complex.csv
selected_plan_cost_runtime,MSCN,JOB-Complex,27,1,1.0442486399240494,0.01880391829304574,C:\Users\vanya\Documents\DATA_SYS_LAB\test44\final_benchmarks\final_paper_results\cost_mscn_selected_plan\seed_1\predictions\job_complex.csv
selected_plan_cost_runtime,MSCN,JOB-Complex,28,1,5.391971847224552,0.7317476159777555,C:\Users\vanya\Documents\DATA_SYS_LAB\test44\final_benchmarks\final_paper_results\cost_mscn_selected_plan\seed_1\predictions\job_complex.csv
selected_plan_cost_runtime,MSCN,JOB-Complex,29,1,1.6905948253541228,-0.22803953533430302,C:\Users\vanya\Documents\DATA_SYS_LAB\test44\final_benchmarks\final_paper_results\cost_mscn_selected_plan\seed_1\predictions\job_complex.csv
selected_plan_cost_runtime,MSCN,JOB-Complex,30,1,1.0624431545519426,0.026305702651901193,C:\Users\vanya\Documents\DATA_SYS_LAB\test44\final_benchmarks\final_paper_results\cost_mscn_selected_plan\seed_1\predictions\job_complex.csv
selected_plan_cost_runtime,MSCN,JOB-Light,01,2,7.099391185695514,-0.8512211070247454,C:\Users\vanya\Documents\DATA_SYS_LAB\test44\final_benchmarks\final_paper_results\cost_mscn_selected_plan\seed_2\predictions\job_light.csv
selected_plan_cost_runtime,MSCN,JOB-Light,02,2,1.3391988669644164,0.12684507321242408,C:\Users\vanya\Documents\DATA_SYS_LAB\test44\final_benchmarks\final_paper_results\cost_mscn_selected_plan\seed_2\predictions\job_light.csv
selected_plan_cost_runtime,MSCN,JOB-Light,03,2,1.7743457372135376,0.24903824747670564,C:\Users\vanya\Documents\DATA_SYS_LAB\test44\final_benchmarks\final_paper_results\cost_mscn_selected_plan\seed_2\predictions\job_light.csv
selected_plan_cost_runtime,MSCN,JOB-Light,04,2,1.6269709728712358,0.21137980466746537,C:\Users\vanya\Documents\DATA_SYS_LAB\test44\final_benchmarks\final_paper_results\cost_mscn_selected_plan\seed_2\predictions\job_light.csv
selected_plan_cost_runtime,MSCN,JOB-Light,05,2,6.529628826072304,-0.8148884946946489,C:\Users\vanya\Documents\DATA_SYS_LAB\test44\final_benchmarks\final_paper_results\cost_mscn_selected_plan\seed_2\predictions\job_light.csv
selected_plan_cost_runtime,MSCN,JOB-Light,06,2,9.376015764725148,-0.9720183288923798,C:\Users\vanya\Documents\DATA_SYS_LAB\test44\final_benchmarks\final_paper_results\cost_mscn_selected_plan\seed_2\predictions\job_light.csv
selected_plan_cost_runtime,MSCN,JOB-Light,07,2,3.905360054529343,-0.591661079823257,C:\Users\vanya\Documents\DATA_SYS_LAB\test44\final_benchmarks\final_paper_results\cost_mscn_selected_plan\seed_2\predictions\job_light.csv
selected_plan_cost_runtime,MSCN,JOB-Light,08,2,4.112257718482728,-0.6140803244229253,C:\Users\vanya\Documents\DATA_SYS_LAB\test44\final_benchmarks\final_paper_results\cost_mscn_selected_plan\seed_2\predictions\job_light.csv
selected_plan_cost_runtime,MSCN,JOB-Light,09,2,1.3114924753139248,-0.11776580316959358,C:\Users\vanya\Documents\DATA_SYS_LAB\test44\final_benchmarks\final_paper_results\cost_mscn_selected_plan\seed_2\predictions\job_light.csv
selected_plan_cost_runtime,MSCN,JOB-Light,10,2,1.0198922767695293,0.008554303060768511,C:\Users\vanya\Documents\DATA_SYS_LAB\test44\final_benchmarks\final_paper_results\cost_mscn_selected_plan\seed_2\predictions\job_light.csv
selected_plan_cost_runtime,MSCN,JOB-Light,11,2,1.0166247013142828,-0.007160657711914878,C:\Users\vanya\Documents\DATA_SYS_LAB\test44\final_benchmarks\final_paper_results\cost_mscn_selected_plan\seed_2\predictions\job_light.csv
selected_plan_cost_runtime,MSCN,JOB-Light,12,2,1.1277260035629102,-0.0522035946869812,C:\Users\vanya\Documents\DATA_SYS_LAB\test44\final_benchmarks\final_paper_results\cost_mscn_selected_plan\seed_2\predictions\job_light.csv
selected_plan_cost_runtime,MSCN,JOB-Light,13,2,1.1780680804233075,-0.07117038900610505,C:\Users\vanya\Documents\DATA_SYS_LAB\test44\final_benchmarks\final_paper_results\cost_mscn_selected_plan\seed_2\predictions\job_light.csv
selected_plan_cost_runtime,MSCN,JOB-Light,14,2,1.1702222091066379,-0.06826833612723193,C:\Users\vanya\Documents\DATA_SYS_LAB\test44\final_benchmarks\final_paper_results\cost_mscn_selected_plan\seed_2\predictions\job_light.csv
selected_plan_cost_runtime,MSCN,JOB-Light,15,2,6.22612719552218,-0.7942179887764902,C:\Users\vanya\Documents\DATA_SYS_LAB\test44\final_benchmarks\final_paper_results\cost_mscn_selected_plan\seed_2\predictions\job_light.csv
selected_plan_cost_runtime,MSCN,JOB-Light,16,2,6.805787123914661,-0.8328783608110618,C:\Users\vanya\Documents\DATA_SYS_LAB\test44\final_benchmarks\final_paper_results\cost_mscn_selected_plan\seed_2\predictions\job_light.csv
selected_plan_cost_runtime,MSCN,JOB-Light,17,2,1.0391102713135667,0.016661637722555325,C:\Users\vanya\Documents\DATA_SYS_LAB\test44\final_benchmarks\final_paper_results\cost_mscn_selected_plan\seed_2\predictions\job_light.csv
selected_plan_cost_runtime,MSCN,JOB-Light,18,2,1.0115772365203741,-0.00499904787202876,C:\Users\vanya\Documents\DATA_SYS_LAB\test44\final_benchmarks\final_paper_results\cost_mscn_selected_plan\seed_2\predictions\job_light.csv
selected_plan_cost_runtime,MSCN,JOB-Light,19,2,4.445000639679919,-0.6478718278055439,C:\Users\vanya\Documents\DATA_SYS_LAB\test44\final_benchmarks\final_paper_results\cost_mscn_selected_plan\seed_2\predictions\job_light.csv
selected_plan_cost_runtime,MSCN,JOB-Light,20,2,1.123659679664655,0.05063479733333011,C:\Users\vanya\Documents\DATA_SYS_LAB\test44\final_benchmarks\final_paper_results\cost_mscn_selected_plan\seed_2\predictions\job_light.csv
selected_plan_cost_runtime,MSCN,JOB-Light,21,2,2.617287060947702,0.41785135815708907,C:\Users\vanya\Documents\DATA_SYS_LAB\test44\final_benchmarks\final_paper_results\cost_mscn_selected_plan\seed_2\predictions\job_light.csv
selected_plan_cost_runtime,MSCN,JOB-Light,22,2,1.0833589160927688,0.03477236193927739,C:\Users\vanya\Documents\DATA_SYS_LAB\test44\final_benchmarks\final_paper_results\cost_mscn_selected_plan\seed_2\predictions\job_light.csv
selected_plan_cost_runtime,MSCN,JOB-Light,23,2,1.2847183955089334,-0.1088079427028809,C:\Users\vanya\Documents\DATA_SYS_LAB\test44\final_benchmarks\final_paper_results\cost_mscn_selected_plan\seed_2\predictions\job_light.csv
selected_plan_cost_runtime,MSCN,JOB-Light,24,2,1.4829698047363726,-0.1711323082975137,C:\Users\vanya\Documents\DATA_SYS_LAB\test44\final_benchmarks\final_paper_results\cost_mscn_selected_plan\seed_2\predictions\job_light.csv
selected_plan_cost_runtime,MSCN,JOB-Light,25,2,1.0343483150577195,-0.014666811325131188,C:\Users\vanya\Documents\DATA_SYS_LAB\test44\final_benchmarks\final_paper_results\cost_mscn_selected_plan\seed_2\predictions\job_light.csv
selected_plan_cost_runtime,MSCN,JOB-Light,26,2,2.4259389691496445,-0.3848798708525087,C:\Users\vanya\Documents\DATA_SYS_LAB\test44\final_benchmarks\final_paper_results\cost_mscn_selected_plan\seed_2\predictions\job_light.csv
selected_plan_cost_runtime,MSCN,JOB-Light,27,2,1.659145430446966,0.21988445526634082,C:\Users\vanya\Documents\DATA_SYS_LAB\test44\final_benchmarks\final_paper_results\cost_mscn_selected_plan\seed_2\predictions\job_light.csv
selected_plan_cost_runtime,MSCN,JOB-Light,28,2,1.219359140448077,-0.08613163813937005,C:\Users\vanya\Documents\DATA_SYS_LAB\test44\final_benchmarks\final_paper_results\cost_mscn_selected_plan\seed_2\predictions\job_light.csv
selected_plan_cost_runtime,MSCN,JOB-Light,29,2,1.2047731426693626,-0.08090527748170596,C:\Users\vanya\Documents\DATA_SYS_LAB\test44\final_benchmarks\final_paper_results\cost_mscn_selected_plan\seed_2\predictions\job_light.csv
selected_plan_cost_runtime,MSCN,JOB-Light,30,2,2.2322396551219588,-0.34874081898853415,C:\Users\vanya\Documents\DATA_SYS_LAB\test44\final_benchmarks\final_paper_results\cost_mscn_selected_plan\seed_2\predictions\job_light.csv
selected_plan_cost_runtime,MSCN,JOB-Light,31,2,1.0275228678891055,-0.011791496034760901,C:\Users\vanya\Documents\DATA_SYS_LAB\test44\final_benchmarks\final_paper_results\cost_mscn_selected_plan\seed_2\predictions\job_light.csv
selected_plan_cost_runtime,MSCN,JOB-Light,32,2,1.0357722510383955,-0.015264271827336081,C:\Users\vanya\Documents\DATA_SYS_LAB\test44\final_benchmarks\final_paper_results\cost_mscn_selected_plan\seed_2\predictions\job_light.csv
selected_plan_cost_runtime,MSCN,JOB-Light,33,2,2.249538224829806,-0.3520933772266857,C:\Users\vanya\Documents\DATA_SYS_LAB\test44\final_benchmarks\final_paper_results\cost_mscn_selected_plan\seed_2\predictions\job_light.csv
selected_plan_cost_runtime,MSCN,JOB-Light,34,2,2.7107843348754748,-0.4330949672672364,C:\Users\vanya\Documents\DATA_SYS_LAB\test44\final_benchmarks\final_paper_results\cost_mscn_selected_plan\seed_2\predictions\job_light.csv
selected_plan_cost_runtime,MSCN,JOB-Light,35,2,1.1005181864629827,0.041597223822812834,C:\Users\vanya\Documents\DATA_SYS_LAB\test44\final_benchmarks\final_paper_results\cost_mscn_selected_plan\seed_2\predictions\job_light.csv
selected_plan_cost_runtime,MSCN,JOB-Light,36,2,1.4264740468629538,0.15426387455128573,C:\Users\vanya\Documents\DATA_SYS_LAB\test44\final_benchmarks\final_paper_results\cost_mscn_selected_plan\seed_2\predictions\job_light.csv
selected_plan_cost_runtime,MSCN,JOB-Light,37,2,1.0709052772248469,-0.02975105869568527,C:\Users\vanya\Documents\DATA_SYS_LAB\test44\final_benchmarks\final_paper_results\cost_mscn_selected_plan\seed_2\predictions\job_light.csv
selected_plan_cost_runtime,MSCN,JOB-Light,38,2,1.0399976429352993,-0.017032355009017827,C:\Users\vanya\Documents\DATA_SYS_LAB\test44\final_benchmarks\final_paper_results\cost_mscn_selected_plan\seed_2\predictions\job_light.csv
selected_plan_cost_runtime,MSCN,JOB-Light,39,2,1.1437360560879695,-0.05832581238513602,C:\Users\vanya\Documents\DATA_SYS_LAB\test44\final_benchmarks\final_paper_results\cost_mscn_selected_plan\seed_2\predictions\job_light.csv
selected_plan_cost_runtime,MSCN,JOB-Light,40,2,1.2812958699527393,-0.10764942627165147,C:\Users\vanya\Documents\DATA_SYS_LAB\test44\final_benchmarks\final_paper_results\cost_mscn_selected_plan\seed_2\predictions\job_light.csv
selected_plan_cost_runtime,MSCN,JOB-Light,41,2,3.614321512398246,-0.5580267826603831,C:\Users\vanya\Documents\DATA_SYS_LAB\test44\final_benchmarks\final_paper_results\cost_mscn_selected_plan\seed_2\predictions\job_light.csv
selected_plan_cost_runtime,MSCN,JOB-Light,42,2,2.3206851970930913,-0.3656162320380643,C:\Users\vanya\Documents\DATA_SYS_LAB\test44\final_benchmarks\final_paper_results\cost_mscn_selected_plan\seed_2\predictions\job_light.csv
selected_plan_cost_runtime,MSCN,JOB-Light,43,2,3.462943474918634,-0.5394454026868342,C:\Users\vanya\Documents\DATA_SYS_LAB\test44\final_benchmarks\final_paper_results\cost_mscn_selected_plan\seed_2\predictions\job_light.csv
selected_plan_cost_runtime,MSCN,JOB-Light,44,2,4.457434699521809,-0.6490849895714361,C:\Users\vanya\Documents\DATA_SYS_LAB\test44\final_benchmarks\final_paper_results\cost_mscn_selected_plan\seed_2\predictions\job_light.csv
selected_plan_cost_runtime,MSCN,JOB-Light,45,2,1.4264217473700542,-0.1542479515153157,C:\Users\vanya\Documents\DATA_SYS_LAB\test44\final_benchmarks\final_paper_results\cost_mscn_selected_plan\seed_2\predictions\job_light.csv
selected_plan_cost_runtime,MSCN,JOB-Light,46,2,1.0749704891434295,-0.03139654185340489,C:\Users\vanya\Documents\DATA_SYS_LAB\test44\final_benchmarks\final_paper_results\cost_mscn_selected_plan\seed_2\predictions\job_light.csv
selected_plan_cost_runtime,MSCN,JOB-Light,47,2,1.3763340440516734,-0.13872385241828036,C:\Users\vanya\Documents\DATA_SYS_LAB\test44\final_benchmarks\final_paper_results\cost_mscn_selected_plan\seed_2\predictions\job_light.csv
selected_plan_cost_runtime,MSCN,JOB-Light,48,2,1.6087118318430487,-0.20647825600158698,C:\Users\vanya\Documents\DATA_SYS_LAB\test44\final_benchmarks\final_paper_results\cost_mscn_selected_plan\seed_2\predictions\job_light.csv
selected_plan_cost_runtime,MSCN,JOB-Light,49,2,3.4602119074227313,-0.5391026963090453,C:\Users\vanya\Documents\DATA_SYS_LAB\test44\final_benchmarks\final_paper_results\cost_mscn_selected_plan\seed_2\predictions\job_light.csv
selected_plan_cost_runtime,MSCN,JOB-Light,50,2,3.5549951314972614,-0.5508390103076073,C:\Users\vanya\Documents\DATA_SYS_LAB\test44\final_benchmarks\final_paper_results\cost_mscn_selected_plan\seed_2\predictions\job_light.csv
selected_plan_cost_runtime,MSCN,JOB-Light,51,2,3.589068807417278,-0.5549817844394505,C:\Users\vanya\Documents\DATA_SYS_LAB\test44\final_benchmarks\final_paper_results\cost_mscn_selected_plan\seed_2\predictions\job_light.csv
selected_plan_cost_runtime,MSCN,JOB-Light,52,2,3.631114666847644,-0.560039963700245,C:\Users\vanya\Documents\DATA_SYS_LAB\test44\final_benchmarks\final_paper_results\cost_mscn_selected_plan\seed_2\predictions\job_light.csv
selected_plan_cost_runtime,MSCN,JOB-Light,53,2,1.1566399285778144,-0.06319818058533459,C:\Users\vanya\Documents\DATA_SYS_LAB\test44\final_benchmarks\final_paper_results\cost_mscn_selected_plan\seed_2\predictions\job_light.csv
selected_plan_cost_runtime,MSCN,JOB-Light,54,2,1.1460673128874481,0.05921012614538708,C:\Users\vanya\Documents\DATA_SYS_LAB\test44\final_benchmarks\final_paper_results\cost_mscn_selected_plan\seed_2\predictions\job_light.csv
selected_plan_cost_runtime,MSCN,JOB-Light,55,2,1.2558144856478712,0.09892548827851264,C:\Users\vanya\Documents\DATA_SYS_LAB\test44\final_benchmarks\final_paper_results\cost_mscn_selected_plan\seed_2\predictions\job_light.csv
selected_plan_cost_runtime,MSCN,JOB-Light,56,2,1.7421495236794746,-0.24108542651672982,C:\Users\vanya\Documents\DATA_SYS_LAB\test44\final_benchmarks\final_paper_results\cost_mscn_selected_plan\seed_2\predictions\job_light.csv
selected_plan_cost_runtime,MSCN,JOB-Light,57,2,1.6268154065163491,-0.21133827667412408,C:\Users\vanya\Documents\DATA_SYS_LAB\test44\final_benchmarks\final_paper_results\cost_mscn_selected_plan\seed_2\predictions\job_light.csv
selected_plan_cost_runtime,MSCN,JOB-Light,58,2,42.56813758055784,-1.6290846495621398,C:\Users\vanya\Documents\DATA_SYS_LAB\test44\final_benchmarks\final_paper_results\cost_mscn_selected_plan\seed_2\predictions\job_light.csv
selected_plan_cost_runtime,MSCN,JOB-Light,59,2,1.9377712130982854,-0.2873024998796906,C:\Users\vanya\Documents\DATA_SYS_LAB\test44\final_benchmarks\final_paper_results\cost_mscn_selected_plan\seed_2\predictions\job_light.csv
selected_plan_cost_runtime,MSCN,JOB-Light,60,2,40.09443687452985,-1.6030841181987572,C:\Users\vanya\Documents\DATA_SYS_LAB\test44\final_benchmarks\final_paper_results\cost_mscn_selected_plan\seed_2\predictions\job_light.csv
selected_plan_cost_runtime,MSCN,JOB-Light,61,2,3.8017454731594484,-0.5799830374892934,C:\Users\vanya\Documents\DATA_SYS_LAB\test44\final_benchmarks\final_paper_results\cost_mscn_selected_plan\seed_2\predictions\job_light.csv
selected_plan_cost_runtime,MSCN,JOB-Light,62,2,3.736224201834997,-0.572432929308124,C:\Users\vanya\Documents\DATA_SYS_LAB\test44\final_benchmarks\final_paper_results\cost_mscn_selected_plan\seed_2\predictions\job_light.csv
selected_plan_cost_runtime,MSCN,JOB-Light,63,2,3.572547460867261,-0.5529780070517674,C:\Users\vanya\Documents\DATA_SYS_LAB\test44\final_benchmarks\final_paper_results\cost_mscn_selected_plan\seed_2\predictions\job_light.csv
selected_plan_cost_runtime,MSCN,JOB-Light,64,2,3.695132746829196,-0.5676300449446048,C:\Users\vanya\Documents\DATA_SYS_LAB\test44\final_benchmarks\final_paper_results\cost_mscn_selected_plan\seed_2\predictions\job_light.csv
selected_plan_cost_runtime,MSCN,JOB-Light,65,2,1.266381603760281,-0.10256459307079761,C:\Users\vanya\Documents\DATA_SYS_LAB\test44\final_benchmarks\final_paper_results\cost_mscn_selected_plan\seed_2\predictions\job_light.csv
selected_plan_cost_runtime,MSCN,JOB-Light,66,2,2.6057204403407015,-0.4159278197687073,C:\Users\vanya\Documents\DATA_SYS_LAB\test44\final_benchmarks\final_paper_results\cost_mscn_selected_plan\seed_2\predictions\job_light.csv
selected_plan_cost_runtime,MSCN,JOB-Light,67,2,2.4179906276405716,-0.38345461316169654,C:\Users\vanya\Documents\DATA_SYS_LAB\test44\final_benchmarks\final_paper_results\cost_mscn_selected_plan\seed_2\predictions\job_light.csv
selected_plan_cost_runtime,MSCN,JOB-Light,68,2,2.00638336106595,-0.3024139175621027,C:\Users\vanya\Documents\DATA_SYS_LAB\test44\final_benchmarks\final_paper_results\cost_mscn_selected_plan\seed_2\predictions\job_light.csv
selected_plan_cost_runtime,MSCN,JOB-Light,69,2,1.4464371759484793,-0.16029957539746692,C:\Users\vanya\Documents\DATA_SYS_LAB\test44\final_benchmarks\final_paper_results\cost_mscn_selected_plan\seed_2\predictions\job_light.csv
selected_plan_cost_runtime,MSCN,JOB-Light,70,2,4.330263639587651,-0.6365143383239401,C:\Users\vanya\Documents\DATA_SYS_LAB\test44\final_benchmarks\final_paper_results\cost_mscn_selected_plan\seed_2\predictions\job_light.csv
selected_plan_cost_runtime,MSCN,JOB,1a,2,1.641033016016009,-0.21511731873092743,C:\Users\vanya\Documents\DATA_SYS_LAB\test44\final_benchmarks\final_paper_results\cost_mscn_selected_plan\seed_2\predictions\job.csv
selected_plan_cost_runtime,MSCN,JOB,1b,2,2.1034453462094143,0.3229312322322508,C:\Users\vanya\Documents\DATA_SYS_LAB\test44\final_benchmarks\final_paper_results\cost_mscn_selected_plan\seed_2\predictions\job.csv
selected_plan_cost_runtime,MSCN,JOB,1c,2,1.7158817741084256,-0.23448736123929334,C:\Users\vanya\Documents\DATA_SYS_LAB\test44\final_benchmarks\final_paper_results\cost_mscn_selected_plan\seed_2\predictions\job.csv
selected_plan_cost_runtime,MSCN,JOB,1d,2,2.0543834326496926,-0.3126815040825724,C:\Users\vanya\Documents\DATA_SYS_LAB\test44\final_benchmarks\final_paper_results\cost_mscn_selected_plan\seed_2\predictions\job.csv
selected_plan_cost_runtime,MSCN,JOB,2a,2,1.6715794509457569,0.22312702363710624,C:\Users\vanya\Documents\DATA_SYS_LAB\test44\final_benchmarks\final_paper_results\cost_mscn_selected_plan\seed_2\predictions\job.csv
selected_plan_cost_runtime,MSCN,JOB,2b,2,1.3797143113200898,-0.13978916911004335,C:\Users\vanya\Documents\DATA_SYS_LAB\test44\final_benchmarks\final_paper_results\cost_mscn_selected_plan\seed_2\predictions\job.csv
selected_plan_cost_runtime,MSCN,JOB,2c,2,1.560221203221873,0.1931861756161637,C:\Users\vanya\Documents\DATA_SYS_LAB\test44\final_benchmarks\final_paper_results\cost_mscn_selected_plan\seed_2\predictions\job.csv
selected_plan_cost_runtime,MSCN,JOB,2d,2,1.9435134225180983,-0.288587544352628,C:\Users\vanya\Documents\DATA_SYS_LAB\test44\final_benchmarks\final_paper_results\cost_mscn_selected_plan\seed_2\predictions\job.csv
selected_plan_cost_runtime,MSCN,JOB,3a,2,1.0710729044941085,0.029819032869116902,C:\Users\vanya\Documents\DATA_SYS_LAB\test44\final_benchmarks\final_paper_results\cost_mscn_selected_plan\seed_2\predictions\job.csv
selected_plan_cost_runtime,MSCN,JOB,3b,2,1.0308972383498203,0.013215376203118929,C:\Users\vanya\Documents\DATA_SYS_LAB\test44\final_benchmarks\final_paper_results\cost_mscn_selected_plan\seed_2\predictions\job.csv
selected_plan_cost_runtime,MSCN,JOB,3c,2,1.2489635778103314,0.09654977369308608,C:\Users\vanya\Documents\DATA_SYS_LAB\test44\final_benchmarks\final_paper_results\cost_mscn_selected_plan\seed_2\predictions\job.csv
selected_plan_cost_runtime,MSCN,JOB,4a,2,1.4826041383168267,-0.1710252080113091,C:\Users\vanya\Documents\DATA_SYS_LAB\test44\final_benchmarks\final_paper_results\cost_mscn_selected_plan\seed_2\predictions\job.csv
selected_plan_cost_runtime,MSCN,JOB,4b,2,1.235020365797063,0.09167411928018458,C:\Users\vanya\Documents\DATA_SYS_LAB\test44\final_benchmarks\final_paper_results\cost_mscn_selected_plan\seed_2\predictions\job.csv
selected_plan_cost_runtime,MSCN,JOB,4c,2,1.0602646209373479,-0.02541427004816198,C:\Users\vanya\Documents\DATA_SYS_LAB\test44\final_benchmarks\final_paper_results\cost_mscn_selected_plan\seed_2\predictions\job.csv
selected_plan_cost_runtime,MSCN,JOB,5a,2,3.8865083734636734,-0.589559607727895,C:\Users\vanya\Documents\DATA_SYS_LAB\test44\final_benchmarks\final_paper_results\cost_mscn_selected_plan\seed_2\predictions\job.csv
selected_plan_cost_runtime,MSCN,JOB,5b,2,3.1222260946771896,-0.4944643491156848,C:\Users\vanya\Documents\DATA_SYS_LAB\test44\final_benchmarks\final_paper_results\cost_mscn_selected_plan\seed_2\predictions\job.csv
selected_plan_cost_runtime,MSCN,JOB,5c,2,1.878603684035453,-0.273835169674518,C:\Users\vanya\Documents\DATA_SYS_LAB\test44\final_benchmarks\final_paper_results\cost_mscn_selected_plan\seed_2\predictions\job.csv
selected_plan_cost_runtime,MSCN,JOB,6a,2,4.070062400482709,-0.6096010676963658,C:\Users\vanya\Documents\DATA_SYS_LAB\test44\final_benchmarks\final_paper_results\cost_mscn_selected_plan\seed_2\predictions\job.csv
selected_plan_cost_runtime,MSCN,JOB,6b,2,3.8083734765304107,-0.580739531845532,C:\Users\vanya\Documents\DATA_SYS_LAB\test44\final_benchmarks\final_paper_results\cost_mscn_selected_plan\seed_2\predictions\job.csv
selected_plan_cost_runtime,MSCN,JOB,6c,2,3.869529954787785,-0.5876582129672097,C:\Users\vanya\Documents\DATA_SYS_LAB\test44\final_benchmarks\final_paper_results\cost_mscn_selected_plan\seed_2\predictions\job.csv
selected_plan_cost_runtime,MSCN,JOB,6d,2,4.823199739746193,-0.6833352474233114,C:\Users\vanya\Documents\DATA_SYS_LAB\test44\final_benchmarks\final_paper_results\cost_mscn_selected_plan\seed_2\predictions\job.csv
selected_plan_cost_runtime,MSCN,JOB,6e,2,2.456304417346056,-0.3902821892528653,C:\Users\vanya\Documents\DATA_SYS_LAB\test44\final_benchmarks\final_paper_results\cost_mscn_selected_plan\seed_2\predictions\job.csv
selected_plan_cost_runtime,MSCN,JOB,6f,2,3.34556339401625,-0.5244692636013701,C:\Users\vanya\Documents\DATA_SYS_LAB\test44\final_benchmarks\final_paper_results\cost_mscn_selected_plan\seed_2\predictions\job.csv
selected_plan_cost_runtime,MSCN,JOB,7a,2,1.36990579639297,-0.13669070327803656,C:\Users\vanya\Documents\DATA_SYS_LAB\test44\final_benchmarks\final_paper_results\cost_mscn_selected_plan\seed_2\predictions\job.csv
selected_plan_cost_runtime,MSCN,JOB,7b,2,2.7443751025563,-0.43844347067789025,C:\Users\vanya\Documents\DATA_SYS_LAB\test44\final_benchmarks\final_paper_results\cost_mscn_selected_plan\seed_2\predictions\job.csv
selected_plan_cost_runtime,MSCN,JOB,7c,2,4.092922371656593,-0.6120335076843869,C:\Users\vanya\Documents\DATA_SYS_LAB\test44\final_benchmarks\final_paper_results\cost_mscn_selected_plan\seed_2\predictions\job.csv
selected_plan_cost_runtime,MSCN,JOB,8a,2,1.1200595463228011,0.04924111191301778,C:\Users\vanya\Documents\DATA_SYS_LAB\test44\final_benchmarks\final_paper_results\cost_mscn_selected_plan\seed_2\predictions\job.csv
selected_plan_cost_runtime,MSCN,JOB,8b,2,1.8652093900346847,0.2707275931592416,C:\Users\vanya\Documents\DATA_SYS_LAB\test44\final_benchmarks\final_paper_results\cost_mscn_selected_plan\seed_2\predictions\job.csv
selected_plan_cost_runtime,MSCN,JOB,8c,2,1.2190587261478645,0.08602462754425055,C:\Users\vanya\Documents\DATA_SYS_LAB\test44\final_benchmarks\final_paper_results\cost_mscn_selected_plan\seed_2\predictions\job.csv
selected_plan_cost_runtime,MSCN,JOB,8d,2,1.3781022263641831,0.13928143433444362,C:\Users\vanya\Documents\DATA_SYS_LAB\test44\final_benchmarks\final_paper_results\cost_mscn_selected_plan\seed_2\predictions\job.csv
selected_plan_cost_runtime,MSCN,JOB,9a,2,2.5993825732142364,-0.41487020301330774,C:\Users\vanya\Documents\DATA_SYS_LAB\test44\final_benchmarks\final_paper_results\cost_mscn_selected_plan\seed_2\predictions\job.csv
selected_plan_cost_runtime,MSCN,JOB,9b,2,1.0006812773636666,0.00029577425896844993,C:\Users\vanya\Documents\DATA_SYS_LAB\test44\final_benchmarks\final_paper_results\cost_mscn_selected_plan\seed_2\predictions\job.csv
selected_plan_cost_runtime,MSCN,JOB,9c,2,1.1900327477247052,-0.07555891261979758,C:\Users\vanya\Documents\DATA_SYS_LAB\test44\final_benchmarks\final_paper_results\cost_mscn_selected_plan\seed_2\predictions\job.csv
selected_plan_cost_runtime,MSCN,JOB,9d,2,1.378340069792084,0.1393563817321778,C:\Users\vanya\Documents\DATA_SYS_LAB\test44\final_benchmarks\final_paper_results\cost_mscn_selected_plan\seed_2\predictions\job.csv
selected_plan_cost_runtime,MSCN,JOB,10a,2,1.2110672308632995,-0.08316825312033116,C:\Users\vanya\Documents\DATA_SYS_LAB\test44\final_benchmarks\final_paper_results\cost_mscn_selected_plan\seed_2\predictions\job.csv
selected_plan_cost_runtime,MSCN,JOB,10b,2,1.175022496691663,-0.07004618158266646,C:\Users\vanya\Documents\DATA_SYS_LAB\test44\final_benchmarks\final_paper_results\cost_mscn_selected_plan\seed_2\predictions\job.csv
selected_plan_cost_runtime,MSCN,JOB,10c,2,2.0309362627996674,-0.3076962940848924,C:\Users\vanya\Documents\DATA_SYS_LAB\test44\final_benchmarks\final_paper_results\cost_mscn_selected_plan\seed_2\predictions\job.csv
selected_plan_cost_runtime,MSCN,JOB,11a,2,1.2871949608213755,-0.10964433089539068,C:\Users\vanya\Documents\DATA_SYS_LAB\test44\final_benchmarks\final_paper_results\cost_mscn_selected_plan\seed_2\predictions\job.csv
selected_plan_cost_runtime,MSCN,JOB,11b,2,3.1035970052083335,0.491865324127185,C:\Users\vanya\Documents\DATA_SYS_LAB\test44\final_benchmarks\final_paper_results\cost_mscn_selected_plan\seed_2\predictions\job.csv
selected_plan_cost_runtime,MSCN,JOB,11c,2,1.093891441058971,-0.03897422429319864,C:\Users\vanya\Documents\DATA_SYS_LAB\test44\final_benchmarks\final_paper_results\cost_mscn_selected_plan\seed_2\predictions\job.csv
selected_plan_cost_runtime,MSCN,JOB,11d,2,1.6824450891330522,-0.2259408988242942,C:\Users\vanya\Documents\DATA_SYS_LAB\test44\final_benchmarks\final_paper_results\cost_mscn_selected_plan\seed_2\predictions\job.csv
selected_plan_cost_runtime,MSCN,JOB,12a,2,1.6425610713832766,0.21552152585536993,C:\Users\vanya\Documents\DATA_SYS_LAB\test44\final_benchmarks\final_paper_results\cost_mscn_selected_plan\seed_2\predictions\job.csv
selected_plan_cost_runtime,MSCN,JOB,12b,2,1.0372694362299477,-0.01589158133502474,C:\Users\vanya\Documents\DATA_SYS_LAB\test44\final_benchmarks\final_paper_results\cost_mscn_selected_plan\seed_2\predictions\job.csv
selected_plan_cost_runtime,MSCN,JOB,12c,2,1.1491869190974455,0.06039067388436332,C:\Users\vanya\Documents\DATA_SYS_LAB\test44\final_benchmarks\final_paper_results\cost_mscn_selected_plan\seed_2\predictions\job.csv
selected_plan_cost_runtime,MSCN,JOB,13a,2,2.711472633875807,0.4332052255825734,C:\Users\vanya\Documents\DATA_SYS_LAB\test44\final_benchmarks\final_paper_results\cost_mscn_selected_plan\seed_2\predictions\job.csv
selected_plan_cost_runtime,MSCN,JOB,13b,2,1.5383462070645302,0.1870540850737046,C:\Users\vanya\Documents\DATA_SYS_LAB\test44\final_benchmarks\final_paper_results\cost_mscn_selected_plan\seed_2\predictions\job.csv
selected_plan_cost_runtime,MSCN,JOB,13c,2,31.716081111269716,-1.5012795198531848,C:\Users\vanya\Documents\DATA_SYS_LAB\test44\final_benchmarks\final_paper_results\cost_mscn_selected_plan\seed_2\predictions\job.csv
selected_plan_cost_runtime,MSCN,JOB,13d,2,1.5925342514557292,-0.20208878170330938,C:\Users\vanya\Documents\DATA_SYS_LAB\test44\final_benchmarks\final_paper_results\cost_mscn_selected_plan\seed_2\predictions\job.csv
selected_plan_cost_runtime,MSCN,JOB,14a,2,3.86041244477902,-0.5866337069833075,C:\Users\vanya\Documents\DATA_SYS_LAB\test44\final_benchmarks\final_paper_results\cost_mscn_selected_plan\seed_2\predictions\job.csv
selected_plan_cost_runtime,MSCN,JOB,14b,2,1.0629092053627183,0.02649616829182801,C:\Users\vanya\Documents\DATA_SYS_LAB\test44\final_benchmarks\final_paper_results\cost_mscn_selected_plan\seed_2\predictions\job.csv
selected_plan_cost_runtime,MSCN,JOB,14c,2,4.43364685620336,-0.646761098225921,C:\Users\vanya\Documents\DATA_SYS_LAB\test44\final_benchmarks\final_paper_results\cost_mscn_selected_plan\seed_2\predictions\job.csv
selected_plan_cost_runtime,MSCN,JOB,15a,2,1.3561255904126084,-0.13229991128434945,C:\Users\vanya\Documents\DATA_SYS_LAB\test44\final_benchmarks\final_paper_results\cost_mscn_selected_plan\seed_2\predictions\job.csv
selected_plan_cost_runtime,MSCN,JOB,15b,2,15.15108185782241,1.1804436445945958,C:\Users\vanya\Documents\DATA_SYS_LAB\test44\final_benchmarks\final_paper_results\cost_mscn_selected_plan\seed_2\predictions\job.csv
selected_plan_cost_runtime,MSCN,JOB,15c,2,1.2794666708726106,-0.1070289773317333,C:\Users\vanya\Documents\DATA_SYS_LAB\test44\final_benchmarks\final_paper_results\cost_mscn_selected_plan\seed_2\predictions\job.csv
selected_plan_cost_runtime,MSCN,JOB,15d,2,3.8304985156034665,-0.5832552983777308,C:\Users\vanya\Documents\DATA_SYS_LAB\test44\final_benchmarks\final_paper_results\cost_mscn_selected_plan\seed_2\predictions\job.csv
selected_plan_cost_runtime,MSCN,JOB,16a,2,2.722493830852951,-0.4349669043214555,C:\Users\vanya\Documents\DATA_SYS_LAB\test44\final_benchmarks\final_paper_results\cost_mscn_selected_plan\seed_2\predictions\job.csv
selected_plan_cost_runtime,MSCN,JOB,16b,2,2.8713290977274686,-0.4580829720632186,C:\Users\vanya\Documents\DATA_SYS_LAB\test44\final_benchmarks\final_paper_results\cost_mscn_selected_plan\seed_2\predictions\job.csv
selected_plan_cost_runtime,MSCN,JOB,16c,2,5.374359627674845,-0.7303267240787344,C:\Users\vanya\Documents\DATA_SYS_LAB\test44\final_benchmarks\final_paper_results\cost_mscn_selected_plan\seed_2\predictions\job.csv
selected_plan_cost_runtime,MSCN,JOB,16d,2,1.9567191129693688,-0.2915284871589267,C:\Users\vanya\Documents\DATA_SYS_LAB\test44\final_benchmarks\final_paper_results\cost_mscn_selected_plan\seed_2\predictions\job.csv
selected_plan_cost_runtime,MSCN,JOB,17a,2,1.778471755664894,-0.25004697244207824,C:\Users\vanya\Documents\DATA_SYS_LAB\test44\final_benchmarks\final_paper_results\cost_mscn_selected_plan\seed_2\predictions\job.csv
selected_plan_cost_runtime,MSCN,JOB,17b,2,2.0731772255916647,-0.31663642935223457,C:\Users\vanya\Documents\DATA_SYS_LAB\test44\final_benchmarks\final_paper_results\cost_mscn_selected_plan\seed_2\predictions\job.csv
selected_plan_cost_runtime,MSCN,JOB,17c,2,1.3605019656833772,0.13369917359451755,C:\Users\vanya\Documents\DATA_SYS_LAB\test44\final_benchmarks\final_paper_results\cost_mscn_selected_plan\seed_2\predictions\job.csv
selected_plan_cost_runtime,MSCN,JOB,17d,2,4.0314258842682476,-0.6054586799237381,C:\Users\vanya\Documents\DATA_SYS_LAB\test44\final_benchmarks\final_paper_results\cost_mscn_selected_plan\seed_2\predictions\job.csv
selected_plan_cost_runtime,MSCN,JOB,17e,2,1.9689132055229888,-0.2942265718043229,C:\Users\vanya\Documents\DATA_SYS_LAB\test44\final_benchmarks\final_paper_results\cost_mscn_selected_plan\seed_2\predictions\job.csv
selected_plan_cost_runtime,MSCN,JOB,17f,2,4.199133854370054,-0.6231597187169472,C:\Users\vanya\Documents\DATA_SYS_LAB\test44\final_benchmarks\final_paper_results\cost_mscn_selected_plan\seed_2\predictions\job.csv
selected_plan_cost_runtime,MSCN,JOB,18a,2,1.290174744725326,0.11064853629173026,C:\Users\vanya\Documents\DATA_SYS_LAB\test44\final_benchmarks\final_paper_results\cost_mscn_selected_plan\seed_2\predictions\job.csv
selected_plan_cost_runtime,MSCN,JOB,18b,2,6.212715551800274,0.7932814699640753,C:\Users\vanya\Documents\DATA_SYS_LAB\test44\final_benchmarks\final_paper_results\cost_mscn_selected_plan\seed_2\predictions\job.csv
selected_plan_cost_runtime,MSCN,JOB,18c,2,1.0259647637496376,-0.011132445403596945,C:\Users\vanya\Documents\DATA_SYS_LAB\test44\final_benchmarks\final_paper_results\cost_mscn_selected_plan\seed_2\predictions\job.csv
selected_plan_cost_runtime,MSCN,JOB,19a,2,1.0940409168860277,-0.039033564817812096,C:\Users\vanya\Documents\DATA_SYS_LAB\test44\final_benchmarks\final_paper_results\cost_mscn_selected_plan\seed_2\predictions\job.csv
selected_plan_cost_runtime,MSCN,JOB,19b,2,1.1906267648872428,-0.07577564111863,C:\Users\vanya\Documents\DATA_SYS_LAB\test44\final_benchmarks\final_paper_results\cost_mscn_selected_plan\seed_2\predictions\job.csv
selected_plan_cost_runtime,MSCN,JOB,19c,2,3.342085422556696,-0.5240175461171829,C:\Users\vanya\Documents\DATA_SYS_LAB\test44\final_benchmarks\final_paper_results\cost_mscn_selected_plan\seed_2\predictions\job.csv
selected_plan_cost_runtime,MSCN,JOB,19d,2,1.4832220374456773,-0.1712061695174879,C:\Users\vanya\Documents\DATA_SYS_LAB\test44\final_benchmarks\final_paper_results\cost_mscn_selected_plan\seed_2\predictions\job.csv
selected_plan_cost_runtime,MSCN,JOB,20a,2,2.7665786378392316,-0.44194301920741713,C:\Users\vanya\Documents\DATA_SYS_LAB\test44\final_benchmarks\final_paper_results\cost_mscn_selected_plan\seed_2\predictions\job.csv
selected_plan_cost_runtime,MSCN,JOB,20b,2,3.405301441493776,-0.5321555622349541,C:\Users\vanya\Documents\DATA_SYS_LAB\test44\final_benchmarks\final_paper_results\cost_mscn_selected_plan\seed_2\predictions\job.csv
selected_plan_cost_runtime,MSCN,JOB,20c,2,2.5904052389224206,-0.41336770974191034,C:\Users\vanya\Documents\DATA_SYS_LAB\test44\final_benchmarks\final_paper_results\cost_mscn_selected_plan\seed_2\predictions\job.csv
selected_plan_cost_runtime,MSCN,JOB,21a,2,1.1912918259297534,-0.07601816187438581,C:\Users\vanya\Documents\DATA_SYS_LAB\test44\final_benchmarks\final_paper_results\cost_mscn_selected_plan\seed_2\predictions\job.csv
selected_plan_cost_runtime,MSCN,JOB,21b,2,1.2089428173234833,-0.08240575933208198,C:\Users\vanya\Documents\DATA_SYS_LAB\test44\final_benchmarks\final_paper_results\cost_mscn_selected_plan\seed_2\predictions\job.csv
selected_plan_cost_runtime,MSCN,JOB,21c,2,1.284539651314071,0.10874751466006735,C:\Users\vanya\Documents\DATA_SYS_LAB\test44\final_benchmarks\final_paper_results\cost_mscn_selected_plan\seed_2\predictions\job.csv
selected_plan_cost_runtime,MSCN,JOB,22a,2,74.65121233808831,-1.8730368650746632,C:\Users\vanya\Documents\DATA_SYS_LAB\test44\final_benchmarks\final_paper_results\cost_mscn_selected_plan\seed_2\predictions\job.csv
selected_plan_cost_runtime,MSCN,JOB,22b,2,74.83412189961344,-1.87409966703188,C:\Users\vanya\Documents\DATA_SYS_LAB\test44\final_benchmarks\final_paper_results\cost_mscn_selected_plan\seed_2\predictions\job.csv
selected_plan_cost_runtime,MSCN,JOB,22c,2,74.57849585057197,-1.8726136199694552,C:\Users\vanya\Documents\DATA_SYS_LAB\test44\final_benchmarks\final_paper_results\cost_mscn_selected_plan\seed_2\predictions\job.csv
selected_plan_cost_runtime,MSCN,JOB,22d,2,358.8739381257397,-2.5549419204699015,C:\Users\vanya\Documents\DATA_SYS_LAB\test44\final_benchmarks\final_paper_results\cost_mscn_selected_plan\seed_2\predictions\job.csv
selected_plan_cost_runtime,MSCN,JOB,23a,2,1.96797817285881,-0.2940202772967744,C:\Users\vanya\Documents\DATA_SYS_LAB\test44\final_benchmarks\final_paper_results\cost_mscn_selected_plan\seed_2\predictions\job.csv
selected_plan_cost_runtime,MSCN,JOB,23b,2,47.77181259766116,-1.6791717199567398,C:\Users\vanya\Documents\DATA_SYS_LAB\test44\final_benchmarks\final_paper_results\cost_mscn_selected_plan\seed_2\predictions\job.csv
selected_plan_cost_runtime,MSCN,JOB,23c,2,1.3260944335034357,-0.12257445203945413,C:\Users\vanya\Documents\DATA_SYS_LAB\test44\final_benchmarks\final_paper_results\cost_mscn_selected_plan\seed_2\predictions\job.csv
selected_plan_cost_runtime,MSCN,JOB,24a,2,1.3824796630657865,-0.14065875134507547,C:\Users\vanya\Documents\DATA_SYS_LAB\test44\final_benchmarks\final_paper_results\cost_mscn_selected_plan\seed_2\predictions\job.csv
selected_plan_cost_runtime,MSCN,JOB,24b,2,1.303872338789868,-0.1152350720146165,C:\Users\vanya\Documents\DATA_SYS_LAB\test44\final_benchmarks\final_paper_results\cost_mscn_selected_plan\seed_2\predictions\job.csv
selected_plan_cost_runtime,MSCN,JOB,25a,2,1.6355243469578602,-0.21365701356081532,C:\Users\vanya\Documents\DATA_SYS_LAB\test44\final_benchmarks\final_paper_results\cost_mscn_selected_plan\seed_2\predictions\job.csv
selected_plan_cost_runtime,MSCN,JOB,25b,2,1.0430106493350983,-0.018288742677593457,C:\Users\vanya\Documents\DATA_SYS_LAB\test44\final_benchmarks\final_paper_results\cost_mscn_selected_plan\seed_2\predictions\job.csv
selected_plan_cost_runtime,MSCN,JOB,25c,2,1.5435641951208652,-0.1885246960189618,C:\Users\vanya\Documents\DATA_SYS_LAB\test44\final_benchmarks\final_paper_results\cost_mscn_selected_plan\seed_2\predictions\job.csv
selected_plan_cost_runtime,MSCN,JOB,26a,2,2.2672906898726124,-0.3555072046939297,C:\Users\vanya\Documents\DATA_SYS_LAB\test44\final_benchmarks\final_paper_results\cost_mscn_selected_plan\seed_2\predictions\job.csv
selected_plan_cost_runtime,MSCN,JOB,26b,2,3.2451951274389916,-0.5112408152264527,C:\Users\vanya\Documents\DATA_SYS_LAB\test44\final_benchmarks\final_paper_results\cost_mscn_selected_plan\seed_2\predictions\job.csv
selected_plan_cost_runtime,MSCN,JOB,26c,2,3.447250870730142,-0.537472889967054,C:\Users\vanya\Documents\DATA_SYS_LAB\test44\final_benchmarks\final_paper_results\cost_mscn_selected_plan\seed_2\predictions\job.csv
selected_plan_cost_runtime,MSCN,JOB,27a,2,4.885383317093541,0.6888986450184537,C:\Users\vanya\Documents\DATA_SYS_LAB\test44\final_benchmarks\final_paper_results\cost_mscn_selected_plan\seed_2\predictions\job.csv
selected_plan_cost_runtime,MSCN,JOB,27b,2,6.057204285763601,0.7822722209612635,C:\Users\vanya\Documents\DATA_SYS_LAB\test44\final_benchmarks\final_paper_results\cost_mscn_selected_plan\seed_2\predictions\job.csv
selected_plan_cost_runtime,MSCN,JOB,27c,2,1.1633757134756912,0.06571999326535272,C:\Users\vanya\Documents\DATA_SYS_LAB\test44\final_benchmarks\final_paper_results\cost_mscn_selected_plan\seed_2\predictions\job.csv
selected_plan_cost_runtime,MSCN,JOB,28a,2,43.65880153030493,-1.6400718097991591,C:\Users\vanya\Documents\DATA_SYS_LAB\test44\final_benchmarks\final_paper_results\cost_mscn_selected_plan\seed_2\predictions\job.csv
selected_plan_cost_runtime,MSCN,JOB,28b,2,1.4760530129875504,-0.1691019556133867,C:\Users\vanya\Documents\DATA_SYS_LAB\test44\final_benchmarks\final_paper_results\cost_mscn_selected_plan\seed_2\predictions\job.csv
selected_plan_cost_runtime,MSCN,JOB,28c,2,1.7822698693510546,-0.2509734650747013,C:\Users\vanya\Documents\DATA_SYS_LAB\test44\final_benchmarks\final_paper_results\cost_mscn_selected_plan\seed_2\predictions\job.csv
selected_plan_cost_runtime,MSCN,JOB,29a,2,1.8361208370946118,-0.2639012591944803,C:\Users\vanya\Documents\DATA_SYS_LAB\test44\final_benchmarks\final_paper_results\cost_mscn_selected_plan\seed_2\predictions\job.csv
selected_plan_cost_runtime,MSCN,JOB,29b,2,1.1970099101161273,-0.07809774597109982,C:\Users\vanya\Documents\DATA_SYS_LAB\test44\final_benchmarks\final_paper_results\cost_mscn_selected_plan\seed_2\predictions\job.csv
selected_plan_cost_runtime,MSCN,JOB,29c,2,1.2680993668709986,-0.10315328571680661,C:\Users\vanya\Documents\DATA_SYS_LAB\test44\final_benchmarks\final_paper_results\cost_mscn_selected_plan\seed_2\predictions\job.csv
selected_plan_cost_runtime,MSCN,JOB,30a,2,1.9932443623184641,0.2995605444109765,C:\Users\vanya\Documents\DATA_SYS_LAB\test44\final_benchmarks\final_paper_results\cost_mscn_selected_plan\seed_2\predictions\job.csv
selected_plan_cost_runtime,MSCN,JOB,30b,2,1.1447069730309836,0.05869432835050854,C:\Users\vanya\Documents\DATA_SYS_LAB\test44\final_benchmarks\final_paper_results\cost_mscn_selected_plan\seed_2\predictions\job.csv
selected_plan_cost_runtime,MSCN,JOB,30c,2,2.6954361829894093,0.4306290539522112,C:\Users\vanya\Documents\DATA_SYS_LAB\test44\final_benchmarks\final_paper_results\cost_mscn_selected_plan\seed_2\predictions\job.csv
selected_plan_cost_runtime,MSCN,JOB,31a,2,1.3857146836384302,-0.1416738189647352,C:\Users\vanya\Documents\DATA_SYS_LAB\test44\final_benchmarks\final_paper_results\cost_mscn_selected_plan\seed_2\predictions\job.csv
selected_plan_cost_runtime,MSCN,JOB,31b,2,1.7942994206380878,-0.25389491690230837,C:\Users\vanya\Documents\DATA_SYS_LAB\test44\final_benchmarks\final_paper_results\cost_mscn_selected_plan\seed_2\predictions\job.csv
selected_plan_cost_runtime,MSCN,JOB,31c,2,1.081693964623015,-0.03410440654204035,C:\Users\vanya\Documents\DATA_SYS_LAB\test44\final_benchmarks\final_paper_results\cost_mscn_selected_plan\seed_2\predictions\job.csv
selected_plan_cost_runtime,MSCN,JOB,32a,2,1.619278315745642,-0.20932150014591713,C:\Users\vanya\Documents\DATA_SYS_LAB\test44\final_benchmarks\final_paper_results\cost_mscn_selected_plan\seed_2\predictions\job.csv
selected_plan_cost_runtime,MSCN,JOB,32b,2,1.1277120710791833,-0.05219822916542694,C:\Users\vanya\Documents\DATA_SYS_LAB\test44\final_benchmarks\final_paper_results\cost_mscn_selected_plan\seed_2\predictions\job.csv
selected_plan_cost_runtime,MSCN,JOB,33a,2,11.208602556644378,-1.0495514698858215,C:\Users\vanya\Documents\DATA_SYS_LAB\test44\final_benchmarks\final_paper_results\cost_mscn_selected_plan\seed_2\predictions\job.csv
selected_plan_cost_runtime,MSCN,JOB,33b,2,5.068486129536743,-0.7048782623381447,C:\Users\vanya\Documents\DATA_SYS_LAB\test44\final_benchmarks\final_paper_results\cost_mscn_selected_plan\seed_2\predictions\job.csv
selected_plan_cost_runtime,MSCN,JOB,33c,2,5.919180344246521,-0.772261572159375,C:\Users\vanya\Documents\DATA_SYS_LAB\test44\final_benchmarks\final_paper_results\cost_mscn_selected_plan\seed_2\predictions\job.csv
selected_plan_cost_runtime,MSCN,JOB-Complex,01,2,2.25280185941861,-0.3527229959203405,C:\Users\vanya\Documents\DATA_SYS_LAB\test44\final_benchmarks\final_paper_results\cost_mscn_selected_plan\seed_2\predictions\job_complex.csv
selected_plan_cost_runtime,MSCN,JOB-Complex,02,2,2.5944114582892186,-0.4140388537426186,C:\Users\vanya\Documents\DATA_SYS_LAB\test44\final_benchmarks\final_paper_results\cost_mscn_selected_plan\seed_2\predictions\job_complex.csv
selected_plan_cost_runtime,MSCN,JOB-Complex,03,2,1.9264185185771716,-0.2847506444517038,C:\Users\vanya\Documents\DATA_SYS_LAB\test44\final_benchmarks\final_paper_results\cost_mscn_selected_plan\seed_2\predictions\job_complex.csv
selected_plan_cost_runtime,MSCN,JOB-Complex,04,2,1.9280401609878264,-0.28511607599510275,C:\Users\vanya\Documents\DATA_SYS_LAB\test44\final_benchmarks\final_paper_results\cost_mscn_selected_plan\seed_2\predictions\job_complex.csv
selected_plan_cost_runtime,MSCN,JOB-Complex,05,2,1.5062746227150472,-0.17790415928616143,C:\Users\vanya\Documents\DATA_SYS_LAB\test44\final_benchmarks\final_paper_results\cost_mscn_selected_plan\seed_2\predictions\job_complex.csv
selected_plan_cost_runtime,MSCN,JOB-Complex,06,2,1.3058891156460821,-0.11590630212474819,C:\Users\vanya\Documents\DATA_SYS_LAB\test44\final_benchmarks\final_paper_results\cost_mscn_selected_plan\seed_2\predictions\job_complex.csv
selected_plan_cost_runtime,MSCN,JOB-Complex,07,2,1.5863293674304013,-0.20039336432247887,C:\Users\vanya\Documents\DATA_SYS_LAB\test44\final_benchmarks\final_paper_results\cost_mscn_selected_plan\seed_2\predictions\job_complex.csv
selected_plan_cost_runtime,MSCN,JOB-Complex,08,2,2.4504718372081986,-0.3892497156161008,C:\Users\vanya\Documents\DATA_SYS_LAB\test44\final_benchmarks\final_paper_results\cost_mscn_selected_plan\seed_2\predictions\job_complex.csv
selected_plan_cost_runtime,MSCN,JOB-Complex,09,2,1.4004214522095288,-0.1462587548385428,C:\Users\vanya\Documents\DATA_SYS_LAB\test44\final_benchmarks\final_paper_results\cost_mscn_selected_plan\seed_2\predictions\job_complex.csv
selected_plan_cost_runtime,MSCN,JOB-Complex,10,2,1.6536341676109039,0.21843943716275724,C:\Users\vanya\Documents\DATA_SYS_LAB\test44\final_benchmarks\final_paper_results\cost_mscn_selected_plan\seed_2\predictions\job_complex.csv
selected_plan_cost_runtime,MSCN,JOB-Complex,11,2,1.6245053812682346,-0.21072115430902816,C:\Users\vanya\Documents\DATA_SYS_LAB\test44\final_benchmarks\final_paper_results\cost_mscn_selected_plan\seed_2\predictions\job_complex.csv
selected_plan_cost_runtime,MSCN,JOB-Complex,12,2,1.857875762212929,0.26901666897443455,C:\Users\vanya\Documents\DATA_SYS_LAB\test44\final_benchmarks\final_paper_results\cost_mscn_selected_plan\seed_2\predictions\job_complex.csv
selected_plan_cost_runtime,MSCN,JOB-Complex,13,2,1.5358978486952375,-0.18636233208661096,C:\Users\vanya\Documents\DATA_SYS_LAB\test44\final_benchmarks\final_paper_results\cost_mscn_selected_plan\seed_2\predictions\job_complex.csv
selected_plan_cost_runtime,MSCN,JOB-Complex,14,2,5.805125401007922,-0.7638116057072429,C:\Users\vanya\Documents\DATA_SYS_LAB\test44\final_benchmarks\final_paper_results\cost_mscn_selected_plan\seed_2\predictions\job_complex.csv
selected_plan_cost_runtime,MSCN,JOB-Complex,15,2,3.7685181737699884,-0.5761706140084958,C:\Users\vanya\Documents\DATA_SYS_LAB\test44\final_benchmarks\final_paper_results\cost_mscn_selected_plan\seed_2\predictions\job_complex.csv
selected_plan_cost_runtime,MSCN,JOB-Complex,16,2,1.1507522409742332,-0.06098182931165246,C:\Users\vanya\Documents\DATA_SYS_LAB\test44\final_benchmarks\final_paper_results\cost_mscn_selected_plan\seed_2\predictions\job_complex.csv
selected_plan_cost_runtime,MSCN,JOB-Complex,17,2,2.6587219175155354,-0.4246729157429619,C:\Users\vanya\Documents\DATA_SYS_LAB\test44\final_benchmarks\final_paper_results\cost_mscn_selected_plan\seed_2\predictions\job_complex.csv
selected_plan_cost_runtime,MSCN,JOB-Complex,18,2,1.5754327377696609,0.1973998659428621,C:\Users\vanya\Documents\DATA_SYS_LAB\test44\final_benchmarks\final_paper_results\cost_mscn_selected_plan\seed_2\predictions\job_complex.csv
selected_plan_cost_runtime,MSCN,JOB-Complex,19,2,1.6433559023004307,0.21573162896562084,C:\Users\vanya\Documents\DATA_SYS_LAB\test44\final_benchmarks\final_paper_results\cost_mscn_selected_plan\seed_2\predictions\job_complex.csv
selected_plan_cost_runtime,MSCN,JOB-Complex,20,2,1.0634399647074129,-0.026712977330203495,C:\Users\vanya\Documents\DATA_SYS_LAB\test44\final_benchmarks\final_paper_results\cost_mscn_selected_plan\seed_2\predictions\job_complex.csv
selected_plan_cost_runtime,MSCN,JOB-Complex,21,2,1.033880911016794,-0.014470516836406355,C:\Users\vanya\Documents\DATA_SYS_LAB\test44\final_benchmarks\final_paper_results\cost_mscn_selected_plan\seed_2\predictions\job_complex.csv
selected_plan_cost_runtime,MSCN,JOB-Complex,22,2,3.467513769073995,-0.5400181942791319,C:\Users\vanya\Documents\DATA_SYS_LAB\test44\final_benchmarks\final_paper_results\cost_mscn_selected_plan\seed_2\predictions\job_complex.csv
selected_plan_cost_runtime,MSCN,JOB-Complex,23,2,1.151460388811439,-0.06124900246828499,C:\Users\vanya\Documents\DATA_SYS_LAB\test44\final_benchmarks\final_paper_results\cost_mscn_selected_plan\seed_2\predictions\job_complex.csv
selected_plan_cost_runtime,MSCN,JOB-Complex,24,2,1.3241762175600231,-0.12194578360933796,C:\Users\vanya\Documents\DATA_SYS_LAB\test44\final_benchmarks\final_paper_results\cost_mscn_selected_plan\seed_2\predictions\job_complex.csv
selected_plan_cost_runtime,MSCN,JOB-Complex,25,2,1.0186239327315805,-0.008013875778072875,C:\Users\vanya\Documents\DATA_SYS_LAB\test44\final_benchmarks\final_paper_results\cost_mscn_selected_plan\seed_2\predictions\job_complex.csv
selected_plan_cost_runtime,MSCN,JOB-Complex,26,2,3.663407314893112,0.563885208256716,C:\Users\vanya\Documents\DATA_SYS_LAB\test44\final_benchmarks\final_paper_results\cost_mscn_selected_plan\seed_2\predictions\job_complex.csv
selected_plan_cost_runtime,MSCN,JOB-Complex,27,2,1.725055657795014,0.23680311186338013,C:\Users\vanya\Documents\DATA_SYS_LAB\test44\final_benchmarks\final_paper_results\cost_mscn_selected_plan\seed_2\predictions\job_complex.csv
selected_plan_cost_runtime,MSCN,JOB-Complex,28,2,3.0895910196209964,0.48990099409239,C:\Users\vanya\Documents\DATA_SYS_LAB\test44\final_benchmarks\final_paper_results\cost_mscn_selected_plan\seed_2\predictions\job_complex.csv
selected_plan_cost_runtime,MSCN,JOB-Complex,29,2,1.4393256722879808,-0.15815907168157628,C:\Users\vanya\Documents\DATA_SYS_LAB\test44\final_benchmarks\final_paper_results\cost_mscn_selected_plan\seed_2\predictions\job_complex.csv
selected_plan_cost_runtime,MSCN,JOB-Complex,30,2,1.7551122450862975,0.24430489622223556,C:\Users\vanya\Documents\DATA_SYS_LAB\test44\final_benchmarks\final_paper_results\cost_mscn_selected_plan\seed_2\predictions\job_complex.csv
selected_plan_cost_runtime,MSCN,JOB-Light,01,3,7.303245788375813,-0.8635159169277824,C:\Users\vanya\Documents\DATA_SYS_LAB\test44\final_benchmarks\final_paper_results\cost_mscn_selected_plan\seed_3\predictions\job_light.csv
selected_plan_cost_runtime,MSCN,JOB-Light,02,3,1.311818050776102,0.11787360255208099,C:\Users\vanya\Documents\DATA_SYS_LAB\test44\final_benchmarks\final_paper_results\cost_mscn_selected_plan\seed_3\predictions\job_light.csv
selected_plan_cost_runtime,MSCN,JOB-Light,03,3,1.6531387539839126,0.21830930702611154,C:\Users\vanya\Documents\DATA_SYS_LAB\test44\final_benchmarks\final_paper_results\cost_mscn_selected_plan\seed_3\predictions\job_light.csv
selected_plan_cost_runtime,MSCN,JOB-Light,04,3,1.5050752855659397,0.1775582243737777,C:\Users\vanya\Documents\DATA_SYS_LAB\test44\final_benchmarks\final_paper_results\cost_mscn_selected_plan\seed_3\predictions\job_light.csv
selected_plan_cost_runtime,MSCN,JOB-Light,05,3,7.246592574316201,-0.8601338446354718,C:\Users\vanya\Documents\DATA_SYS_LAB\test44\final_benchmarks\final_paper_results\cost_mscn_selected_plan\seed_3\predictions\job_light.csv
selected_plan_cost_runtime,MSCN,JOB-Light,06,3,9.683686353754712,-0.9860407145739585,C:\Users\vanya\Documents\DATA_SYS_LAB\test44\final_benchmarks\final_paper_results\cost_mscn_selected_plan\seed_3\predictions\job_light.csv
selected_plan_cost_runtime,MSCN,JOB-Light,07,3,3.9007111390701246,-0.5911437905187144,C:\Users\vanya\Documents\DATA_SYS_LAB\test44\final_benchmarks\final_paper_results\cost_mscn_selected_plan\seed_3\predictions\job_light.csv
selected_plan_cost_runtime,MSCN,JOB-Light,08,3,3.885592045428521,-0.5894572013796299,C:\Users\vanya\Documents\DATA_SYS_LAB\test44\final_benchmarks\final_paper_results\cost_mscn_selected_plan\seed_3\predictions\job_light.csv
selected_plan_cost_runtime,MSCN,JOB-Light,09,3,1.4744042205248424,-0.16861656539334674,C:\Users\vanya\Documents\DATA_SYS_LAB\test44\final_benchmarks\final_paper_results\cost_mscn_selected_plan\seed_3\predictions\job_light.csv
selected_plan_cost_runtime,MSCN,JOB-Light,10,3,1.0694632378070228,-0.029165860537323285,C:\Users\vanya\Documents\DATA_SYS_LAB\test44\final_benchmarks\final_paper_results\cost_mscn_selected_plan\seed_3\predictions\job_light.csv
selected_plan_cost_runtime,MSCN,JOB-Light,11,3,1.1588393872672742,-0.06402324782110343,C:\Users\vanya\Documents\DATA_SYS_LAB\test44\final_benchmarks\final_paper_results\cost_mscn_selected_plan\seed_3\predictions\job_light.csv
selected_plan_cost_runtime,MSCN,JOB-Light,12,3,1.474719553054538,-0.16870943852356945,C:\Users\vanya\Documents\DATA_SYS_LAB\test44\final_benchmarks\final_paper_results\cost_mscn_selected_plan\seed_3\predictions\job_light.csv
selected_plan_cost_runtime,MSCN,JOB-Light,13,3,1.4938604978797143,-0.17431004337644185,C:\Users\vanya\Documents\DATA_SYS_LAB\test44\final_benchmarks\final_paper_results\cost_mscn_selected_plan\seed_3\predictions\job_light.csv
selected_plan_cost_runtime,MSCN,JOB-Light,14,3,1.465098201356648,-0.1658667351870419,C:\Users\vanya\Documents\DATA_SYS_LAB\test44\final_benchmarks\final_paper_results\cost_mscn_selected_plan\seed_3\predictions\job_light.csv
selected_plan_cost_runtime,MSCN,JOB-Light,15,3,7.716403735442602,-0.8874149425964898,C:\Users\vanya\Documents\DATA_SYS_LAB\test44\final_benchmarks\final_paper_results\cost_mscn_selected_plan\seed_3\predictions\job_light.csv
selected_plan_cost_runtime,MSCN,JOB-Light,16,3,6.832241591306461,-0.8345632148115412,C:\Users\vanya\Documents\DATA_SYS_LAB\test44\final_benchmarks\final_paper_results\cost_mscn_selected_plan\seed_3\predictions\job_light.csv
selected_plan_cost_runtime,MSCN,JOB-Light,17,3,1.198333113341415,-0.07857756027076752,C:\Users\vanya\Documents\DATA_SYS_LAB\test44\final_benchmarks\final_paper_results\cost_mscn_selected_plan\seed_3\predictions\job_light.csv
selected_plan_cost_runtime,MSCN,JOB-Light,18,3,1.246843591110815,-0.09581197731345768,C:\Users\vanya\Documents\DATA_SYS_LAB\test44\final_benchmarks\final_paper_results\cost_mscn_selected_plan\seed_3\predictions\job_light.csv
selected_plan_cost_runtime,MSCN,JOB-Light,19,3,4.275742930630712,-0.631011586348563,C:\Users\vanya\Documents\DATA_SYS_LAB\test44\final_benchmarks\final_paper_results\cost_mscn_selected_plan\seed_3\predictions\job_light.csv
selected_plan_cost_runtime,MSCN,JOB-Light,20,3,1.4736065853190652,0.16838155365172947,C:\Users\vanya\Documents\DATA_SYS_LAB\test44\final_benchmarks\final_paper_results\cost_mscn_selected_plan\seed_3\predictions\job_light.csv
selected_plan_cost_runtime,MSCN,JOB-Light,21,3,2.3747003330289096,0.3756088131511497,C:\Users\vanya\Documents\DATA_SYS_LAB\test44\final_benchmarks\final_paper_results\cost_mscn_selected_plan\seed_3\predictions\job_light.csv
selected_plan_cost_runtime,MSCN,JOB-Light,22,3,1.523352364796435,0.1828003710883352,C:\Users\vanya\Documents\DATA_SYS_LAB\test44\final_benchmarks\final_paper_results\cost_mscn_selected_plan\seed_3\predictions\job_light.csv
selected_plan_cost_runtime,MSCN,JOB-Light,23,3,1.2353154602401633,-0.09177787674306677,C:\Users\vanya\Documents\DATA_SYS_LAB\test44\final_benchmarks\final_paper_results\cost_mscn_selected_plan\seed_3\predictions\job_light.csv
selected_plan_cost_runtime,MSCN,JOB-Light,24,3,1.3098440349878602,-0.11721958666597881,C:\Users\vanya\Documents\DATA_SYS_LAB\test44\final_benchmarks\final_paper_results\cost_mscn_selected_plan\seed_3\predictions\job_light.csv
selected_plan_cost_runtime,MSCN,JOB-Light,25,3,1.2186194069227523,0.08586809012879978,C:\Users\vanya\Documents\DATA_SYS_LAB\test44\final_benchmarks\final_paper_results\cost_mscn_selected_plan\seed_3\predictions\job_light.csv
selected_plan_cost_runtime,MSCN,JOB-Light,26,3,1.9467775685838504,-0.28931633351538744,C:\Users\vanya\Documents\DATA_SYS_LAB\test44\final_benchmarks\final_paper_results\cost_mscn_selected_plan\seed_3\predictions\job_light.csv
selected_plan_cost_runtime,MSCN,JOB-Light,27,3,1.2560515474434293,-0.09900746289708726,C:\Users\vanya\Documents\DATA_SYS_LAB\test44\final_benchmarks\final_paper_results\cost_mscn_selected_plan\seed_3\predictions\job_light.csv
selected_plan_cost_runtime,MSCN,JOB-Light,28,3,1.0909488610555589,-0.03780439322636919,C:\Users\vanya\Documents\DATA_SYS_LAB\test44\final_benchmarks\final_paper_results\cost_mscn_selected_plan\seed_3\predictions\job_light.csv
selected_plan_cost_runtime,MSCN,JOB-Light,29,3,1.0383228973069665,-0.016332431269322944,C:\Users\vanya\Documents\DATA_SYS_LAB\test44\final_benchmarks\final_paper_results\cost_mscn_selected_plan\seed_3\predictions\job_light.csv
selected_plan_cost_runtime,MSCN,JOB-Light,30,3,2.061226527591472,-0.3141257231119844,C:\Users\vanya\Documents\DATA_SYS_LAB\test44\final_benchmarks\final_paper_results\cost_mscn_selected_plan\seed_3\predictions\job_light.csv
selected_plan_cost_runtime,MSCN,JOB-Light,31,3,1.1286567501699643,0.052561883313103006,C:\Users\vanya\Documents\DATA_SYS_LAB\test44\final_benchmarks\final_paper_results\cost_mscn_selected_plan\seed_3\predictions\job_light.csv
selected_plan_cost_runtime,MSCN,JOB-Light,32,3,1.0625882672600382,-0.026365016267531564,C:\Users\vanya\Documents\DATA_SYS_LAB\test44\final_benchmarks\final_paper_results\cost_mscn_selected_plan\seed_3\predictions\job_light.csv
selected_plan_cost_runtime,MSCN,JOB-Light,33,3,2.138688037917832,-0.3301474403491874,C:\Users\vanya\Documents\DATA_SYS_LAB\test44\final_benchmarks\final_paper_results\cost_mscn_selected_plan\seed_3\predictions\job_light.csv
selected_plan_cost_runtime,MSCN,JOB-Light,34,3,1.4151175663592992,-0.15079252205119564,C:\Users\vanya\Documents\DATA_SYS_LAB\test44\final_benchmarks\final_paper_results\cost_mscn_selected_plan\seed_3\predictions\job_light.csv
selected_plan_cost_runtime,MSCN,JOB-Light,35,3,1.0595314622549972,0.02511385739495912,C:\Users\vanya\Documents\DATA_SYS_LAB\test44\final_benchmarks\final_paper_results\cost_mscn_selected_plan\seed_3\predictions\job_light.csv
selected_plan_cost_runtime,MSCN,JOB-Light,36,3,1.5403296399464004,0.18761367245334623,C:\Users\vanya\Documents\DATA_SYS_LAB\test44\final_benchmarks\final_paper_results\cost_mscn_selected_plan\seed_3\predictions\job_light.csv
selected_plan_cost_runtime,MSCN,JOB-Light,37,3,1.0161139758959965,0.006942424804671576,C:\Users\vanya\Documents\DATA_SYS_LAB\test44\final_benchmarks\final_paper_results\cost_mscn_selected_plan\seed_3\predictions\job_light.csv
selected_plan_cost_runtime,MSCN,JOB-Light,38,3,1.115256663885457,-0.04737482691929035,C:\Users\vanya\Documents\DATA_SYS_LAB\test44\final_benchmarks\final_paper_results\cost_mscn_selected_plan\seed_3\predictions\job_light.csv
selected_plan_cost_runtime,MSCN,JOB-Light,39,3,1.111508794817473,-0.045912903405307855,C:\Users\vanya\Documents\DATA_SYS_LAB\test44\final_benchmarks\final_paper_results\cost_mscn_selected_plan\seed_3\predictions\job_light.csv
selected_plan_cost_runtime,MSCN,JOB-Light,40,3,1.496708545943669,-0.17513723841135445,C:\Users\vanya\Documents\DATA_SYS_LAB\test44\final_benchmarks\final_paper_results\cost_mscn_selected_plan\seed_3\predictions\job_light.csv
selected_plan_cost_runtime,MSCN,JOB-Light,41,3,3.7513529756893456,-0.574187930101642,C:\Users\vanya\Documents\DATA_SYS_LAB\test44\final_benchmarks\final_paper_results\cost_mscn_selected_plan\seed_3\predictions\job_light.csv
selected_plan_cost_runtime,MSCN,JOB-Light,42,3,2.1028339819457758,-0.3228049866326191,C:\Users\vanya\Documents\DATA_SYS_LAB\test44\final_benchmarks\final_paper_results\cost_mscn_selected_plan\seed_3\predictions\job_light.csv
selected_plan_cost_runtime,MSCN,JOB-Light,43,3,3.59423567181774,-0.5556065501280931,C:\Users\vanya\Documents\DATA_SYS_LAB\test44\final_benchmarks\final_paper_results\cost_mscn_selected_plan\seed_3\predictions\job_light.csv
selected_plan_cost_runtime,MSCN,JOB-Light,44,3,5.3328467283936565,-0.7269591017834893,C:\Users\vanya\Documents\DATA_SYS_LAB\test44\final_benchmarks\final_paper_results\cost_mscn_selected_plan\seed_3\predictions\job_light.csv
selected_plan_cost_runtime,MSCN,JOB-Light,45,3,1.8410256508019083,-0.2650598395220042,C:\Users\vanya\Documents\DATA_SYS_LAB\test44\final_benchmarks\final_paper_results\cost_mscn_selected_plan\seed_3\predictions\job_light.csv
selected_plan_cost_runtime,MSCN,JOB-Light,46,3,1.0549381621971476,0.023227003137364182,C:\Users\vanya\Documents\DATA_SYS_LAB\test44\final_benchmarks\final_paper_results\cost_mscn_selected_plan\seed_3\predictions\job_light.csv
selected_plan_cost_runtime,MSCN,JOB-Light,47,3,1.384378566022551,-0.14125486660432587,C:\Users\vanya\Documents\DATA_SYS_LAB\test44\final_benchmarks\final_paper_results\cost_mscn_selected_plan\seed_3\predictions\job_light.csv
selected_plan_cost_runtime,MSCN,JOB-Light,48,3,1.922583270864998,-0.2838851590295113,C:\Users\vanya\Documents\DATA_SYS_LAB\test44\final_benchmarks\final_paper_results\cost_mscn_selected_plan\seed_3\predictions\job_light.csv
selected_plan_cost_runtime,MSCN,JOB-Light,49,3,2.9938039959123097,-0.4762233637157285,C:\Users\vanya\Documents\DATA_SYS_LAB\test44\final_benchmarks\final_paper_results\cost_mscn_selected_plan\seed_3\predictions\job_light.csv
selected_plan_cost_runtime,MSCN,JOB-Light,50,3,3.6021073585570833,-0.5565566525518381,C:\Users\vanya\Documents\DATA_SYS_LAB\test44\final_benchmarks\final_paper_results\cost_mscn_selected_plan\seed_3\predictions\job_light.csv
selected_plan_cost_runtime,MSCN,JOB-Light,51,3,3.9536574734310426,-0.5969990413452703,C:\Users\vanya\Documents\DATA_SYS_LAB\test44\final_benchmarks\final_paper_results\cost_mscn_selected_plan\seed_3\predictions\job_light.csv
selected_plan_cost_runtime,MSCN,JOB-Light,52,3,3.9999744807896507,-0.6020572206060647,C:\Users\vanya\Documents\DATA_SYS_LAB\test44\final_benchmarks\final_paper_results\cost_mscn_selected_plan\seed_3\predictions\job_light.csv
selected_plan_cost_runtime,MSCN,JOB-Light,53,3,1.0553446012907797,-0.023394292811364997,C:\Users\vanya\Documents\DATA_SYS_LAB\test44\final_benchmarks\final_paper_results\cost_mscn_selected_plan\seed_3\predictions\job_light.csv
selected_plan_cost_runtime,MSCN,JOB-Light,54,3,1.2560704942273788,0.09901401391935669,C:\Users\vanya\Documents\DATA_SYS_LAB\test44\final_benchmarks\final_paper_results\cost_mscn_selected_plan\seed_3\predictions\job_light.csv
selected_plan_cost_runtime,MSCN,JOB-Light,55,3,1.3763515492571543,0.1387293760524822,C:\Users\vanya\Documents\DATA_SYS_LAB\test44\final_benchmarks\final_paper_results\cost_mscn_selected_plan\seed_3\predictions\job_light.csv
selected_plan_cost_runtime,MSCN,JOB-Light,56,3,2.076550959970903,-0.3173425934582236,C:\Users\vanya\Documents\DATA_SYS_LAB\test44\final_benchmarks\final_paper_results\cost_mscn_selected_plan\seed_3\predictions\job_light.csv
selected_plan_cost_runtime,MSCN,JOB-Light,57,3,1.9274743953115987,-0.28498861756670796,C:\Users\vanya\Documents\DATA_SYS_LAB\test44\final_benchmarks\final_paper_results\cost_mscn_selected_plan\seed_3\predictions\job_light.csv
selected_plan_cost_runtime,MSCN,JOB-Light,58,3,45.999395145173544,-1.6627521210980845,C:\Users\vanya\Documents\DATA_SYS_LAB\test44\final_benchmarks\final_paper_results\cost_mscn_selected_plan\seed_3\predictions\job_light.csv
selected_plan_cost_runtime,MSCN,JOB-Light,59,3,1.9645322965357648,-0.29325917292485343,C:\Users\vanya\Documents\DATA_SYS_LAB\test44\final_benchmarks\final_paper_results\cost_mscn_selected_plan\seed_3\predictions\job_light.csv
selected_plan_cost_runtime,MSCN,JOB-Light,60,3,43.70165218221755,-1.6404978561936825,C:\Users\vanya\Documents\DATA_SYS_LAB\test44\final_benchmarks\final_paper_results\cost_mscn_selected_plan\seed_3\predictions\job_light.csv
selected_plan_cost_runtime,MSCN,JOB-Light,61,3,3.9582562003134063,-0.5975039007297528,C:\Users\vanya\Documents\DATA_SYS_LAB\test44\final_benchmarks\final_paper_results\cost_mscn_selected_plan\seed_3\predictions\job_light.csv
selected_plan_cost_runtime,MSCN,JOB-Light,62,3,4.441444218513028,-0.6475242120390112,C:\Users\vanya\Documents\DATA_SYS_LAB\test44\final_benchmarks\final_paper_results\cost_mscn_selected_plan\seed_3\predictions\job_light.csv
selected_plan_cost_runtime,MSCN,JOB-Light,63,3,4.038397372041893,-0.6062090506140962,C:\Users\vanya\Documents\DATA_SYS_LAB\test44\final_benchmarks\final_paper_results\cost_mscn_selected_plan\seed_3\predictions\job_light.csv
selected_plan_cost_runtime,MSCN,JOB-Light,64,3,4.2255070393635785,-0.6258788295426289,C:\Users\vanya\Documents\DATA_SYS_LAB\test44\final_benchmarks\final_paper_results\cost_mscn_selected_plan\seed_3\predictions\job_light.csv
selected_plan_cost_runtime,MSCN,JOB-Light,65,3,1.1520576377147425,-0.06147420748587359,C:\Users\vanya\Documents\DATA_SYS_LAB\test44\final_benchmarks\final_paper_results\cost_mscn_selected_plan\seed_3\predictions\job_light.csv
selected_plan_cost_runtime,MSCN,JOB-Light,66,3,3.146013589552788,-0.49776059427424846,C:\Users\vanya\Documents\DATA_SYS_LAB\test44\final_benchmarks\final_paper_results\cost_mscn_selected_plan\seed_3\predictions\job_light.csv
selected_plan_cost_runtime,MSCN,JOB-Light,67,3,2.9178106575001985,-0.4650571062446012,C:\Users\vanya\Documents\DATA_SYS_LAB\test44\final_benchmarks\final_paper_results\cost_mscn_selected_plan\seed_3\predictions\job_light.csv
selected_plan_cost_runtime,MSCN,JOB-Light,68,3,1.6395689184277886,-0.21472967673201804,C:\Users\vanya\Documents\DATA_SYS_LAB\test44\final_benchmarks\final_paper_results\cost_mscn_selected_plan\seed_3\predictions\job_light.csv
selected_plan_cost_runtime,MSCN,JOB-Light,69,3,1.181994170288397,-0.07261533456738219,C:\Users\vanya\Documents\DATA_SYS_LAB\test44\final_benchmarks\final_paper_results\cost_mscn_selected_plan\seed_3\predictions\job_light.csv
selected_plan_cost_runtime,MSCN,JOB-Light,70,3,5.2565662694937885,-0.7207021439317715,C:\Users\vanya\Documents\DATA_SYS_LAB\test44\final_benchmarks\final_paper_results\cost_mscn_selected_plan\seed_3\predictions\job_light.csv
selected_plan_cost_runtime,MSCN,JOB,1a,3,2.715421187336844,-0.43383720230396394,C:\Users\vanya\Documents\DATA_SYS_LAB\test44\final_benchmarks\final_paper_results\cost_mscn_selected_plan\seed_3\predictions\job.csv
selected_plan_cost_runtime,MSCN,JOB,1b,3,2.5616690095472383,0.4085230143183027,C:\Users\vanya\Documents\DATA_SYS_LAB\test44\final_benchmarks\final_paper_results\cost_mscn_selected_plan\seed_3\predictions\job.csv
selected_plan_cost_runtime,MSCN,JOB,1c,3,2.184629134343857,-0.3393777211332062,C:\Users\vanya\Documents\DATA_SYS_LAB\test44\final_benchmarks\final_paper_results\cost_mscn_selected_plan\seed_3\predictions\job.csv
selected_plan_cost_runtime,MSCN,JOB,1d,3,1.9180888088862986,-0.282868711445885,C:\Users\vanya\Documents\DATA_SYS_LAB\test44\final_benchmarks\final_paper_results\cost_mscn_selected_plan\seed_3\predictions\job.csv
selected_plan_cost_runtime,MSCN,JOB,2a,3,1.0205133399753443,-0.008818686112172533,C:\Users\vanya\Documents\DATA_SYS_LAB\test44\final_benchmarks\final_paper_results\cost_mscn_selected_plan\seed_3\predictions\job.csv
selected_plan_cost_runtime,MSCN,JOB,2b,3,1.7905798544155085,-0.2529936939928147,C:\Users\vanya\Documents\DATA_SYS_LAB\test44\final_benchmarks\final_paper_results\cost_mscn_selected_plan\seed_3\predictions\job.csv
selected_plan_cost_runtime,MSCN,JOB,2c,3,1.0933508178174796,-0.038759534133115135,C:\Users\vanya\Documents\DATA_SYS_LAB\test44\final_benchmarks\final_paper_results\cost_mscn_selected_plan\seed_3\predictions\job.csv
selected_plan_cost_runtime,MSCN,JOB,2d,3,2.221143914858775,-0.3465766987574585,C:\Users\vanya\Documents\DATA_SYS_LAB\test44\final_benchmarks\final_paper_results\cost_mscn_selected_plan\seed_3\predictions\job.csv
selected_plan_cost_runtime,MSCN,JOB,3a,3,1.246945836555475,-0.09584758948820493,C:\Users\vanya\Documents\DATA_SYS_LAB\test44\final_benchmarks\final_paper_results\cost_mscn_selected_plan\seed_3\predictions\job.csv
selected_plan_cost_runtime,MSCN,JOB,3b,3,1.2158441561172035,-0.08487791171647294,C:\Users\vanya\Documents\DATA_SYS_LAB\test44\final_benchmarks\final_paper_results\cost_mscn_selected_plan\seed_3\predictions\job.csv
selected_plan_cost_runtime,MSCN,JOB,3c,3,1.0034609486620985,-0.0015004758662883907,C:\Users\vanya\Documents\DATA_SYS_LAB\test44\final_benchmarks\final_paper_results\cost_mscn_selected_plan\seed_3\predictions\job.csv
selected_plan_cost_runtime,MSCN,JOB,4a,3,1.268760327397948,-0.10337959032226329,C:\Users\vanya\Documents\DATA_SYS_LAB\test44\final_benchmarks\final_paper_results\cost_mscn_selected_plan\seed_3\predictions\job.csv
selected_plan_cost_runtime,MSCN,JOB,4b,3,1.040545067354228,0.017260894811359204,C:\Users\vanya\Documents\DATA_SYS_LAB\test44\final_benchmarks\final_paper_results\cost_mscn_selected_plan\seed_3\predictions\job.csv
selected_plan_cost_runtime,MSCN,JOB,4c,3,1.0108378042523407,-0.004681475700557271,C:\Users\vanya\Documents\DATA_SYS_LAB\test44\final_benchmarks\final_paper_results\cost_mscn_selected_plan\seed_3\predictions\job.csv
selected_plan_cost_runtime,MSCN,JOB,5a,3,6.60831173159881,-0.8200905216186141,C:\Users\vanya\Documents\DATA_SYS_LAB\test44\final_benchmarks\final_paper_results\cost_mscn_selected_plan\seed_3\predictions\job.csv
selected_plan_cost_runtime,MSCN,JOB,5b,3,5.343830392006588,-0.7278526656006182,C:\Users\vanya\Documents\DATA_SYS_LAB\test44\final_benchmarks\final_paper_results\cost_mscn_selected_plan\seed_3\predictions\job.csv
selected_plan_cost_runtime,MSCN,JOB,5c,3,4.179889751250095,-0.6211648269771496,C:\Users\vanya\Documents\DATA_SYS_LAB\test44\final_benchmarks\final_paper_results\cost_mscn_selected_plan\seed_3\predictions\job.csv
selected_plan_cost_runtime,MSCN,JOB,6a,3,3.6005110152406736,-0.5563641439198623,C:\Users\vanya\Documents\DATA_SYS_LAB\test44\final_benchmarks\final_paper_results\cost_mscn_selected_plan\seed_3\predictions\job.csv
selected_plan_cost_runtime,MSCN,JOB,6b,3,3.6667335165835433,-0.56427934833457,C:\Users\vanya\Documents\DATA_SYS_LAB\test44\final_benchmarks\final_paper_results\cost_mscn_selected_plan\seed_3\predictions\job.csv
selected_plan_cost_runtime,MSCN,JOB,6c,3,3.960058027197168,-0.5977015497403845,C:\Users\vanya\Documents\DATA_SYS_LAB\test44\final_benchmarks\final_paper_results\cost_mscn_selected_plan\seed_3\predictions\job.csv
selected_plan_cost_runtime,MSCN,JOB,6d,3,4.643816645581863,-0.6668750639123495,C:\Users\vanya\Documents\DATA_SYS_LAB\test44\final_benchmarks\final_paper_results\cost_mscn_selected_plan\seed_3\predictions\job.csv
selected_plan_cost_runtime,MSCN,JOB,6e,3,2.1729276461191134,-0.33704526547636193,C:\Users\vanya\Documents\DATA_SYS_LAB\test44\final_benchmarks\final_paper_results\cost_mscn_selected_plan\seed_3\predictions\job.csv
selected_plan_cost_runtime,MSCN,JOB,6f,3,3.3364254239629143,-0.5232814219116949,C:\Users\vanya\Documents\DATA_SYS_LAB\test44\final_benchmarks\final_paper_results\cost_mscn_selected_plan\seed_3\predictions\job.csv
selected_plan_cost_runtime,MSCN,JOB,7a,3,1.4067414591895129,-0.14821428708309406,C:\Users\vanya\Documents\DATA_SYS_LAB\test44\final_benchmarks\final_paper_results\cost_mscn_selected_plan\seed_3\predictions\job.csv
selected_plan_cost_runtime,MSCN,JOB,7b,3,2.2766708404554374,-0.35730024514859204,C:\Users\vanya\Documents\DATA_SYS_LAB\test44\final_benchmarks\final_paper_results\cost_mscn_selected_plan\seed_3\predictions\job.csv
selected_plan_cost_runtime,MSCN,JOB,7c,3,3.567388389252368,-0.552350394487437,C:\Users\vanya\Documents\DATA_SYS_LAB\test44\final_benchmarks\final_paper_results\cost_mscn_selected_plan\seed_3\predictions\job.csv
selected_plan_cost_runtime,MSCN,JOB,8a,3,1.146319263798339,0.05930559075145645,C:\Users\vanya\Documents\DATA_SYS_LAB\test44\final_benchmarks\final_paper_results\cost_mscn_selected_plan\seed_3\predictions\job.csv
selected_plan_cost_runtime,MSCN,JOB,8b,3,1.4330027062432402,0.1562470105685909,C:\Users\vanya\Documents\DATA_SYS_LAB\test44\final_benchmarks\final_paper_results\cost_mscn_selected_plan\seed_3\predictions\job.csv
selected_plan_cost_runtime,MSCN,JOB,8c,3,1.307184784149477,-0.11633698395702181,C:\Users\vanya\Documents\DATA_SYS_LAB\test44\final_benchmarks\final_paper_results\cost_mscn_selected_plan\seed_3\predictions\job.csv
selected_plan_cost_runtime,MSCN,JOB,8d,3,1.156325697266538,-0.06308017716682872,C:\Users\vanya\Documents\DATA_SYS_LAB\test44\final_benchmarks\final_paper_results\cost_mscn_selected_plan\seed_3\predictions\job.csv
selected_plan_cost_runtime,MSCN,JOB,9a,3,3.064118340238072,-0.48630553430257273,C:\Users\vanya\Documents\DATA_SYS_LAB\test44\final_benchmarks\final_paper_results\cost_mscn_selected_plan\seed_3\predictions\job.csv
selected_plan_cost_runtime,MSCN,JOB,9b,3,1.1705597358066657,-0.06839358144079186,C:\Users\vanya\Documents\DATA_SYS_LAB\test44\final_benchmarks\final_paper_results\cost_mscn_selected_plan\seed_3\predictions\job.csv
selected_plan_cost_runtime,MSCN,JOB,9c,3,1.23723301860381,-0.09245150170140229,C:\Users\vanya\Documents\DATA_SYS_LAB\test44\final_benchmarks\final_paper_results\cost_mscn_selected_plan\seed_3\predictions\job.csv
selected_plan_cost_runtime,MSCN,JOB,9d,3,1.0864519486743622,0.03601052321333343,C:\Users\vanya\Documents\DATA_SYS_LAB\test44\final_benchmarks\final_paper_results\cost_mscn_selected_plan\seed_3\predictions\job.csv
selected_plan_cost_runtime,MSCN,JOB,10a,3,1.5304609743853437,-0.18482225988880283,C:\Users\vanya\Documents\DATA_SYS_LAB\test44\final_benchmarks\final_paper_results\cost_mscn_selected_plan\seed_3\predictions\job.csv
selected_plan_cost_runtime,MSCN,JOB,10b,3,1.53215577490693,-0.18530292243971144,C:\Users\vanya\Documents\DATA_SYS_LAB\test44\final_benchmarks\final_paper_results\cost_mscn_selected_plan\seed_3\predictions\job.csv
selected_plan_cost_runtime,MSCN,JOB,10c,3,2.4707477866048837,-0.39282841497868015,C:\Users\vanya\Documents\DATA_SYS_LAB\test44\final_benchmarks\final_paper_results\cost_mscn_selected_plan\seed_3\predictions\job.csv
selected_plan_cost_runtime,MSCN,JOB,11a,3,1.585455658428342,-0.20015410030875314,C:\Users\vanya\Documents\DATA_SYS_LAB\test44\final_benchmarks\final_paper_results\cost_mscn_selected_plan\seed_3\predictions\job.csv
selected_plan_cost_runtime,MSCN,JOB,11b,3,3.328102001245471,0.5221966282855153,C:\Users\vanya\Documents\DATA_SYS_LAB\test44\final_benchmarks\final_paper_results\cost_mscn_selected_plan\seed_3\predictions\job.csv
selected_plan_cost_runtime,MSCN,JOB,11c,3,1.5298149981297955,-0.18463891438015495,C:\Users\vanya\Documents\DATA_SYS_LAB\test44\final_benchmarks\final_paper_results\cost_mscn_selected_plan\seed_3\predictions\job.csv
selected_plan_cost_runtime,MSCN,JOB,11d,3,1.6828269201543637,-0.22603945080216048,C:\Users\vanya\Documents\DATA_SYS_LAB\test44\final_benchmarks\final_paper_results\cost_mscn_selected_plan\seed_3\predictions\job.csv
selected_plan_cost_runtime,MSCN,JOB,12a,3,1.8595835304820347,0.2694156911718122,C:\Users\vanya\Documents\DATA_SYS_LAB\test44\final_benchmarks\final_paper_results\cost_mscn_selected_plan\seed_3\predictions\job.csv
selected_plan_cost_runtime,MSCN,JOB,12b,3,1.0841575841280848,-0.035092412223805936,C:\Users\vanya\Documents\DATA_SYS_LAB\test44\final_benchmarks\final_paper_results\cost_mscn_selected_plan\seed_3\predictions\job.csv
selected_plan_cost_runtime,MSCN,JOB,12c,3,1.0393918703904403,-0.016779315663308637,C:\Users\vanya\Documents\DATA_SYS_LAB\test44\final_benchmarks\final_paper_results\cost_mscn_selected_plan\seed_3\predictions\job.csv
selected_plan_cost_runtime,MSCN,JOB,13a,3,2.655148479407219,0.42408881241718227,C:\Users\vanya\Documents\DATA_SYS_LAB\test44\final_benchmarks\final_paper_results\cost_mscn_selected_plan\seed_3\predictions\job.csv
selected_plan_cost_runtime,MSCN,JOB,13b,3,1.121336193492004,-0.049735840149562824,C:\Users\vanya\Documents\DATA_SYS_LAB\test44\final_benchmarks\final_paper_results\cost_mscn_selected_plan\seed_3\predictions\job.csv
selected_plan_cost_runtime,MSCN,JOB,13c,3,52.19208293697708,-1.7176046294859266,C:\Users\vanya\Documents\DATA_SYS_LAB\test44\final_benchmarks\final_paper_results\cost_mscn_selected_plan\seed_3\predictions\job.csv
selected_plan_cost_runtime,MSCN,JOB,13d,3,2.299865661834885,-0.36170246904902287,C:\Users\vanya\Documents\DATA_SYS_LAB\test44\final_benchmarks\final_paper_results\cost_mscn_selected_plan\seed_3\predictions\job.csv
selected_plan_cost_runtime,MSCN,JOB,14a,3,5.084308307999648,-0.7062318779172203,C:\Users\vanya\Documents\DATA_SYS_LAB\test44\final_benchmarks\final_paper_results\cost_mscn_selected_plan\seed_3\predictions\job.csv
selected_plan_cost_runtime,MSCN,JOB,14b,3,1.1706220430186933,-0.06841669769653713,C:\Users\vanya\Documents\DATA_SYS_LAB\test44\final_benchmarks\final_paper_results\cost_mscn_selected_plan\seed_3\predictions\job.csv
selected_plan_cost_runtime,MSCN,JOB,14c,3,4.867551536942064,-0.6873105584645012,C:\Users\vanya\Documents\DATA_SYS_LAB\test44\final_benchmarks\final_paper_results\cost_mscn_selected_plan\seed_3\predictions\job.csv
selected_plan_cost_runtime,MSCN,JOB,15a,3,2.210511462107327,-0.3444927711835608,C:\Users\vanya\Documents\DATA_SYS_LAB\test44\final_benchmarks\final_paper_results\cost_mscn_selected_plan\seed_3\predictions\job.csv
selected_plan_cost_runtime,MSCN,JOB,15b,3,12.353740255021142,1.0917984657893618,C:\Users\vanya\Documents\DATA_SYS_LAB\test44\final_benchmarks\final_paper_results\cost_mscn_selected_plan\seed_3\predictions\job.csv
selected_plan_cost_runtime,MSCN,JOB,15c,3,1.7150440466173773,-0.2342752782897097,C:\Users\vanya\Documents\DATA_SYS_LAB\test44\final_benchmarks\final_paper_results\cost_mscn_selected_plan\seed_3\predictions\job.csv
selected_plan_cost_runtime,MSCN,JOB,15d,3,4.151219139869496,-0.6181756600766722,C:\Users\vanya\Documents\DATA_SYS_LAB\test44\final_benchmarks\final_paper_results\cost_mscn_selected_plan\seed_3\predictions\job.csv
selected_plan_cost_runtime,MSCN,JOB,16a,3,2.595073356059376,-0.414149638747684,C:\Users\vanya\Documents\DATA_SYS_LAB\test44\final_benchmarks\final_paper_results\cost_mscn_selected_plan\seed_3\predictions\job.csv
selected_plan_cost_runtime,MSCN,JOB,16b,3,3.285220785064438,-0.5165645618754261,C:\Users\vanya\Documents\DATA_SYS_LAB\test44\final_benchmarks\final_paper_results\cost_mscn_selected_plan\seed_3\predictions\job.csv
selected_plan_cost_runtime,MSCN,JOB,16c,3,5.198943480186923,-0.7159150960686317,C:\Users\vanya\Documents\DATA_SYS_LAB\test44\final_benchmarks\final_paper_results\cost_mscn_selected_plan\seed_3\predictions\job.csv
selected_plan_cost_runtime,MSCN,JOB,16d,3,2.1749442988916186,-0.3374481389946702,C:\Users\vanya\Documents\DATA_SYS_LAB\test44\final_benchmarks\final_paper_results\cost_mscn_selected_plan\seed_3\predictions\job.csv
selected_plan_cost_runtime,MSCN,JOB,17a,3,2.0970391636071524,-0.3216065412806294,C:\Users\vanya\Documents\DATA_SYS_LAB\test44\final_benchmarks\final_paper_results\cost_mscn_selected_plan\seed_3\predictions\job.csv
selected_plan_cost_runtime,MSCN,JOB,17b,3,2.1513352127289878,-0.3327080857458712,C:\Users\vanya\Documents\DATA_SYS_LAB\test44\final_benchmarks\final_paper_results\cost_mscn_selected_plan\seed_3\predictions\job.csv
selected_plan_cost_runtime,MSCN,JOB,17c,3,1.0109243428239374,-0.004718654380743298,C:\Users\vanya\Documents\DATA_SYS_LAB\test44\final_benchmarks\final_paper_results\cost_mscn_selected_plan\seed_3\predictions\job.csv
selected_plan_cost_runtime,MSCN,JOB,17d,3,4.2769871475963726,-0.6311379451980407,C:\Users\vanya\Documents\DATA_SYS_LAB\test44\final_benchmarks\final_paper_results\cost_mscn_selected_plan\seed_3\predictions\job.csv
selected_plan_cost_runtime,MSCN,JOB,17e,3,2.641298545259268,-0.42181749216902154,C:\Users\vanya\Documents\DATA_SYS_LAB\test44\final_benchmarks\final_paper_results\cost_mscn_selected_plan\seed_3\predictions\job.csv
selected_plan_cost_runtime,MSCN,JOB,17f,3,4.454910506047273,-0.6488389839912496,C:\Users\vanya\Documents\DATA_SYS_LAB\test44\final_benchmarks\final_paper_results\cost_mscn_selected_plan\seed_3\predictions\job.csv
selected_plan_cost_runtime,MSCN,JOB,18a,3,1.1165839718333157,0.04789138941598084,C:\Users\vanya\Documents\DATA_SYS_LAB\test44\final_benchmarks\final_paper_results\cost_mscn_selected_plan\seed_3\predictions\job.csv
selected_plan_cost_runtime,MSCN,JOB,18b,3,17.837751785471994,1.2513401163690585,C:\Users\vanya\Documents\DATA_SYS_LAB\test44\final_benchmarks\final_paper_results\cost_mscn_selected_plan\seed_3\predictions\job.csv
selected_plan_cost_runtime,MSCN,JOB,18c,3,1.1335337146568332,0.054434441861451195,C:\Users\vanya\Documents\DATA_SYS_LAB\test44\final_benchmarks\final_paper_results\cost_mscn_selected_plan\seed_3\predictions\job.csv
selected_plan_cost_runtime,MSCN,JOB,19a,3,1.2762547886167426,-0.10593738460793488,C:\Users\vanya\Documents\DATA_SYS_LAB\test44\final_benchmarks\final_paper_results\cost_mscn_selected_plan\seed_3\predictions\job.csv
selected_plan_cost_runtime,MSCN,JOB,19b,3,1.3200157328870745,-0.12057910746745758,C:\Users\vanya\Documents\DATA_SYS_LAB\test44\final_benchmarks\final_paper_results\cost_mscn_selected_plan\seed_3\predictions\job.csv
selected_plan_cost_runtime,MSCN,JOB,19c,3,4.8553472440829974,-0.6862202951701456,C:\Users\vanya\Documents\DATA_SYS_LAB\test44\final_benchmarks\final_paper_results\cost_mscn_selected_plan\seed_3\predictions\job.csv
selected_plan_cost_runtime,MSCN,JOB,19d,3,1.8095441088830024,-0.2575691738001262,C:\Users\vanya\Documents\DATA_SYS_LAB\test44\final_benchmarks\final_paper_results\cost_mscn_selected_plan\seed_3\predictions\job.csv
selected_plan_cost_runtime,MSCN,JOB,20a,3,3.9019404658168084,-0.5912806388246477,C:\Users\vanya\Documents\DATA_SYS_LAB\test44\final_benchmarks\final_paper_results\cost_mscn_selected_plan\seed_3\predictions\job.csv
selected_plan_cost_runtime,MSCN,JOB,20b,3,4.045500474681672,-0.6069722564668271,C:\Users\vanya\Documents\DATA_SYS_LAB\test44\final_benchmarks\final_paper_results\cost_mscn_selected_plan\seed_3\predictions\job.csv
selected_plan_cost_runtime,MSCN,JOB,20c,3,3.3284911831091715,-0.5222474108799666,C:\Users\vanya\Documents\DATA_SYS_LAB\test44\final_benchmarks\final_paper_results\cost_mscn_selected_plan\seed_3\predictions\job.csv
selected_plan_cost_runtime,MSCN,JOB,21a,3,1.5546194319108495,-0.1916240918519797,C:\Users\vanya\Documents\DATA_SYS_LAB\test44\final_benchmarks\final_paper_results\cost_mscn_selected_plan\seed_3\predictions\job.csv
selected_plan_cost_runtime,MSCN,JOB,21b,3,1.491069429750761,-0.17349786629377756,C:\Users\vanya\Documents\DATA_SYS_LAB\test44\final_benchmarks\final_paper_results\cost_mscn_selected_plan\seed_3\predictions\job.csv
selected_plan_cost_runtime,MSCN,JOB,21c,3,1.1722241913892182,0.06901067974687738,C:\Users\vanya\Documents\DATA_SYS_LAB\test44\final_benchmarks\final_paper_results\cost_mscn_selected_plan\seed_3\predictions\job.csv
selected_plan_cost_runtime,MSCN,JOB,22a,3,85.72356012411143,-1.933100199119093,C:\Users\vanya\Documents\DATA_SYS_LAB\test44\final_benchmarks\final_paper_results\cost_mscn_selected_plan\seed_3\predictions\job.csv
selected_plan_cost_runtime,MSCN,JOB,22b,3,85.93359902774854,-1.93416300107631,C:\Users\vanya\Documents\DATA_SYS_LAB\test44\final_benchmarks\final_paper_results\cost_mscn_selected_plan\seed_3\predictions\job.csv
selected_plan_cost_runtime,MSCN,JOB,22c,3,86.4484972224349,-1.9367574481168623,C:\Users\vanya\Documents\DATA_SYS_LAB\test44\final_benchmarks\final_paper_results\cost_mscn_selected_plan\seed_3\predictions\job.csv
selected_plan_cost_runtime,MSCN,JOB,22d,3,425.04497280155334,-2.628434883947325,C:\Users\vanya\Documents\DATA_SYS_LAB\test44\final_benchmarks\final_paper_results\cost_mscn_selected_plan\seed_3\predictions\job.csv
selected_plan_cost_runtime,MSCN,JOB,23a,3,2.533874234951562,-0.40378505552690236,C:\Users\vanya\Documents\DATA_SYS_LAB\test44\final_benchmarks\final_paper_results\cost_mscn_selected_plan\seed_3\predictions\job.csv
selected_plan_cost_runtime,MSCN,JOB,23b,3,59.6225852044511,-1.7754108028889406,C:\Users\vanya\Documents\DATA_SYS_LAB\test44\final_benchmarks\final_paper_results\cost_mscn_selected_plan\seed_3\predictions\job.csv
selected_plan_cost_runtime,MSCN,JOB,23c,3,1.8023258871457906,-0.2558333206013804,C:\Users\vanya\Documents\DATA_SYS_LAB\test44\final_benchmarks\final_paper_results\cost_mscn_selected_plan\seed_3\predictions\job.csv
selected_plan_cost_runtime,MSCN,JOB,24a,3,1.5862501278158385,-0.20037167009706291,C:\Users\vanya\Documents\DATA_SYS_LAB\test44\final_benchmarks\final_paper_results\cost_mscn_selected_plan\seed_3\predictions\job.csv
selected_plan_cost_runtime,MSCN,JOB,24b,3,1.638372599664392,-0.21441267616459464,C:\Users\vanya\Documents\DATA_SYS_LAB\test44\final_benchmarks\final_paper_results\cost_mscn_selected_plan\seed_3\predictions\job.csv
selected_plan_cost_runtime,MSCN,JOB,25a,3,1.285186898277514,-0.10896628952593075,C:\Users\vanya\Documents\DATA_SYS_LAB\test44\final_benchmarks\final_paper_results\cost_mscn_selected_plan\seed_3\predictions\job.csv
selected_plan_cost_runtime,MSCN,JOB,25b,3,1.303180326540534,-0.11500451502407288,C:\Users\vanya\Documents\DATA_SYS_LAB\test44\final_benchmarks\final_paper_results\cost_mscn_selected_plan\seed_3\predictions\job.csv
selected_plan_cost_runtime,MSCN,JOB,25c,3,1.6272344836910544,-0.21145013906813348,C:\Users\vanya\Documents\DATA_SYS_LAB\test44\final_benchmarks\final_paper_results\cost_mscn_selected_plan\seed_3\predictions\job.csv
selected_plan_cost_runtime,MSCN,JOB,26a,3,2.4076401725357974,-0.38159158110775604,C:\Users\vanya\Documents\DATA_SYS_LAB\test44\final_benchmarks\final_paper_results\cost_mscn_selected_plan\seed_3\predictions\job.csv
selected_plan_cost_runtime,MSCN,JOB,26b,3,3.371863229001094,-0.5278699502662353,C:\Users\vanya\Documents\DATA_SYS_LAB\test44\final_benchmarks\final_paper_results\cost_mscn_selected_plan\seed_3\predictions\job.csv
selected_plan_cost_runtime,MSCN,JOB,26c,3,3.728515546853213,-0.5715359583153614,C:\Users\vanya\Documents\DATA_SYS_LAB\test44\final_benchmarks\final_paper_results\cost_mscn_selected_plan\seed_3\predictions\job.csv
selected_plan_cost_runtime,MSCN,JOB,27a,3,3.5652561247216035,0.5520907346248318,C:\Users\vanya\Documents\DATA_SYS_LAB\test44\final_benchmarks\final_paper_results\cost_mscn_selected_plan\seed_3\predictions\job.csv
selected_plan_cost_runtime,MSCN,JOB,27b,3,4.534295925676608,0.6565098604518338,C:\Users\vanya\Documents\DATA_SYS_LAB\test44\final_benchmarks\final_paper_results\cost_mscn_selected_plan\seed_3\predictions\job.csv
selected_plan_cost_runtime,MSCN,JOB,27c,3,1.2015329875162342,0.07973569865187027,C:\Users\vanya\Documents\DATA_SYS_LAB\test44\final_benchmarks\final_paper_results\cost_mscn_selected_plan\seed_3\predictions\job.csv
selected_plan_cost_runtime,MSCN,JOB,28a,3,53.61577662276264,-1.7292926011114653,C:\Users\vanya\Documents\DATA_SYS_LAB\test44\final_benchmarks\final_paper_results\cost_mscn_selected_plan\seed_3\predictions\job.csv
selected_plan_cost_runtime,MSCN,JOB,28b,3,1.9045028881239232,-0.27978163559257113,C:\Users\vanya\Documents\DATA_SYS_LAB\test44\final_benchmarks\final_paper_results\cost_mscn_selected_plan\seed_3\predictions\job.csv
selected_plan_cost_runtime,MSCN,JOB,28c,3,2.1220029216671255,-0.32674597752151274,C:\Users\vanya\Documents\DATA_SYS_LAB\test44\final_benchmarks\final_paper_results\cost_mscn_selected_plan\seed_3\predictions\job.csv
selected_plan_cost_runtime,MSCN,JOB,29a,3,2.2120275260687854,-0.344790526947942,C:\Users\vanya\Documents\DATA_SYS_LAB\test44\final_benchmarks\final_paper_results\cost_mscn_selected_plan\seed_3\predictions\job.csv
selected_plan_cost_runtime,MSCN,JOB,29b,3,1.4040970773820802,-0.14739713536776988,C:\Users\vanya\Documents\DATA_SYS_LAB\test44\final_benchmarks\final_paper_results\cost_mscn_selected_plan\seed_3\predictions\job.csv
selected_plan_cost_runtime,MSCN,JOB,29c,3,1.4544168974391554,-0.16268891154755263,C:\Users\vanya\Documents\DATA_SYS_LAB\test44\final_benchmarks\final_paper_results\cost_mscn_selected_plan\seed_3\predictions\job.csv
selected_plan_cost_runtime,MSCN,JOB,30a,3,1.2235881169191067,0.08763525060953575,C:\Users\vanya\Documents\DATA_SYS_LAB\test44\final_benchmarks\final_paper_results\cost_mscn_selected_plan\seed_3\predictions\job.csv
selected_plan_cost_runtime,MSCN,JOB,30b,3,1.2184908684583813,-0.08582227886912532,C:\Users\vanya\Documents\DATA_SYS_LAB\test44\final_benchmarks\final_paper_results\cost_mscn_selected_plan\seed_3\predictions\job.csv
selected_plan_cost_runtime,MSCN,JOB,30c,3,1.4586369963969865,0.1639472246714443,C:\Users\vanya\Documents\DATA_SYS_LAB\test44\final_benchmarks\final_paper_results\cost_mscn_selected_plan\seed_3\predictions\job.csv
selected_plan_cost_runtime,MSCN,JOB,31a,3,1.4669993791072082,-0.1664299300325326,C:\Users\vanya\Documents\DATA_SYS_LAB\test44\final_benchmarks\final_paper_results\cost_mscn_selected_plan\seed_3\predictions\job.csv
selected_plan_cost_runtime,MSCN,JOB,31b,3,2.3031592864510517,-0.36232397480076206,C:\Users\vanya\Documents\DATA_SYS_LAB\test44\final_benchmarks\final_paper_results\cost_mscn_selected_plan\seed_3\predictions\job.csv
selected_plan_cost_runtime,MSCN,JOB,31c,3,1.1339864154731838,0.054607851981603055,C:\Users\vanya\Documents\DATA_SYS_LAB\test44\final_benchmarks\final_paper_results\cost_mscn_selected_plan\seed_3\predictions\job.csv
selected_plan_cost_runtime,MSCN,JOB,32a,3,1.16717256398955,-0.06713507031104146,C:\Users\vanya\Documents\DATA_SYS_LAB\test44\final_benchmarks\final_paper_results\cost_mscn_selected_plan\seed_3\predictions\job.csv
selected_plan_cost_runtime,MSCN,JOB,32b,3,1.2302353461401756,0.08998820066944872,C:\Users\vanya\Documents\DATA_SYS_LAB\test44\final_benchmarks\final_paper_results\cost_mscn_selected_plan\seed_3\predictions\job.csv
selected_plan_cost_runtime,MSCN,JOB,33a,3,12.945317407900324,-1.1121127034236253,C:\Users\vanya\Documents\DATA_SYS_LAB\test44\final_benchmarks\final_paper_results\cost_mscn_selected_plan\seed_3\predictions\job.csv
selected_plan_cost_runtime,MSCN,JOB,33b,3,5.262034960480312,-0.7211537291721939,C:\Users\vanya\Documents\DATA_SYS_LAB\test44\final_benchmarks\final_paper_results\cost_mscn_selected_plan\seed_3\predictions\job.csv
selected_plan_cost_runtime,MSCN,JOB,33c,3,6.796522904104318,-0.8322867847983714,C:\Users\vanya\Documents\DATA_SYS_LAB\test44\final_benchmarks\final_paper_results\cost_mscn_selected_plan\seed_3\predictions\job.csv
selected_plan_cost_runtime,MSCN,JOB-Complex,01,3,1.2131045935190385,-0.08389824722260458,C:\Users\vanya\Documents\DATA_SYS_LAB\test44\final_benchmarks\final_paper_results\cost_mscn_selected_plan\seed_3\predictions\job_complex.csv
selected_plan_cost_runtime,MSCN,JOB-Complex,02,3,1.410462798896326,-0.14936163608010852,C:\Users\vanya\Documents\DATA_SYS_LAB\test44\final_benchmarks\final_paper_results\cost_mscn_selected_plan\seed_3\predictions\job_complex.csv
selected_plan_cost_runtime,MSCN,JOB-Complex,03,3,1.2260953594961796,-0.08852424872436719,C:\Users\vanya\Documents\DATA_SYS_LAB\test44\final_benchmarks\final_paper_results\cost_mscn_selected_plan\seed_3\predictions\job_complex.csv
selected_plan_cost_runtime,MSCN,JOB-Complex,04,3,1.227127475941953,-0.0888896802677662,C:\Users\vanya\Documents\DATA_SYS_LAB\test44\final_benchmarks\final_paper_results\cost_mscn_selected_plan\seed_3\predictions\job_complex.csv
selected_plan_cost_runtime,MSCN,JOB-Complex,05,3,2.065399536110332,-0.31500407514217155,C:\Users\vanya\Documents\DATA_SYS_LAB\test44\final_benchmarks\final_paper_results\cost_mscn_selected_plan\seed_3\predictions\job_complex.csv
selected_plan_cost_runtime,MSCN,JOB-Complex,06,3,1.067404076466706,-0.028328857061924607,C:\Users\vanya\Documents\DATA_SYS_LAB\test44\final_benchmarks\final_paper_results\cost_mscn_selected_plan\seed_3\predictions\job_complex.csv
selected_plan_cost_runtime,MSCN,JOB-Complex,07,3,1.296629563051632,-0.11281591925965528,C:\Users\vanya\Documents\DATA_SYS_LAB\test44\final_benchmarks\final_paper_results\cost_mscn_selected_plan\seed_3\predictions\job_complex.csv
selected_plan_cost_runtime,MSCN,JOB-Complex,08,3,2.420957818769295,-0.38398722263655977,C:\Users\vanya\Documents\DATA_SYS_LAB\test44\final_benchmarks\final_paper_results\cost_mscn_selected_plan\seed_3\predictions\job_complex.csv
selected_plan_cost_runtime,MSCN,JOB-Complex,09,3,1.9270327885181537,-0.2848891042513831,C:\Users\vanya\Documents\DATA_SYS_LAB\test44\final_benchmarks\final_paper_results\cost_mscn_selected_plan\seed_3\predictions\job_complex.csv
selected_plan_cost_runtime,MSCN,JOB-Complex,10,3,1.5491655645990066,0.19009783476973452,C:\Users\vanya\Documents\DATA_SYS_LAB\test44\final_benchmarks\final_paper_results\cost_mscn_selected_plan\seed_3\predictions\job_complex.csv
selected_plan_cost_runtime,MSCN,JOB-Complex,11,3,1.8436307590575782,-0.2656739452636879,C:\Users\vanya\Documents\DATA_SYS_LAB\test44\final_benchmarks\final_paper_results\cost_mscn_selected_plan\seed_3\predictions\job_complex.csv
selected_plan_cost_runtime,MSCN,JOB-Complex,12,3,2.133234527953648,0.32903860444004646,C:\Users\vanya\Documents\DATA_SYS_LAB\test44\final_benchmarks\final_paper_results\cost_mscn_selected_plan\seed_3\predictions\job_complex.csv
selected_plan_cost_runtime,MSCN,JOB-Complex,13,3,1.8797389712127353,-0.2740975454165367,C:\Users\vanya\Documents\DATA_SYS_LAB\test44\final_benchmarks\final_paper_results\cost_mscn_selected_plan\seed_3\predictions\job_complex.csv
selected_plan_cost_runtime,MSCN,JOB-Complex,14,3,9.641134708414793,-0.9841281509777473,C:\Users\vanya\Documents\DATA_SYS_LAB\test44\final_benchmarks\final_paper_results\cost_mscn_selected_plan\seed_3\predictions\job_complex.csv
selected_plan_cost_runtime,MSCN,JOB-Complex,15,3,3.4527030437419746,-0.5381592276370099,C:\Users\vanya\Documents\DATA_SYS_LAB\test44\final_benchmarks\final_paper_results\cost_mscn_selected_plan\seed_3\predictions\job_complex.csv
selected_plan_cost_runtime,MSCN,JOB-Complex,16,3,1.510458559544326,-0.1791088146088958,C:\Users\vanya\Documents\DATA_SYS_LAB\test44\final_benchmarks\final_paper_results\cost_mscn_selected_plan\seed_3\predictions\job_complex.csv
selected_plan_cost_runtime,MSCN,JOB-Complex,17,3,2.9425268879678286,-0.46872043999217766,C:\Users\vanya\Documents\DATA_SYS_LAB\test44\final_benchmarks\final_paper_results\cost_mscn_selected_plan\seed_3\predictions\job_complex.csv
selected_plan_cost_runtime,MSCN,JOB-Complex,18,3,1.897176760501358,0.278107796114855,C:\Users\vanya\Documents\DATA_SYS_LAB\test44\final_benchmarks\final_paper_results\cost_mscn_selected_plan\seed_3\predictions\job_complex.csv
selected_plan_cost_runtime,MSCN,JOB-Complex,19,3,1.1408134566034278,0.057214635311214394,C:\Users\vanya\Documents\DATA_SYS_LAB\test44\final_benchmarks\final_paper_results\cost_mscn_selected_plan\seed_3\predictions\job_complex.csv
selected_plan_cost_runtime,MSCN,JOB-Complex,20,3,1.016103048232746,-0.006937754217038967,C:\Users\vanya\Documents\DATA_SYS_LAB\test44\final_benchmarks\final_paper_results\cost_mscn_selected_plan\seed_3\predictions\job_complex.csv
selected_plan_cost_runtime,MSCN,JOB-Complex,21,3,1.0326894085762297,0.013969722851760466,C:\Users\vanya\Documents\DATA_SYS_LAB\test44\final_benchmarks\final_paper_results\cost_mscn_selected_plan\seed_3\predictions\job_complex.csv
selected_plan_cost_runtime,MSCN,JOB-Complex,22,3,3.5838063481422537,-0.5543445344149138,C:\Users\vanya\Documents\DATA_SYS_LAB\test44\final_benchmarks\final_paper_results\cost_mscn_selected_plan\seed_3\predictions\job_complex.csv
selected_plan_cost_runtime,MSCN,JOB-Complex,23,3,1.0293810321666885,0.012576161484351398,C:\Users\vanya\Documents\DATA_SYS_LAB\test44\final_benchmarks\final_paper_results\cost_mscn_selected_plan\seed_3\predictions\job_complex.csv
selected_plan_cost_runtime,MSCN,JOB-Complex,24,3,1.6162558759943628,-0.20851011679473885,C:\Users\vanya\Documents\DATA_SYS_LAB\test44\final_benchmarks\final_paper_results\cost_mscn_selected_plan\seed_3\predictions\job_complex.csv
selected_plan_cost_runtime,MSCN,JOB-Complex,25,3,1.0675688535703798,0.028395894714725506,C:\Users\vanya\Documents\DATA_SYS_LAB\test44\final_benchmarks\final_paper_results\cost_mscn_selected_plan\seed_3\predictions\job_complex.csv
selected_plan_cost_runtime,MSCN,JOB-Complex,26,3,4.903475343807023,0.6905039958743543,C:\Users\vanya\Documents\DATA_SYS_LAB\test44\final_benchmarks\final_paper_results\cost_mscn_selected_plan\seed_3\predictions\job_complex.csv
selected_plan_cost_runtime,MSCN,JOB-Complex,27,3,1.232407828272648,0.0907544482986,C:\Users\vanya\Documents\DATA_SYS_LAB\test44\final_benchmarks\final_paper_results\cost_mscn_selected_plan\seed_3\predictions\job_complex.csv
selected_plan_cost_runtime,MSCN,JOB-Complex,28,3,3.4870438013583764,0.5424574026581012,C:\Users\vanya\Documents\DATA_SYS_LAB\test44\final_benchmarks\final_paper_results\cost_mscn_selected_plan\seed_3\predictions\job_complex.csv
selected_plan_cost_runtime,MSCN,JOB-Complex,29,3,1.2937936435879456,-0.11186501311961773,C:\Users\vanya\Documents\DATA_SYS_LAB\test44\final_benchmarks\final_paper_results\cost_mscn_selected_plan\seed_3\predictions\job_complex.csv
selected_plan_cost_runtime,MSCN,JOB-Complex,30,3,1.253880743248786,0.09825623265745542,C:\Users\vanya\Documents\DATA_SYS_LAB\test44\final_benchmarks\final_paper_results\cost_mscn_selected_plan\seed_3\predictions\job_complex.csv
