workload,query_id,source_present,adapted_present,structure_match_after_literal_normalization,valid_sql_status_ok,target_actual,nonzero_result,source_structure,adapted_structure
JOB-Light,01,True,True,True,True,438.0,True,"select count(*) from movie_companies mc,title t,movie_info_idx mi_idx where t.id=mc.movie_id and t.id=mi_idx.movie_id and mi_idx.info_type_id=__num__ and mc.company_type_id=__num__","select count(*) from movie_companies mc,title t,movie_info_idx mi_idx where t.id=mc.movie_id and t.id=mi_idx.movie_id and mi_idx.info_type_id=__num__ and mc.company_type_id=__num__"
JOB-Light,02,True,True,True,True,17.0,True,"select count(*) from movie_companies mc,title t,movie_info_idx mi_idx where t.id=mc.movie_id and t.id=mi_idx.movie_id and mi_idx.info_type_id=__num__ and mc.company_type_id=__num__ and t.production_year>__num__ and t.production_year<__num__","select count(*) from movie_companies mc,title t,movie_info_idx mi_idx where t.id=mc.movie_id and t.id=mi_idx.movie_id and mi_idx.info_type_id=__num__ and mc.company_type_id=__num__ and t.production_year>__num__ and t.production_year<__num__"
JOB-Light,03,True,True,True,True,292.0,True,"select count(*) from movie_companies mc,title t,movie_info_idx mi_idx where t.id=mc.movie_id and t.id=mi_idx.movie_id and mi_idx.info_type_id=__num__ and mc.company_type_id=__num__ and t.production_year>__num__","select count(*) from movie_companies mc,title t,movie_info_idx mi_idx where t.id=mc.movie_id and t.id=mi_idx.movie_id and mi_idx.info_type_id=__num__ and mc.company_type_id=__num__ and t.production_year>__num__"
JOB-Light,04,True,True,True,True,17.0,True,"select count(*) from movie_companies mc,title t,movie_info_idx mi_idx where t.id=mc.movie_id and t.id=mi_idx.movie_id and mi_idx.info_type_id=__num__ and mc.company_type_id=__num__ and t.production_year>__num__","select count(*) from movie_companies mc,title t,movie_info_idx mi_idx where t.id=mc.movie_id and t.id=mi_idx.movie_id and mi_idx.info_type_id=__num__ and mc.company_type_id=__num__ and t.production_year>__num__"
JOB-Light,05,True,True,True,True,203084.0,True,"select count(*) from movie_companies mc,title t,movie_keyword mk where t.id=mc.movie_id and t.id=mk.movie_id and mk.keyword_id=__num__","select count(*) from movie_companies mc,title t,movie_keyword mk where t.id=mc.movie_id and t.id=mk.movie_id and mk.keyword_id=__num__"
JOB-Light,06,True,True,True,True,17013873.0,True,"select count(*) from title t,movie_info mi,movie_keyword mk where t.id=mi.movie_id and t.id=mk.movie_id and t.production_year>__num__","select count(*) from title t,movie_info mi,movie_keyword mk where t.id=mi.movie_id and t.id=mk.movie_id and t.production_year>__num__"
JOB-Light,07,True,True,True,True,15420303.0,True,"select count(*) from title t,movie_info mi,movie_keyword mk where t.id=mi.movie_id and t.id=mk.movie_id and t.production_year>__num__","select count(*) from title t,movie_info mi,movie_keyword mk where t.id=mi.movie_id and t.id=mk.movie_id and t.production_year>__num__"
JOB-Light,08,True,True,True,True,18552433.0,True,"select count(*) from title t,movie_info mi,movie_keyword mk where t.id=mi.movie_id and t.id=mk.movie_id and t.production_year>__num__","select count(*) from title t,movie_info mi,movie_keyword mk where t.id=mi.movie_id and t.id=mk.movie_id and t.production_year>__num__"
JOB-Light,09,True,True,True,True,1098528.0,True,"select count(*) from title t,movie_info_idx mi_idx,movie_keyword mk where t.id=mi_idx.movie_id and t.id=mk.movie_id and t.production_year>__num__ and mi_idx.info_type_id=__num__","select count(*) from title t,movie_info_idx mi_idx,movie_keyword mk where t.id=mi_idx.movie_id and t.id=mk.movie_id and t.production_year>__num__ and mi_idx.info_type_id=__num__"
JOB-Light,10,True,True,True,True,1015348.0,True,"select count(*) from title t,movie_info_idx mi_idx,movie_keyword mk where t.id=mi_idx.movie_id and t.id=mk.movie_id and t.production_year>__num__ and mi_idx.info_type_id=__num__","select count(*) from title t,movie_info_idx mi_idx,movie_keyword mk where t.id=mi_idx.movie_id and t.id=mk.movie_id and t.production_year>__num__ and mi_idx.info_type_id=__num__"
JOB-Light,11,True,True,True,True,1178227.0,True,"select count(*) from title t,movie_info_idx mi_idx,movie_keyword mk where t.id=mi_idx.movie_id and t.id=mk.movie_id and t.production_year>__num__ and mi_idx.info_type_id=__num__","select count(*) from title t,movie_info_idx mi_idx,movie_keyword mk where t.id=mi_idx.movie_id and t.id=mk.movie_id and t.production_year>__num__ and mi_idx.info_type_id=__num__"
JOB-Light,12,True,True,True,True,3482772.0,True,"select count(*) from title t,movie_info mi,movie_companies mc where t.id=mi.movie_id and t.id=mc.movie_id and t.production_year>__num__ and mc.company_type_id=__num__","select count(*) from title t,movie_info mi,movie_companies mc where t.id=mi.movie_id and t.id=mc.movie_id and t.production_year>__num__ and mc.company_type_id=__num__"
JOB-Light,13,True,True,True,True,3173601.0,True,"select count(*) from title t,movie_info mi,movie_companies mc where t.id=mi.movie_id and t.id=mc.movie_id and t.production_year>__num__ and mc.company_type_id=__num__","select count(*) from title t,movie_info mi,movie_companies mc where t.id=mi.movie_id and t.id=mc.movie_id and t.production_year>__num__ and mc.company_type_id=__num__"
JOB-Light,14,True,True,True,True,3773106.0,True,"select count(*) from title t,movie_info mi,movie_companies mc where t.id=mi.movie_id and t.id=mc.movie_id and t.production_year>__num__ and mc.company_type_id=__num__","select count(*) from title t,movie_info mi,movie_companies mc where t.id=mi.movie_id and t.id=mc.movie_id and t.production_year>__num__ and mc.company_type_id=__num__"
JOB-Light,15,True,True,True,True,200497.0,True,"select count(*) from movie_keyword mk,title t,cast_info ci where t.id=mk.movie_id and t.id=ci.movie_id and t.production_year>__num__ and mk.keyword_id=__num__","select count(*) from movie_keyword mk,title t,cast_info ci where t.id=mk.movie_id and t.id=ci.movie_id and t.production_year>__num__ and mk.keyword_id=__num__"
JOB-Light,16,True,True,True,True,16683309.0,True,"select count(*) from movie_keyword mk,title t,cast_info ci where t.id=mk.movie_id and t.id=ci.movie_id and t.production_year>__num__","select count(*) from movie_keyword mk,title t,cast_info ci where t.id=mk.movie_id and t.id=ci.movie_id and t.production_year>__num__"
JOB-Light,17,True,True,True,True,193667.0,True,"select count(*) from movie_keyword mk,title t,cast_info ci where t.id=mk.movie_id and t.id=ci.movie_id and t.production_year>__num__ and mk.keyword_id=__num__","select count(*) from movie_keyword mk,title t,cast_info ci where t.id=mk.movie_id and t.id=ci.movie_id and t.production_year>__num__ and mk.keyword_id=__num__"
JOB-Light,18,True,True,True,True,219974.0,True,"select count(*) from movie_keyword mk,title t,cast_info ci where t.id=mk.movie_id and t.id=ci.movie_id and t.production_year>__num__ and mk.keyword_id=__num__","select count(*) from movie_keyword mk,title t,cast_info ci where t.id=mk.movie_id and t.id=ci.movie_id and t.production_year>__num__ and mk.keyword_id=__num__"
JOB-Light,19,True,True,True,True,21561940.0,True,"select count(*) from movie_keyword mk,title t,cast_info ci where t.id=mk.movie_id and t.id=ci.movie_id and t.production_year>__num__","select count(*) from movie_keyword mk,title t,cast_info ci where t.id=mk.movie_id and t.id=ci.movie_id and t.production_year>__num__"
JOB-Light,20,True,True,True,True,460745.0,True,"select count(*) from cast_info ci,title t where t.id=ci.movie_id and t.production_year>__num__ and t.production_year<__num__","select count(*) from cast_info ci,title t where t.id=ci.movie_id and t.production_year>__num__ and t.production_year<__num__"
JOB-Light,21,True,True,True,True,92578.0,True,"select count(*) from cast_info ci,title t where t.id=ci.movie_id and t.production_year>__num__ and t.production_year<__num__","select count(*) from cast_info ci,title t where t.id=ci.movie_id and t.production_year>__num__ and t.production_year<__num__"
JOB-Light,22,True,True,True,True,287489.0,True,"select count(*) from cast_info ci,title t where t.id=ci.movie_id and t.production_year>__num__ and t.production_year<__num__","select count(*) from cast_info ci,title t where t.id=ci.movie_id and t.production_year>__num__ and t.production_year<__num__"
JOB-Light,23,True,True,True,True,1309686.0,True,"select count(*) from cast_info ci,title t,movie_companies mc where t.id=ci.movie_id and t.id=mc.movie_id and ci.role_id=__num__","select count(*) from cast_info ci,title t,movie_companies mc where t.id=ci.movie_id and t.id=mc.movie_id and ci.role_id=__num__"
JOB-Light,24,True,True,True,True,467541.0,True,"select count(*) from cast_info ci,title t,movie_companies mc where t.id=ci.movie_id and t.id=mc.movie_id and ci.role_id=__num__","select count(*) from cast_info ci,title t,movie_companies mc where t.id=ci.movie_id and t.id=mc.movie_id and ci.role_id=__num__"
JOB-Light,25,True,True,True,True,102678.0,True,"select count(*) from cast_info ci,title t,movie_companies mc where t.id=ci.movie_id and t.id=mc.movie_id and ci.role_id=__num__","select count(*) from cast_info ci,title t,movie_companies mc where t.id=ci.movie_id and t.id=mc.movie_id and ci.role_id=__num__"
JOB-Light,26,True,True,True,True,117894.0,True,"select count(*) from cast_info ci,title t,movie_companies mc where t.id=ci.movie_id and t.id=mc.movie_id and t.production_year>__num__ and t.production_year<__num__ and ci.role_id=__num__","select count(*) from cast_info ci,title t,movie_companies mc where t.id=ci.movie_id and t.id=mc.movie_id and t.production_year>__num__ and t.production_year<__num__ and ci.role_id=__num__"
JOB-Light,27,True,True,True,True,23655.0,True,"select count(*) from cast_info ci,title t,movie_companies mc where t.id=ci.movie_id and t.id=mc.movie_id and t.production_year>__num__ and t.production_year<__num__ and ci.role_id=__num__","select count(*) from cast_info ci,title t,movie_companies mc where t.id=ci.movie_id and t.id=mc.movie_id and t.production_year>__num__ and t.production_year<__num__ and ci.role_id=__num__"
JOB-Light,28,True,True,True,True,1670191.0,True,"select count(*) from title t,cast_info ci,movie_companies mc where t.id=mc.movie_id and t.id=ci.movie_id and t.production_year>__num__ and ci.role_id=__num__","select count(*) from title t,cast_info ci,movie_companies mc where t.id=mc.movie_id and t.id=ci.movie_id and t.production_year>__num__ and ci.role_id=__num__"
JOB-Light,29,True,True,True,True,1572126.0,True,"select count(*) from title t,cast_info ci,movie_companies mc where t.id=mc.movie_id and t.id=ci.movie_id and t.production_year>__num__ and ci.role_id=__num__","select count(*) from title t,cast_info ci,movie_companies mc where t.id=mc.movie_id and t.id=ci.movie_id and t.production_year>__num__ and ci.role_id=__num__"
JOB-Light,30,True,True,True,True,5919897.0,True,"select count(*) from title t,cast_info ci,movie_companies mc where t.id=mc.movie_id and t.id=ci.movie_id and t.production_year>__num__","select count(*) from title t,cast_info ci,movie_companies mc where t.id=mc.movie_id and t.id=ci.movie_id and t.production_year>__num__"
JOB-Light,31,True,True,True,True,7377.0,True,"select count(*) from title t,movie_keyword mk,movie_companies mc where t.id=mk.movie_id and t.id=mc.movie_id and mk.keyword_id=__num__ and mc.company_type_id=__num__ and t.production_year>__num__ and t.production_year<__num__","select count(*) from title t,movie_keyword mk,movie_companies mc where t.id=mk.movie_id and t.id=mc.movie_id and mk.keyword_id=__num__ and mc.company_type_id=__num__ and t.production_year>__num__ and t.production_year<__num__"
JOB-Light,32,True,True,True,True,8934.0,True,"select count(*) from title t,movie_keyword mk,movie_companies mc where t.id=mk.movie_id and t.id=mc.movie_id and mk.keyword_id=__num__ and mc.company_type_id=__num__","select count(*) from title t,movie_keyword mk,movie_companies mc where t.id=mk.movie_id and t.id=mc.movie_id and mk.keyword_id=__num__ and mc.company_type_id=__num__"
JOB-Light,33,True,True,True,True,2655026.0,True,"select count(*) from title t,movie_keyword mk,movie_companies mc where t.id=mk.movie_id and t.id=mc.movie_id and t.production_year>__num__","select count(*) from title t,movie_keyword mk,movie_companies mc where t.id=mk.movie_id and t.id=mc.movie_id and t.production_year>__num__"
JOB-Light,34,True,True,True,True,5549.0,True,"select count(*) from title t,movie_info mi,movie_info_idx mi_idx,movie_companies mc where t.id=mi.movie_id and t.id=mi_idx.movie_id and t.id=mc.movie_id and mi_idx.info_type_id=__num__ and mi.info_type_id=__num__ and t.production_year>__num__ and t.production_year<__num__ and mc.company_type_id=__num__","select count(*) from title t,movie_info mi,movie_info_idx mi_idx,movie_companies mc where t.id=mi.movie_id and t.id=mi_idx.movie_id and t.id=mc.movie_id and mi_idx.info_type_id=__num__ and mi.info_type_id=__num__ and t.production_year>__num__ and t.production_year<__num__ and mc.company_type_id=__num__"
JOB-Light,35,True,True,True,True,21.0,True,"select count(*) from title t,movie_info mi,movie_info_idx mi_idx,movie_companies mc where t.id=mi.movie_id and t.id=mi_idx.movie_id and t.id=mc.movie_id and mi_idx.info_type_id=__num__ and mi.info_type_id=__num__","select count(*) from title t,movie_info mi,movie_info_idx mi_idx,movie_companies mc where t.id=mi.movie_id and t.id=mi_idx.movie_id and t.id=mc.movie_id and mi_idx.info_type_id=__num__ and mi.info_type_id=__num__"
JOB-Light,36,True,True,True,True,26285.0,True,"select count(*) from title t,movie_info mi,movie_info_idx mi_idx,movie_companies mc where t.id=mi.movie_id and t.id=mi_idx.movie_id and t.id=mc.movie_id and mi_idx.info_type_id=__num__ and mi.info_type_id=__num__ and t.production_year>__num__ and t.production_year<__num__ and mc.company_type_id=__num__","select count(*) from title t,movie_info mi,movie_info_idx mi_idx,movie_companies mc where t.id=mi.movie_id and t.id=mi_idx.movie_id and t.id=mc.movie_id and mi_idx.info_type_id=__num__ and mi.info_type_id=__num__ and t.production_year>__num__ and t.production_year<__num__ and mc.company_type_id=__num__"
JOB-Light,37,True,True,True,True,967101.0,True,"select count(*) from title t,movie_info mi,movie_companies mc,movie_info_idx mi_idx where t.id=mi.movie_id and t.id=mc.movie_id and t.id=mi_idx.movie_id and t.kind_id=__num__ and mc.company_type_id=__num__ and mi_idx.info_type_id=__num__ and mi.info_type_id=__num__","select count(*) from title t,movie_info mi,movie_companies mc,movie_info_idx mi_idx where t.id=mi.movie_id and t.id=mc.movie_id and t.id=mi_idx.movie_id and t.kind_id=__num__ and mc.company_type_id=__num__ and mi_idx.info_type_id=__num__ and mi.info_type_id=__num__"
JOB-Light,38,True,True,True,True,747410.0,True,"select count(*) from title t,movie_info mi,movie_info_idx mi_idx,movie_keyword mk where t.id=mi.movie_id and t.id=mk.movie_id and t.id=mi_idx.movie_id and t.production_year>__num__ and t.kind_id=__num__ and mi.info_type_id=__num__ and mi_idx.info_type_id=__num__","select count(*) from title t,movie_info mi,movie_info_idx mi_idx,movie_keyword mk where t.id=mi.movie_id and t.id=mk.movie_id and t.id=mi_idx.movie_id and t.production_year>__num__ and t.kind_id=__num__ and mi.info_type_id=__num__ and mi_idx.info_type_id=__num__"
JOB-Light,39,True,True,True,True,924454.0,True,"select count(*) from title t,movie_info mi,movie_info_idx mi_idx,movie_keyword mk where t.id=mi.movie_id and t.id=mk.movie_id and t.id=mi_idx.movie_id and t.kind_id=__num__ and mi.info_type_id=__num__ and mi_idx.info_type_id=__num__","select count(*) from title t,movie_info mi,movie_info_idx mi_idx,movie_keyword mk where t.id=mi.movie_id and t.id=mk.movie_id and t.id=mi_idx.movie_id and t.kind_id=__num__ and mi.info_type_id=__num__ and mi_idx.info_type_id=__num__"
JOB-Light,40,True,True,True,True,1096513.0,True,"select count(*) from title t,movie_info mi,movie_info_idx mi_idx,movie_keyword mk where t.id=mi.movie_id and t.id=mk.movie_id and t.id=mi_idx.movie_id and t.production_year>__num__ and mi.info_type_id=__num__ and mi_idx.info_type_id=__num__","select count(*) from title t,movie_info mi,movie_info_idx mi_idx,movie_keyword mk where t.id=mi.movie_id and t.id=mk.movie_id and t.id=mi_idx.movie_id and t.production_year>__num__ and mi.info_type_id=__num__ and mi_idx.info_type_id=__num__"
JOB-Light,41,True,True,True,True,13054143.0,True,"select count(*) from title t,movie_info mi,movie_companies mc,movie_keyword mk where t.id=mi.movie_id and t.id=mk.movie_id and t.id=mc.movie_id and mi.info_type_id=__num__ and t.production_year>__num__","select count(*) from title t,movie_info mi,movie_companies mc,movie_keyword mk where t.id=mi.movie_id and t.id=mk.movie_id and t.id=mc.movie_id and mi.info_type_id=__num__ and t.production_year>__num__"
JOB-Light,42,True,True,True,True,790343.0,True,"select count(*) from title t,movie_info mi,movie_companies mc,movie_keyword mk where t.id=mi.movie_id and t.id=mk.movie_id and t.id=mc.movie_id and mi.info_type_id=__num__ and t.production_year>__num__ and t.production_year<__num__","select count(*) from title t,movie_info mi,movie_companies mc,movie_keyword mk where t.id=mi.movie_id and t.id=mk.movie_id and t.id=mc.movie_id and mi.info_type_id=__num__ and t.production_year>__num__ and t.production_year<__num__"
JOB-Light,43,True,True,True,True,13054143.0,True,"select count(*) from title t,movie_info mi,movie_companies mc,movie_keyword mk where t.id=mi.movie_id and t.id=mk.movie_id and t.id=mc.movie_id and mi.info_type_id=__num__ and t.production_year>__num__","select count(*) from title t,movie_info mi,movie_companies mc,movie_keyword mk where t.id=mi.movie_id and t.id=mk.movie_id and t.id=mc.movie_id and mi.info_type_id=__num__ and t.production_year>__num__"
JOB-Light,44,True,True,True,True,1222418.0,True,"select count(*) from cast_info ci,title t,movie_keyword mk,movie_companies mc where t.id=ci.movie_id and t.id=mk.movie_id and t.id=mc.movie_id and mk.keyword_id=__num__","select count(*) from cast_info ci,title t,movie_keyword mk,movie_companies mc where t.id=ci.movie_id and t.id=mk.movie_id and t.id=mc.movie_id and mk.keyword_id=__num__"
JOB-Light,45,True,True,True,True,1928530.0,True,"select count(*) from title t,movie_info mi,movie_info_idx mi_idx,cast_info ci where t.id=mi.movie_id and t.id=mi_idx.movie_id and t.id=ci.movie_id and mi.info_type_id=__num__ and mi_idx.info_type_id=__num__","select count(*) from title t,movie_info mi,movie_info_idx mi_idx,cast_info ci where t.id=mi.movie_id and t.id=mi_idx.movie_id and t.id=ci.movie_id and mi.info_type_id=__num__ and mi_idx.info_type_id=__num__"
JOB-Light,46,True,True,True,True,172763.0,True,"select count(*) from title t,movie_info mi,movie_info_idx mi_idx,cast_info ci where t.id=mi.movie_id and t.id=mi_idx.movie_id and t.id=ci.movie_id and mi.info_type_id=__num__ and mi_idx.info_type_id=__num__ and t.production_year>__num__ and t.production_year<__num__","select count(*) from title t,movie_info mi,movie_info_idx mi_idx,cast_info ci where t.id=mi.movie_id and t.id=mi_idx.movie_id and t.id=ci.movie_id and mi.info_type_id=__num__ and mi_idx.info_type_id=__num__ and t.production_year>__num__ and t.production_year<__num__"
JOB-Light,47,True,True,True,True,2801964.0,True,"select count(*) from title t,movie_info mi,movie_info_idx mi_idx,cast_info ci where t.id=mi.movie_id and t.id=mi_idx.movie_id and t.id=ci.movie_id and mi.info_type_id=__num__ and mi_idx.info_type_id=__num__","select count(*) from title t,movie_info mi,movie_info_idx mi_idx,cast_info ci where t.id=mi.movie_id and t.id=mi_idx.movie_id and t.id=ci.movie_id and mi.info_type_id=__num__ and mi_idx.info_type_id=__num__"
JOB-Light,48,True,True,True,True,205972.0,True,"select count(*) from title t,movie_info mi,movie_companies mc,cast_info ci where t.id=mi.movie_id and t.id=mc.movie_id and t.id=ci.movie_id and ci.role_id=__num__ and mi.info_type_id=__num__ and t.production_year>__num__ and t.production_year<__num__","select count(*) from title t,movie_info mi,movie_companies mc,cast_info ci where t.id=mi.movie_id and t.id=mc.movie_id and t.id=ci.movie_id and ci.role_id=__num__ and mi.info_type_id=__num__ and t.production_year>__num__ and t.production_year<__num__"
JOB-Light,49,True,True,True,True,4967349.0,True,"select count(*) from title t,movie_info mi,movie_companies mc,cast_info ci where t.id=mi.movie_id and t.id=mc.movie_id and t.id=ci.movie_id and ci.role_id=__num__ and mi.info_type_id=__num__","select count(*) from title t,movie_info mi,movie_companies mc,cast_info ci where t.id=mi.movie_id and t.id=mc.movie_id and t.id=ci.movie_id and ci.role_id=__num__ and mi.info_type_id=__num__"
JOB-Light,50,True,True,True,True,4891721.0,True,"select count(*) from title t,movie_info mi,movie_companies mc,cast_info ci where t.id=mi.movie_id and t.id=mc.movie_id and t.id=ci.movie_id and ci.role_id=__num__ and mi.info_type_id=__num__ and t.production_year>__num__","select count(*) from title t,movie_info mi,movie_companies mc,cast_info ci where t.id=mi.movie_id and t.id=mc.movie_id and t.id=ci.movie_id and ci.role_id=__num__ and mi.info_type_id=__num__ and t.production_year>__num__"
JOB-Light,51,True,True,True,True,19966223.0,True,"select count(*) from title t,cast_info ci,movie_keyword mk where t.id=mk.movie_id and t.id=ci.movie_id and t.production_year>__num__ and t.kind_id=__num__","select count(*) from title t,cast_info ci,movie_keyword mk where t.id=mk.movie_id and t.id=ci.movie_id and t.production_year>__num__ and t.kind_id=__num__"
JOB-Light,52,True,True,True,True,19966223.0,True,"select count(*) from title t,cast_info ci,movie_keyword mk where t.id=mk.movie_id and t.id=ci.movie_id and t.production_year>__num__ and t.kind_id=__num__","select count(*) from title t,cast_info ci,movie_keyword mk where t.id=mk.movie_id and t.id=ci.movie_id and t.production_year>__num__ and t.kind_id=__num__"
JOB-Light,53,True,True,True,True,29508.0,True,"select count(*) from title t,movie_keyword mk,movie_companies mc,movie_info mi where t.id=mk.movie_id and t.id=mc.movie_id and t.id=mi.movie_id and mk.keyword_id=__num__ and mc.company_type_id=__num__ and t.production_year>__num__ and t.production_year<__num__","select count(*) from title t,movie_keyword mk,movie_companies mc,movie_info mi where t.id=mk.movie_id and t.id=mc.movie_id and t.id=mi.movie_id and mk.keyword_id=__num__ and mc.company_type_id=__num__ and t.production_year>__num__ and t.production_year<__num__"
JOB-Light,54,True,True,True,True,29508.0,True,"select count(*) from title t,movie_keyword mk,movie_companies mc,movie_info mi where t.id=mk.movie_id and t.id=mc.movie_id and t.id=mi.movie_id and mk.keyword_id=__num__ and mc.company_type_id=__num__ and t.production_year>__num__ and t.production_year<__num__","select count(*) from title t,movie_keyword mk,movie_companies mc,movie_info mi where t.id=mk.movie_id and t.id=mc.movie_id and t.id=mi.movie_id and mk.keyword_id=__num__ and mc.company_type_id=__num__ and t.production_year>__num__ and t.production_year<__num__"
JOB-Light,55,True,True,True,True,29508.0,True,"select count(*) from title t,movie_keyword mk,movie_companies mc,movie_info mi where t.id=mk.movie_id and t.id=mc.movie_id and t.id=mi.movie_id and mk.keyword_id=__num__ and mc.company_type_id=__num__ and t.production_year>__num__ and t.production_year<__num__","select count(*) from title t,movie_keyword mk,movie_companies mc,movie_info mi where t.id=mk.movie_id and t.id=mc.movie_id and t.id=mi.movie_id and mk.keyword_id=__num__ and mc.company_type_id=__num__ and t.production_year>__num__ and t.production_year<__num__"
JOB-Light,56,True,True,True,True,2348701.0,True,"select count(*) from title t,movie_info mi,movie_info_idx mi_idx,movie_keyword mk,movie_companies mc where t.id=mi.movie_id and t.id=mk.movie_id and t.id=mi_idx.movie_id and t.id=mc.movie_id and t.production_year>__num__ and mi.info_type_id=__num__ and mi_idx.info_type_id=__num__","select count(*) from title t,movie_info mi,movie_info_idx mi_idx,movie_keyword mk,movie_companies mc where t.id=mi.movie_id and t.id=mk.movie_id and t.id=mi_idx.movie_id and t.id=mc.movie_id and t.production_year>__num__ and mi.info_type_id=__num__ and mi_idx.info_type_id=__num__"
JOB-Light,57,True,True,True,True,2313305.0,True,"select count(*) from title t,movie_info mi,movie_info_idx mi_idx,movie_keyword mk,movie_companies mc where t.id=mi.movie_id and t.id=mk.movie_id and t.id=mi_idx.movie_id and t.id=mc.movie_id and t.production_year>__num__ and mi.info_type_id=__num__ and mi_idx.info_type_id=__num__","select count(*) from title t,movie_info mi,movie_info_idx mi_idx,movie_keyword mk,movie_companies mc where t.id=mi.movie_id and t.id=mk.movie_id and t.id=mi_idx.movie_id and t.id=mc.movie_id and t.production_year>__num__ and mi.info_type_id=__num__ and mi_idx.info_type_id=__num__"
JOB-Light,58,True,True,True,True,40027953.0,True,"select count(*) from title t,movie_info mi,movie_companies mc,cast_info ci,movie_keyword mk where t.id=mi.movie_id and t.id=mc.movie_id and t.id=ci.movie_id and t.id=mk.movie_id and ci.role_id=__num__ and mi.info_type_id=__num__ and t.production_year>__num__","select count(*) from title t,movie_info mi,movie_companies mc,cast_info ci,movie_keyword mk where t.id=mi.movie_id and t.id=mc.movie_id and t.id=ci.movie_id and t.id=mk.movie_id and ci.role_id=__num__ and mi.info_type_id=__num__ and t.production_year>__num__"
JOB-Light,59,True,True,True,True,366900.0,True,"select count(*) from title t,movie_info mi,movie_companies mc,cast_info ci,movie_keyword mk where t.id=mi.movie_id and t.id=mc.movie_id and t.id=ci.movie_id and t.id=mk.movie_id and ci.role_id=__num__ and mi.info_type_id=__num__ and t.production_year>__num__ and mc.company_id=__num__","select count(*) from title t,movie_info mi,movie_companies mc,cast_info ci,movie_keyword mk where t.id=mi.movie_id and t.id=mc.movie_id and t.id=ci.movie_id and t.id=mk.movie_id and ci.role_id=__num__ and mi.info_type_id=__num__ and t.production_year>__num__ and mc.company_id=__num__"
JOB-Light,60,True,True,True,True,48779363.0,True,"select count(*) from title t,movie_info mi,movie_companies mc,cast_info ci,movie_keyword mk where t.id=mi.movie_id and t.id=mc.movie_id and t.id=ci.movie_id and t.id=mk.movie_id and ci.role_id=__num__ and mi.info_type_id=__num__ and t.production_year>__num__","select count(*) from title t,movie_info mi,movie_companies mc,cast_info ci,movie_keyword mk where t.id=mi.movie_id and t.id=mc.movie_id and t.id=ci.movie_id and t.id=mk.movie_id and ci.role_id=__num__ and mi.info_type_id=__num__ and t.production_year>__num__"
JOB-Light,61,True,True,True,True,21891087.0,True,"select count(*) from title t,movie_info mi,movie_info_idx mi_idx,cast_info ci,movie_keyword mk where t.id=mi.movie_id and t.id=mi_idx.movie_id and t.id=ci.movie_id and t.id=mk.movie_id and mi.info_type_id=__num__ and mi_idx.info_type_id=__num__","select count(*) from title t,movie_info mi,movie_info_idx mi_idx,cast_info ci,movie_keyword mk where t.id=mi.movie_id and t.id=mi_idx.movie_id and t.id=ci.movie_id and t.id=mk.movie_id and mi.info_type_id=__num__ and mi_idx.info_type_id=__num__"
JOB-Light,62,True,True,True,True,17930645.0,True,"select count(*) from title t,movie_info mi,movie_info_idx mi_idx,cast_info ci,movie_keyword mk where t.id=mi.movie_id and t.id=mi_idx.movie_id and t.id=ci.movie_id and t.id=mk.movie_id and mi.info_type_id=__num__ and mi_idx.info_type_id=__num__ and t.production_year>__num__","select count(*) from title t,movie_info mi,movie_info_idx mi_idx,cast_info ci,movie_keyword mk where t.id=mi.movie_id and t.id=mi_idx.movie_id and t.id=ci.movie_id and t.id=mk.movie_id and mi.info_type_id=__num__ and mi_idx.info_type_id=__num__ and t.production_year>__num__"
JOB-Light,63,True,True,True,True,19966223.0,True,"select count(*) from title t,cast_info ci,movie_keyword mk,movie_info_idx mi_idx where t.id=mk.movie_id and t.id=ci.movie_id and t.id=mi_idx.movie_id and t.production_year>__num__ and t.kind_id=__num__ and mi_idx.info_type_id=__num__","select count(*) from title t,cast_info ci,movie_keyword mk,movie_info_idx mi_idx where t.id=mk.movie_id and t.id=ci.movie_id and t.id=mi_idx.movie_id and t.production_year>__num__ and t.kind_id=__num__ and mi_idx.info_type_id=__num__"
JOB-Light,64,True,True,True,True,18144622.0,True,"select count(*) from title t,cast_info ci,movie_keyword mk,movie_info_idx mi_idx where t.id=mk.movie_id and t.id=ci.movie_id and t.id=mi_idx.movie_id and t.production_year>__num__ and t.kind_id=__num__ and mi_idx.info_type_id=__num__","select count(*) from title t,cast_info ci,movie_keyword mk,movie_info_idx mi_idx where t.id=mk.movie_id and t.id=ci.movie_id and t.id=mi_idx.movie_id and t.production_year>__num__ and t.kind_id=__num__ and mi_idx.info_type_id=__num__"
JOB-Light,65,True,True,True,True,2396.0,True,"select count(*) from title t,movie_keyword mk,movie_companies mc,movie_info mi where t.id=mk.movie_id and t.id=mc.movie_id and t.id=mi.movie_id and mk.keyword_id=__num__ and mc.company_type_id=__num__ and t.production_year=__num__","select count(*) from title t,movie_keyword mk,movie_companies mc,movie_info mi where t.id=mk.movie_id and t.id=mc.movie_id and t.id=mi.movie_id and mk.keyword_id=__num__ and mc.company_type_id=__num__ and t.production_year=__num__"
JOB-Light,66,True,True,True,True,2653011.0,True,"select count(*) from title t,movie_info mi,movie_info_idx mi_idx,movie_keyword mk,movie_companies mc where t.id=mi.movie_id and t.id=mk.movie_id and t.id=mi_idx.movie_id and t.id=mc.movie_id and t.production_year>__num__ and mi.info_type_id=__num__ and mi_idx.info_type_id=__num__","select count(*) from title t,movie_info mi,movie_info_idx mi_idx,movie_keyword mk,movie_companies mc where t.id=mi.movie_id and t.id=mk.movie_id and t.id=mi_idx.movie_id and t.id=mc.movie_id and t.production_year>__num__ and mi.info_type_id=__num__ and mi_idx.info_type_id=__num__"
JOB-Light,67,True,True,True,True,2454569.0,True,"select count(*) from title t,movie_info mi,movie_info_idx mi_idx,movie_keyword mk,movie_companies mc where t.id=mi.movie_id and t.id=mk.movie_id and t.id=mi_idx.movie_id and t.id=mc.movie_id and t.production_year>__num__ and mi.info_type_id=__num__ and mi_idx.info_type_id=__num__","select count(*) from title t,movie_info mi,movie_info_idx mi_idx,movie_keyword mk,movie_companies mc where t.id=mi.movie_id and t.id=mk.movie_id and t.id=mi_idx.movie_id and t.id=mc.movie_id and t.production_year>__num__ and mi.info_type_id=__num__ and mi_idx.info_type_id=__num__"
JOB-Light,68,True,True,True,True,37678.0,True,"select count(*) from title t,movie_info mi,movie_companies mc,cast_info ci,movie_keyword mk where t.id=mi.movie_id and t.id=mc.movie_id and t.id=ci.movie_id and t.id=mk.movie_id and ci.role_id=__num__ and mi.info_type_id=__num__ and t.production_year>__num__ and t.production_year<__num__ and mk.keyword_id=__num__","select count(*) from title t,movie_info mi,movie_companies mc,cast_info ci,movie_keyword mk where t.id=mi.movie_id and t.id=mc.movie_id and t.id=ci.movie_id and t.id=mk.movie_id and ci.role_id=__num__ and mi.info_type_id=__num__ and t.production_year>__num__ and t.production_year<__num__ and mk.keyword_id=__num__"
JOB-Light,69,True,True,True,True,37678.0,True,"select count(*) from title t,movie_info mi,movie_companies mc,cast_info ci,movie_keyword mk where t.id=mi.movie_id and t.id=mc.movie_id and t.id=ci.movie_id and t.id=mk.movie_id and ci.role_id=__num__ and mi.info_type_id=__num__ and t.production_year>__num__ and t.production_year<__num__ and mk.keyword_id=__num__","select count(*) from title t,movie_info mi,movie_companies mc,cast_info ci,movie_keyword mk where t.id=mi.movie_id and t.id=mc.movie_id and t.id=ci.movie_id and t.id=mk.movie_id and ci.role_id=__num__ and mi.info_type_id=__num__ and t.production_year>__num__ and t.production_year<__num__ and mk.keyword_id=__num__"
JOB-Light,70,True,True,True,True,21561940.0,True,"select count(*) from title t,movie_info mi,movie_info_idx mi_idx,cast_info ci,movie_keyword mk where t.id=mi.movie_id and t.id=mi_idx.movie_id and t.id=ci.movie_id and t.id=mk.movie_id and mi.info_type_id=__num__ and mi_idx.info_type_id=__num__ and t.production_year>__num__","select count(*) from title t,movie_info mi,movie_info_idx mi_idx,cast_info ci,movie_keyword mk where t.id=mi.movie_id and t.id=mi_idx.movie_id and t.id=ci.movie_id and t.id=mk.movie_id and mi.info_type_id=__num__ and mi_idx.info_type_id=__num__ and t.production_year>__num__"
JOB,10a,True,True,True,True,26283.0,True,"select min(chn.name) as uncredited_voiced_character, min(t.title) as russian_movie from char_name as chn, cast_info as ci, company_name as cn, company_type as ct, movie_companies as mc, role_type as rt, title as t where ci.note like __str__ and ci.note like __str__ and cn.country_code = __str__ and rt.role = __str__ and t.production_year > __num__ and t.id = mc.movie_id and t.id = ci.movie_id and ci.movie_id = mc.movie_id and chn.id = ci.person_role_id and rt.id = ci.role_id and cn.id = mc.company_id and ct.id = mc.company_type_id","select min(chn.name) as uncredited_voiced_character, min(t.title) as russian_movie from char_name as chn, cast_info as ci, company_name as cn, company_type as ct, movie_companies as mc, role_type as rt, title as t where ci.note like __str__ and ci.note like __str__ and cn.country_code = __str__ and rt.role = __str__ and t.production_year > __num__ and t.id = mc.movie_id and t.id = ci.movie_id and ci.movie_id = mc.movie_id and chn.id = ci.person_role_id and rt.id = ci.role_id and cn.id = mc.company_id and ct.id = mc.company_type_id"
JOB,10b,True,True,True,True,26283.0,True,"select min(chn.name) as character, min(t.title) as russian_mov_with_actor_producer from char_name as chn, cast_info as ci, company_name as cn, company_type as ct, movie_companies as mc, role_type as rt, title as t where ci.note like __str__ and cn.country_code = __str__ and rt.role = __str__ and t.production_year > __num__ and t.id = mc.movie_id and t.id = ci.movie_id and ci.movie_id = mc.movie_id and chn.id = ci.person_role_id and rt.id = ci.role_id and cn.id = mc.company_id and ct.id = mc.company_type_id","select min(chn.name) as character, min(t.title) as russian_mov_with_actor_producer from char_name as chn, cast_info as ci, company_name as cn, company_type as ct, movie_companies as mc, role_type as rt, title as t where ci.note like __str__ and cn.country_code = __str__ and rt.role = __str__ and t.production_year > __num__ and t.id = mc.movie_id and t.id = ci.movie_id and ci.movie_id = mc.movie_id and chn.id = ci.person_role_id and rt.id = ci.role_id and cn.id = mc.company_id and ct.id = mc.company_type_id"
JOB,10c,True,True,True,True,45239.0,True,"select min(chn.name) as character, min(t.title) as movie_with_american_producer from char_name as chn, cast_info as ci, company_name as cn, company_type as ct, movie_companies as mc, role_type as rt, title as t where ci.note like __str__ and cn.country_code = __str__ and t.production_year > __num__ and t.id = mc.movie_id and t.id = ci.movie_id and ci.movie_id = mc.movie_id and chn.id = ci.person_role_id and rt.id = ci.role_id and cn.id = mc.company_id and ct.id = mc.company_type_id","select min(chn.name) as character, min(t.title) as movie_with_american_producer from char_name as chn, cast_info as ci, company_name as cn, company_type as ct, movie_companies as mc, role_type as rt, title as t where ci.note like __str__ and cn.country_code = __str__ and t.production_year > __num__ and t.id = mc.movie_id and t.id = ci.movie_id and ci.movie_id = mc.movie_id and chn.id = ci.person_role_id and rt.id = ci.role_id and cn.id = mc.company_id and ct.id = mc.company_type_id"
JOB,11a,True,True,True,True,1.0,True,"select min(cn.name) as from_company, min(lt.link) as movie_link_type, min(t.title) as non_polish_sequel_movie from company_name as cn, company_type as ct, keyword as k, link_type as lt, movie_companies as mc, movie_keyword as mk, movie_link as ml, title as t where cn.country_code !=__str__ and (cn.name like __str__ or cn.name like __str__) and ct.kind =__str__ and k.keyword =__str__ and lt.link like __str__ and mc.note is null and t.production_year between __num__ and __num__ and lt.id = ml.link_type_id and ml.movie_id = t.id and t.id = mk.movie_id and mk.keyword_id = k.id and t.id = mc.movie_id and mc.company_type_id = ct.id and mc.company_id = cn.id and ml.movie_id = mk.movie_id and ml.movie_id = mc.movie_id and mk.movie_id = mc.movie_id","select min(cn.name) as from_company, min(lt.link) as movie_link_type, min(t.title) as non_polish_sequel_movie from company_name as cn, company_type as ct, keyword as k, link_type as lt, movie_companies as mc, movie_keyword as mk, movie_link as ml, title as t where cn.country_code !=__str__ and (cn.name like __str__ or cn.name like __str__) and ct.kind =__str__ and k.keyword =__str__ and lt.link like __str__ and mc.note is null and t.production_year between __num__ and __num__ and lt.id = ml.link_type_id and ml.movie_id = t.id and t.id = mk.movie_id and mk.keyword_id = k.id and t.id = mc.movie_id and mc.company_type_id = ct.id and mc.company_id = cn.id and ml.movie_id = mk.movie_id and ml.movie_id = mc.movie_id and mk.movie_id = mc.movie_id"
JOB,11b,True,True,True,True,1.0,True,"select min(cn.name) as from_company, min(lt.link) as movie_link_type, min(t.title) as sequel_movie from company_name as cn, company_type as ct, keyword as k, link_type as lt, movie_companies as mc, movie_keyword as mk, movie_link as ml, title as t where cn.country_code !=__str__ and (cn.name like __str__ or cn.name like __str__) and ct.kind =__str__ and k.keyword =__str__ and lt.link like __str__ and mc.note is null and t.production_year = __num__ and t.title like __str__ and lt.id = ml.link_type_id and ml.movie_id = t.id and t.id = mk.movie_id and mk.keyword_id = k.id and t.id = mc.movie_id and mc.company_type_id = ct.id and mc.company_id = cn.id and ml.movie_id = mk.movie_id and ml.movie_id = mc.movie_id and mk.movie_id = mc.movie_id","select min(cn.name) as from_company, min(lt.link) as movie_link_type, min(t.title) as sequel_movie from company_name as cn, company_type as ct, keyword as k, link_type as lt, movie_companies as mc, movie_keyword as mk, movie_link as ml, title as t where cn.country_code !=__str__ and (cn.name like __str__ or cn.name like __str__) and ct.kind =__str__ and k.keyword =__str__ and lt.link like __str__ and mc.note is null and t.production_year = __num__ and t.title like __str__ and lt.id = ml.link_type_id and ml.movie_id = t.id and t.id = mk.movie_id and mk.keyword_id = k.id and t.id = mc.movie_id and mc.company_type_id = ct.id and mc.company_id = cn.id and ml.movie_id = mk.movie_id and ml.movie_id = mc.movie_id and mk.movie_id = mc.movie_id"
JOB,11c,True,True,True,True,18.0,True,"select min(cn.name) as from_company, min(mc.note) as production_note, min(t.title) as movie_based_on_book from company_name as cn, company_type as ct, keyword as k, link_type as lt, movie_companies as mc, movie_keyword as mk, movie_link as ml, title as t where cn.country_code !=__str__ and (cn.name like __str__ or cn.name like __str__) and ct.kind != __str__ and ct.kind is not null and k.keyword in (__str__, __str__, __str__) and mc.note is not null and t.production_year > __num__ and lt.id = ml.link_type_id and ml.movie_id = t.id and t.id = mk.movie_id and mk.keyword_id = k.id and t.id = mc.movie_id and mc.company_type_id = ct.id and mc.company_id = cn.id and ml.movie_id = mk.movie_id and ml.movie_id = mc.movie_id and mk.movie_id = mc.movie_id","select min(cn.name) as from_company, min(mc.note) as production_note, min(t.title) as movie_based_on_book from company_name as cn, company_type as ct, keyword as k, link_type as lt, movie_companies as mc, movie_keyword as mk, movie_link as ml, title as t where cn.country_code !=__str__ and (cn.name like __str__ or cn.name like __str__) and ct.kind != __str__ and ct.kind is not null and k.keyword in (__str__, __str__, __str__) and mc.note is not null and t.production_year > __num__ and lt.id = ml.link_type_id and ml.movie_id = t.id and t.id = mk.movie_id and mk.keyword_id = k.id and t.id = mc.movie_id and mc.company_type_id = ct.id and mc.company_id = cn.id and ml.movie_id = mk.movie_id and ml.movie_id = mc.movie_id and mk.movie_id = mc.movie_id"
JOB,11d,True,True,True,True,3987.0,True,"select min(cn.name) as from_company, min(mc.note) as production_note, min(t.title) as movie_based_on_book from company_name as cn, company_type as ct, keyword as k, link_type as lt, movie_companies as mc, movie_keyword as mk, movie_link as ml, title as t where cn.country_code !=__str__ and ct.kind != __str__ and ct.kind is not null and k.keyword in (__str__, __str__, __str__) and mc.note is not null and t.production_year > __num__ and lt.id = ml.link_type_id and ml.movie_id = t.id and t.id = mk.movie_id and mk.keyword_id = k.id and t.id = mc.movie_id and mc.company_type_id = ct.id and mc.company_id = cn.id and ml.movie_id = mk.movie_id and ml.movie_id = mc.movie_id and mk.movie_id = mc.movie_id","select min(cn.name) as from_company, min(mc.note) as production_note, min(t.title) as movie_based_on_book from company_name as cn, company_type as ct, keyword as k, link_type as lt, movie_companies as mc, movie_keyword as mk, movie_link as ml, title as t where cn.country_code !=__str__ and ct.kind != __str__ and ct.kind is not null and k.keyword in (__str__, __str__, __str__) and mc.note is not null and t.production_year > __num__ and lt.id = ml.link_type_id and ml.movie_id = t.id and t.id = mk.movie_id and mk.keyword_id = k.id and t.id = mc.movie_id and mc.company_type_id = ct.id and mc.company_id = cn.id and ml.movie_id = mk.movie_id and ml.movie_id = mc.movie_id and mk.movie_id = mc.movie_id"
JOB,12a,True,True,True,True,106.0,True,"select min(cn.name) as movie_company, min(mi_idx.info) as rating, min(t.title) as drama_horror_movie from company_name as cn, company_type as ct, info_type as it1, info_type as it2, movie_companies as mc, movie_info as mi, movie_info_idx as mi_idx, title as t where cn.country_code = __str__ and ct.kind = __str__ and it1.info = __str__ and it2.info = __str__ and mi.info in (__str__, __str__) and mi_idx.info > __str__ and t.production_year between __num__ and __num__ and t.id = mi.movie_id and t.id = mi_idx.movie_id and mi.info_type_id = it1.id and mi_idx.info_type_id = it2.id and t.id = mc.movie_id and ct.id = mc.company_type_id and cn.id = mc.company_id and mc.movie_id = mi.movie_id and mc.movie_id = mi_idx.movie_id and mi.movie_id = mi_idx.movie_id","select min(cn.name) as movie_company, min(mi_idx.info) as rating, min(t.title) as drama_horror_movie from company_name as cn, company_type as ct, info_type as it1, info_type as it2, movie_companies as mc, movie_info as mi, movie_info_idx as mi_idx, title as t where cn.country_code = __str__ and ct.kind = __str__ and it1.info = __str__ and it2.info = __str__ and mi.info in (__str__, __str__) and mi_idx.info > __str__ and t.production_year between __num__ and __num__ and t.id = mi.movie_id and t.id = mi_idx.movie_id and mi.info_type_id = it1.id and mi_idx.info_type_id = it2.id and t.id = mc.movie_id and ct.id = mc.company_type_id and cn.id = mc.company_id and mc.movie_id = mi.movie_id and mc.movie_id = mi_idx.movie_id and mi.movie_id = mi_idx.movie_id"
JOB,12b,True,True,True,True,6.0,True,"select min(mi.info) as budget, min(t.title) as unsuccsessful_movie from company_name as cn, company_type as ct, info_type as it1, info_type as it2, movie_companies as mc, movie_info as mi, movie_info_idx as mi_idx, title as t where cn.country_code =__str__ and ct.kind is not null and (ct.kind =__str__ or ct.kind = __str__) and it1.info =__str__ and it2.info =__str__ and t.production_year >__num__ and (t.title like __str__ or t.title like __str__) and t.id = mi.movie_id and t.id = mi_idx.movie_id and mi.info_type_id = it1.id and mi_idx.info_type_id = it2.id and t.id = mc.movie_id and ct.id = mc.company_type_id and cn.id = mc.company_id and mc.movie_id = mi.movie_id and mc.movie_id = mi_idx.movie_id and mi.movie_id = mi_idx.movie_id","select min(mi.info) as budget, min(t.title) as unsuccsessful_movie from company_name as cn, company_type as ct, info_type as it1, info_type as it2, movie_companies as mc, movie_info as mi, movie_info_idx as mi_idx, title as t where cn.country_code =__str__ and ct.kind is not null and (ct.kind =__str__ or ct.kind = __str__) and it1.info =__str__ and it2.info =__str__ and t.production_year >__num__ and (t.title like __str__ or t.title like __str__) and t.id = mi.movie_id and t.id = mi_idx.movie_id and mi.info_type_id = it1.id and mi_idx.info_type_id = it2.id and t.id = mc.movie_id and ct.id = mc.company_type_id and cn.id = mc.company_id and mc.movie_id = mi.movie_id and mc.movie_id = mi_idx.movie_id and mi.movie_id = mi_idx.movie_id"
JOB,12c,True,True,True,True,1295.0,True,"select min(cn.name) as movie_company, min(mi_idx.info) as rating, min(t.title) as mainstream_movie from company_name as cn, company_type as ct, info_type as it1, info_type as it2, movie_companies as mc, movie_info as mi, movie_info_idx as mi_idx, title as t where cn.country_code = __str__ and ct.kind = __str__ and it1.info = __str__ and it2.info = __str__ and mi.info in (__str__, __str__, __str__, __str__) and mi_idx.info > __str__ and t.production_year between __num__ and __num__ and t.id = mi.movie_id and t.id = mi_idx.movie_id and mi.info_type_id = it1.id and mi_idx.info_type_id = it2.id and t.id = mc.movie_id and ct.id = mc.company_type_id and cn.id = mc.company_id and mc.movie_id = mi.movie_id and mc.movie_id = mi_idx.movie_id and mi.movie_id = mi_idx.movie_id","select min(cn.name) as movie_company, min(mi_idx.info) as rating, min(t.title) as mainstream_movie from company_name as cn, company_type as ct, info_type as it1, info_type as it2, movie_companies as mc, movie_info as mi, movie_info_idx as mi_idx, title as t where cn.country_code = __str__ and ct.kind = __str__ and it1.info = __str__ and it2.info = __str__ and mi.info in (__str__, __str__, __str__, __str__) and mi_idx.info > __str__ and t.production_year between __num__ and __num__ and t.id = mi.movie_id and t.id = mi_idx.movie_id and mi.info_type_id = it1.id and mi_idx.info_type_id = it2.id and t.id = mc.movie_id and ct.id = mc.company_type_id and cn.id = mc.company_id and mc.movie_id = mi.movie_id and mc.movie_id = mi_idx.movie_id and mi.movie_id = mi_idx.movie_id"
JOB,13a,True,True,True,True,8429.0,True,"select min(mi.info) as release_date, min(miidx.info) as rating, min(t.title) as german_movie from company_name as cn, company_type as ct, info_type as it, info_type as it2, kind_type as kt, movie_companies as mc, movie_info as mi, movie_info_idx as miidx, title as t where cn.country_code =__str__ and ct.kind =__str__ and it.info =__str__ and it2.info =__str__ and kt.kind =__str__ and mi.movie_id = t.id and it2.id = mi.info_type_id and kt.id = t.kind_id and mc.movie_id = t.id and cn.id = mc.company_id and ct.id = mc.company_type_id and miidx.movie_id = t.id and it.id = miidx.info_type_id and mi.movie_id = miidx.movie_id and mi.movie_id = mc.movie_id and miidx.movie_id = mc.movie_id","select min(mi.info) as release_date, min(miidx.info) as rating, min(t.title) as german_movie from company_name as cn, company_type as ct, info_type as it, info_type as it2, kind_type as kt, movie_companies as mc, movie_info as mi, movie_info_idx as miidx, title as t where cn.country_code =__str__ and ct.kind =__str__ and it.info =__str__ and it2.info =__str__ and kt.kind =__str__ and mi.movie_id = t.id and it2.id = mi.info_type_id and kt.id = t.kind_id and mc.movie_id = t.id and cn.id = mc.company_id and ct.id = mc.company_type_id and miidx.movie_id = t.id and it.id = miidx.info_type_id and mi.movie_id = miidx.movie_id and mi.movie_id = mc.movie_id and miidx.movie_id = mc.movie_id"
JOB,13b,True,True,True,True,14070.0,True,"select min(cn.name) as producing_company, min(miidx.info) as rating, min(t.title) as movie_about_winning from company_name as cn, company_type as ct, info_type as it, info_type as it2, kind_type as kt, movie_companies as mc, movie_info as mi, movie_info_idx as miidx, title as t where cn.country_code =__str__ and ct.kind =__str__ and it.info =__str__ and it2.info =__str__ and kt.kind =__str__ and t.title != __str__ and (t.title like __str__ or t.title like __str__) and mi.movie_id = t.id and it2.id = mi.info_type_id and kt.id = t.kind_id and mc.movie_id = t.id and cn.id = mc.company_id and ct.id = mc.company_type_id and miidx.movie_id = t.id and it.id = miidx.info_type_id and mi.movie_id = miidx.movie_id and mi.movie_id = mc.movie_id and miidx.movie_id = mc.movie_id","select min(cn.name) as producing_company, min(miidx.info) as rating, min(t.title) as movie_about_winning from company_name as cn, company_type as ct, info_type as it, info_type as it2, kind_type as kt, movie_companies as mc, movie_info as mi, movie_info_idx as miidx, title as t where cn.country_code =__str__ and ct.kind =__str__ and it.info =__str__ and it2.info =__str__ and kt.kind =__str__ and t.title != __str__ and (t.title like __str__ or t.title like __str__) and mi.movie_id = t.id and it2.id = mi.info_type_id and kt.id = t.kind_id and mc.movie_id = t.id and cn.id = mc.company_id and ct.id = mc.company_type_id and miidx.movie_id = t.id and it.id = miidx.info_type_id and mi.movie_id = miidx.movie_id and mi.movie_id = mc.movie_id and miidx.movie_id = mc.movie_id"
JOB,13c,True,True,True,True,1581.0,True,"select min(cn.name) as producing_company, min(miidx.info) as rating, min(t.title) as movie_about_winning from company_name as cn, company_type as ct, info_type as it, info_type as it2, kind_type as kt, movie_companies as mc, movie_info as mi, movie_info_idx as miidx, title as t where cn.country_code =__str__ and ct.kind =__str__ and it.info =__str__ and it2.info =__str__ and kt.kind =__str__ and t.title != __str__ and (t.title like __str__ or t.title like __str__) and mi.movie_id = t.id and it2.id = mi.info_type_id and kt.id = t.kind_id and mc.movie_id = t.id and cn.id = mc.company_id and ct.id = mc.company_type_id and miidx.movie_id = t.id and it.id = miidx.info_type_id and mi.movie_id = miidx.movie_id and mi.movie_id = mc.movie_id and miidx.movie_id = mc.movie_id","select min(cn.name) as producing_company, min(miidx.info) as rating, min(t.title) as movie_about_winning from company_name as cn, company_type as ct, info_type as it, info_type as it2, kind_type as kt, movie_companies as mc, movie_info as mi, movie_info_idx as miidx, title as t where cn.country_code =__str__ and ct.kind =__str__ and it.info =__str__ and it2.info =__str__ and kt.kind =__str__ and t.title != __str__ and (t.title like __str__ or t.title like __str__) and mi.movie_id = t.id and it2.id = mi.info_type_id and kt.id = t.kind_id and mc.movie_id = t.id and cn.id = mc.company_id and ct.id = mc.company_type_id and miidx.movie_id = t.id and it.id = miidx.info_type_id and mi.movie_id = miidx.movie_id and mi.movie_id = mc.movie_id and miidx.movie_id = mc.movie_id"
JOB,13d,True,True,True,True,488699.0,True,"select min(cn.name) as producing_company, min(miidx.info) as rating, min(t.title) as movie from company_name as cn, company_type as ct, info_type as it, info_type as it2, kind_type as kt, movie_companies as mc, movie_info as mi, movie_info_idx as miidx, title as t where cn.country_code =__str__ and ct.kind =__str__ and it.info =__str__ and it2.info =__str__ and kt.kind =__str__ and mi.movie_id = t.id and it2.id = mi.info_type_id and kt.id = t.kind_id and mc.movie_id = t.id and cn.id = mc.company_id and ct.id = mc.company_type_id and miidx.movie_id = t.id and it.id = miidx.info_type_id and mi.movie_id = miidx.movie_id and mi.movie_id = mc.movie_id and miidx.movie_id = mc.movie_id","select min(cn.name) as producing_company, min(miidx.info) as rating, min(t.title) as movie from company_name as cn, company_type as ct, info_type as it, info_type as it2, kind_type as kt, movie_companies as mc, movie_info as mi, movie_info_idx as miidx, title as t where cn.country_code =__str__ and ct.kind =__str__ and it.info =__str__ and it2.info =__str__ and kt.kind =__str__ and mi.movie_id = t.id and it2.id = mi.info_type_id and kt.id = t.kind_id and mc.movie_id = t.id and cn.id = mc.company_id and ct.id = mc.company_type_id and miidx.movie_id = t.id and it.id = miidx.info_type_id and mi.movie_id = miidx.movie_id and mi.movie_id = mc.movie_id and miidx.movie_id = mc.movie_id"
JOB,14a,True,True,True,True,11475.0,True,"select min(mi_idx.info) as rating, min(t.title) as northern_dark_movie from info_type as it1, info_type as it2, keyword as k, kind_type as kt, movie_info as mi, movie_info_idx as mi_idx, movie_keyword as mk, title as t where it1.info = __str__ and it2.info = __str__ and k.keyword in (__str__, __str__, __str__, __str__) and kt.kind = __str__ and mi.info in (__str__, __str__, __str__, __str__, __str__, __str__, __str__, __str__, __str__, __str__) and mi_idx.info < __str__ and t.production_year > __num__ and kt.id = t.kind_id and t.id = mi.movie_id and t.id = mk.movie_id and t.id = mi_idx.movie_id and mk.movie_id = mi.movie_id and mk.movie_id = mi_idx.movie_id and mi.movie_id = mi_idx.movie_id and k.id = mk.keyword_id and it1.id = mi.info_type_id and it2.id = mi_idx.info_type_id","select min(mi_idx.info) as rating, min(t.title) as northern_dark_movie from info_type as it1, info_type as it2, keyword as k, kind_type as kt, movie_info as mi, movie_info_idx as mi_idx, movie_keyword as mk, title as t where it1.info = __str__ and it2.info = __str__ and k.keyword in (__str__, __str__, __str__, __str__) and kt.kind = __str__ and mi.info in (__str__, __str__, __str__, __str__, __str__, __str__, __str__, __str__, __str__, __str__) and mi_idx.info < __str__ and t.production_year > __num__ and kt.id = t.kind_id and t.id = mi.movie_id and t.id = mk.movie_id and t.id = mi_idx.movie_id and mk.movie_id = mi.movie_id and mk.movie_id = mi_idx.movie_id and mi.movie_id = mi_idx.movie_id and k.id = mk.keyword_id and it1.id = mi.info_type_id and it2.id = mi_idx.info_type_id"
JOB,14b,True,True,True,True,4.0,True,"select min(mi_idx.info) as rating, min(t.title) as western_dark_production from info_type as it1, info_type as it2, keyword as k, kind_type as kt, movie_info as mi, movie_info_idx as mi_idx, movie_keyword as mk, title as t where it1.info = __str__ and it2.info = __str__ and k.keyword in (__str__, __str__) and kt.kind = __str__ and mi.info in (__str__, __str__, __str__, __str__, __str__, __str__, __str__, __str__, __str__, __str__) and mi_idx.info > __str__ and t.production_year > __num__ and (t.title like __str__ or t.title like __str__ or t.title like __str__) and kt.id = t.kind_id and t.id = mi.movie_id and t.id = mk.movie_id and t.id = mi_idx.movie_id and mk.movie_id = mi.movie_id and mk.movie_id = mi_idx.movie_id and mi.movie_id = mi_idx.movie_id and k.id = mk.keyword_id and it1.id = mi.info_type_id and it2.id = mi_idx.info_type_id","select min(mi_idx.info) as rating, min(t.title) as western_dark_production from info_type as it1, info_type as it2, keyword as k, kind_type as kt, movie_info as mi, movie_info_idx as mi_idx, movie_keyword as mk, title as t where it1.info = __str__ and it2.info = __str__ and k.keyword in (__str__, __str__) and kt.kind = __str__ and mi.info in (__str__, __str__, __str__, __str__, __str__, __str__, __str__, __str__, __str__, __str__) and mi_idx.info > __str__ and t.production_year > __num__ and (t.title like __str__ or t.title like __str__ or t.title like __str__) and kt.id = t.kind_id and t.id = mi.movie_id and t.id = mk.movie_id and t.id = mi_idx.movie_id and mk.movie_id = mi.movie_id and mk.movie_id = mi_idx.movie_id and mi.movie_id = mi_idx.movie_id and k.id = mk.keyword_id and it1.id = mi.info_type_id and it2.id = mi_idx.info_type_id"
JOB,14c,True,True,True,True,11475.0,True,"select min(mi_idx.info) as rating, min(t.title) as north_european_dark_production from info_type as it1, info_type as it2, keyword as k, kind_type as kt, movie_info as mi, movie_info_idx as mi_idx, movie_keyword as mk, title as t where it1.info = __str__ and it2.info = __str__ and k.keyword is not null and k.keyword in (__str__, __str__, __str__, __str__) and kt.kind in (__str__, __str__) and mi.info in (__str__, __str__, __str__, __str__, __str__, __str__, __str__, __str__, __str__, __str__) and mi_idx.info < __str__ and t.production_year > __num__ and kt.id = t.kind_id and t.id = mi.movie_id and t.id = mk.movie_id and t.id = mi_idx.movie_id and mk.movie_id = mi.movie_id and mk.movie_id = mi_idx.movie_id and mi.movie_id = mi_idx.movie_id and k.id = mk.keyword_id and it1.id = mi.info_type_id and it2.id = mi_idx.info_type_id","select min(mi_idx.info) as rating, min(t.title) as north_european_dark_production from info_type as it1, info_type as it2, keyword as k, kind_type as kt, movie_info as mi, movie_info_idx as mi_idx, movie_keyword as mk, title as t where it1.info = __str__ and it2.info = __str__ and k.keyword is not null and k.keyword in (__str__, __str__, __str__, __str__) and kt.kind in (__str__, __str__) and mi.info in (__str__, __str__, __str__, __str__, __str__, __str__, __str__, __str__, __str__, __str__) and mi_idx.info < __str__ and t.production_year > __num__ and kt.id = t.kind_id and t.id = mi.movie_id and t.id = mk.movie_id and t.id = mi_idx.movie_id and mk.movie_id = mi.movie_id and mk.movie_id = mi_idx.movie_id and mi.movie_id = mi_idx.movie_id and k.id = mk.keyword_id and it1.id = mi.info_type_id and it2.id = mi_idx.info_type_id"
JOB,15a,True,True,True,True,8.0,True,"select min(mi.info) as release_date, min(t.title) as internet_movie from aka_title as at, company_name as cn, company_type as ct, info_type as it1, keyword as k, movie_companies as mc, movie_info as mi, movie_keyword as mk, title as t where cn.country_code = __str__ and it1.info = __str__ and mc.note like __str__ and mc.note like __str__ and mi.note like __str__ and mi.info like __str__ and t.production_year > __num__ and t.id = at.movie_id and t.id = mi.movie_id and t.id = mk.movie_id and t.id = mc.movie_id and mk.movie_id = mi.movie_id and mk.movie_id = mc.movie_id and mk.movie_id = at.movie_id and mi.movie_id = mc.movie_id and mi.movie_id = at.movie_id and mc.movie_id = at.movie_id and k.id = mk.keyword_id and it1.id = mi.info_type_id and cn.id = mc.company_id and ct.id = mc.company_type_id","select min(mi.info) as release_date, min(t.title) as internet_movie from aka_title as at, company_name as cn, company_type as ct, info_type as it1, keyword as k, movie_companies as mc, movie_info as mi, movie_keyword as mk, title as t where cn.country_code = __str__ and it1.info = __str__ and mc.note like __str__ and mc.note like __str__ and mi.note like __str__ and mi.info like __str__ and t.production_year > __num__ and t.id = at.movie_id and t.id = mi.movie_id and t.id = mk.movie_id and t.id = mc.movie_id and mk.movie_id = mi.movie_id and mk.movie_id = mc.movie_id and mk.movie_id = at.movie_id and mi.movie_id = mc.movie_id and mi.movie_id = at.movie_id and mc.movie_id = at.movie_id and k.id = mk.keyword_id and it1.id = mi.info_type_id and cn.id = mc.company_id and ct.id = mc.company_type_id"
JOB,15b,True,True,True,True,8.0,True,"select min(mi.info) as release_date, min(t.title) as youtube_movie from aka_title as at, company_name as cn, company_type as ct, info_type as it1, keyword as k, movie_companies as mc, movie_info as mi, movie_keyword as mk, title as t where cn.country_code = __str__ and cn.name = __str__ and it1.info = __str__ and mc.note like __str__ and mc.note like __str__ and mi.note like __str__ and mi.info like __str__ and t.production_year between __num__ and __num__ and t.id = at.movie_id and t.id = mi.movie_id and t.id = mk.movie_id and t.id = mc.movie_id and mk.movie_id = mi.movie_id and mk.movie_id = mc.movie_id and mk.movie_id = at.movie_id and mi.movie_id = mc.movie_id and mi.movie_id = at.movie_id and mc.movie_id = at.movie_id and k.id = mk.keyword_id and it1.id = mi.info_type_id and cn.id = mc.company_id and ct.id = mc.company_type_id","select min(mi.info) as release_date, min(t.title) as youtube_movie from aka_title as at, company_name as cn, company_type as ct, info_type as it1, keyword as k, movie_companies as mc, movie_info as mi, movie_keyword as mk, title as t where cn.country_code = __str__ and cn.name = __str__ and it1.info = __str__ and mc.note like __str__ and mc.note like __str__ and mi.note like __str__ and mi.info like __str__ and t.production_year between __num__ and __num__ and t.id = at.movie_id and t.id = mi.movie_id and t.id = mk.movie_id and t.id = mc.movie_id and mk.movie_id = mi.movie_id and mk.movie_id = mc.movie_id and mk.movie_id = at.movie_id and mi.movie_id = mc.movie_id and mi.movie_id = at.movie_id and mc.movie_id = at.movie_id and k.id = mk.keyword_id and it1.id = mi.info_type_id and cn.id = mc.company_id and ct.id = mc.company_type_id"
JOB,15c,True,True,True,True,376333.0,True,"select min(mi.info) as release_date, min(t.title) as modern_american_internet_movie from aka_title as at, company_name as cn, company_type as ct, info_type as it1, keyword as k, movie_companies as mc, movie_info as mi, movie_keyword as mk, title as t where cn.country_code = __str__ and it1.info = __str__ and mi.note like __str__ and mi.info is not null and (mi.info like __str__ or mi.info like __str__) and t.production_year > __num__ and t.id = at.movie_id and t.id = mi.movie_id and t.id = mk.movie_id and t.id = mc.movie_id and mk.movie_id = mi.movie_id and mk.movie_id = mc.movie_id and mk.movie_id = at.movie_id and mi.movie_id = mc.movie_id and mi.movie_id = at.movie_id and mc.movie_id = at.movie_id and k.id = mk.keyword_id and it1.id = mi.info_type_id and cn.id = mc.company_id and ct.id = mc.company_type_id","select min(mi.info) as release_date, min(t.title) as modern_american_internet_movie from aka_title as at, company_name as cn, company_type as ct, info_type as it1, keyword as k, movie_companies as mc, movie_info as mi, movie_keyword as mk, title as t where cn.country_code = __str__ and it1.info = __str__ and mi.note like __str__ and mi.info is not null and (mi.info like __str__ or mi.info like __str__) and t.production_year > __num__ and t.id = at.movie_id and t.id = mi.movie_id and t.id = mk.movie_id and t.id = mc.movie_id and mk.movie_id = mi.movie_id and mk.movie_id = mc.movie_id and mk.movie_id = at.movie_id and mi.movie_id = mc.movie_id and mi.movie_id = at.movie_id and mc.movie_id = at.movie_id and k.id = mk.keyword_id and it1.id = mi.info_type_id and cn.id = mc.company_id and ct.id = mc.company_type_id"
JOB,15d,True,True,True,True,911191.0,True,"select min(at.title) as aka_title, min(t.title) as internet_movie_title from aka_title as at, company_name as cn, company_type as ct, info_type as it1, keyword as k, movie_companies as mc, movie_info as mi, movie_keyword as mk, title as t where cn.country_code = __str__ and it1.info = __str__ and mi.note like __str__ and t.production_year > __num__ and t.id = at.movie_id and t.id = mi.movie_id and t.id = mk.movie_id and t.id = mc.movie_id and mk.movie_id = mi.movie_id and mk.movie_id = mc.movie_id and mk.movie_id = at.movie_id and mi.movie_id = mc.movie_id and mi.movie_id = at.movie_id and mc.movie_id = at.movie_id and k.id = mk.keyword_id and it1.id = mi.info_type_id and cn.id = mc.company_id and ct.id = mc.company_type_id","select min(at.title) as aka_title, min(t.title) as internet_movie_title from aka_title as at, company_name as cn, company_type as ct, info_type as it1, keyword as k, movie_companies as mc, movie_info as mi, movie_keyword as mk, title as t where cn.country_code = __str__ and it1.info = __str__ and mi.note like __str__ and t.production_year > __num__ and t.id = at.movie_id and t.id = mi.movie_id and t.id = mk.movie_id and t.id = mc.movie_id and mk.movie_id = mi.movie_id and mk.movie_id = mc.movie_id and mk.movie_id = at.movie_id and mi.movie_id = mc.movie_id and mi.movie_id = at.movie_id and mc.movie_id = at.movie_id and k.id = mk.keyword_id and it1.id = mi.info_type_id and cn.id = mc.company_id and ct.id = mc.company_type_id"
JOB,16a,True,True,True,True,3690.0,True,"select min(an.name) as cool_actor_pseudonym, min(t.title) as series_named_after_char from aka_name as an, cast_info as ci, company_name as cn, keyword as k, movie_companies as mc, movie_keyword as mk, name as n, title as t where cn.country_code =__str__ and k.keyword =__str__ and t.episode_nr >= __num__ and t.episode_nr < __num__ and an.person_id = n.id and n.id = ci.person_id and ci.movie_id = t.id and t.id = mk.movie_id and mk.keyword_id = k.id and t.id = mc.movie_id and mc.company_id = cn.id and an.person_id = ci.person_id and ci.movie_id = mc.movie_id and ci.movie_id = mk.movie_id and mc.movie_id = mk.movie_id","select min(an.name) as cool_actor_pseudonym, min(t.title) as series_named_after_char from aka_name as an, cast_info as ci, company_name as cn, keyword as k, movie_companies as mc, movie_keyword as mk, name as n, title as t where cn.country_code =__str__ and k.keyword =__str__ and t.episode_nr >= __num__ and t.episode_nr < __num__ and an.person_id = n.id and n.id = ci.person_id and ci.movie_id = t.id and t.id = mk.movie_id and mk.keyword_id = k.id and t.id = mc.movie_id and mc.company_id = cn.id and an.person_id = ci.person_id and ci.movie_id = mc.movie_id and ci.movie_id = mk.movie_id and mc.movie_id = mk.movie_id"
JOB,16b,True,True,True,True,18658.0,True,"select min(an.name) as cool_actor_pseudonym, min(t.title) as series_named_after_char from aka_name as an, cast_info as ci, company_name as cn, keyword as k, movie_companies as mc, movie_keyword as mk, name as n, title as t where cn.country_code =__str__ and k.keyword =__str__ and an.person_id = n.id and n.id = ci.person_id and ci.movie_id = t.id and t.id = mk.movie_id and mk.keyword_id = k.id and t.id = mc.movie_id and mc.company_id = cn.id and an.person_id = ci.person_id and ci.movie_id = mc.movie_id and ci.movie_id = mk.movie_id and mc.movie_id = mk.movie_id","select min(an.name) as cool_actor_pseudonym, min(t.title) as series_named_after_char from aka_name as an, cast_info as ci, company_name as cn, keyword as k, movie_companies as mc, movie_keyword as mk, name as n, title as t where cn.country_code =__str__ and k.keyword =__str__ and an.person_id = n.id and n.id = ci.person_id and ci.movie_id = t.id and t.id = mk.movie_id and mk.keyword_id = k.id and t.id = mc.movie_id and mc.company_id = cn.id and an.person_id = ci.person_id and ci.movie_id = mc.movie_id and ci.movie_id = mk.movie_id and mc.movie_id = mk.movie_id"
JOB,16c,True,True,True,True,28040.0,True,"select min(an.name) as cool_actor_pseudonym, min(t.title) as series_named_after_char from aka_name as an, cast_info as ci, company_name as cn, keyword as k, movie_companies as mc, movie_keyword as mk, name as n, title as t where cn.country_code =__str__ and k.keyword =__str__ and t.episode_nr < __num__ and an.person_id = n.id and n.id = ci.person_id and ci.movie_id = t.id and t.id = mk.movie_id and mk.keyword_id = k.id and t.id = mc.movie_id and mc.company_id = cn.id and an.person_id = ci.person_id and ci.movie_id = mc.movie_id and ci.movie_id = mk.movie_id and mc.movie_id = mk.movie_id","select min(an.name) as cool_actor_pseudonym, min(t.title) as series_named_after_char from aka_name as an, cast_info as ci, company_name as cn, keyword as k, movie_companies as mc, movie_keyword as mk, name as n, title as t where cn.country_code =__str__ and k.keyword =__str__ and t.episode_nr < __num__ and an.person_id = n.id and n.id = ci.person_id and ci.movie_id = t.id and t.id = mk.movie_id and mk.keyword_id = k.id and t.id = mc.movie_id and mc.company_id = cn.id and an.person_id = ci.person_id and ci.movie_id = mc.movie_id and ci.movie_id = mk.movie_id and mc.movie_id = mk.movie_id"
JOB,16d,True,True,True,True,5082.0,True,"select min(an.name) as cool_actor_pseudonym, min(t.title) as series_named_after_char from aka_name as an, cast_info as ci, company_name as cn, keyword as k, movie_companies as mc, movie_keyword as mk, name as n, title as t where cn.country_code =__str__ and k.keyword =__str__ and t.episode_nr >= __num__ and t.episode_nr < __num__ and an.person_id = n.id and n.id = ci.person_id and ci.movie_id = t.id and t.id = mk.movie_id and mk.keyword_id = k.id and t.id = mc.movie_id and mc.company_id = cn.id and an.person_id = ci.person_id and ci.movie_id = mc.movie_id and ci.movie_id = mk.movie_id and mc.movie_id = mk.movie_id","select min(an.name) as cool_actor_pseudonym, min(t.title) as series_named_after_char from aka_name as an, cast_info as ci, company_name as cn, keyword as k, movie_companies as mc, movie_keyword as mk, name as n, title as t where cn.country_code =__str__ and k.keyword =__str__ and t.episode_nr >= __num__ and t.episode_nr < __num__ and an.person_id = n.id and n.id = ci.person_id and ci.movie_id = t.id and t.id = mk.movie_id and mk.keyword_id = k.id and t.id = mc.movie_id and mc.company_id = cn.id and an.person_id = ci.person_id and ci.movie_id = mc.movie_id and ci.movie_id = mk.movie_id and mc.movie_id = mk.movie_id"
JOB,17a,True,True,True,True,1796.0,True,"select min(n.name) as member_in_charnamed_american_movie, min(n.name) as a1 from cast_info as ci, company_name as cn, keyword as k, movie_companies as mc, movie_keyword as mk, name as n, title as t where cn.country_code =__str__ and k.keyword =__str__ and n.name like __str__ and n.id = ci.person_id and ci.movie_id = t.id and t.id = mk.movie_id and mk.keyword_id = k.id and t.id = mc.movie_id and mc.company_id = cn.id and ci.movie_id = mc.movie_id and ci.movie_id = mk.movie_id and mc.movie_id = mk.movie_id","select min(n.name) as member_in_charnamed_american_movie, min(n.name) as a1 from cast_info as ci, company_name as cn, keyword as k, movie_companies as mc, movie_keyword as mk, name as n, title as t where cn.country_code =__str__ and k.keyword =__str__ and n.name like __str__ and n.id = ci.person_id and ci.movie_id = t.id and t.id = mk.movie_id and mk.keyword_id = k.id and t.id = mc.movie_id and mc.company_id = cn.id and ci.movie_id = mc.movie_id and ci.movie_id = mk.movie_id and mc.movie_id = mk.movie_id"
JOB,17b,True,True,True,True,4355.0,True,"select min(n.name) as member_in_charnamed_movie, min(n.name) as a1 from cast_info as ci, company_name as cn, keyword as k, movie_companies as mc, movie_keyword as mk, name as n, title as t where k.keyword =__str__ and n.name like __str__ and n.id = ci.person_id and ci.movie_id = t.id and t.id = mk.movie_id and mk.keyword_id = k.id and t.id = mc.movie_id and mc.company_id = cn.id and ci.movie_id = mc.movie_id and ci.movie_id = mk.movie_id and mc.movie_id = mk.movie_id","select min(n.name) as member_in_charnamed_movie, min(n.name) as a1 from cast_info as ci, company_name as cn, keyword as k, movie_companies as mc, movie_keyword as mk, name as n, title as t where k.keyword =__str__ and n.name like __str__ and n.id = ci.person_id and ci.movie_id = t.id and t.id = mk.movie_id and mk.keyword_id = k.id and t.id = mc.movie_id and mc.company_id = cn.id and ci.movie_id = mc.movie_id and ci.movie_id = mk.movie_id and mc.movie_id = mk.movie_id"
JOB,17c,True,True,True,True,3.0,True,"select min(n.name) as member_in_charnamed_movie, min(n.name) as a1 from cast_info as ci, company_name as cn, keyword as k, movie_companies as mc, movie_keyword as mk, name as n, title as t where k.keyword =__str__ and n.name like __str__ and n.id = ci.person_id and ci.movie_id = t.id and t.id = mk.movie_id and mk.keyword_id = k.id and t.id = mc.movie_id and mc.company_id = cn.id and ci.movie_id = mc.movie_id and ci.movie_id = mk.movie_id and mc.movie_id = mk.movie_id","select min(n.name) as member_in_charnamed_movie, min(n.name) as a1 from cast_info as ci, company_name as cn, keyword as k, movie_companies as mc, movie_keyword as mk, name as n, title as t where k.keyword =__str__ and n.name like __str__ and n.id = ci.person_id and ci.movie_id = t.id and t.id = mk.movie_id and mk.keyword_id = k.id and t.id = mc.movie_id and mc.company_id = cn.id and ci.movie_id = mc.movie_id and ci.movie_id = mk.movie_id and mc.movie_id = mk.movie_id"
JOB,17d,True,True,True,True,253517.0,True,"select min(n.name) as member_in_charnamed_movie from cast_info as ci, company_name as cn, keyword as k, movie_companies as mc, movie_keyword as mk, name as n, title as t where k.keyword =__str__ and n.name like __str__ and n.id = ci.person_id and ci.movie_id = t.id and t.id = mk.movie_id and mk.keyword_id = k.id and t.id = mc.movie_id and mc.company_id = cn.id and ci.movie_id = mc.movie_id and ci.movie_id = mk.movie_id and mc.movie_id = mk.movie_id","select min(n.name) as member_in_charnamed_movie from cast_info as ci, company_name as cn, keyword as k, movie_companies as mc, movie_keyword as mk, name as n, title as t where k.keyword =__str__ and n.name like __str__ and n.id = ci.person_id and ci.movie_id = t.id and t.id = mk.movie_id and mk.keyword_id = k.id and t.id = mc.movie_id and mc.company_id = cn.id and ci.movie_id = mc.movie_id and ci.movie_id = mk.movie_id and mc.movie_id = mk.movie_id"
JOB,17e,True,True,True,True,126679.0,True,"select min(n.name) as member_in_charnamed_movie from cast_info as ci, company_name as cn, keyword as k, movie_companies as mc, movie_keyword as mk, name as n, title as t where cn.country_code =__str__ and k.keyword =__str__ and n.id = ci.person_id and ci.movie_id = t.id and t.id = mk.movie_id and mk.keyword_id = k.id and t.id = mc.movie_id and mc.company_id = cn.id and ci.movie_id = mc.movie_id and ci.movie_id = mk.movie_id and mc.movie_id = mk.movie_id","select min(n.name) as member_in_charnamed_movie from cast_info as ci, company_name as cn, keyword as k, movie_companies as mc, movie_keyword as mk, name as n, title as t where cn.country_code =__str__ and k.keyword =__str__ and n.id = ci.person_id and ci.movie_id = t.id and t.id = mk.movie_id and mk.keyword_id = k.id and t.id = mc.movie_id and mc.company_id = cn.id and ci.movie_id = mc.movie_id and ci.movie_id = mk.movie_id and mc.movie_id = mk.movie_id"
JOB,17f,True,True,True,True,253517.0,True,"select min(n.name) as member_in_charnamed_movie from cast_info as ci, company_name as cn, keyword as k, movie_companies as mc, movie_keyword as mk, name as n, title as t where k.keyword =__str__ and n.name like __str__ and n.id = ci.person_id and ci.movie_id = t.id and t.id = mk.movie_id and mk.keyword_id = k.id and t.id = mc.movie_id and mc.company_id = cn.id and ci.movie_id = mc.movie_id and ci.movie_id = mk.movie_id and mc.movie_id = mk.movie_id","select min(n.name) as member_in_charnamed_movie from cast_info as ci, company_name as cn, keyword as k, movie_companies as mc, movie_keyword as mk, name as n, title as t where k.keyword =__str__ and n.name like __str__ and n.id = ci.person_id and ci.movie_id = t.id and t.id = mk.movie_id and mk.keyword_id = k.id and t.id = mc.movie_id and mc.company_id = cn.id and ci.movie_id = mc.movie_id and ci.movie_id = mk.movie_id and mc.movie_id = mk.movie_id"
JOB,18a,True,True,True,True,6.0,True,"select min(mi.info) as movie_budget, min(mi_idx.info) as movie_votes, min(t.title) as movie_title from cast_info as ci, info_type as it1, info_type as it2, movie_info as mi, movie_info_idx as mi_idx, name as n, title as t where ci.note in (__str__, __str__) and it1.info = __str__ and it2.info = __str__ and n.gender = __str__ and n.name like __str__ and t.id = mi.movie_id and t.id = mi_idx.movie_id and t.id = ci.movie_id and ci.movie_id = mi.movie_id and ci.movie_id = mi_idx.movie_id and mi.movie_id = mi_idx.movie_id and n.id = ci.person_id and it1.id = mi.info_type_id and it2.id = mi_idx.info_type_id","select min(mi.info) as movie_budget, min(mi_idx.info) as movie_votes, min(t.title) as movie_title from cast_info as ci, info_type as it1, info_type as it2, movie_info as mi, movie_info_idx as mi_idx, name as n, title as t where ci.note in (__str__, __str__) and it1.info = __str__ and it2.info = __str__ and n.gender = __str__ and n.name like __str__ and t.id = mi.movie_id and t.id = mi_idx.movie_id and t.id = ci.movie_id and ci.movie_id = mi.movie_id and ci.movie_id = mi_idx.movie_id and mi.movie_id = mi_idx.movie_id and n.id = ci.person_id and it1.id = mi.info_type_id and it2.id = mi_idx.info_type_id"
JOB,18b,True,True,True,True,1215.0,True,"select min(mi.info) as movie_budget, min(mi_idx.info) as movie_votes, min(t.title) as movie_title from cast_info as ci, info_type as it1, info_type as it2, movie_info as mi, movie_info_idx as mi_idx, name as n, title as t where ci.note in (__str__, __str__, __str__, __str__, __str__) and it1.info = __str__ and it2.info = __str__ and mi.info in (__str__, __str__) and mi.note is null and mi_idx.info > __str__ and n.gender is not null and n.gender = __str__ and t.production_year between __num__ and __num__ and t.id = mi.movie_id and t.id = mi_idx.movie_id and t.id = ci.movie_id and ci.movie_id = mi.movie_id and ci.movie_id = mi_idx.movie_id and mi.movie_id = mi_idx.movie_id and n.id = ci.person_id and it1.id = mi.info_type_id and it2.id = mi_idx.info_type_id","select min(mi.info) as movie_budget, min(mi_idx.info) as movie_votes, min(t.title) as movie_title from cast_info as ci, info_type as it1, info_type as it2, movie_info as mi, movie_info_idx as mi_idx, name as n, title as t where ci.note in (__str__, __str__, __str__, __str__, __str__) and it1.info = __str__ and it2.info = __str__ and mi.info in (__str__, __str__) and mi.note is null and mi_idx.info > __str__ and n.gender is not null and n.gender = __str__ and t.production_year between __num__ and __num__ and t.id = mi.movie_id and t.id = mi_idx.movie_id and t.id = ci.movie_id and ci.movie_id = mi.movie_id and ci.movie_id = mi_idx.movie_id and mi.movie_id = mi_idx.movie_id and n.id = ci.person_id and it1.id = mi.info_type_id and it2.id = mi_idx.info_type_id"
JOB,18c,True,True,True,True,129522.0,True,"select min(mi.info) as movie_budget, min(mi_idx.info) as movie_votes, min(t.title) as movie_title from cast_info as ci, info_type as it1, info_type as it2, movie_info as mi, movie_info_idx as mi_idx, name as n, title as t where ci.note in (__str__, __str__, __str__, __str__, __str__) and it1.info = __str__ and it2.info = __str__ and mi.info in (__str__, __str__, __str__, __str__, __str__, __str__) and n.gender = __str__ and t.id = mi.movie_id and t.id = mi_idx.movie_id and t.id = ci.movie_id and ci.movie_id = mi.movie_id and ci.movie_id = mi_idx.movie_id and mi.movie_id = mi_idx.movie_id and n.id = ci.person_id and it1.id = mi.info_type_id and it2.id = mi_idx.info_type_id","select min(mi.info) as movie_budget, min(mi_idx.info) as movie_votes, min(t.title) as movie_title from cast_info as ci, info_type as it1, info_type as it2, movie_info as mi, movie_info_idx as mi_idx, name as n, title as t where ci.note in (__str__, __str__, __str__, __str__, __str__) and it1.info = __str__ and it2.info = __str__ and mi.info in (__str__, __str__, __str__, __str__, __str__, __str__) and n.gender = __str__ and t.id = mi.movie_id and t.id = mi_idx.movie_id and t.id = ci.movie_id and ci.movie_id = mi.movie_id and ci.movie_id = mi_idx.movie_id and mi.movie_id = mi_idx.movie_id and n.id = ci.person_id and it1.id = mi.info_type_id and it2.id = mi_idx.info_type_id"
JOB,19a,True,True,True,True,1.0,True,"select min(n.name) as voicing_actress, min(t.title) as voiced_movie from aka_name as an, char_name as chn, cast_info as ci, company_name as cn, info_type as it, movie_companies as mc, movie_info as mi, name as n, role_type as rt, title as t where ci.note in (__str__, __str__, __str__, __str__) and cn.country_code =__str__ and it.info = __str__ and mc.note is not null and (mc.note like __str__ or mc.note like __str__) and mi.info is not null and (mi.info like __str__ or mi.info like __str__) and n.gender =__str__ and n.name like __str__ and rt.role =__str__ and t.production_year between __num__ and __num__ and t.id = mi.movie_id and t.id = mc.movie_id and t.id = ci.movie_id and mc.movie_id = ci.movie_id and mc.movie_id = mi.movie_id and mi.movie_id = ci.movie_id and cn.id = mc.company_id and it.id = mi.info_type_id and n.id = ci.person_id and rt.id = ci.role_id and n.id = an.person_id and ci.person_id = an.person_id and chn.id = ci.person_role_id","select min(n.name) as voicing_actress, min(t.title) as voiced_movie from aka_name as an, char_name as chn, cast_info as ci, company_name as cn, info_type as it, movie_companies as mc, movie_info as mi, name as n, role_type as rt, title as t where ci.note in (__str__, __str__, __str__, __str__) and cn.country_code =__str__ and it.info = __str__ and mc.note is not null and (mc.note like __str__ or mc.note like __str__) and mi.info is not null and (mi.info like __str__ or mi.info like __str__) and n.gender =__str__ and n.name like __str__ and rt.role =__str__ and t.production_year between __num__ and __num__ and t.id = mi.movie_id and t.id = mc.movie_id and t.id = ci.movie_id and mc.movie_id = ci.movie_id and mc.movie_id = mi.movie_id and mi.movie_id = ci.movie_id and cn.id = mc.company_id and it.id = mi.info_type_id and n.id = ci.person_id and rt.id = ci.role_id and n.id = an.person_id and ci.person_id = an.person_id and chn.id = ci.person_role_id"
JOB,19b,True,True,True,True,1.0,True,"select min(n.name) as voicing_actress, min(t.title) as kung_fu_panda from aka_name as an, char_name as chn, cast_info as ci, company_name as cn, info_type as it, movie_companies as mc, movie_info as mi, name as n, role_type as rt, title as t where ci.note = __str__ and cn.country_code =__str__ and it.info = __str__ and mc.note like __str__ and (mc.note like __str__ or mc.note like __str__) and mi.info is not null and (mi.info like __str__ or mi.info like __str__) and n.gender =__str__ and n.name like __str__ and rt.role =__str__ and t.production_year between __num__ and __num__ and t.title like __str__ and t.id = mi.movie_id and t.id = mc.movie_id and t.id = ci.movie_id and mc.movie_id = ci.movie_id and mc.movie_id = mi.movie_id and mi.movie_id = ci.movie_id and cn.id = mc.company_id and it.id = mi.info_type_id and n.id = ci.person_id and rt.id = ci.role_id and n.id = an.person_id and ci.person_id = an.person_id and chn.id = ci.person_role_id","select min(n.name) as voicing_actress, min(t.title) as kung_fu_panda from aka_name as an, char_name as chn, cast_info as ci, company_name as cn, info_type as it, movie_companies as mc, movie_info as mi, name as n, role_type as rt, title as t where ci.note = __str__ and cn.country_code =__str__ and it.info = __str__ and mc.note like __str__ and (mc.note like __str__ or mc.note like __str__) and mi.info is not null and (mi.info like __str__ or mi.info like __str__) and n.gender =__str__ and n.name like __str__ and rt.role =__str__ and t.production_year between __num__ and __num__ and t.title like __str__ and t.id = mi.movie_id and t.id = mc.movie_id and t.id = ci.movie_id and mc.movie_id = ci.movie_id and mc.movie_id = mi.movie_id and mi.movie_id = ci.movie_id and cn.id = mc.company_id and it.id = mi.info_type_id and n.id = ci.person_id and rt.id = ci.role_id and n.id = an.person_id and ci.person_id = an.person_id and chn.id = ci.person_role_id"
JOB,19c,True,True,True,True,572.0,True,"select min(n.name) as voicing_actress, min(t.title) as jap_engl_voiced_movie from aka_name as an, char_name as chn, cast_info as ci, company_name as cn, info_type as it, movie_companies as mc, movie_info as mi, name as n, role_type as rt, title as t where ci.note in (__str__, __str__, __str__, __str__) and cn.country_code =__str__ and it.info = __str__ and mi.info is not null and (mi.info like __str__ or mi.info like __str__) and n.gender =__str__ and n.name like __str__ and rt.role =__str__ and t.production_year > __num__ and t.id = mi.movie_id and t.id = mc.movie_id and t.id = ci.movie_id and mc.movie_id = ci.movie_id and mc.movie_id = mi.movie_id and mi.movie_id = ci.movie_id and cn.id = mc.company_id and it.id = mi.info_type_id and n.id = ci.person_id and rt.id = ci.role_id and n.id = an.person_id and ci.person_id = an.person_id and chn.id = ci.person_role_id","select min(n.name) as voicing_actress, min(t.title) as jap_engl_voiced_movie from aka_name as an, char_name as chn, cast_info as ci, company_name as cn, info_type as it, movie_companies as mc, movie_info as mi, name as n, role_type as rt, title as t where ci.note in (__str__, __str__, __str__, __str__) and cn.country_code =__str__ and it.info = __str__ and mi.info is not null and (mi.info like __str__ or mi.info like __str__) and n.gender =__str__ and n.name like __str__ and rt.role =__str__ and t.production_year > __num__ and t.id = mi.movie_id and t.id = mc.movie_id and t.id = ci.movie_id and mc.movie_id = ci.movie_id and mc.movie_id = mi.movie_id and mi.movie_id = ci.movie_id and cn.id = mc.company_id and it.id = mi.info_type_id and n.id = ci.person_id and rt.id = ci.role_id and n.id = an.person_id and ci.person_id = an.person_id and chn.id = ci.person_role_id"
JOB,19d,True,True,True,True,24614.0,True,"select min(n.name) as voicing_actress, min(t.title) as jap_engl_voiced_movie from aka_name as an, char_name as chn, cast_info as ci, company_name as cn, info_type as it, movie_companies as mc, movie_info as mi, name as n, role_type as rt, title as t where ci.note in (__str__, __str__, __str__, __str__) and cn.country_code =__str__ and it.info = __str__ and n.gender =__str__ and rt.role =__str__ and t.production_year > __num__ and t.id = mi.movie_id and t.id = mc.movie_id and t.id = ci.movie_id and mc.movie_id = ci.movie_id and mc.movie_id = mi.movie_id and mi.movie_id = ci.movie_id and cn.id = mc.company_id and it.id = mi.info_type_id and n.id = ci.person_id and rt.id = ci.role_id and n.id = an.person_id and ci.person_id = an.person_id and chn.id = ci.person_role_id","select min(n.name) as voicing_actress, min(t.title) as jap_engl_voiced_movie from aka_name as an, char_name as chn, cast_info as ci, company_name as cn, info_type as it, movie_companies as mc, movie_info as mi, name as n, role_type as rt, title as t where ci.note in (__str__, __str__, __str__, __str__) and cn.country_code =__str__ and it.info = __str__ and n.gender =__str__ and rt.role =__str__ and t.production_year > __num__ and t.id = mi.movie_id and t.id = mc.movie_id and t.id = ci.movie_id and mc.movie_id = ci.movie_id and mc.movie_id = mi.movie_id and mi.movie_id = ci.movie_id and cn.id = mc.company_id and it.id = mi.info_type_id and n.id = ci.person_id and rt.id = ci.role_id and n.id = an.person_id and ci.person_id = an.person_id and chn.id = ci.person_role_id"
JOB,1a,True,True,True,True,87934.0,True,"select min(mc.note) as production_note, min(t.title) as movie_title, min(t.production_year) as movie_year from company_type as ct, info_type as it, movie_companies as mc, movie_info_idx as mi_idx, title as t where ct.kind = __str__ and it.info = __str__ and mc.note not like __str__ and (mc.note like __str__ or mc.note like __str__) and ct.id = mc.company_type_id and t.id = mc.movie_id and t.id = mi_idx.movie_id and mc.movie_id = mi_idx.movie_id and it.id = mi_idx.info_type_id","select min(mc.note) as production_note, min(t.title) as movie_title, min(t.production_year) as movie_year from company_type as ct, info_type as it, movie_companies as mc, movie_info_idx as mi_idx, title as t where ct.kind = __str__ and it.info = __str__ and mc.note not like __str__ and (mc.note like __str__ or mc.note like __str__) and ct.id = mc.company_type_id and t.id = mc.movie_id and t.id = mi_idx.movie_id and mc.movie_id = mi_idx.movie_id and it.id = mi_idx.info_type_id"
JOB,1b,True,True,True,True,1467.0,True,"select min(mc.note) as production_note, min(t.title) as movie_title, min(t.production_year) as movie_year from company_type as ct, info_type as it, movie_companies as mc, movie_info_idx as mi_idx, title as t where ct.kind = __str__ and it.info = __str__ and mc.note not like __str__ and t.production_year between __num__ and __num__ and ct.id = mc.company_type_id and t.id = mc.movie_id and t.id = mi_idx.movie_id and mc.movie_id = mi_idx.movie_id and it.id = mi_idx.info_type_id","select min(mc.note) as production_note, min(t.title) as movie_title, min(t.production_year) as movie_year from company_type as ct, info_type as it, movie_companies as mc, movie_info_idx as mi_idx, title as t where ct.kind = __str__ and it.info = __str__ and mc.note not like __str__ and t.production_year between __num__ and __num__ and ct.id = mc.company_type_id and t.id = mc.movie_id and t.id = mi_idx.movie_id and mc.movie_id = mi_idx.movie_id and it.id = mi_idx.info_type_id"
JOB,1c,True,True,True,True,87934.0,True,"select min(mc.note) as production_note, min(t.title) as movie_title, min(t.production_year) as movie_year from company_type as ct, info_type as it, movie_companies as mc, movie_info_idx as mi_idx, title as t where ct.kind = __str__ and it.info = __str__ and mc.note not like __str__ and (mc.note like __str__) and t.production_year >__num__ and ct.id = mc.company_type_id and t.id = mc.movie_id and t.id = mi_idx.movie_id and mc.movie_id = mi_idx.movie_id and it.id = mi_idx.info_type_id","select min(mc.note) as production_note, min(t.title) as movie_title, min(t.production_year) as movie_year from company_type as ct, info_type as it, movie_companies as mc, movie_info_idx as mi_idx, title as t where ct.kind = __str__ and it.info = __str__ and mc.note not like __str__ and (mc.note like __str__) and t.production_year >__num__ and ct.id = mc.company_type_id and t.id = mc.movie_id and t.id = mi_idx.movie_id and mc.movie_id = mi_idx.movie_id and it.id = mi_idx.info_type_id"
JOB,1d,True,True,True,True,161937.0,True,"select min(mc.note) as production_note, min(t.title) as movie_title, min(t.production_year) as movie_year from company_type as ct, info_type as it, movie_companies as mc, movie_info_idx as mi_idx, title as t where ct.kind = __str__ and it.info = __str__ and mc.note not like __str__ and t.production_year >__num__ and ct.id = mc.company_type_id and t.id = mc.movie_id and t.id = mi_idx.movie_id and mc.movie_id = mi_idx.movie_id and it.id = mi_idx.info_type_id","select min(mc.note) as production_note, min(t.title) as movie_title, min(t.production_year) as movie_year from company_type as ct, info_type as it, movie_companies as mc, movie_info_idx as mi_idx, title as t where ct.kind = __str__ and it.info = __str__ and mc.note not like __str__ and t.production_year >__num__ and ct.id = mc.company_type_id and t.id = mc.movie_id and t.id = mi_idx.movie_id and mc.movie_id = mi_idx.movie_id and it.id = mi_idx.info_type_id"
JOB,20a,True,True,True,True,14.0,True,"select min(t.title) as complete_downey_ironman_movie from complete_cast as cc, comp_cast_type as cct1, comp_cast_type as cct2, char_name as chn, cast_info as ci, keyword as k, kind_type as kt, movie_keyword as mk, name as n, title as t where cct1.kind = __str__ and cct2.kind like __str__ and chn.name not like __str__ and (chn.name like __str__ or chn.name like __str__) and k.keyword in (__str__, __str__, __str__, __str__, __str__, __str__, __str__, __str__) and kt.kind = __str__ and t.production_year > __num__ and kt.id = t.kind_id and t.id = mk.movie_id and t.id = ci.movie_id and t.id = cc.movie_id and mk.movie_id = ci.movie_id and mk.movie_id = cc.movie_id and ci.movie_id = cc.movie_id and chn.id = ci.person_role_id and n.id = ci.person_id and k.id = mk.keyword_id and cct1.id = cc.subject_id and cct2.id = cc.status_id","select min(t.title) as complete_downey_ironman_movie from complete_cast as cc, comp_cast_type as cct1, comp_cast_type as cct2, char_name as chn, cast_info as ci, keyword as k, kind_type as kt, movie_keyword as mk, name as n, title as t where cct1.kind = __str__ and cct2.kind like __str__ and chn.name not like __str__ and (chn.name like __str__ or chn.name like __str__) and k.keyword in (__str__, __str__, __str__, __str__, __str__, __str__, __str__, __str__) and kt.kind = __str__ and t.production_year > __num__ and kt.id = t.kind_id and t.id = mk.movie_id and t.id = ci.movie_id and t.id = cc.movie_id and mk.movie_id = ci.movie_id and mk.movie_id = cc.movie_id and ci.movie_id = cc.movie_id and chn.id = ci.person_role_id and n.id = ci.person_id and k.id = mk.keyword_id and cct1.id = cc.subject_id and cct2.id = cc.status_id"
JOB,20b,True,True,True,True,1886.0,True,"select min(t.title) as complete_downey_ironman_movie from complete_cast as cc, comp_cast_type as cct1, comp_cast_type as cct2, char_name as chn, cast_info as ci, keyword as k, kind_type as kt, movie_keyword as mk, name as n, title as t where cct1.kind = __str__ and cct2.kind like __str__ and chn.name not like __str__ and (chn.name like __str__ or chn.name like __str__) and k.keyword in (__str__, __str__, __str__, __str__, __str__, __str__, __str__, __str__) and kt.kind = __str__ and n.name like __str__ and t.production_year > __num__ and kt.id = t.kind_id and t.id = mk.movie_id and t.id = ci.movie_id and t.id = cc.movie_id and mk.movie_id = ci.movie_id and mk.movie_id = cc.movie_id and ci.movie_id = cc.movie_id and chn.id = ci.person_role_id and n.id = ci.person_id and k.id = mk.keyword_id and cct1.id = cc.subject_id and cct2.id = cc.status_id","select min(t.title) as complete_downey_ironman_movie from complete_cast as cc, comp_cast_type as cct1, comp_cast_type as cct2, char_name as chn, cast_info as ci, keyword as k, kind_type as kt, movie_keyword as mk, name as n, title as t where cct1.kind = __str__ and cct2.kind like __str__ and chn.name not like __str__ and (chn.name like __str__ or chn.name like __str__) and k.keyword in (__str__, __str__, __str__, __str__, __str__, __str__, __str__, __str__) and kt.kind = __str__ and n.name like __str__ and t.production_year > __num__ and kt.id = t.kind_id and t.id = mk.movie_id and t.id = ci.movie_id and t.id = cc.movie_id and mk.movie_id = ci.movie_id and mk.movie_id = cc.movie_id and ci.movie_id = cc.movie_id and chn.id = ci.person_role_id and n.id = ci.person_id and k.id = mk.keyword_id and cct1.id = cc.subject_id and cct2.id = cc.status_id"
JOB,20c,True,True,True,True,1969.0,True,"select min(n.name) as cast_member, min(t.title) as complete_dynamic_hero_movie from complete_cast as cc, comp_cast_type as cct1, comp_cast_type as cct2, char_name as chn, cast_info as ci, keyword as k, kind_type as kt, movie_keyword as mk, name as n, title as t where cct1.kind = __str__ and cct2.kind like __str__ and chn.name is not null and (chn.name like __str__ or chn.name like __str__) and k.keyword in (__str__, __str__, __str__, __str__, __str__, __str__, __str__, __str__, __str__, __str__) and kt.kind = __str__ and t.production_year > __num__ and kt.id = t.kind_id and t.id = mk.movie_id and t.id = ci.movie_id and t.id = cc.movie_id and mk.movie_id = ci.movie_id and mk.movie_id = cc.movie_id and ci.movie_id = cc.movie_id and chn.id = ci.person_role_id and n.id = ci.person_id and k.id = mk.keyword_id and cct1.id = cc.subject_id and cct2.id = cc.status_id","select min(n.name) as cast_member, min(t.title) as complete_dynamic_hero_movie from complete_cast as cc, comp_cast_type as cct1, comp_cast_type as cct2, char_name as chn, cast_info as ci, keyword as k, kind_type as kt, movie_keyword as mk, name as n, title as t where cct1.kind = __str__ and cct2.kind like __str__ and chn.name is not null and (chn.name like __str__ or chn.name like __str__) and k.keyword in (__str__, __str__, __str__, __str__, __str__, __str__, __str__, __str__, __str__, __str__) and kt.kind = __str__ and t.production_year > __num__ and kt.id = t.kind_id and t.id = mk.movie_id and t.id = ci.movie_id and t.id = cc.movie_id and mk.movie_id = ci.movie_id and mk.movie_id = cc.movie_id and ci.movie_id = cc.movie_id and chn.id = ci.person_role_id and n.id = ci.person_id and k.id = mk.keyword_id and cct1.id = cc.subject_id and cct2.id = cc.status_id"
JOB,21a,True,True,True,True,1.0,True,"select min(cn.name) as company_name, min(lt.link) as link_type, min(t.title) as western_follow_up from company_name as cn, company_type as ct, keyword as k, link_type as lt, movie_companies as mc, movie_info as mi, movie_keyword as mk, movie_link as ml, title as t where cn.country_code !=__str__ and (cn.name like __str__ or cn.name like __str__) and ct.kind =__str__ and k.keyword =__str__ and lt.link like __str__ and mc.note is null and mi.info in (__str__, __str__, __str__, __str__, __str__, __str__, __str__, __str__) and t.production_year between __num__ and __num__ and lt.id = ml.link_type_id and ml.movie_id = t.id and t.id = mk.movie_id and mk.keyword_id = k.id and t.id = mc.movie_id and mc.company_type_id = ct.id and mc.company_id = cn.id and mi.movie_id = t.id and ml.movie_id = mk.movie_id and ml.movie_id = mc.movie_id and mk.movie_id = mc.movie_id and ml.movie_id = mi.movie_id and mk.movie_id = mi.movie_id and mc.movie_id = mi.movie_id","select min(cn.name) as company_name, min(lt.link) as link_type, min(t.title) as western_follow_up from company_name as cn, company_type as ct, keyword as k, link_type as lt, movie_companies as mc, movie_info as mi, movie_keyword as mk, movie_link as ml, title as t where cn.country_code !=__str__ and (cn.name like __str__ or cn.name like __str__) and ct.kind =__str__ and k.keyword =__str__ and lt.link like __str__ and mc.note is null and mi.info in (__str__, __str__, __str__, __str__, __str__, __str__, __str__, __str__) and t.production_year between __num__ and __num__ and lt.id = ml.link_type_id and ml.movie_id = t.id and t.id = mk.movie_id and mk.keyword_id = k.id and t.id = mc.movie_id and mc.company_type_id = ct.id and mc.company_id = cn.id and mi.movie_id = t.id and ml.movie_id = mk.movie_id and ml.movie_id = mc.movie_id and mk.movie_id = mc.movie_id and ml.movie_id = mi.movie_id and mk.movie_id = mi.movie_id and mc.movie_id = mi.movie_id"
JOB,21b,True,True,True,True,1.0,True,"select min(cn.name) as company_name, min(lt.link) as link_type, min(t.title) as german_follow_up from company_name as cn, company_type as ct, keyword as k, link_type as lt, movie_companies as mc, movie_info as mi, movie_keyword as mk, movie_link as ml, title as t where cn.country_code !=__str__ and (cn.name like __str__ or cn.name like __str__) and ct.kind =__str__ and k.keyword =__str__ and lt.link like __str__ and mc.note is null and mi.info in (__str__, __str__) and t.production_year between __num__ and __num__ and lt.id = ml.link_type_id and ml.movie_id = t.id and t.id = mk.movie_id and mk.keyword_id = k.id and t.id = mc.movie_id and mc.company_type_id = ct.id and mc.company_id = cn.id and mi.movie_id = t.id and ml.movie_id = mk.movie_id and ml.movie_id = mc.movie_id and mk.movie_id = mc.movie_id and ml.movie_id = mi.movie_id and mk.movie_id = mi.movie_id and mc.movie_id = mi.movie_id","select min(cn.name) as company_name, min(lt.link) as link_type, min(t.title) as german_follow_up from company_name as cn, company_type as ct, keyword as k, link_type as lt, movie_companies as mc, movie_info as mi, movie_keyword as mk, movie_link as ml, title as t where cn.country_code !=__str__ and (cn.name like __str__ or cn.name like __str__) and ct.kind =__str__ and k.keyword =__str__ and lt.link like __str__ and mc.note is null and mi.info in (__str__, __str__) and t.production_year between __num__ and __num__ and lt.id = ml.link_type_id and ml.movie_id = t.id and t.id = mk.movie_id and mk.keyword_id = k.id and t.id = mc.movie_id and mc.company_type_id = ct.id and mc.company_id = cn.id and mi.movie_id = t.id and ml.movie_id = mk.movie_id and ml.movie_id = mc.movie_id and mk.movie_id = mc.movie_id and ml.movie_id = mi.movie_id and mk.movie_id = mi.movie_id and mc.movie_id = mi.movie_id"
JOB,21c,True,True,True,True,3.0,True,"select min(cn.name) as company_name, min(lt.link) as link_type, min(t.title) as western_follow_up from company_name as cn, company_type as ct, keyword as k, link_type as lt, movie_companies as mc, movie_info as mi, movie_keyword as mk, movie_link as ml, title as t where cn.country_code !=__str__ and (cn.name like __str__ or cn.name like __str__) and ct.kind =__str__ and k.keyword =__str__ and lt.link like __str__ and mc.note is null and mi.info in (__str__, __str__, __str__, __str__, __str__, __str__, __str__, __str__, __str__) and t.production_year between __num__ and __num__ and lt.id = ml.link_type_id and ml.movie_id = t.id and t.id = mk.movie_id and mk.keyword_id = k.id and t.id = mc.movie_id and mc.company_type_id = ct.id and mc.company_id = cn.id and mi.movie_id = t.id and ml.movie_id = mk.movie_id and ml.movie_id = mc.movie_id and mk.movie_id = mc.movie_id and ml.movie_id = mi.movie_id and mk.movie_id = mi.movie_id and mc.movie_id = mi.movie_id","select min(cn.name) as company_name, min(lt.link) as link_type, min(t.title) as western_follow_up from company_name as cn, company_type as ct, keyword as k, link_type as lt, movie_companies as mc, movie_info as mi, movie_keyword as mk, movie_link as ml, title as t where cn.country_code !=__str__ and (cn.name like __str__ or cn.name like __str__) and ct.kind =__str__ and k.keyword =__str__ and lt.link like __str__ and mc.note is null and mi.info in (__str__, __str__, __str__, __str__, __str__, __str__, __str__, __str__, __str__) and t.production_year between __num__ and __num__ and lt.id = ml.link_type_id and ml.movie_id = t.id and t.id = mk.movie_id and mk.keyword_id = k.id and t.id = mc.movie_id and mc.company_type_id = ct.id and mc.company_id = cn.id and mi.movie_id = t.id and ml.movie_id = mk.movie_id and ml.movie_id = mc.movie_id and mk.movie_id = mc.movie_id and ml.movie_id = mi.movie_id and mk.movie_id = mi.movie_id and mc.movie_id = mi.movie_id"
JOB,22a,True,True,True,True,5203.0,True,"select min(cn.name) as movie_company, min(mi_idx.info) as rating, min(t.title) as western_violent_movie from company_name as cn, company_type as ct, info_type as it1, info_type as it2, keyword as k, kind_type as kt, movie_companies as mc, movie_info as mi, movie_info_idx as mi_idx, movie_keyword as mk, title as t where cn.country_code != __str__ and it1.info = __str__ and it2.info = __str__ and k.keyword in (__str__, __str__, __str__, __str__) and kt.kind in (__str__, __str__) and mc.note not like __str__ and mc.note like __str__ and mi.info in (__str__, __str__, __str__, __str__) and mi_idx.info < __str__ and t.production_year > __num__ and kt.id = t.kind_id and t.id = mi.movie_id and t.id = mk.movie_id and t.id = mi_idx.movie_id and t.id = mc.movie_id and mk.movie_id = mi.movie_id and mk.movie_id = mi_idx.movie_id and mk.movie_id = mc.movie_id and mi.movie_id = mi_idx.movie_id and mi.movie_id = mc.movie_id and mc.movie_id = mi_idx.movie_id and k.id = mk.keyword_id and it1.id = mi.info_type_id and it2.id = mi_idx.info_type_id and ct.id = mc.company_type_id and cn.id = mc.company_id","select min(cn.name) as movie_company, min(mi_idx.info) as rating, min(t.title) as western_violent_movie from company_name as cn, company_type as ct, info_type as it1, info_type as it2, keyword as k, kind_type as kt, movie_companies as mc, movie_info as mi, movie_info_idx as mi_idx, movie_keyword as mk, title as t where cn.country_code != __str__ and it1.info = __str__ and it2.info = __str__ and k.keyword in (__str__, __str__, __str__, __str__) and kt.kind in (__str__, __str__) and mc.note not like __str__ and mc.note like __str__ and mi.info in (__str__, __str__, __str__, __str__) and mi_idx.info < __str__ and t.production_year > __num__ and kt.id = t.kind_id and t.id = mi.movie_id and t.id = mk.movie_id and t.id = mi_idx.movie_id and t.id = mc.movie_id and mk.movie_id = mi.movie_id and mk.movie_id = mi_idx.movie_id and mk.movie_id = mc.movie_id and mi.movie_id = mi_idx.movie_id and mi.movie_id = mc.movie_id and mc.movie_id = mi_idx.movie_id and k.id = mk.keyword_id and it1.id = mi.info_type_id and it2.id = mi_idx.info_type_id and ct.id = mc.company_type_id and cn.id = mc.company_id"
JOB,22b,True,True,True,True,5203.0,True,"select min(cn.name) as movie_company, min(mi_idx.info) as rating, min(t.title) as western_violent_movie from company_name as cn, company_type as ct, info_type as it1, info_type as it2, keyword as k, kind_type as kt, movie_companies as mc, movie_info as mi, movie_info_idx as mi_idx, movie_keyword as mk, title as t where cn.country_code != __str__ and it1.info = __str__ and it2.info = __str__ and k.keyword in (__str__, __str__, __str__, __str__) and kt.kind in (__str__, __str__) and mc.note not like __str__ and mc.note like __str__ and mi.info in (__str__, __str__, __str__, __str__) and mi_idx.info < __str__ and t.production_year > __num__ and kt.id = t.kind_id and t.id = mi.movie_id and t.id = mk.movie_id and t.id = mi_idx.movie_id and t.id = mc.movie_id and mk.movie_id = mi.movie_id and mk.movie_id = mi_idx.movie_id and mk.movie_id = mc.movie_id and mi.movie_id = mi_idx.movie_id and mi.movie_id = mc.movie_id and mc.movie_id = mi_idx.movie_id and k.id = mk.keyword_id and it1.id = mi.info_type_id and it2.id = mi_idx.info_type_id and ct.id = mc.company_type_id and cn.id = mc.company_id","select min(cn.name) as movie_company, min(mi_idx.info) as rating, min(t.title) as western_violent_movie from company_name as cn, company_type as ct, info_type as it1, info_type as it2, keyword as k, kind_type as kt, movie_companies as mc, movie_info as mi, movie_info_idx as mi_idx, movie_keyword as mk, title as t where cn.country_code != __str__ and it1.info = __str__ and it2.info = __str__ and k.keyword in (__str__, __str__, __str__, __str__) and kt.kind in (__str__, __str__) and mc.note not like __str__ and mc.note like __str__ and mi.info in (__str__, __str__, __str__, __str__) and mi_idx.info < __str__ and t.production_year > __num__ and kt.id = t.kind_id and t.id = mi.movie_id and t.id = mk.movie_id and t.id = mi_idx.movie_id and t.id = mc.movie_id and mk.movie_id = mi.movie_id and mk.movie_id = mi_idx.movie_id and mk.movie_id = mc.movie_id and mi.movie_id = mi_idx.movie_id and mi.movie_id = mc.movie_id and mc.movie_id = mi_idx.movie_id and k.id = mk.keyword_id and it1.id = mi.info_type_id and it2.id = mi_idx.info_type_id and ct.id = mc.company_type_id and cn.id = mc.company_id"
JOB,22c,True,True,True,True,5203.0,True,"select min(cn.name) as movie_company, min(mi_idx.info) as rating, min(t.title) as western_violent_movie from company_name as cn, company_type as ct, info_type as it1, info_type as it2, keyword as k, kind_type as kt, movie_companies as mc, movie_info as mi, movie_info_idx as mi_idx, movie_keyword as mk, title as t where cn.country_code != __str__ and it1.info = __str__ and it2.info = __str__ and k.keyword in (__str__, __str__, __str__, __str__) and kt.kind in (__str__, __str__) and mc.note not like __str__ and mc.note like __str__ and mi.info in (__str__, __str__, __str__, __str__, __str__, __str__, __str__, __str__, __str__, __str__) and mi_idx.info < __str__ and t.production_year > __num__ and kt.id = t.kind_id and t.id = mi.movie_id and t.id = mk.movie_id and t.id = mi_idx.movie_id and t.id = mc.movie_id and mk.movie_id = mi.movie_id and mk.movie_id = mi_idx.movie_id and mk.movie_id = mc.movie_id and mi.movie_id = mi_idx.movie_id and mi.movie_id = mc.movie_id and mc.movie_id = mi_idx.movie_id and k.id = mk.keyword_id and it1.id = mi.info_type_id and it2.id = mi_idx.info_type_id and ct.id = mc.company_type_id and cn.id = mc.company_id","select min(cn.name) as movie_company, min(mi_idx.info) as rating, min(t.title) as western_violent_movie from company_name as cn, company_type as ct, info_type as it1, info_type as it2, keyword as k, kind_type as kt, movie_companies as mc, movie_info as mi, movie_info_idx as mi_idx, movie_keyword as mk, title as t where cn.country_code != __str__ and it1.info = __str__ and it2.info = __str__ and k.keyword in (__str__, __str__, __str__, __str__) and kt.kind in (__str__, __str__) and mc.note not like __str__ and mc.note like __str__ and mi.info in (__str__, __str__, __str__, __str__, __str__, __str__, __str__, __str__, __str__, __str__) and mi_idx.info < __str__ and t.production_year > __num__ and kt.id = t.kind_id and t.id = mi.movie_id and t.id = mk.movie_id and t.id = mi_idx.movie_id and t.id = mc.movie_id and mk.movie_id = mi.movie_id and mk.movie_id = mi_idx.movie_id and mk.movie_id = mc.movie_id and mi.movie_id = mi_idx.movie_id and mi.movie_id = mc.movie_id and mc.movie_id = mi_idx.movie_id and k.id = mk.keyword_id and it1.id = mi.info_type_id and it2.id = mi_idx.info_type_id and ct.id = mc.company_type_id and cn.id = mc.company_id"
JOB,22d,True,True,True,True,14082.0,True,"select min(cn.name) as movie_company, min(mi_idx.info) as rating, min(t.title) as western_violent_movie from company_name as cn, company_type as ct, info_type as it1, info_type as it2, keyword as k, kind_type as kt, movie_companies as mc, movie_info as mi, movie_info_idx as mi_idx, movie_keyword as mk, title as t where cn.country_code != __str__ and it1.info = __str__ and it2.info = __str__ and k.keyword in (__str__, __str__, __str__, __str__) and kt.kind in (__str__, __str__) and mi.info in (__str__, __str__, __str__, __str__, __str__, __str__, __str__, __str__, __str__, __str__) and mi_idx.info < __str__ and t.production_year > __num__ and kt.id = t.kind_id and t.id = mi.movie_id and t.id = mk.movie_id and t.id = mi_idx.movie_id and t.id = mc.movie_id and mk.movie_id = mi.movie_id and mk.movie_id = mi_idx.movie_id and mk.movie_id = mc.movie_id and mi.movie_id = mi_idx.movie_id and mi.movie_id = mc.movie_id and mc.movie_id = mi_idx.movie_id and k.id = mk.keyword_id and it1.id = mi.info_type_id and it2.id = mi_idx.info_type_id and ct.id = mc.company_type_id and cn.id = mc.company_id","select min(cn.name) as movie_company, min(mi_idx.info) as rating, min(t.title) as western_violent_movie from company_name as cn, company_type as ct, info_type as it1, info_type as it2, keyword as k, kind_type as kt, movie_companies as mc, movie_info as mi, movie_info_idx as mi_idx, movie_keyword as mk, title as t where cn.country_code != __str__ and it1.info = __str__ and it2.info = __str__ and k.keyword in (__str__, __str__, __str__, __str__) and kt.kind in (__str__, __str__) and mi.info in (__str__, __str__, __str__, __str__, __str__, __str__, __str__, __str__, __str__, __str__) and mi_idx.info < __str__ and t.production_year > __num__ and kt.id = t.kind_id and t.id = mi.movie_id and t.id = mk.movie_id and t.id = mi_idx.movie_id and t.id = mc.movie_id and mk.movie_id = mi.movie_id and mk.movie_id = mi_idx.movie_id and mk.movie_id = mc.movie_id and mi.movie_id = mi_idx.movie_id and mi.movie_id = mc.movie_id and mc.movie_id = mi_idx.movie_id and k.id = mk.keyword_id and it1.id = mi.info_type_id and it2.id = mi_idx.info_type_id and ct.id = mc.company_type_id and cn.id = mc.company_id"
JOB,23a,True,True,True,True,296189.0,True,"select min(kt.kind) as movie_kind, min(t.title) as complete_us_internet_movie from complete_cast as cc, comp_cast_type as cct1, company_name as cn, company_type as ct, info_type as it1, keyword as k, kind_type as kt, movie_companies as mc, movie_info as mi, movie_keyword as mk, title as t where cct1.kind = __str__ and cn.country_code = __str__ and it1.info = __str__ and kt.kind in (__str__) and mi.note like __str__ and mi.info is not null and (mi.info like __str__ or mi.info like __str__) and t.production_year > __num__ and kt.id = t.kind_id and t.id = mi.movie_id and t.id = mk.movie_id and t.id = mc.movie_id and t.id = cc.movie_id and mk.movie_id = mi.movie_id and mk.movie_id = mc.movie_id and mk.movie_id = cc.movie_id and mi.movie_id = mc.movie_id and mi.movie_id = cc.movie_id and mc.movie_id = cc.movie_id and k.id = mk.keyword_id and it1.id = mi.info_type_id and cn.id = mc.company_id and ct.id = mc.company_type_id and cct1.id = cc.status_id","select min(kt.kind) as movie_kind, min(t.title) as complete_us_internet_movie from complete_cast as cc, comp_cast_type as cct1, company_name as cn, company_type as ct, info_type as it1, keyword as k, kind_type as kt, movie_companies as mc, movie_info as mi, movie_keyword as mk, title as t where cct1.kind = __str__ and cn.country_code = __str__ and it1.info = __str__ and kt.kind in (__str__) and mi.note like __str__ and mi.info is not null and (mi.info like __str__ or mi.info like __str__) and t.production_year > __num__ and kt.id = t.kind_id and t.id = mi.movie_id and t.id = mk.movie_id and t.id = mc.movie_id and t.id = cc.movie_id and mk.movie_id = mi.movie_id and mk.movie_id = mc.movie_id and mk.movie_id = cc.movie_id and mi.movie_id = mc.movie_id and mi.movie_id = cc.movie_id and mc.movie_id = cc.movie_id and k.id = mk.keyword_id and it1.id = mi.info_type_id and cn.id = mc.company_id and ct.id = mc.company_type_id and cct1.id = cc.status_id"
JOB,23b,True,True,True,True,1547.0,True,"select min(kt.kind) as movie_kind, min(t.title) as complete_nerdy_internet_movie from complete_cast as cc, comp_cast_type as cct1, company_name as cn, company_type as ct, info_type as it1, keyword as k, kind_type as kt, movie_companies as mc, movie_info as mi, movie_keyword as mk, title as t where cct1.kind = __str__ and cn.country_code = __str__ and it1.info = __str__ and k.keyword in (__str__, __str__, __str__, __str__) and kt.kind in (__str__) and mi.note like __str__ and mi.info like __str__ and t.production_year > __num__ and kt.id = t.kind_id and t.id = mi.movie_id and t.id = mk.movie_id and t.id = mc.movie_id and t.id = cc.movie_id and mk.movie_id = mi.movie_id and mk.movie_id = mc.movie_id and mk.movie_id = cc.movie_id and mi.movie_id = mc.movie_id and mi.movie_id = cc.movie_id and mc.movie_id = cc.movie_id and k.id = mk.keyword_id and it1.id = mi.info_type_id and cn.id = mc.company_id and ct.id = mc.company_type_id and cct1.id = cc.status_id","select min(kt.kind) as movie_kind, min(t.title) as complete_nerdy_internet_movie from complete_cast as cc, comp_cast_type as cct1, company_name as cn, company_type as ct, info_type as it1, keyword as k, kind_type as kt, movie_companies as mc, movie_info as mi, movie_keyword as mk, title as t where cct1.kind = __str__ and cn.country_code = __str__ and it1.info = __str__ and k.keyword in (__str__, __str__, __str__, __str__) and kt.kind in (__str__) and mi.note like __str__ and mi.info like __str__ and t.production_year > __num__ and kt.id = t.kind_id and t.id = mi.movie_id and t.id = mk.movie_id and t.id = mc.movie_id and t.id = cc.movie_id and mk.movie_id = mi.movie_id and mk.movie_id = mc.movie_id and mk.movie_id = cc.movie_id and mi.movie_id = mc.movie_id and mi.movie_id = cc.movie_id and mc.movie_id = cc.movie_id and k.id = mk.keyword_id and it1.id = mi.info_type_id and cn.id = mc.company_id and ct.id = mc.company_type_id and cct1.id = cc.status_id"
JOB,23c,True,True,True,True,296189.0,True,"select min(kt.kind) as movie_kind, min(t.title) as complete_us_internet_movie from complete_cast as cc, comp_cast_type as cct1, company_name as cn, company_type as ct, info_type as it1, keyword as k, kind_type as kt, movie_companies as mc, movie_info as mi, movie_keyword as mk, title as t where cct1.kind = __str__ and cn.country_code = __str__ and it1.info = __str__ and kt.kind in (__str__, __str__, __str__, __str__) and mi.note like __str__ and mi.info is not null and (mi.info like __str__ or mi.info like __str__) and t.production_year > __num__ and kt.id = t.kind_id and t.id = mi.movie_id and t.id = mk.movie_id and t.id = mc.movie_id and t.id = cc.movie_id and mk.movie_id = mi.movie_id and mk.movie_id = mc.movie_id and mk.movie_id = cc.movie_id and mi.movie_id = mc.movie_id and mi.movie_id = cc.movie_id and mc.movie_id = cc.movie_id and k.id = mk.keyword_id and it1.id = mi.info_type_id and cn.id = mc.company_id and ct.id = mc.company_type_id and cct1.id = cc.status_id","select min(kt.kind) as movie_kind, min(t.title) as complete_us_internet_movie from complete_cast as cc, comp_cast_type as cct1, company_name as cn, company_type as ct, info_type as it1, keyword as k, kind_type as kt, movie_companies as mc, movie_info as mi, movie_keyword as mk, title as t where cct1.kind = __str__ and cn.country_code = __str__ and it1.info = __str__ and kt.kind in (__str__, __str__, __str__, __str__) and mi.note like __str__ and mi.info is not null and (mi.info like __str__ or mi.info like __str__) and t.production_year > __num__ and kt.id = t.kind_id and t.id = mi.movie_id and t.id = mk.movie_id and t.id = mc.movie_id and t.id = cc.movie_id and mk.movie_id = mi.movie_id and mk.movie_id = mc.movie_id and mk.movie_id = cc.movie_id and mi.movie_id = mc.movie_id and mi.movie_id = cc.movie_id and mc.movie_id = cc.movie_id and k.id = mk.keyword_id and it1.id = mi.info_type_id and cn.id = mc.company_id and ct.id = mc.company_type_id and cct1.id = cc.status_id"
JOB,24a,True,True,True,True,1.0,True,"select min(chn.name) as voiced_char_name, min(n.name) as voicing_actress_name, min(t.title) as voiced_action_movie_jap_eng from aka_name as an, char_name as chn, cast_info as ci, company_name as cn, info_type as it, keyword as k, movie_companies as mc, movie_info as mi, movie_keyword as mk, name as n, role_type as rt, title as t where ci.note in (__str__, __str__, __str__, __str__) and cn.country_code =__str__ and it.info = __str__ and k.keyword in (__str__, __str__, __str__) and mi.info is not null and (mi.info like __str__ or mi.info like __str__) and n.gender =__str__ and n.name like __str__ and rt.role =__str__ and t.production_year > __num__ and t.id = mi.movie_id and t.id = mc.movie_id and t.id = ci.movie_id and t.id = mk.movie_id and mc.movie_id = ci.movie_id and mc.movie_id = mi.movie_id and mc.movie_id = mk.movie_id and mi.movie_id = ci.movie_id and mi.movie_id = mk.movie_id and ci.movie_id = mk.movie_id and cn.id = mc.company_id and it.id = mi.info_type_id and n.id = ci.person_id and rt.id = ci.role_id and n.id = an.person_id and ci.person_id = an.person_id and chn.id = ci.person_role_id and k.id = mk.keyword_id","select min(chn.name) as voiced_char_name, min(n.name) as voicing_actress_name, min(t.title) as voiced_action_movie_jap_eng from aka_name as an, char_name as chn, cast_info as ci, company_name as cn, info_type as it, keyword as k, movie_companies as mc, movie_info as mi, movie_keyword as mk, name as n, role_type as rt, title as t where ci.note in (__str__, __str__, __str__, __str__) and cn.country_code =__str__ and it.info = __str__ and k.keyword in (__str__, __str__, __str__) and mi.info is not null and (mi.info like __str__ or mi.info like __str__) and n.gender =__str__ and n.name like __str__ and rt.role =__str__ and t.production_year > __num__ and t.id = mi.movie_id and t.id = mc.movie_id and t.id = ci.movie_id and t.id = mk.movie_id and mc.movie_id = ci.movie_id and mc.movie_id = mi.movie_id and mc.movie_id = mk.movie_id and mi.movie_id = ci.movie_id and mi.movie_id = mk.movie_id and ci.movie_id = mk.movie_id and cn.id = mc.company_id and it.id = mi.info_type_id and n.id = ci.person_id and rt.id = ci.role_id and n.id = an.person_id and ci.person_id = an.person_id and chn.id = ci.person_role_id and k.id = mk.keyword_id"
JOB,24b,True,True,True,True,1.0,True,"select min(chn.name) as voiced_char_name, min(n.name) as voicing_actress_name, min(t.title) as kung_fu_panda from aka_name as an, char_name as chn, cast_info as ci, company_name as cn, info_type as it, keyword as k, movie_companies as mc, movie_info as mi, movie_keyword as mk, name as n, role_type as rt, title as t where ci.note in (__str__, __str__, __str__, __str__) and cn.country_code =__str__ and cn.name = __str__ and it.info = __str__ and k.keyword in (__str__, __str__, __str__, __str__) and mi.info is not null and (mi.info like __str__ or mi.info like __str__) and n.gender =__str__ and n.name like __str__ and rt.role =__str__ and t.production_year > __num__ and t.title like __str__ and t.id = mi.movie_id and t.id = mc.movie_id and t.id = ci.movie_id and t.id = mk.movie_id and mc.movie_id = ci.movie_id and mc.movie_id = mi.movie_id and mc.movie_id = mk.movie_id and mi.movie_id = ci.movie_id and mi.movie_id = mk.movie_id and ci.movie_id = mk.movie_id and cn.id = mc.company_id and it.id = mi.info_type_id and n.id = ci.person_id and rt.id = ci.role_id and n.id = an.person_id and ci.person_id = an.person_id and chn.id = ci.person_role_id and k.id = mk.keyword_id","select min(chn.name) as voiced_char_name, min(n.name) as voicing_actress_name, min(t.title) as kung_fu_panda from aka_name as an, char_name as chn, cast_info as ci, company_name as cn, info_type as it, keyword as k, movie_companies as mc, movie_info as mi, movie_keyword as mk, name as n, role_type as rt, title as t where ci.note in (__str__, __str__, __str__, __str__) and cn.country_code =__str__ and cn.name = __str__ and it.info = __str__ and k.keyword in (__str__, __str__, __str__, __str__) and mi.info is not null and (mi.info like __str__ or mi.info like __str__) and n.gender =__str__ and n.name like __str__ and rt.role =__str__ and t.production_year > __num__ and t.title like __str__ and t.id = mi.movie_id and t.id = mc.movie_id and t.id = ci.movie_id and t.id = mk.movie_id and mc.movie_id = ci.movie_id and mc.movie_id = mi.movie_id and mc.movie_id = mk.movie_id and mi.movie_id = ci.movie_id and mi.movie_id = mk.movie_id and ci.movie_id = mk.movie_id and cn.id = mc.company_id and it.id = mi.info_type_id and n.id = ci.person_id and rt.id = ci.role_id and n.id = an.person_id and ci.person_id = an.person_id and chn.id = ci.person_role_id and k.id = mk.keyword_id"
JOB,25a,True,True,True,True,22661.0,True,"select min(mi.info) as movie_budget, min(mi_idx.info) as movie_votes, min(n.name) as male_writer, min(t.title) as violent_movie_title from cast_info as ci, info_type as it1, info_type as it2, keyword as k, movie_info as mi, movie_info_idx as mi_idx, movie_keyword as mk, name as n, title as t where ci.note in (__str__, __str__, __str__, __str__, __str__) and it1.info = __str__ and it2.info = __str__ and k.keyword in (__str__, __str__, __str__, __str__, __str__) and mi.info = __str__ and n.gender = __str__ and t.id = mi.movie_id and t.id = mi_idx.movie_id and t.id = ci.movie_id and t.id = mk.movie_id and ci.movie_id = mi.movie_id and ci.movie_id = mi_idx.movie_id and ci.movie_id = mk.movie_id and mi.movie_id = mi_idx.movie_id and mi.movie_id = mk.movie_id and mi_idx.movie_id = mk.movie_id and n.id = ci.person_id and it1.id = mi.info_type_id and it2.id = mi_idx.info_type_id and k.id = mk.keyword_id","select min(mi.info) as movie_budget, min(mi_idx.info) as movie_votes, min(n.name) as male_writer, min(t.title) as violent_movie_title from cast_info as ci, info_type as it1, info_type as it2, keyword as k, movie_info as mi, movie_info_idx as mi_idx, movie_keyword as mk, name as n, title as t where ci.note in (__str__, __str__, __str__, __str__, __str__) and it1.info = __str__ and it2.info = __str__ and k.keyword in (__str__, __str__, __str__, __str__, __str__) and mi.info = __str__ and n.gender = __str__ and t.id = mi.movie_id and t.id = mi_idx.movie_id and t.id = ci.movie_id and t.id = mk.movie_id and ci.movie_id = mi.movie_id and ci.movie_id = mi_idx.movie_id and ci.movie_id = mk.movie_id and mi.movie_id = mi_idx.movie_id and mi.movie_id = mk.movie_id and mi_idx.movie_id = mk.movie_id and n.id = ci.person_id and it1.id = mi.info_type_id and it2.id = mi_idx.info_type_id and k.id = mk.keyword_id"
JOB,25b,True,True,True,True,1.0,True,"select min(mi.info) as movie_budget, min(mi_idx.info) as movie_votes, min(n.name) as male_writer, min(t.title) as violent_movie_title from cast_info as ci, info_type as it1, info_type as it2, keyword as k, movie_info as mi, movie_info_idx as mi_idx, movie_keyword as mk, name as n, title as t where ci.note in (__str__, __str__, __str__, __str__, __str__) and it1.info = __str__ and it2.info = __str__ and k.keyword in (__str__, __str__, __str__, __str__, __str__) and mi.info = __str__ and n.gender = __str__ and t.production_year > __num__ and t.title like __str__ and t.id = mi.movie_id and t.id = mi_idx.movie_id and t.id = ci.movie_id and t.id = mk.movie_id and ci.movie_id = mi.movie_id and ci.movie_id = mi_idx.movie_id and ci.movie_id = mk.movie_id and mi.movie_id = mi_idx.movie_id and mi.movie_id = mk.movie_id and mi_idx.movie_id = mk.movie_id and n.id = ci.person_id and it1.id = mi.info_type_id and it2.id = mi_idx.info_type_id and k.id = mk.keyword_id","select min(mi.info) as movie_budget, min(mi_idx.info) as movie_votes, min(n.name) as male_writer, min(t.title) as violent_movie_title from cast_info as ci, info_type as it1, info_type as it2, keyword as k, movie_info as mi, movie_info_idx as mi_idx, movie_keyword as mk, name as n, title as t where ci.note in (__str__, __str__, __str__, __str__, __str__) and it1.info = __str__ and it2.info = __str__ and k.keyword in (__str__, __str__, __str__, __str__, __str__) and mi.info = __str__ and n.gender = __str__ and t.production_year > __num__ and t.title like __str__ and t.id = mi.movie_id and t.id = mi_idx.movie_id and t.id = ci.movie_id and t.id = mk.movie_id and ci.movie_id = mi.movie_id and ci.movie_id = mi_idx.movie_id and ci.movie_id = mk.movie_id and mi.movie_id = mi_idx.movie_id and mi.movie_id = mk.movie_id and mi_idx.movie_id = mk.movie_id and n.id = ci.person_id and it1.id = mi.info_type_id and it2.id = mi_idx.info_type_id and k.id = mk.keyword_id"
JOB,25c,True,True,True,True,53100.0,True,"select min(mi.info) as movie_budget, min(mi_idx.info) as movie_votes, min(n.name) as male_writer, min(t.title) as violent_movie_title from cast_info as ci, info_type as it1, info_type as it2, keyword as k, movie_info as mi, movie_info_idx as mi_idx, movie_keyword as mk, name as n, title as t where ci.note in (__str__, __str__, __str__, __str__, __str__) and it1.info = __str__ and it2.info = __str__ and k.keyword in (__str__, __str__, __str__, __str__, __str__, __str__, __str__) and mi.info in (__str__, __str__, __str__, __str__, __str__, __str__) and n.gender = __str__ and t.id = mi.movie_id and t.id = mi_idx.movie_id and t.id = ci.movie_id and t.id = mk.movie_id and ci.movie_id = mi.movie_id and ci.movie_id = mi_idx.movie_id and ci.movie_id = mk.movie_id and mi.movie_id = mi_idx.movie_id and mi.movie_id = mk.movie_id and mi_idx.movie_id = mk.movie_id and n.id = ci.person_id and it1.id = mi.info_type_id and it2.id = mi_idx.info_type_id and k.id = mk.keyword_id","select min(mi.info) as movie_budget, min(mi_idx.info) as movie_votes, min(n.name) as male_writer, min(t.title) as violent_movie_title from cast_info as ci, info_type as it1, info_type as it2, keyword as k, movie_info as mi, movie_info_idx as mi_idx, movie_keyword as mk, name as n, title as t where ci.note in (__str__, __str__, __str__, __str__, __str__) and it1.info = __str__ and it2.info = __str__ and k.keyword in (__str__, __str__, __str__, __str__, __str__, __str__, __str__) and mi.info in (__str__, __str__, __str__, __str__, __str__, __str__) and n.gender = __str__ and t.id = mi.movie_id and t.id = mi_idx.movie_id and t.id = ci.movie_id and t.id = mk.movie_id and ci.movie_id = mi.movie_id and ci.movie_id = mi_idx.movie_id and ci.movie_id = mk.movie_id and mi.movie_id = mi_idx.movie_id and mi.movie_id = mk.movie_id and mi_idx.movie_id = mk.movie_id and n.id = ci.person_id and it1.id = mi.info_type_id and it2.id = mi_idx.info_type_id and k.id = mk.keyword_id"
JOB,26a,True,True,True,True,461.0,True,"select min(chn.name) as character_name, min(mi_idx.info) as rating, min(n.name) as playing_actor, min(t.title) as complete_hero_movie from complete_cast as cc, comp_cast_type as cct1, comp_cast_type as cct2, char_name as chn, cast_info as ci, info_type as it2, keyword as k, kind_type as kt, movie_info_idx as mi_idx, movie_keyword as mk, name as n, title as t where cct1.kind = __str__ and cct2.kind like __str__ and chn.name is not null and (chn.name like __str__ or chn.name like __str__) and it2.info = __str__ and k.keyword in (__str__, __str__, __str__, __str__, __str__, __str__, __str__, __str__, __str__, __str__) and kt.kind = __str__ and mi_idx.info > __str__ and t.production_year > __num__ and kt.id = t.kind_id and t.id = mk.movie_id and t.id = ci.movie_id and t.id = cc.movie_id and t.id = mi_idx.movie_id and mk.movie_id = ci.movie_id and mk.movie_id = cc.movie_id and mk.movie_id = mi_idx.movie_id and ci.movie_id = cc.movie_id and ci.movie_id = mi_idx.movie_id and cc.movie_id = mi_idx.movie_id and chn.id = ci.person_role_id and n.id = ci.person_id and k.id = mk.keyword_id and cct1.id = cc.subject_id and cct2.id = cc.status_id and it2.id = mi_idx.info_type_id","select min(chn.name) as character_name, min(mi_idx.info) as rating, min(n.name) as playing_actor, min(t.title) as complete_hero_movie from complete_cast as cc, comp_cast_type as cct1, comp_cast_type as cct2, char_name as chn, cast_info as ci, info_type as it2, keyword as k, kind_type as kt, movie_info_idx as mi_idx, movie_keyword as mk, name as n, title as t where cct1.kind = __str__ and cct2.kind like __str__ and chn.name is not null and (chn.name like __str__ or chn.name like __str__) and it2.info = __str__ and k.keyword in (__str__, __str__, __str__, __str__, __str__, __str__, __str__, __str__, __str__, __str__) and kt.kind = __str__ and mi_idx.info > __str__ and t.production_year > __num__ and kt.id = t.kind_id and t.id = mk.movie_id and t.id = ci.movie_id and t.id = cc.movie_id and t.id = mi_idx.movie_id and mk.movie_id = ci.movie_id and mk.movie_id = cc.movie_id and mk.movie_id = mi_idx.movie_id and ci.movie_id = cc.movie_id and ci.movie_id = mi_idx.movie_id and cc.movie_id = mi_idx.movie_id and chn.id = ci.person_role_id and n.id = ci.person_id and k.id = mk.keyword_id and cct1.id = cc.subject_id and cct2.id = cc.status_id and it2.id = mi_idx.info_type_id"
JOB,26b,True,True,True,True,35.0,True,"select min(chn.name) as character_name, min(mi_idx.info) as rating, min(t.title) as complete_hero_movie from complete_cast as cc, comp_cast_type as cct1, comp_cast_type as cct2, char_name as chn, cast_info as ci, info_type as it2, keyword as k, kind_type as kt, movie_info_idx as mi_idx, movie_keyword as mk, name as n, title as t where cct1.kind = __str__ and cct2.kind like __str__ and chn.name is not null and (chn.name like __str__ or chn.name like __str__) and it2.info = __str__ and k.keyword in (__str__, __str__, __str__, __str__) and kt.kind = __str__ and mi_idx.info > __str__ and t.production_year > __num__ and kt.id = t.kind_id and t.id = mk.movie_id and t.id = ci.movie_id and t.id = cc.movie_id and t.id = mi_idx.movie_id and mk.movie_id = ci.movie_id and mk.movie_id = cc.movie_id and mk.movie_id = mi_idx.movie_id and ci.movie_id = cc.movie_id and ci.movie_id = mi_idx.movie_id and cc.movie_id = mi_idx.movie_id and chn.id = ci.person_role_id and n.id = ci.person_id and k.id = mk.keyword_id and cct1.id = cc.subject_id and cct2.id = cc.status_id and it2.id = mi_idx.info_type_id","select min(chn.name) as character_name, min(mi_idx.info) as rating, min(t.title) as complete_hero_movie from complete_cast as cc, comp_cast_type as cct1, comp_cast_type as cct2, char_name as chn, cast_info as ci, info_type as it2, keyword as k, kind_type as kt, movie_info_idx as mi_idx, movie_keyword as mk, name as n, title as t where cct1.kind = __str__ and cct2.kind like __str__ and chn.name is not null and (chn.name like __str__ or chn.name like __str__) and it2.info = __str__ and k.keyword in (__str__, __str__, __str__, __str__) and kt.kind = __str__ and mi_idx.info > __str__ and t.production_year > __num__ and kt.id = t.kind_id and t.id = mk.movie_id and t.id = ci.movie_id and t.id = cc.movie_id and t.id = mi_idx.movie_id and mk.movie_id = ci.movie_id and mk.movie_id = cc.movie_id and mk.movie_id = mi_idx.movie_id and ci.movie_id = cc.movie_id and ci.movie_id = mi_idx.movie_id and cc.movie_id = mi_idx.movie_id and chn.id = ci.person_role_id and n.id = ci.person_id and k.id = mk.keyword_id and cct1.id = cc.subject_id and cct2.id = cc.status_id and it2.id = mi_idx.info_type_id"
JOB,26c,True,True,True,True,1969.0,True,"select min(chn.name) as character_name, min(mi_idx.info) as rating, min(t.title) as complete_hero_movie from complete_cast as cc, comp_cast_type as cct1, comp_cast_type as cct2, char_name as chn, cast_info as ci, info_type as it2, keyword as k, kind_type as kt, movie_info_idx as mi_idx, movie_keyword as mk, name as n, title as t where cct1.kind = __str__ and cct2.kind like __str__ and chn.name is not null and (chn.name like __str__ or chn.name like __str__) and it2.info = __str__ and k.keyword in (__str__, __str__, __str__, __str__, __str__, __str__, __str__, __str__, __str__, __str__) and kt.kind = __str__ and t.production_year > __num__ and kt.id = t.kind_id and t.id = mk.movie_id and t.id = ci.movie_id and t.id = cc.movie_id and t.id = mi_idx.movie_id and mk.movie_id = ci.movie_id and mk.movie_id = cc.movie_id and mk.movie_id = mi_idx.movie_id and ci.movie_id = cc.movie_id and ci.movie_id = mi_idx.movie_id and cc.movie_id = mi_idx.movie_id and chn.id = ci.person_role_id and n.id = ci.person_id and k.id = mk.keyword_id and cct1.id = cc.subject_id and cct2.id = cc.status_id and it2.id = mi_idx.info_type_id","select min(chn.name) as character_name, min(mi_idx.info) as rating, min(t.title) as complete_hero_movie from complete_cast as cc, comp_cast_type as cct1, comp_cast_type as cct2, char_name as chn, cast_info as ci, info_type as it2, keyword as k, kind_type as kt, movie_info_idx as mi_idx, movie_keyword as mk, name as n, title as t where cct1.kind = __str__ and cct2.kind like __str__ and chn.name is not null and (chn.name like __str__ or chn.name like __str__) and it2.info = __str__ and k.keyword in (__str__, __str__, __str__, __str__, __str__, __str__, __str__, __str__, __str__, __str__) and kt.kind = __str__ and t.production_year > __num__ and kt.id = t.kind_id and t.id = mk.movie_id and t.id = ci.movie_id and t.id = cc.movie_id and t.id = mi_idx.movie_id and mk.movie_id = ci.movie_id and mk.movie_id = cc.movie_id and mk.movie_id = mi_idx.movie_id and ci.movie_id = cc.movie_id and ci.movie_id = mi_idx.movie_id and cc.movie_id = mi_idx.movie_id and chn.id = ci.person_role_id and n.id = ci.person_id and k.id = mk.keyword_id and cct1.id = cc.subject_id and cct2.id = cc.status_id and it2.id = mi_idx.info_type_id"
JOB,27a,True,True,True,True,2.0,True,"select min(cn.name) as producing_company, min(lt.link) as link_type, min(t.title) as complete_western_sequel from complete_cast as cc, comp_cast_type as cct1, comp_cast_type as cct2, company_name as cn, company_type as ct, keyword as k, link_type as lt, movie_companies as mc, movie_info as mi, movie_keyword as mk, movie_link as ml, title as t where cct1.kind in (__str__, __str__) and cct2.kind = __str__ and cn.country_code !=__str__ and (cn.name like __str__ or cn.name like __str__) and ct.kind =__str__ and k.keyword =__str__ and lt.link like __str__ and mc.note is null and mi.info in (__str__, __str__, __str__, __str__) and t.production_year between __num__ and __num__ and lt.id = ml.link_type_id and ml.movie_id = t.id and t.id = mk.movie_id and mk.keyword_id = k.id and t.id = mc.movie_id and mc.company_type_id = ct.id and mc.company_id = cn.id and mi.movie_id = t.id and t.id = cc.movie_id and cct1.id = cc.subject_id and cct2.id = cc.status_id and ml.movie_id = mk.movie_id and ml.movie_id = mc.movie_id and mk.movie_id = mc.movie_id and ml.movie_id = mi.movie_id and mk.movie_id = mi.movie_id and mc.movie_id = mi.movie_id and ml.movie_id = cc.movie_id and mk.movie_id = cc.movie_id and mc.movie_id = cc.movie_id and mi.movie_id = cc.movie_id","select min(cn.name) as producing_company, min(lt.link) as link_type, min(t.title) as complete_western_sequel from complete_cast as cc, comp_cast_type as cct1, comp_cast_type as cct2, company_name as cn, company_type as ct, keyword as k, link_type as lt, movie_companies as mc, movie_info as mi, movie_keyword as mk, movie_link as ml, title as t where cct1.kind in (__str__, __str__) and cct2.kind = __str__ and cn.country_code !=__str__ and (cn.name like __str__ or cn.name like __str__) and ct.kind =__str__ and k.keyword =__str__ and lt.link like __str__ and mc.note is null and mi.info in (__str__, __str__, __str__, __str__) and t.production_year between __num__ and __num__ and lt.id = ml.link_type_id and ml.movie_id = t.id and t.id = mk.movie_id and mk.keyword_id = k.id and t.id = mc.movie_id and mc.company_type_id = ct.id and mc.company_id = cn.id and mi.movie_id = t.id and t.id = cc.movie_id and cct1.id = cc.subject_id and cct2.id = cc.status_id and ml.movie_id = mk.movie_id and ml.movie_id = mc.movie_id and mk.movie_id = mc.movie_id and ml.movie_id = mi.movie_id and mk.movie_id = mi.movie_id and mc.movie_id = mi.movie_id and ml.movie_id = cc.movie_id and mk.movie_id = cc.movie_id and mc.movie_id = cc.movie_id and mi.movie_id = cc.movie_id"
JOB,27b,True,True,True,True,2.0,True,"select min(cn.name) as producing_company, min(lt.link) as link_type, min(t.title) as complete_western_sequel from complete_cast as cc, comp_cast_type as cct1, comp_cast_type as cct2, company_name as cn, company_type as ct, keyword as k, link_type as lt, movie_companies as mc, movie_info as mi, movie_keyword as mk, movie_link as ml, title as t where cct1.kind in (__str__, __str__) and cct2.kind = __str__ and cn.country_code !=__str__ and (cn.name like __str__ or cn.name like __str__) and ct.kind =__str__ and k.keyword =__str__ and lt.link like __str__ and mc.note is null and mi.info in (__str__, __str__, __str__, __str__) and t.production_year = __num__ and lt.id = ml.link_type_id and ml.movie_id = t.id and t.id = mk.movie_id and mk.keyword_id = k.id and t.id = mc.movie_id and mc.company_type_id = ct.id and mc.company_id = cn.id and mi.movie_id = t.id and t.id = cc.movie_id and cct1.id = cc.subject_id and cct2.id = cc.status_id and ml.movie_id = mk.movie_id and ml.movie_id = mc.movie_id and mk.movie_id = mc.movie_id and ml.movie_id = mi.movie_id and mk.movie_id = mi.movie_id and mc.movie_id = mi.movie_id and ml.movie_id = cc.movie_id and mk.movie_id = cc.movie_id and mc.movie_id = cc.movie_id and mi.movie_id = cc.movie_id","select min(cn.name) as producing_company, min(lt.link) as link_type, min(t.title) as complete_western_sequel from complete_cast as cc, comp_cast_type as cct1, comp_cast_type as cct2, company_name as cn, company_type as ct, keyword as k, link_type as lt, movie_companies as mc, movie_info as mi, movie_keyword as mk, movie_link as ml, title as t where cct1.kind in (__str__, __str__) and cct2.kind = __str__ and cn.country_code !=__str__ and (cn.name like __str__ or cn.name like __str__) and ct.kind =__str__ and k.keyword =__str__ and lt.link like __str__ and mc.note is null and mi.info in (__str__, __str__, __str__, __str__) and t.production_year = __num__ and lt.id = ml.link_type_id and ml.movie_id = t.id and t.id = mk.movie_id and mk.keyword_id = k.id and t.id = mc.movie_id and mc.company_type_id = ct.id and mc.company_id = cn.id and mi.movie_id = t.id and t.id = cc.movie_id and cct1.id = cc.subject_id and cct2.id = cc.status_id and ml.movie_id = mk.movie_id and ml.movie_id = mc.movie_id and mk.movie_id = mc.movie_id and ml.movie_id = mi.movie_id and mk.movie_id = mi.movie_id and mc.movie_id = mi.movie_id and ml.movie_id = cc.movie_id and mk.movie_id = cc.movie_id and mc.movie_id = cc.movie_id and mi.movie_id = cc.movie_id"
JOB,27c,True,True,True,True,3.0,True,"select min(cn.name) as producing_company, min(lt.link) as link_type, min(t.title) as complete_western_sequel from complete_cast as cc, comp_cast_type as cct1, comp_cast_type as cct2, company_name as cn, company_type as ct, keyword as k, link_type as lt, movie_companies as mc, movie_info as mi, movie_keyword as mk, movie_link as ml, title as t where cct1.kind = __str__ and cct2.kind like __str__ and cn.country_code !=__str__ and (cn.name like __str__ or cn.name like __str__) and ct.kind =__str__ and k.keyword =__str__ and lt.link like __str__ and mc.note is null and mi.info in (__str__, __str__, __str__, __str__, __str__, __str__, __str__, __str__, __str__) and t.production_year between __num__ and __num__ and lt.id = ml.link_type_id and ml.movie_id = t.id and t.id = mk.movie_id and mk.keyword_id = k.id and t.id = mc.movie_id and mc.company_type_id = ct.id and mc.company_id = cn.id and mi.movie_id = t.id and t.id = cc.movie_id and cct1.id = cc.subject_id and cct2.id = cc.status_id and ml.movie_id = mk.movie_id and ml.movie_id = mc.movie_id and mk.movie_id = mc.movie_id and ml.movie_id = mi.movie_id and mk.movie_id = mi.movie_id and mc.movie_id = mi.movie_id and ml.movie_id = cc.movie_id and mk.movie_id = cc.movie_id and mc.movie_id = cc.movie_id and mi.movie_id = cc.movie_id","select min(cn.name) as producing_company, min(lt.link) as link_type, min(t.title) as complete_western_sequel from complete_cast as cc, comp_cast_type as cct1, comp_cast_type as cct2, company_name as cn, company_type as ct, keyword as k, link_type as lt, movie_companies as mc, movie_info as mi, movie_keyword as mk, movie_link as ml, title as t where cct1.kind = __str__ and cct2.kind like __str__ and cn.country_code !=__str__ and (cn.name like __str__ or cn.name like __str__) and ct.kind =__str__ and k.keyword =__str__ and lt.link like __str__ and mc.note is null and mi.info in (__str__, __str__, __str__, __str__, __str__, __str__, __str__, __str__, __str__) and t.production_year between __num__ and __num__ and lt.id = ml.link_type_id and ml.movie_id = t.id and t.id = mk.movie_id and mk.keyword_id = k.id and t.id = mc.movie_id and mc.company_type_id = ct.id and mc.company_id = cn.id and mi.movie_id = t.id and t.id = cc.movie_id and cct1.id = cc.subject_id and cct2.id = cc.status_id and ml.movie_id = mk.movie_id and ml.movie_id = mc.movie_id and mk.movie_id = mc.movie_id and ml.movie_id = mi.movie_id and mk.movie_id = mi.movie_id and mc.movie_id = mi.movie_id and ml.movie_id = cc.movie_id and mk.movie_id = cc.movie_id and mc.movie_id = cc.movie_id and mi.movie_id = cc.movie_id"
JOB,28a,True,True,True,True,1959.0,True,"select min(cn.name) as movie_company, min(mi_idx.info) as rating, min(t.title) as complete_euro_dark_movie from complete_cast as cc, comp_cast_type as cct1, comp_cast_type as cct2, company_name as cn, company_type as ct, info_type as it1, info_type as it2, keyword as k, kind_type as kt, movie_companies as mc, movie_info as mi, movie_info_idx as mi_idx, movie_keyword as mk, title as t where cct1.kind = __str__ and cct2.kind != __str__ and cn.country_code != __str__ and it1.info = __str__ and it2.info = __str__ and k.keyword in (__str__, __str__, __str__, __str__) and kt.kind in (__str__, __str__) and mc.note not like __str__ and mc.note like __str__ and mi.info in (__str__, __str__, __str__, __str__, __str__, __str__, __str__, __str__, __str__, __str__) and mi_idx.info < __str__ and t.production_year > __num__ and kt.id = t.kind_id and t.id = mi.movie_id and t.id = mk.movie_id and t.id = mi_idx.movie_id and t.id = mc.movie_id and t.id = cc.movie_id and mk.movie_id = mi.movie_id and mk.movie_id = mi_idx.movie_id and mk.movie_id = mc.movie_id and mk.movie_id = cc.movie_id and mi.movie_id = mi_idx.movie_id and mi.movie_id = mc.movie_id and mi.movie_id = cc.movie_id and mc.movie_id = mi_idx.movie_id and mc.movie_id = cc.movie_id and mi_idx.movie_id = cc.movie_id and k.id = mk.keyword_id and it1.id = mi.info_type_id and it2.id = mi_idx.info_type_id and ct.id = mc.company_type_id and cn.id = mc.company_id and cct1.id = cc.subject_id and cct2.id = cc.status_id","select min(cn.name) as movie_company, min(mi_idx.info) as rating, min(t.title) as complete_euro_dark_movie from complete_cast as cc, comp_cast_type as cct1, comp_cast_type as cct2, company_name as cn, company_type as ct, info_type as it1, info_type as it2, keyword as k, kind_type as kt, movie_companies as mc, movie_info as mi, movie_info_idx as mi_idx, movie_keyword as mk, title as t where cct1.kind = __str__ and cct2.kind != __str__ and cn.country_code != __str__ and it1.info = __str__ and it2.info = __str__ and k.keyword in (__str__, __str__, __str__, __str__) and kt.kind in (__str__, __str__) and mc.note not like __str__ and mc.note like __str__ and mi.info in (__str__, __str__, __str__, __str__, __str__, __str__, __str__, __str__, __str__, __str__) and mi_idx.info < __str__ and t.production_year > __num__ and kt.id = t.kind_id and t.id = mi.movie_id and t.id = mk.movie_id and t.id = mi_idx.movie_id and t.id = mc.movie_id and t.id = cc.movie_id and mk.movie_id = mi.movie_id and mk.movie_id = mi_idx.movie_id and mk.movie_id = mc.movie_id and mk.movie_id = cc.movie_id and mi.movie_id = mi_idx.movie_id and mi.movie_id = mc.movie_id and mi.movie_id = cc.movie_id and mc.movie_id = mi_idx.movie_id and mc.movie_id = cc.movie_id and mi_idx.movie_id = cc.movie_id and k.id = mk.keyword_id and it1.id = mi.info_type_id and it2.id = mi_idx.info_type_id and ct.id = mc.company_type_id and cn.id = mc.company_id and cct1.id = cc.subject_id and cct2.id = cc.status_id"
JOB,28b,True,True,True,True,46.0,True,"select min(cn.name) as movie_company, min(mi_idx.info) as rating, min(t.title) as complete_euro_dark_movie from complete_cast as cc, comp_cast_type as cct1, comp_cast_type as cct2, company_name as cn, company_type as ct, info_type as it1, info_type as it2, keyword as k, kind_type as kt, movie_companies as mc, movie_info as mi, movie_info_idx as mi_idx, movie_keyword as mk, title as t where cct1.kind = __str__ and cct2.kind != __str__ and cn.country_code != __str__ and it1.info = __str__ and it2.info = __str__ and k.keyword in (__str__, __str__, __str__, __str__) and kt.kind in (__str__, __str__) and mc.note not like __str__ and mc.note like __str__ and mi.info in (__str__, __str__, __str__, __str__) and mi_idx.info > __str__ and t.production_year > __num__ and kt.id = t.kind_id and t.id = mi.movie_id and t.id = mk.movie_id and t.id = mi_idx.movie_id and t.id = mc.movie_id and t.id = cc.movie_id and mk.movie_id = mi.movie_id and mk.movie_id = mi_idx.movie_id and mk.movie_id = mc.movie_id and mk.movie_id = cc.movie_id and mi.movie_id = mi_idx.movie_id and mi.movie_id = mc.movie_id and mi.movie_id = cc.movie_id and mc.movie_id = mi_idx.movie_id and mc.movie_id = cc.movie_id and mi_idx.movie_id = cc.movie_id and k.id = mk.keyword_id and it1.id = mi.info_type_id and it2.id = mi_idx.info_type_id and ct.id = mc.company_type_id and cn.id = mc.company_id and cct1.id = cc.subject_id and cct2.id = cc.status_id","select min(cn.name) as movie_company, min(mi_idx.info) as rating, min(t.title) as complete_euro_dark_movie from complete_cast as cc, comp_cast_type as cct1, comp_cast_type as cct2, company_name as cn, company_type as ct, info_type as it1, info_type as it2, keyword as k, kind_type as kt, movie_companies as mc, movie_info as mi, movie_info_idx as mi_idx, movie_keyword as mk, title as t where cct1.kind = __str__ and cct2.kind != __str__ and cn.country_code != __str__ and it1.info = __str__ and it2.info = __str__ and k.keyword in (__str__, __str__, __str__, __str__) and kt.kind in (__str__, __str__) and mc.note not like __str__ and mc.note like __str__ and mi.info in (__str__, __str__, __str__, __str__) and mi_idx.info > __str__ and t.production_year > __num__ and kt.id = t.kind_id and t.id = mi.movie_id and t.id = mk.movie_id and t.id = mi_idx.movie_id and t.id = mc.movie_id and t.id = cc.movie_id and mk.movie_id = mi.movie_id and mk.movie_id = mi_idx.movie_id and mk.movie_id = mc.movie_id and mk.movie_id = cc.movie_id and mi.movie_id = mi_idx.movie_id and mi.movie_id = mc.movie_id and mi.movie_id = cc.movie_id and mc.movie_id = mi_idx.movie_id and mc.movie_id = cc.movie_id and mi_idx.movie_id = cc.movie_id and k.id = mk.keyword_id and it1.id = mi.info_type_id and it2.id = mi_idx.info_type_id and ct.id = mc.company_type_id and cn.id = mc.company_id and cct1.id = cc.subject_id and cct2.id = cc.status_id"
JOB,28c,True,True,True,True,1959.0,True,"select min(cn.name) as movie_company, min(mi_idx.info) as rating, min(t.title) as complete_euro_dark_movie from complete_cast as cc, comp_cast_type as cct1, comp_cast_type as cct2, company_name as cn, company_type as ct, info_type as it1, info_type as it2, keyword as k, kind_type as kt, movie_companies as mc, movie_info as mi, movie_info_idx as mi_idx, movie_keyword as mk, title as t where cct1.kind = __str__ and cct2.kind = __str__ and cn.country_code != __str__ and it1.info = __str__ and it2.info = __str__ and k.keyword in (__str__, __str__, __str__, __str__) and kt.kind in (__str__, __str__) and mc.note not like __str__ and mc.note like __str__ and mi.info in (__str__, __str__, __str__, __str__, __str__, __str__, __str__, __str__, __str__, __str__) and mi_idx.info < __str__ and t.production_year > __num__ and kt.id = t.kind_id and t.id = mi.movie_id and t.id = mk.movie_id and t.id = mi_idx.movie_id and t.id = mc.movie_id and t.id = cc.movie_id and mk.movie_id = mi.movie_id and mk.movie_id = mi_idx.movie_id and mk.movie_id = mc.movie_id and mk.movie_id = cc.movie_id and mi.movie_id = mi_idx.movie_id and mi.movie_id = mc.movie_id and mi.movie_id = cc.movie_id and mc.movie_id = mi_idx.movie_id and mc.movie_id = cc.movie_id and mi_idx.movie_id = cc.movie_id and k.id = mk.keyword_id and it1.id = mi.info_type_id and it2.id = mi_idx.info_type_id and ct.id = mc.company_type_id and cn.id = mc.company_id and cct1.id = cc.subject_id and cct2.id = cc.status_id","select min(cn.name) as movie_company, min(mi_idx.info) as rating, min(t.title) as complete_euro_dark_movie from complete_cast as cc, comp_cast_type as cct1, comp_cast_type as cct2, company_name as cn, company_type as ct, info_type as it1, info_type as it2, keyword as k, kind_type as kt, movie_companies as mc, movie_info as mi, movie_info_idx as mi_idx, movie_keyword as mk, title as t where cct1.kind = __str__ and cct2.kind = __str__ and cn.country_code != __str__ and it1.info = __str__ and it2.info = __str__ and k.keyword in (__str__, __str__, __str__, __str__) and kt.kind in (__str__, __str__) and mc.note not like __str__ and mc.note like __str__ and mi.info in (__str__, __str__, __str__, __str__, __str__, __str__, __str__, __str__, __str__, __str__) and mi_idx.info < __str__ and t.production_year > __num__ and kt.id = t.kind_id and t.id = mi.movie_id and t.id = mk.movie_id and t.id = mi_idx.movie_id and t.id = mc.movie_id and t.id = cc.movie_id and mk.movie_id = mi.movie_id and mk.movie_id = mi_idx.movie_id and mk.movie_id = mc.movie_id and mk.movie_id = cc.movie_id and mi.movie_id = mi_idx.movie_id and mi.movie_id = mc.movie_id and mi.movie_id = cc.movie_id and mc.movie_id = mi_idx.movie_id and mc.movie_id = cc.movie_id and mi_idx.movie_id = cc.movie_id and k.id = mk.keyword_id and it1.id = mi.info_type_id and it2.id = mi_idx.info_type_id and ct.id = mc.company_type_id and cn.id = mc.company_id and cct1.id = cc.subject_id and cct2.id = cc.status_id"
JOB,29a,True,True,True,True,2.0,True,"select min(chn.name) as voiced_char, min(n.name) as voicing_actress, min(t.title) as voiced_animation from aka_name as an, complete_cast as cc, comp_cast_type as cct1, comp_cast_type as cct2, char_name as chn, cast_info as ci, company_name as cn, info_type as it, info_type as it3, keyword as k, movie_companies as mc, movie_info as mi, movie_keyword as mk, name as n, person_info as pi, role_type as rt, title as t where cct1.kind =__str__ and cct2.kind =__str__ and chn.name = __str__ and ci.note in (__str__, __str__, __str__) and cn.country_code =__str__ and it.info = __str__ and it3.info = __str__ and k.keyword = __str__ and mi.info is not null and (mi.info like __str__ or mi.info like __str__) and n.gender =__str__ and n.name like __str__ and rt.role =__str__ and t.title = __str__ and t.production_year between __num__ and __num__ and t.id = mi.movie_id and t.id = mc.movie_id and t.id = ci.movie_id and t.id = mk.movie_id and t.id = cc.movie_id and mc.movie_id = ci.movie_id and mc.movie_id = mi.movie_id and mc.movie_id = mk.movie_id and mc.movie_id = cc.movie_id and mi.movie_id = ci.movie_id and mi.movie_id = mk.movie_id and mi.movie_id = cc.movie_id and ci.movie_id = mk.movie_id and ci.movie_id = cc.movie_id and mk.movie_id = cc.movie_id and cn.id = mc.company_id and it.id = mi.info_type_id and n.id = ci.person_id and rt.id = ci.role_id and n.id = an.person_id and ci.person_id = an.person_id and chn.id = ci.person_role_id and n.id = pi.person_id and ci.person_id = pi.person_id and it3.id = pi.info_type_id and k.id = mk.keyword_id and cct1.id = cc.subject_id and cct2.id = cc.status_id","select min(chn.name) as voiced_char, min(n.name) as voicing_actress, min(t.title) as voiced_animation from aka_name as an, complete_cast as cc, comp_cast_type as cct1, comp_cast_type as cct2, char_name as chn, cast_info as ci, company_name as cn, info_type as it, info_type as it3, keyword as k, movie_companies as mc, movie_info as mi, movie_keyword as mk, name as n, person_info as pi, role_type as rt, title as t where cct1.kind =__str__ and cct2.kind =__str__ and chn.name = __str__ and ci.note in (__str__, __str__, __str__) and cn.country_code =__str__ and it.info = __str__ and it3.info = __str__ and k.keyword = __str__ and mi.info is not null and (mi.info like __str__ or mi.info like __str__) and n.gender =__str__ and n.name like __str__ and rt.role =__str__ and t.title = __str__ and t.production_year between __num__ and __num__ and t.id = mi.movie_id and t.id = mc.movie_id and t.id = ci.movie_id and t.id = mk.movie_id and t.id = cc.movie_id and mc.movie_id = ci.movie_id and mc.movie_id = mi.movie_id and mc.movie_id = mk.movie_id and mc.movie_id = cc.movie_id and mi.movie_id = ci.movie_id and mi.movie_id = mk.movie_id and mi.movie_id = cc.movie_id and ci.movie_id = mk.movie_id and ci.movie_id = cc.movie_id and mk.movie_id = cc.movie_id and cn.id = mc.company_id and it.id = mi.info_type_id and n.id = ci.person_id and rt.id = ci.role_id and n.id = an.person_id and ci.person_id = an.person_id and chn.id = ci.person_role_id and n.id = pi.person_id and ci.person_id = pi.person_id and it3.id = pi.info_type_id and k.id = mk.keyword_id and cct1.id = cc.subject_id and cct2.id = cc.status_id"
JOB,29b,True,True,True,True,1.0,True,"select min(chn.name) as voiced_char, min(n.name) as voicing_actress, min(t.title) as voiced_animation from aka_name as an, complete_cast as cc, comp_cast_type as cct1, comp_cast_type as cct2, char_name as chn, cast_info as ci, company_name as cn, info_type as it, info_type as it3, keyword as k, movie_companies as mc, movie_info as mi, movie_keyword as mk, name as n, person_info as pi, role_type as rt, title as t where cct1.kind =__str__ and cct2.kind =__str__ and chn.name = __str__ and ci.note in (__str__, __str__, __str__) and cn.country_code =__str__ and it.info = __str__ and it3.info = __str__ and k.keyword = __str__ and mi.info like __str__ and n.gender =__str__ and n.name like __str__ and rt.role =__str__ and t.title = __str__ and t.production_year between __num__ and __num__ and t.id = mi.movie_id and t.id = mc.movie_id and t.id = ci.movie_id and t.id = mk.movie_id and t.id = cc.movie_id and mc.movie_id = ci.movie_id and mc.movie_id = mi.movie_id and mc.movie_id = mk.movie_id and mc.movie_id = cc.movie_id and mi.movie_id = ci.movie_id and mi.movie_id = mk.movie_id and mi.movie_id = cc.movie_id and ci.movie_id = mk.movie_id and ci.movie_id = cc.movie_id and mk.movie_id = cc.movie_id and cn.id = mc.company_id and it.id = mi.info_type_id and n.id = ci.person_id and rt.id = ci.role_id and n.id = an.person_id and ci.person_id = an.person_id and chn.id = ci.person_role_id and n.id = pi.person_id and ci.person_id = pi.person_id and it3.id = pi.info_type_id and k.id = mk.keyword_id and cct1.id = cc.subject_id and cct2.id = cc.status_id","select min(chn.name) as voiced_char, min(n.name) as voicing_actress, min(t.title) as voiced_animation from aka_name as an, complete_cast as cc, comp_cast_type as cct1, comp_cast_type as cct2, char_name as chn, cast_info as ci, company_name as cn, info_type as it, info_type as it3, keyword as k, movie_companies as mc, movie_info as mi, movie_keyword as mk, name as n, person_info as pi, role_type as rt, title as t where cct1.kind =__str__ and cct2.kind =__str__ and chn.name = __str__ and ci.note in (__str__, __str__, __str__) and cn.country_code =__str__ and it.info = __str__ and it3.info = __str__ and k.keyword = __str__ and mi.info like __str__ and n.gender =__str__ and n.name like __str__ and rt.role =__str__ and t.title = __str__ and t.production_year between __num__ and __num__ and t.id = mi.movie_id and t.id = mc.movie_id and t.id = ci.movie_id and t.id = mk.movie_id and t.id = cc.movie_id and mc.movie_id = ci.movie_id and mc.movie_id = mi.movie_id and mc.movie_id = mk.movie_id and mc.movie_id = cc.movie_id and mi.movie_id = ci.movie_id and mi.movie_id = mk.movie_id and mi.movie_id = cc.movie_id and ci.movie_id = mk.movie_id and ci.movie_id = cc.movie_id and mk.movie_id = cc.movie_id and cn.id = mc.company_id and it.id = mi.info_type_id and n.id = ci.person_id and rt.id = ci.role_id and n.id = an.person_id and ci.person_id = an.person_id and chn.id = ci.person_role_id and n.id = pi.person_id and ci.person_id = pi.person_id and it3.id = pi.info_type_id and k.id = mk.keyword_id and cct1.id = cc.subject_id and cct2.id = cc.status_id"
JOB,29c,True,True,True,True,2.0,True,"select min(chn.name) as voiced_char, min(n.name) as voicing_actress, min(t.title) as voiced_animation from aka_name as an, complete_cast as cc, comp_cast_type as cct1, comp_cast_type as cct2, char_name as chn, cast_info as ci, company_name as cn, info_type as it, info_type as it3, keyword as k, movie_companies as mc, movie_info as mi, movie_keyword as mk, name as n, person_info as pi, role_type as rt, title as t where cct1.kind =__str__ and cct2.kind =__str__ and ci.note in (__str__, __str__, __str__, __str__) and cn.country_code =__str__ and it.info = __str__ and it3.info = __str__ and k.keyword = __str__ and mi.info is not null and (mi.info like __str__ or mi.info like __str__) and n.gender =__str__ and n.name like __str__ and rt.role =__str__ and t.production_year between __num__ and __num__ and t.id = mi.movie_id and t.id = mc.movie_id and t.id = ci.movie_id and t.id = mk.movie_id and t.id = cc.movie_id and mc.movie_id = ci.movie_id and mc.movie_id = mi.movie_id and mc.movie_id = mk.movie_id and mc.movie_id = cc.movie_id and mi.movie_id = ci.movie_id and mi.movie_id = mk.movie_id and mi.movie_id = cc.movie_id and ci.movie_id = mk.movie_id and ci.movie_id = cc.movie_id and mk.movie_id = cc.movie_id and cn.id = mc.company_id and it.id = mi.info_type_id and n.id = ci.person_id and rt.id = ci.role_id and n.id = an.person_id and ci.person_id = an.person_id and chn.id = ci.person_role_id and n.id = pi.person_id and ci.person_id = pi.person_id and it3.id = pi.info_type_id and k.id = mk.keyword_id and cct1.id = cc.subject_id and cct2.id = cc.status_id","select min(chn.name) as voiced_char, min(n.name) as voicing_actress, min(t.title) as voiced_animation from aka_name as an, complete_cast as cc, comp_cast_type as cct1, comp_cast_type as cct2, char_name as chn, cast_info as ci, company_name as cn, info_type as it, info_type as it3, keyword as k, movie_companies as mc, movie_info as mi, movie_keyword as mk, name as n, person_info as pi, role_type as rt, title as t where cct1.kind =__str__ and cct2.kind =__str__ and ci.note in (__str__, __str__, __str__, __str__) and cn.country_code =__str__ and it.info = __str__ and it3.info = __str__ and k.keyword = __str__ and mi.info is not null and (mi.info like __str__ or mi.info like __str__) and n.gender =__str__ and n.name like __str__ and rt.role =__str__ and t.production_year between __num__ and __num__ and t.id = mi.movie_id and t.id = mc.movie_id and t.id = ci.movie_id and t.id = mk.movie_id and t.id = cc.movie_id and mc.movie_id = ci.movie_id and mc.movie_id = mi.movie_id and mc.movie_id = mk.movie_id and mc.movie_id = cc.movie_id and mi.movie_id = ci.movie_id and mi.movie_id = mk.movie_id and mi.movie_id = cc.movie_id and ci.movie_id = mk.movie_id and ci.movie_id = cc.movie_id and mk.movie_id = cc.movie_id and cn.id = mc.company_id and it.id = mi.info_type_id and n.id = ci.person_id and rt.id = ci.role_id and n.id = an.person_id and ci.person_id = an.person_id and chn.id = ci.person_role_id and n.id = pi.person_id and ci.person_id = pi.person_id and it3.id = pi.info_type_id and k.id = mk.keyword_id and cct1.id = cc.subject_id and cct2.id = cc.status_id"
JOB,2a,True,True,True,True,614.0,True,"select min(t.title) as movie_title from company_name as cn, keyword as k, movie_companies as mc, movie_keyword as mk, title as t where cn.country_code =__str__ and k.keyword =__str__ and cn.id = mc.company_id and mc.movie_id = t.id and t.id = mk.movie_id and mk.keyword_id = k.id and mc.movie_id = mk.movie_id","select min(t.title) as movie_title from company_name as cn, keyword as k, movie_companies as mc, movie_keyword as mk, title as t where cn.country_code =__str__ and k.keyword =__str__ and cn.id = mc.company_id and mc.movie_id = t.id and t.id = mk.movie_id and mk.keyword_id = k.id and mc.movie_id = mk.movie_id"
JOB,2b,True,True,True,True,8907.0,True,"select min(t.title) as movie_title from company_name as cn, keyword as k, movie_companies as mc, movie_keyword as mk, title as t where cn.country_code =__str__ and k.keyword =__str__ and cn.id = mc.company_id and mc.movie_id = t.id and t.id = mk.movie_id and mk.keyword_id = k.id and mc.movie_id = mk.movie_id","select min(t.title) as movie_title from company_name as cn, keyword as k, movie_companies as mc, movie_keyword as mk, title as t where cn.country_code =__str__ and k.keyword =__str__ and cn.id = mc.company_id and mc.movie_id = t.id and t.id = mk.movie_id and mk.keyword_id = k.id and mc.movie_id = mk.movie_id"
JOB,2c,True,True,True,True,614.0,True,"select min(t.title) as movie_title from company_name as cn, keyword as k, movie_companies as mc, movie_keyword as mk, title as t where cn.country_code =__str__ and k.keyword =__str__ and cn.id = mc.company_id and mc.movie_id = t.id and t.id = mk.movie_id and mk.keyword_id = k.id and mc.movie_id = mk.movie_id","select min(t.title) as movie_title from company_name as cn, keyword as k, movie_companies as mc, movie_keyword as mk, title as t where cn.country_code =__str__ and k.keyword =__str__ and cn.id = mc.company_id and mc.movie_id = t.id and t.id = mk.movie_id and mk.keyword_id = k.id and mc.movie_id = mk.movie_id"
JOB,2d,True,True,True,True,8496.0,True,"select min(t.title) as movie_title from company_name as cn, keyword as k, movie_companies as mc, movie_keyword as mk, title as t where cn.country_code =__str__ and k.keyword =__str__ and cn.id = mc.company_id and mc.movie_id = t.id and t.id = mk.movie_id and mk.keyword_id = k.id and mc.movie_id = mk.movie_id","select min(t.title) as movie_title from company_name as cn, keyword as k, movie_companies as mc, movie_keyword as mk, title as t where cn.country_code =__str__ and k.keyword =__str__ and cn.id = mc.company_id and mc.movie_id = t.id and t.id = mk.movie_id and mk.keyword_id = k.id and mc.movie_id = mk.movie_id"
JOB,30a,True,True,True,True,7.0,True,"select min(mi.info) as movie_budget, min(mi_idx.info) as movie_votes, min(n.name) as writer, min(t.title) as complete_violent_movie from complete_cast as cc, comp_cast_type as cct1, comp_cast_type as cct2, cast_info as ci, info_type as it1, info_type as it2, keyword as k, movie_info as mi, movie_info_idx as mi_idx, movie_keyword as mk, name as n, title as t where cct1.kind in (__str__, __str__) and cct2.kind =__str__ and ci.note in (__str__, __str__, __str__, __str__, __str__) and it1.info = __str__ and it2.info = __str__ and k.keyword in (__str__, __str__, __str__, __str__, __str__, __str__, __str__) and mi.info in (__str__, __str__) and n.gender = __str__ and t.production_year > __num__ and t.id = mi.movie_id and t.id = mi_idx.movie_id and t.id = ci.movie_id and t.id = mk.movie_id and t.id = cc.movie_id and ci.movie_id = mi.movie_id and ci.movie_id = mi_idx.movie_id and ci.movie_id = mk.movie_id and ci.movie_id = cc.movie_id and mi.movie_id = mi_idx.movie_id and mi.movie_id = mk.movie_id and mi.movie_id = cc.movie_id and mi_idx.movie_id = mk.movie_id and mi_idx.movie_id = cc.movie_id and mk.movie_id = cc.movie_id and n.id = ci.person_id and it1.id = mi.info_type_id and it2.id = mi_idx.info_type_id and k.id = mk.keyword_id and cct1.id = cc.subject_id and cct2.id = cc.status_id","select min(mi.info) as movie_budget, min(mi_idx.info) as movie_votes, min(n.name) as writer, min(t.title) as complete_violent_movie from complete_cast as cc, comp_cast_type as cct1, comp_cast_type as cct2, cast_info as ci, info_type as it1, info_type as it2, keyword as k, movie_info as mi, movie_info_idx as mi_idx, movie_keyword as mk, name as n, title as t where cct1.kind in (__str__, __str__) and cct2.kind =__str__ and ci.note in (__str__, __str__, __str__, __str__, __str__) and it1.info = __str__ and it2.info = __str__ and k.keyword in (__str__, __str__, __str__, __str__, __str__, __str__, __str__) and mi.info in (__str__, __str__) and n.gender = __str__ and t.production_year > __num__ and t.id = mi.movie_id and t.id = mi_idx.movie_id and t.id = ci.movie_id and t.id = mk.movie_id and t.id = cc.movie_id and ci.movie_id = mi.movie_id and ci.movie_id = mi_idx.movie_id and ci.movie_id = mk.movie_id and ci.movie_id = cc.movie_id and mi.movie_id = mi_idx.movie_id and mi.movie_id = mk.movie_id and mi.movie_id = cc.movie_id and mi_idx.movie_id = mk.movie_id and mi_idx.movie_id = cc.movie_id and mk.movie_id = cc.movie_id and n.id = ci.person_id and it1.id = mi.info_type_id and it2.id = mi_idx.info_type_id and k.id = mk.keyword_id and cct1.id = cc.subject_id and cct2.id = cc.status_id"
JOB,30b,True,True,True,True,7.0,True,"select min(mi.info) as movie_budget, min(mi_idx.info) as movie_votes, min(n.name) as writer, min(t.title) as complete_gore_movie from complete_cast as cc, comp_cast_type as cct1, comp_cast_type as cct2, cast_info as ci, info_type as it1, info_type as it2, keyword as k, movie_info as mi, movie_info_idx as mi_idx, movie_keyword as mk, name as n, title as t where cct1.kind in (__str__, __str__) and cct2.kind =__str__ and ci.note in (__str__, __str__, __str__, __str__, __str__) and it1.info = __str__ and it2.info = __str__ and k.keyword in (__str__, __str__, __str__, __str__, __str__, __str__, __str__) and mi.info in (__str__, __str__) and n.gender = __str__ and t.production_year > __num__ and (t.title like __str__ or t.title like __str__ or t.title like __str__) and t.id = mi.movie_id and t.id = mi_idx.movie_id and t.id = ci.movie_id and t.id = mk.movie_id and t.id = cc.movie_id and ci.movie_id = mi.movie_id and ci.movie_id = mi_idx.movie_id and ci.movie_id = mk.movie_id and ci.movie_id = cc.movie_id and mi.movie_id = mi_idx.movie_id and mi.movie_id = mk.movie_id and mi.movie_id = cc.movie_id and mi_idx.movie_id = mk.movie_id and mi_idx.movie_id = cc.movie_id and mk.movie_id = cc.movie_id and n.id = ci.person_id and it1.id = mi.info_type_id and it2.id = mi_idx.info_type_id and k.id = mk.keyword_id and cct1.id = cc.subject_id and cct2.id = cc.status_id","select min(mi.info) as movie_budget, min(mi_idx.info) as movie_votes, min(n.name) as writer, min(t.title) as complete_gore_movie from complete_cast as cc, comp_cast_type as cct1, comp_cast_type as cct2, cast_info as ci, info_type as it1, info_type as it2, keyword as k, movie_info as mi, movie_info_idx as mi_idx, movie_keyword as mk, name as n, title as t where cct1.kind in (__str__, __str__) and cct2.kind =__str__ and ci.note in (__str__, __str__, __str__, __str__, __str__) and it1.info = __str__ and it2.info = __str__ and k.keyword in (__str__, __str__, __str__, __str__, __str__, __str__, __str__) and mi.info in (__str__, __str__) and n.gender = __str__ and t.production_year > __num__ and (t.title like __str__ or t.title like __str__ or t.title like __str__) and t.id = mi.movie_id and t.id = mi_idx.movie_id and t.id = ci.movie_id and t.id = mk.movie_id and t.id = cc.movie_id and ci.movie_id = mi.movie_id and ci.movie_id = mi_idx.movie_id and ci.movie_id = mk.movie_id and ci.movie_id = cc.movie_id and mi.movie_id = mi_idx.movie_id and mi.movie_id = mk.movie_id and mi.movie_id = cc.movie_id and mi_idx.movie_id = mk.movie_id and mi_idx.movie_id = cc.movie_id and mk.movie_id = cc.movie_id and n.id = ci.person_id and it1.id = mi.info_type_id and it2.id = mi_idx.info_type_id and k.id = mk.keyword_id and cct1.id = cc.subject_id and cct2.id = cc.status_id"
JOB,30c,True,True,True,True,7.0,True,"select min(mi.info) as movie_budget, min(mi_idx.info) as movie_votes, min(n.name) as writer, min(t.title) as complete_violent_movie from complete_cast as cc, comp_cast_type as cct1, comp_cast_type as cct2, cast_info as ci, info_type as it1, info_type as it2, keyword as k, movie_info as mi, movie_info_idx as mi_idx, movie_keyword as mk, name as n, title as t where cct1.kind = __str__ and cct2.kind =__str__ and ci.note in (__str__, __str__, __str__, __str__, __str__) and it1.info = __str__ and it2.info = __str__ and k.keyword in (__str__, __str__, __str__, __str__, __str__, __str__, __str__) and mi.info in (__str__, __str__, __str__, __str__, __str__, __str__) and n.gender = __str__ and t.id = mi.movie_id and t.id = mi_idx.movie_id and t.id = ci.movie_id and t.id = mk.movie_id and t.id = cc.movie_id and ci.movie_id = mi.movie_id and ci.movie_id = mi_idx.movie_id and ci.movie_id = mk.movie_id and ci.movie_id = cc.movie_id and mi.movie_id = mi_idx.movie_id and mi.movie_id = mk.movie_id and mi.movie_id = cc.movie_id and mi_idx.movie_id = mk.movie_id and mi_idx.movie_id = cc.movie_id and mk.movie_id = cc.movie_id and n.id = ci.person_id and it1.id = mi.info_type_id and it2.id = mi_idx.info_type_id and k.id = mk.keyword_id and cct1.id = cc.subject_id and cct2.id = cc.status_id","select min(mi.info) as movie_budget, min(mi_idx.info) as movie_votes, min(n.name) as writer, min(t.title) as complete_violent_movie from complete_cast as cc, comp_cast_type as cct1, comp_cast_type as cct2, cast_info as ci, info_type as it1, info_type as it2, keyword as k, movie_info as mi, movie_info_idx as mi_idx, movie_keyword as mk, name as n, title as t where cct1.kind = __str__ and cct2.kind =__str__ and ci.note in (__str__, __str__, __str__, __str__, __str__) and it1.info = __str__ and it2.info = __str__ and k.keyword in (__str__, __str__, __str__, __str__, __str__, __str__, __str__) and mi.info in (__str__, __str__, __str__, __str__, __str__, __str__) and n.gender = __str__ and t.id = mi.movie_id and t.id = mi_idx.movie_id and t.id = ci.movie_id and t.id = mk.movie_id and t.id = cc.movie_id and ci.movie_id = mi.movie_id and ci.movie_id = mi_idx.movie_id and ci.movie_id = mk.movie_id and ci.movie_id = cc.movie_id and mi.movie_id = mi_idx.movie_id and mi.movie_id = mk.movie_id and mi.movie_id = cc.movie_id and mi_idx.movie_id = mk.movie_id and mi_idx.movie_id = cc.movie_id and mk.movie_id = cc.movie_id and n.id = ci.person_id and it1.id = mi.info_type_id and it2.id = mi_idx.info_type_id and k.id = mk.keyword_id and cct1.id = cc.subject_id and cct2.id = cc.status_id"
JOB,31a,True,True,True,True,14.0,True,"select min(mi.info) as movie_budget, min(mi_idx.info) as movie_votes, min(n.name) as writer, min(t.title) as violent_liongate_movie from cast_info as ci, company_name as cn, info_type as it1, info_type as it2, keyword as k, movie_companies as mc, movie_info as mi, movie_info_idx as mi_idx, movie_keyword as mk, name as n, title as t where ci.note in (__str__, __str__, __str__, __str__, __str__) and cn.name like __str__ and it1.info = __str__ and it2.info = __str__ and k.keyword in (__str__, __str__, __str__, __str__, __str__, __str__, __str__) and mi.info in (__str__, __str__) and n.gender = __str__ and t.id = mi.movie_id and t.id = mi_idx.movie_id and t.id = ci.movie_id and t.id = mk.movie_id and t.id = mc.movie_id and ci.movie_id = mi.movie_id and ci.movie_id = mi_idx.movie_id and ci.movie_id = mk.movie_id and ci.movie_id = mc.movie_id and mi.movie_id = mi_idx.movie_id and mi.movie_id = mk.movie_id and mi.movie_id = mc.movie_id and mi_idx.movie_id = mk.movie_id and mi_idx.movie_id = mc.movie_id and mk.movie_id = mc.movie_id and n.id = ci.person_id and it1.id = mi.info_type_id and it2.id = mi_idx.info_type_id and k.id = mk.keyword_id and cn.id = mc.company_id","select min(mi.info) as movie_budget, min(mi_idx.info) as movie_votes, min(n.name) as writer, min(t.title) as violent_liongate_movie from cast_info as ci, company_name as cn, info_type as it1, info_type as it2, keyword as k, movie_companies as mc, movie_info as mi, movie_info_idx as mi_idx, movie_keyword as mk, name as n, title as t where ci.note in (__str__, __str__, __str__, __str__, __str__) and cn.name like __str__ and it1.info = __str__ and it2.info = __str__ and k.keyword in (__str__, __str__, __str__, __str__, __str__, __str__, __str__) and mi.info in (__str__, __str__) and n.gender = __str__ and t.id = mi.movie_id and t.id = mi_idx.movie_id and t.id = ci.movie_id and t.id = mk.movie_id and t.id = mc.movie_id and ci.movie_id = mi.movie_id and ci.movie_id = mi_idx.movie_id and ci.movie_id = mk.movie_id and ci.movie_id = mc.movie_id and mi.movie_id = mi_idx.movie_id and mi.movie_id = mk.movie_id and mi.movie_id = mc.movie_id and mi_idx.movie_id = mk.movie_id and mi_idx.movie_id = mc.movie_id and mk.movie_id = mc.movie_id and n.id = ci.person_id and it1.id = mi.info_type_id and it2.id = mi_idx.info_type_id and k.id = mk.keyword_id and cn.id = mc.company_id"
JOB,31b,True,True,True,True,7.0,True,"select min(mi.info) as movie_budget, min(mi_idx.info) as movie_votes, min(n.name) as writer, min(t.title) as violent_liongate_movie from cast_info as ci, company_name as cn, info_type as it1, info_type as it2, keyword as k, movie_companies as mc, movie_info as mi, movie_info_idx as mi_idx, movie_keyword as mk, name as n, title as t where ci.note in (__str__, __str__, __str__, __str__, __str__) and cn.name like __str__ and it1.info = __str__ and it2.info = __str__ and k.keyword in (__str__, __str__, __str__, __str__, __str__, __str__, __str__) and mc.note like __str__ and mi.info in (__str__, __str__) and n.gender = __str__ and t.production_year > __num__ and (t.title like __str__ or t.title like __str__ or t.title like __str__) and t.id = mi.movie_id and t.id = mi_idx.movie_id and t.id = ci.movie_id and t.id = mk.movie_id and t.id = mc.movie_id and ci.movie_id = mi.movie_id and ci.movie_id = mi_idx.movie_id and ci.movie_id = mk.movie_id and ci.movie_id = mc.movie_id and mi.movie_id = mi_idx.movie_id and mi.movie_id = mk.movie_id and mi.movie_id = mc.movie_id and mi_idx.movie_id = mk.movie_id and mi_idx.movie_id = mc.movie_id and mk.movie_id = mc.movie_id and n.id = ci.person_id and it1.id = mi.info_type_id and it2.id = mi_idx.info_type_id and k.id = mk.keyword_id and cn.id = mc.company_id","select min(mi.info) as movie_budget, min(mi_idx.info) as movie_votes, min(n.name) as writer, min(t.title) as violent_liongate_movie from cast_info as ci, company_name as cn, info_type as it1, info_type as it2, keyword as k, movie_companies as mc, movie_info as mi, movie_info_idx as mi_idx, movie_keyword as mk, name as n, title as t where ci.note in (__str__, __str__, __str__, __str__, __str__) and cn.name like __str__ and it1.info = __str__ and it2.info = __str__ and k.keyword in (__str__, __str__, __str__, __str__, __str__, __str__, __str__) and mc.note like __str__ and mi.info in (__str__, __str__) and n.gender = __str__ and t.production_year > __num__ and (t.title like __str__ or t.title like __str__ or t.title like __str__) and t.id = mi.movie_id and t.id = mi_idx.movie_id and t.id = ci.movie_id and t.id = mk.movie_id and t.id = mc.movie_id and ci.movie_id = mi.movie_id and ci.movie_id = mi_idx.movie_id and ci.movie_id = mk.movie_id and ci.movie_id = mc.movie_id and mi.movie_id = mi_idx.movie_id and mi.movie_id = mk.movie_id and mi.movie_id = mc.movie_id and mi_idx.movie_id = mk.movie_id and mi_idx.movie_id = mc.movie_id and mk.movie_id = mc.movie_id and n.id = ci.person_id and it1.id = mi.info_type_id and it2.id = mi_idx.info_type_id and k.id = mk.keyword_id and cn.id = mc.company_id"
JOB,31c,True,True,True,True,14.0,True,"select min(mi.info) as movie_budget, min(mi_idx.info) as movie_votes, min(n.name) as writer, min(t.title) as violent_liongate_movie from cast_info as ci, company_name as cn, info_type as it1, info_type as it2, keyword as k, movie_companies as mc, movie_info as mi, movie_info_idx as mi_idx, movie_keyword as mk, name as n, title as t where ci.note in (__str__, __str__, __str__, __str__, __str__) and cn.name like __str__ and it1.info = __str__ and it2.info = __str__ and k.keyword in (__str__, __str__, __str__, __str__, __str__, __str__, __str__) and mi.info in (__str__, __str__, __str__, __str__, __str__, __str__) and t.id = mi.movie_id and t.id = mi_idx.movie_id and t.id = ci.movie_id and t.id = mk.movie_id and t.id = mc.movie_id and ci.movie_id = mi.movie_id and ci.movie_id = mi_idx.movie_id and ci.movie_id = mk.movie_id and ci.movie_id = mc.movie_id and mi.movie_id = mi_idx.movie_id and mi.movie_id = mk.movie_id and mi.movie_id = mc.movie_id and mi_idx.movie_id = mk.movie_id and mi_idx.movie_id = mc.movie_id and mk.movie_id = mc.movie_id and n.id = ci.person_id and it1.id = mi.info_type_id and it2.id = mi_idx.info_type_id and k.id = mk.keyword_id and cn.id = mc.company_id","select min(mi.info) as movie_budget, min(mi_idx.info) as movie_votes, min(n.name) as writer, min(t.title) as violent_liongate_movie from cast_info as ci, company_name as cn, info_type as it1, info_type as it2, keyword as k, movie_companies as mc, movie_info as mi, movie_info_idx as mi_idx, movie_keyword as mk, name as n, title as t where ci.note in (__str__, __str__, __str__, __str__, __str__) and cn.name like __str__ and it1.info = __str__ and it2.info = __str__ and k.keyword in (__str__, __str__, __str__, __str__, __str__, __str__, __str__) and mi.info in (__str__, __str__, __str__, __str__, __str__, __str__) and t.id = mi.movie_id and t.id = mi_idx.movie_id and t.id = ci.movie_id and t.id = mk.movie_id and t.id = mc.movie_id and ci.movie_id = mi.movie_id and ci.movie_id = mi_idx.movie_id and ci.movie_id = mk.movie_id and ci.movie_id = mc.movie_id and mi.movie_id = mi_idx.movie_id and mi.movie_id = mk.movie_id and mi.movie_id = mc.movie_id and mi_idx.movie_id = mk.movie_id and mi_idx.movie_id = mc.movie_id and mk.movie_id = mc.movie_id and n.id = ci.person_id and it1.id = mi.info_type_id and it2.id = mi_idx.info_type_id and k.id = mk.keyword_id and cn.id = mc.company_id"
JOB,32a,True,True,True,True,27.0,True,"select min(lt.link) as link_type, min(t1.title) as first_movie, min(t2.title) as second_movie from keyword as k, link_type as lt, movie_keyword as mk, movie_link as ml, title as t1, title as t2 where k.keyword =__str__ and mk.keyword_id = k.id and t1.id = mk.movie_id and ml.movie_id = t1.id and ml.linked_movie_id = t2.id and lt.id = ml.link_type_id and mk.movie_id = t1.id","select min(lt.link) as link_type, min(t1.title) as first_movie, min(t2.title) as second_movie from keyword as k, link_type as lt, movie_keyword as mk, movie_link as ml, title as t1, title as t2 where k.keyword =__str__ and mk.keyword_id = k.id and t1.id = mk.movie_id and ml.movie_id = t1.id and ml.linked_movie_id = t2.id and lt.id = ml.link_type_id and mk.movie_id = t1.id"
JOB,32b,True,True,True,True,27.0,True,"select min(lt.link) as link_type, min(t1.title) as first_movie, min(t2.title) as second_movie from keyword as k, link_type as lt, movie_keyword as mk, movie_link as ml, title as t1, title as t2 where k.keyword =__str__ and mk.keyword_id = k.id and t1.id = mk.movie_id and ml.movie_id = t1.id and ml.linked_movie_id = t2.id and lt.id = ml.link_type_id and mk.movie_id = t1.id","select min(lt.link) as link_type, min(t1.title) as first_movie, min(t2.title) as second_movie from keyword as k, link_type as lt, movie_keyword as mk, movie_link as ml, title as t1, title as t2 where k.keyword =__str__ and mk.keyword_id = k.id and t1.id = mk.movie_id and ml.movie_id = t1.id and ml.linked_movie_id = t2.id and lt.id = ml.link_type_id and mk.movie_id = t1.id"
JOB,33a,True,True,True,True,321.0,True,"select min(cn1.name) as first_company, min(cn2.name) as second_company, min(mi_idx1.info) as first_rating, min(mi_idx2.info) as second_rating, min(t1.title) as first_movie, min(t2.title) as second_movie from company_name as cn1, company_name as cn2, info_type as it1, info_type as it2, kind_type as kt1, kind_type as kt2, link_type as lt, movie_companies as mc1, movie_companies as mc2, movie_info_idx as mi_idx1, movie_info_idx as mi_idx2, movie_link as ml, title as t1, title as t2 where cn1.country_code = __str__ and it1.info = __str__ and it2.info = __str__ and kt1.kind in (__str__) and kt2.kind in (__str__) and lt.link in (__str__, __str__, __str__) and mi_idx2.info < __str__ and t2.production_year between __num__ and __num__ and lt.id = ml.link_type_id and t1.id = ml.movie_id and t2.id = ml.linked_movie_id and it1.id = mi_idx1.info_type_id and t1.id = mi_idx1.movie_id and kt1.id = t1.kind_id and cn1.id = mc1.company_id and t1.id = mc1.movie_id and ml.movie_id = mi_idx1.movie_id and ml.movie_id = mc1.movie_id and mi_idx1.movie_id = mc1.movie_id and it2.id = mi_idx2.info_type_id and t2.id = mi_idx2.movie_id and kt2.id = t2.kind_id and cn2.id = mc2.company_id and t2.id = mc2.movie_id and ml.linked_movie_id = mi_idx2.movie_id and ml.linked_movie_id = mc2.movie_id and mi_idx2.movie_id = mc2.movie_id","select min(cn1.name) as first_company, min(cn2.name) as second_company, min(mi_idx1.info) as first_rating, min(mi_idx2.info) as second_rating, min(t1.title) as first_movie, min(t2.title) as second_movie from company_name as cn1, company_name as cn2, info_type as it1, info_type as it2, kind_type as kt1, kind_type as kt2, link_type as lt, movie_companies as mc1, movie_companies as mc2, movie_info_idx as mi_idx1, movie_info_idx as mi_idx2, movie_link as ml, title as t1, title as t2 where cn1.country_code = __str__ and it1.info = __str__ and it2.info = __str__ and kt1.kind in (__str__) and kt2.kind in (__str__) and lt.link in (__str__, __str__, __str__) and mi_idx2.info < __str__ and t2.production_year between __num__ and __num__ and lt.id = ml.link_type_id and t1.id = ml.movie_id and t2.id = ml.linked_movie_id and it1.id = mi_idx1.info_type_id and t1.id = mi_idx1.movie_id and kt1.id = t1.kind_id and cn1.id = mc1.company_id and t1.id = mc1.movie_id and ml.movie_id = mi_idx1.movie_id and ml.movie_id = mc1.movie_id and mi_idx1.movie_id = mc1.movie_id and it2.id = mi_idx2.info_type_id and t2.id = mi_idx2.movie_id and kt2.id = t2.kind_id and cn2.id = mc2.company_id and t2.id = mc2.movie_id and ml.linked_movie_id = mi_idx2.movie_id and ml.linked_movie_id = mc2.movie_id and mi_idx2.movie_id = mc2.movie_id"
JOB,33b,True,True,True,True,115.0,True,"select min(cn1.name) as first_company, min(cn2.name) as second_company, min(mi_idx1.info) as first_rating, min(mi_idx2.info) as second_rating, min(t1.title) as first_movie, min(t2.title) as second_movie from company_name as cn1, company_name as cn2, info_type as it1, info_type as it2, kind_type as kt1, kind_type as kt2, link_type as lt, movie_companies as mc1, movie_companies as mc2, movie_info_idx as mi_idx1, movie_info_idx as mi_idx2, movie_link as ml, title as t1, title as t2 where cn1.country_code = __str__ and it1.info = __str__ and it2.info = __str__ and kt1.kind in (__str__) and kt2.kind in (__str__) and lt.link like __str__ and mi_idx2.info < __str__ and t2.production_year = __num__ and lt.id = ml.link_type_id and t1.id = ml.movie_id and t2.id = ml.linked_movie_id and it1.id = mi_idx1.info_type_id and t1.id = mi_idx1.movie_id and kt1.id = t1.kind_id and cn1.id = mc1.company_id and t1.id = mc1.movie_id and ml.movie_id = mi_idx1.movie_id and ml.movie_id = mc1.movie_id and mi_idx1.movie_id = mc1.movie_id and it2.id = mi_idx2.info_type_id and t2.id = mi_idx2.movie_id and kt2.id = t2.kind_id and cn2.id = mc2.company_id and t2.id = mc2.movie_id and ml.linked_movie_id = mi_idx2.movie_id and ml.linked_movie_id = mc2.movie_id and mi_idx2.movie_id = mc2.movie_id","select min(cn1.name) as first_company, min(cn2.name) as second_company, min(mi_idx1.info) as first_rating, min(mi_idx2.info) as second_rating, min(t1.title) as first_movie, min(t2.title) as second_movie from company_name as cn1, company_name as cn2, info_type as it1, info_type as it2, kind_type as kt1, kind_type as kt2, link_type as lt, movie_companies as mc1, movie_companies as mc2, movie_info_idx as mi_idx1, movie_info_idx as mi_idx2, movie_link as ml, title as t1, title as t2 where cn1.country_code = __str__ and it1.info = __str__ and it2.info = __str__ and kt1.kind in (__str__) and kt2.kind in (__str__) and lt.link like __str__ and mi_idx2.info < __str__ and t2.production_year = __num__ and lt.id = ml.link_type_id and t1.id = ml.movie_id and t2.id = ml.linked_movie_id and it1.id = mi_idx1.info_type_id and t1.id = mi_idx1.movie_id and kt1.id = t1.kind_id and cn1.id = mc1.company_id and t1.id = mc1.movie_id and ml.movie_id = mi_idx1.movie_id and ml.movie_id = mc1.movie_id and mi_idx1.movie_id = mc1.movie_id and it2.id = mi_idx2.info_type_id and t2.id = mi_idx2.movie_id and kt2.id = t2.kind_id and cn2.id = mc2.company_id and t2.id = mc2.movie_id and ml.linked_movie_id = mi_idx2.movie_id and ml.linked_movie_id = mc2.movie_id and mi_idx2.movie_id = mc2.movie_id"
JOB,33c,True,True,True,True,2754.0,True,"select min(cn1.name) as first_company, min(cn2.name) as second_company, min(mi_idx1.info) as first_rating, min(mi_idx2.info) as second_rating, min(t1.title) as first_movie, min(t2.title) as second_movie from company_name as cn1, company_name as cn2, info_type as it1, info_type as it2, kind_type as kt1, kind_type as kt2, link_type as lt, movie_companies as mc1, movie_companies as mc2, movie_info_idx as mi_idx1, movie_info_idx as mi_idx2, movie_link as ml, title as t1, title as t2 where cn1.country_code != __str__ and it1.info = __str__ and it2.info = __str__ and kt1.kind in (__str__, __str__) and kt2.kind in (__str__, __str__) and lt.link in (__str__, __str__, __str__) and mi_idx2.info < __str__ and t2.production_year between __num__ and __num__ and lt.id = ml.link_type_id and t1.id = ml.movie_id and t2.id = ml.linked_movie_id and it1.id = mi_idx1.info_type_id and t1.id = mi_idx1.movie_id and kt1.id = t1.kind_id and cn1.id = mc1.company_id and t1.id = mc1.movie_id and ml.movie_id = mi_idx1.movie_id and ml.movie_id = mc1.movie_id and mi_idx1.movie_id = mc1.movie_id and it2.id = mi_idx2.info_type_id and t2.id = mi_idx2.movie_id and kt2.id = t2.kind_id and cn2.id = mc2.company_id and t2.id = mc2.movie_id and ml.linked_movie_id = mi_idx2.movie_id and ml.linked_movie_id = mc2.movie_id and mi_idx2.movie_id = mc2.movie_id","select min(cn1.name) as first_company, min(cn2.name) as second_company, min(mi_idx1.info) as first_rating, min(mi_idx2.info) as second_rating, min(t1.title) as first_movie, min(t2.title) as second_movie from company_name as cn1, company_name as cn2, info_type as it1, info_type as it2, kind_type as kt1, kind_type as kt2, link_type as lt, movie_companies as mc1, movie_companies as mc2, movie_info_idx as mi_idx1, movie_info_idx as mi_idx2, movie_link as ml, title as t1, title as t2 where cn1.country_code != __str__ and it1.info = __str__ and it2.info = __str__ and kt1.kind in (__str__, __str__) and kt2.kind in (__str__, __str__) and lt.link in (__str__, __str__, __str__) and mi_idx2.info < __str__ and t2.production_year between __num__ and __num__ and lt.id = ml.link_type_id and t1.id = ml.movie_id and t2.id = ml.linked_movie_id and it1.id = mi_idx1.info_type_id and t1.id = mi_idx1.movie_id and kt1.id = t1.kind_id and cn1.id = mc1.company_id and t1.id = mc1.movie_id and ml.movie_id = mi_idx1.movie_id and ml.movie_id = mc1.movie_id and mi_idx1.movie_id = mc1.movie_id and it2.id = mi_idx2.info_type_id and t2.id = mi_idx2.movie_id and kt2.id = t2.kind_id and cn2.id = mc2.company_id and t2.id = mc2.movie_id and ml.linked_movie_id = mi_idx2.movie_id and ml.linked_movie_id = mc2.movie_id and mi_idx2.movie_id = mc2.movie_id"
JOB,3a,True,True,True,True,538.0,True,"select min(t.title) as movie_title from keyword as k, movie_info as mi, movie_keyword as mk, title as t where k.keyword like __str__ and mi.info in (__str__, __str__, __str__, __str__, __str__, __str__, __str__, __str__) and t.production_year > __num__ and t.id = mi.movie_id and t.id = mk.movie_id and mk.movie_id = mi.movie_id and k.id = mk.keyword_id","select min(t.title) as movie_title from keyword as k, movie_info as mi, movie_keyword as mk, title as t where k.keyword like __str__ and mi.info in (__str__, __str__, __str__, __str__, __str__, __str__, __str__, __str__) and t.production_year > __num__ and t.id = mi.movie_id and t.id = mk.movie_id and mk.movie_id = mi.movie_id and k.id = mk.keyword_id"
JOB,3b,True,True,True,True,504.0,True,"select min(t.title) as movie_title from keyword as k, movie_info as mi, movie_keyword as mk, title as t where k.keyword like __str__ and mi.info in (__str__) and t.production_year > __num__ and t.id = mi.movie_id and t.id = mk.movie_id and mk.movie_id = mi.movie_id and k.id = mk.keyword_id","select min(t.title) as movie_title from keyword as k, movie_info as mi, movie_keyword as mk, title as t where k.keyword like __str__ and mi.info in (__str__) and t.production_year > __num__ and t.id = mi.movie_id and t.id = mk.movie_id and mk.movie_id = mi.movie_id and k.id = mk.keyword_id"
JOB,3c,True,True,True,True,550.0,True,"select min(t.title) as movie_title from keyword as k, movie_info as mi, movie_keyword as mk, title as t where k.keyword like __str__ and mi.info in (__str__, __str__, __str__, __str__, __str__, __str__, __str__, __str__, __str__, __str__) and t.production_year > __num__ and t.id = mi.movie_id and t.id = mk.movie_id and mk.movie_id = mi.movie_id and k.id = mk.keyword_id","select min(t.title) as movie_title from keyword as k, movie_info as mi, movie_keyword as mk, title as t where k.keyword like __str__ and mi.info in (__str__, __str__, __str__, __str__, __str__, __str__, __str__, __str__, __str__, __str__) and t.production_year > __num__ and t.id = mi.movie_id and t.id = mk.movie_id and mk.movie_id = mi.movie_id and k.id = mk.keyword_id"
JOB,4a,True,True,True,True,4158.0,True,"select min(mi_idx.info) as rating, min(t.title) as movie_title from info_type as it, keyword as k, movie_info_idx as mi_idx, movie_keyword as mk, title as t where it.info =__str__ and k.keyword like __str__ and mi_idx.info > __str__ and t.production_year > __num__ and t.id = mi_idx.movie_id and t.id = mk.movie_id and mk.movie_id = mi_idx.movie_id and k.id = mk.keyword_id and it.id = mi_idx.info_type_id","select min(mi_idx.info) as rating, min(t.title) as movie_title from info_type as it, keyword as k, movie_info_idx as mi_idx, movie_keyword as mk, title as t where it.info =__str__ and k.keyword like __str__ and mi_idx.info > __str__ and t.production_year > __num__ and t.id = mi_idx.movie_id and t.id = mk.movie_id and mk.movie_id = mi_idx.movie_id and k.id = mk.keyword_id and it.id = mi_idx.info_type_id"
JOB,4b,True,True,True,True,203.0,True,"select min(mi_idx.info) as rating, min(t.title) as movie_title from info_type as it, keyword as k, movie_info_idx as mi_idx, movie_keyword as mk, title as t where it.info =__str__ and k.keyword like __str__ and mi_idx.info > __str__ and t.production_year > __num__ and t.id = mi_idx.movie_id and t.id = mk.movie_id and mk.movie_id = mi_idx.movie_id and k.id = mk.keyword_id and it.id = mi_idx.info_type_id","select min(mi_idx.info) as rating, min(t.title) as movie_title from info_type as it, keyword as k, movie_info_idx as mi_idx, movie_keyword as mk, title as t where it.info =__str__ and k.keyword like __str__ and mi_idx.info > __str__ and t.production_year > __num__ and t.id = mi_idx.movie_id and t.id = mk.movie_id and mk.movie_id = mi_idx.movie_id and k.id = mk.keyword_id and it.id = mi_idx.info_type_id"
JOB,4c,True,True,True,True,6373.0,True,"select min(mi_idx.info) as rating, min(t.title) as movie_title from info_type as it, keyword as k, movie_info_idx as mi_idx, movie_keyword as mk, title as t where it.info =__str__ and k.keyword like __str__ and mi_idx.info > __str__ and t.production_year > __num__ and t.id = mi_idx.movie_id and t.id = mk.movie_id and mk.movie_id = mi_idx.movie_id and k.id = mk.keyword_id and it.id = mi_idx.info_type_id","select min(mi_idx.info) as rating, min(t.title) as movie_title from info_type as it, keyword as k, movie_info_idx as mi_idx, movie_keyword as mk, title as t where it.info =__str__ and k.keyword like __str__ and mi_idx.info > __str__ and t.production_year > __num__ and t.id = mi_idx.movie_id and t.id = mk.movie_id and mk.movie_id = mi_idx.movie_id and k.id = mk.keyword_id and it.id = mi_idx.info_type_id"
JOB,5a,True,True,True,True,92872.0,True,"select min(t.title) as typical_european_movie from company_type as ct, info_type as it, movie_companies as mc, movie_info as mi, title as t where ct.kind = __str__ and mc.note like __str__ and mc.note like __str__ and mi.info in (__str__, __str__, __str__, __str__, __str__, __str__, __str__, __str__) and t.production_year > __num__ and t.id = mi.movie_id and t.id = mc.movie_id and mc.movie_id = mi.movie_id and ct.id = mc.company_type_id and it.id = mi.info_type_id","select min(t.title) as typical_european_movie from company_type as ct, info_type as it, movie_companies as mc, movie_info as mi, title as t where ct.kind = __str__ and mc.note like __str__ and mc.note like __str__ and mi.info in (__str__, __str__, __str__, __str__, __str__, __str__, __str__, __str__) and t.production_year > __num__ and t.id = mi.movie_id and t.id = mc.movie_id and mc.movie_id = mi.movie_id and ct.id = mc.company_type_id and it.id = mi.info_type_id"
JOB,5b,True,True,True,True,87934.0,True,"select min(t.title) as american_vhs_movie from company_type as ct, info_type as it, movie_companies as mc, movie_info as mi, title as t where ct.kind = __str__ and mc.note like __str__ and mc.note like __str__ and mc.note like __str__ and mi.info in (__str__, __str__) and t.production_year > __num__ and t.id = mi.movie_id and t.id = mc.movie_id and mc.movie_id = mi.movie_id and ct.id = mc.company_type_id and it.id = mi.info_type_id","select min(t.title) as american_vhs_movie from company_type as ct, info_type as it, movie_companies as mc, movie_info as mi, title as t where ct.kind = __str__ and mc.note like __str__ and mc.note like __str__ and mc.note like __str__ and mi.info in (__str__, __str__) and t.production_year > __num__ and t.id = mi.movie_id and t.id = mc.movie_id and mc.movie_id = mi.movie_id and ct.id = mc.company_type_id and it.id = mi.info_type_id"
JOB,5c,True,True,True,True,101660.0,True,"select min(t.title) as american_movie from company_type as ct, info_type as it, movie_companies as mc, movie_info as mi, title as t where ct.kind = __str__ and mc.note not like __str__ and mc.note like __str__ and mi.info in (__str__, __str__, __str__, __str__, __str__, __str__, __str__, __str__, __str__, __str__) and t.production_year > __num__ and t.id = mi.movie_id and t.id = mc.movie_id and mc.movie_id = mi.movie_id and ct.id = mc.company_type_id and it.id = mi.info_type_id","select min(t.title) as american_movie from company_type as ct, info_type as it, movie_companies as mc, movie_info as mi, title as t where ct.kind = __str__ and mc.note not like __str__ and mc.note like __str__ and mi.info in (__str__, __str__, __str__, __str__, __str__, __str__, __str__, __str__, __str__, __str__) and t.production_year > __num__ and t.id = mi.movie_id and t.id = mc.movie_id and mc.movie_id = mi.movie_id and ct.id = mc.company_type_id and it.id = mi.info_type_id"
JOB,6a,True,True,True,True,280.0,True,"select min(k.keyword) as movie_keyword, min(n.name) as actor_name, min(t.title) as marvel_movie from cast_info as ci, keyword as k, movie_keyword as mk, name as n, title as t where k.keyword = __str__ and n.name like __str__ and t.production_year > __num__ and k.id = mk.keyword_id and t.id = mk.movie_id and t.id = ci.movie_id and ci.movie_id = mk.movie_id and n.id = ci.person_id","select min(k.keyword) as movie_keyword, min(n.name) as actor_name, min(t.title) as marvel_movie from cast_info as ci, keyword as k, movie_keyword as mk, name as n, title as t where k.keyword = __str__ and n.name like __str__ and t.production_year > __num__ and k.id = mk.keyword_id and t.id = mk.movie_id and t.id = ci.movie_id and ci.movie_id = mk.movie_id and n.id = ci.person_id"
JOB,6b,True,True,True,True,678.0,True,"select min(k.keyword) as movie_keyword, min(n.name) as actor_name, min(t.title) as hero_movie from cast_info as ci, keyword as k, movie_keyword as mk, name as n, title as t where k.keyword in (__str__, __str__, __str__, __str__, __str__, __str__, __str__, __str__) and n.name like __str__ and t.production_year > __num__ and k.id = mk.keyword_id and t.id = mk.movie_id and t.id = ci.movie_id and ci.movie_id = mk.movie_id and n.id = ci.person_id","select min(k.keyword) as movie_keyword, min(n.name) as actor_name, min(t.title) as hero_movie from cast_info as ci, keyword as k, movie_keyword as mk, name as n, title as t where k.keyword in (__str__, __str__, __str__, __str__, __str__, __str__, __str__, __str__) and n.name like __str__ and t.production_year > __num__ and k.id = mk.keyword_id and t.id = mk.movie_id and t.id = ci.movie_id and ci.movie_id = mk.movie_id and n.id = ci.person_id"
JOB,6c,True,True,True,True,102939.0,True,"select min(k.keyword) as movie_keyword, min(n.name) as actor_name, min(t.title) as marvel_movie from cast_info as ci, keyword as k, movie_keyword as mk, name as n, title as t where k.keyword = __str__ and n.name like __str__ and t.production_year > __num__ and k.id = mk.keyword_id and t.id = mk.movie_id and t.id = ci.movie_id and ci.movie_id = mk.movie_id and n.id = ci.person_id","select min(k.keyword) as movie_keyword, min(n.name) as actor_name, min(t.title) as marvel_movie from cast_info as ci, keyword as k, movie_keyword as mk, name as n, title as t where k.keyword = __str__ and n.name like __str__ and t.production_year > __num__ and k.id = mk.keyword_id and t.id = mk.movie_id and t.id = ci.movie_id and ci.movie_id = mk.movie_id and n.id = ci.person_id"
JOB,6d,True,True,True,True,678.0,True,"select min(k.keyword) as movie_keyword, min(n.name) as actor_name, min(t.title) as hero_movie from cast_info as ci, keyword as k, movie_keyword as mk, name as n, title as t where k.keyword in (__str__, __str__, __str__, __str__, __str__, __str__, __str__, __str__) and n.name like __str__ and t.production_year > __num__ and k.id = mk.keyword_id and t.id = mk.movie_id and t.id = ci.movie_id and ci.movie_id = mk.movie_id and n.id = ci.person_id","select min(k.keyword) as movie_keyword, min(n.name) as actor_name, min(t.title) as hero_movie from cast_info as ci, keyword as k, movie_keyword as mk, name as n, title as t where k.keyword in (__str__, __str__, __str__, __str__, __str__, __str__, __str__, __str__) and n.name like __str__ and t.production_year > __num__ and k.id = mk.keyword_id and t.id = mk.movie_id and t.id = ci.movie_id and ci.movie_id = mk.movie_id and n.id = ci.person_id"
JOB,6e,True,True,True,True,280.0,True,"select min(k.keyword) as movie_keyword, min(n.name) as actor_name, min(t.title) as marvel_movie from cast_info as ci, keyword as k, movie_keyword as mk, name as n, title as t where k.keyword = __str__ and n.name like __str__ and t.production_year > __num__ and k.id = mk.keyword_id and t.id = mk.movie_id and t.id = ci.movie_id and ci.movie_id = mk.movie_id and n.id = ci.person_id","select min(k.keyword) as movie_keyword, min(n.name) as actor_name, min(t.title) as marvel_movie from cast_info as ci, keyword as k, movie_keyword as mk, name as n, title as t where k.keyword = __str__ and n.name like __str__ and t.production_year > __num__ and k.id = mk.keyword_id and t.id = mk.movie_id and t.id = ci.movie_id and ci.movie_id = mk.movie_id and n.id = ci.person_id"
JOB,6f,True,True,True,True,249168.0,True,"select min(k.keyword) as movie_keyword, min(n.name) as actor_name, min(t.title) as hero_movie from cast_info as ci, keyword as k, movie_keyword as mk, name as n, title as t where k.keyword in (__str__, __str__, __str__, __str__, __str__, __str__, __str__, __str__) and t.production_year > __num__ and k.id = mk.keyword_id and t.id = mk.movie_id and t.id = ci.movie_id and ci.movie_id = mk.movie_id and n.id = ci.person_id","select min(k.keyword) as movie_keyword, min(n.name) as actor_name, min(t.title) as hero_movie from cast_info as ci, keyword as k, movie_keyword as mk, name as n, title as t where k.keyword in (__str__, __str__, __str__, __str__, __str__, __str__, __str__, __str__) and t.production_year > __num__ and k.id = mk.keyword_id and t.id = mk.movie_id and t.id = ci.movie_id and ci.movie_id = mk.movie_id and n.id = ci.person_id"
JOB,7a,True,True,True,True,3.0,True,"select min(n.name) as of_person, min(t.title) as biography_movie from aka_name as an, cast_info as ci, info_type as it, link_type as lt, movie_link as ml, name as n, person_info as pi, title as t where an.name like __str__ and it.info =__str__ and lt.link =__str__ and n.name_pcode_cf between __str__ and __str__ and (n.gender=__str__ or (n.gender = __str__ and n.name like __str__)) and pi.note =__str__ and t.production_year between __num__ and __num__ and n.id = an.person_id and n.id = pi.person_id and ci.person_id = n.id and t.id = ci.movie_id and ml.linked_movie_id = t.id and lt.id = ml.link_type_id and it.id = pi.info_type_id and pi.person_id = an.person_id and pi.person_id = ci.person_id and an.person_id = ci.person_id and ci.movie_id = ml.linked_movie_id","select min(n.name) as of_person, min(t.title) as biography_movie from aka_name as an, cast_info as ci, info_type as it, link_type as lt, movie_link as ml, name as n, person_info as pi, title as t where an.name like __str__ and it.info =__str__ and lt.link =__str__ and n.name_pcode_cf between __str__ and __str__ and (n.gender=__str__ or (n.gender = __str__ and n.name like __str__)) and pi.note =__str__ and t.production_year between __num__ and __num__ and n.id = an.person_id and n.id = pi.person_id and ci.person_id = n.id and t.id = ci.movie_id and ml.linked_movie_id = t.id and lt.id = ml.link_type_id and it.id = pi.info_type_id and pi.person_id = an.person_id and pi.person_id = ci.person_id and an.person_id = ci.person_id and ci.movie_id = ml.linked_movie_id"
JOB,7b,True,True,True,True,65.0,True,"select min(n.name) as of_person, min(t.title) as biography_movie from aka_name as an, cast_info as ci, info_type as it, link_type as lt, movie_link as ml, name as n, person_info as pi, title as t where an.name like __str__ and it.info =__str__ and lt.link =__str__ and n.name_pcode_cf like __str__ and n.gender=__str__ and pi.note =__str__ and t.production_year between __num__ and __num__ and n.id = an.person_id and n.id = pi.person_id and ci.person_id = n.id and t.id = ci.movie_id and ml.linked_movie_id = t.id and lt.id = ml.link_type_id and it.id = pi.info_type_id and pi.person_id = an.person_id and pi.person_id = ci.person_id and an.person_id = ci.person_id and ci.movie_id = ml.linked_movie_id","select min(n.name) as of_person, min(t.title) as biography_movie from aka_name as an, cast_info as ci, info_type as it, link_type as lt, movie_link as ml, name as n, person_info as pi, title as t where an.name like __str__ and it.info =__str__ and lt.link =__str__ and n.name_pcode_cf like __str__ and n.gender=__str__ and pi.note =__str__ and t.production_year between __num__ and __num__ and n.id = an.person_id and n.id = pi.person_id and ci.person_id = n.id and t.id = ci.movie_id and ml.linked_movie_id = t.id and lt.id = ml.link_type_id and it.id = pi.info_type_id and pi.person_id = an.person_id and pi.person_id = ci.person_id and an.person_id = ci.person_id and ci.movie_id = ml.linked_movie_id"
JOB,7c,True,True,True,True,129.0,True,"select min(n.name) as cast_member_name, min(pi.info) as cast_member_info from aka_name as an, cast_info as ci, info_type as it, link_type as lt, movie_link as ml, name as n, person_info as pi, title as t where an.name is not null and (an.name like __str__ or an.name like __str__) and it.info =__str__ and lt.link in (__str__, __str__, __str__, __str__) and n.name_pcode_cf between __str__ and __str__ and (n.gender=__str__ or (n.gender = __str__ and n.name like __str__)) and pi.note is not null and t.production_year between __num__ and __num__ and n.id = an.person_id and n.id = pi.person_id and ci.person_id = n.id and t.id = ci.movie_id and ml.linked_movie_id = t.id and lt.id = ml.link_type_id and it.id = pi.info_type_id and pi.person_id = an.person_id and pi.person_id = ci.person_id and an.person_id = ci.person_id and ci.movie_id = ml.linked_movie_id","select min(n.name) as cast_member_name, min(pi.info) as cast_member_info from aka_name as an, cast_info as ci, info_type as it, link_type as lt, movie_link as ml, name as n, person_info as pi, title as t where an.name is not null and (an.name like __str__ or an.name like __str__) and it.info =__str__ and lt.link in (__str__, __str__, __str__, __str__) and n.name_pcode_cf between __str__ and __str__ and (n.gender=__str__ or (n.gender = __str__ and n.name like __str__)) and pi.note is not null and t.production_year between __num__ and __num__ and n.id = an.person_id and n.id = pi.person_id and ci.person_id = n.id and t.id = ci.movie_id and ml.linked_movie_id = t.id and lt.id = ml.link_type_id and it.id = pi.info_type_id and pi.person_id = an.person_id and pi.person_id = ci.person_id and an.person_id = ci.person_id and ci.movie_id = ml.linked_movie_id"
JOB,8a,True,True,True,True,20.0,True,"select min(an1.name) as actress_pseudonym, min(t.title) as japanese_movie_dubbed from aka_name as an1, cast_info as ci, company_name as cn, movie_companies as mc, name as n1, role_type as rt, title as t where ci.note =__str__ and cn.country_code =__str__ and mc.note like __str__ and mc.note not like __str__ and n1.name like __str__ and n1.name not like __str__ and rt.role =__str__ and an1.person_id = n1.id and n1.id = ci.person_id and ci.movie_id = t.id and t.id = mc.movie_id and mc.company_id = cn.id and ci.role_id = rt.id and an1.person_id = ci.person_id and ci.movie_id = mc.movie_id","select min(an1.name) as actress_pseudonym, min(t.title) as japanese_movie_dubbed from aka_name as an1, cast_info as ci, company_name as cn, movie_companies as mc, name as n1, role_type as rt, title as t where ci.note =__str__ and cn.country_code =__str__ and mc.note like __str__ and mc.note not like __str__ and n1.name like __str__ and n1.name not like __str__ and rt.role =__str__ and an1.person_id = n1.id and n1.id = ci.person_id and ci.movie_id = t.id and t.id = mc.movie_id and mc.company_id = cn.id and ci.role_id = rt.id and an1.person_id = ci.person_id and ci.movie_id = mc.movie_id"
JOB,8b,True,True,True,True,2.0,True,"select min(an.name) as acress_pseudonym, min(t.title) as japanese_anime_movie from aka_name as an, cast_info as ci, company_name as cn, movie_companies as mc, name as n, role_type as rt, title as t where ci.note =__str__ and cn.country_code =__str__ and mc.note like __str__ and mc.note not like __str__ and (mc.note like __str__ or mc.note like __str__) and n.name like __str__ and n.name not like __str__ and rt.role =__str__ and t.production_year between __num__ and __num__ and (t.title like __str__ or t.title like __str__) and an.person_id = n.id and n.id = ci.person_id and ci.movie_id = t.id and t.id = mc.movie_id and mc.company_id = cn.id and ci.role_id = rt.id and an.person_id = ci.person_id and ci.movie_id = mc.movie_id","select min(an.name) as acress_pseudonym, min(t.title) as japanese_anime_movie from aka_name as an, cast_info as ci, company_name as cn, movie_companies as mc, name as n, role_type as rt, title as t where ci.note =__str__ and cn.country_code =__str__ and mc.note like __str__ and mc.note not like __str__ and (mc.note like __str__ or mc.note like __str__) and n.name like __str__ and n.name not like __str__ and rt.role =__str__ and t.production_year between __num__ and __num__ and (t.title like __str__ or t.title like __str__) and an.person_id = n.id and n.id = ci.person_id and ci.movie_id = t.id and t.id = mc.movie_id and mc.company_id = cn.id and ci.role_id = rt.id and an.person_id = ci.person_id and ci.movie_id = mc.movie_id"
JOB,8c,True,True,True,True,126291.0,True,"select min(a1.name) as writer_pseudo_name, min(t.title) as movie_title from aka_name as a1, cast_info as ci, company_name as cn, movie_companies as mc, name as n1, role_type as rt, title as t where cn.country_code =__str__ and rt.role =__str__ and a1.person_id = n1.id and n1.id = ci.person_id and ci.movie_id = t.id and t.id = mc.movie_id and mc.company_id = cn.id and ci.role_id = rt.id and a1.person_id = ci.person_id and ci.movie_id = mc.movie_id","select min(a1.name) as writer_pseudo_name, min(t.title) as movie_title from aka_name as a1, cast_info as ci, company_name as cn, movie_companies as mc, name as n1, role_type as rt, title as t where cn.country_code =__str__ and rt.role =__str__ and a1.person_id = n1.id and n1.id = ci.person_id and ci.movie_id = t.id and t.id = mc.movie_id and mc.company_id = cn.id and ci.role_id = rt.id and a1.person_id = ci.person_id and ci.movie_id = mc.movie_id"
JOB,8d,True,True,True,True,126291.0,True,"select min(an1.name) as costume_designer_pseudo, min(t.title) as movie_with_costumes from aka_name as an1, cast_info as ci, company_name as cn, movie_companies as mc, name as n1, role_type as rt, title as t where cn.country_code =__str__ and rt.role =__str__ and an1.person_id = n1.id and n1.id = ci.person_id and ci.movie_id = t.id and t.id = mc.movie_id and mc.company_id = cn.id and ci.role_id = rt.id and an1.person_id = ci.person_id and ci.movie_id = mc.movie_id","select min(an1.name) as costume_designer_pseudo, min(t.title) as movie_with_costumes from aka_name as an1, cast_info as ci, company_name as cn, movie_companies as mc, name as n1, role_type as rt, title as t where cn.country_code =__str__ and rt.role =__str__ and an1.person_id = n1.id and n1.id = ci.person_id and ci.movie_id = t.id and t.id = mc.movie_id and mc.company_id = cn.id and ci.role_id = rt.id and an1.person_id = ci.person_id and ci.movie_id = mc.movie_id"
JOB,9a,True,True,True,True,4.0,True,"select min(an.name) as alternative_name, min(chn.name) as character_name, min(t.title) as movie from aka_name as an, char_name as chn, cast_info as ci, company_name as cn, movie_companies as mc, name as n, role_type as rt, title as t where ci.note in (__str__, __str__, __str__, __str__) and cn.country_code =__str__ and mc.note is not null and (mc.note like __str__ or mc.note like __str__) and n.gender =__str__ and n.name like __str__ and rt.role =__str__ and t.production_year between __num__ and __num__ and ci.movie_id = t.id and t.id = mc.movie_id and ci.movie_id = mc.movie_id and mc.company_id = cn.id and ci.role_id = rt.id and n.id = ci.person_id and chn.id = ci.person_role_id and an.person_id = n.id and an.person_id = ci.person_id","select min(an.name) as alternative_name, min(chn.name) as character_name, min(t.title) as movie from aka_name as an, char_name as chn, cast_info as ci, company_name as cn, movie_companies as mc, name as n, role_type as rt, title as t where ci.note in (__str__, __str__, __str__, __str__) and cn.country_code =__str__ and mc.note is not null and (mc.note like __str__ or mc.note like __str__) and n.gender =__str__ and n.name like __str__ and rt.role =__str__ and t.production_year between __num__ and __num__ and ci.movie_id = t.id and t.id = mc.movie_id and ci.movie_id = mc.movie_id and mc.company_id = cn.id and ci.role_id = rt.id and n.id = ci.person_id and chn.id = ci.person_role_id and an.person_id = n.id and an.person_id = ci.person_id"
JOB,9b,True,True,True,True,6.0,True,"select min(an.name) as alternative_name, min(chn.name) as voiced_character, min(n.name) as voicing_actress, min(t.title) as american_movie from aka_name as an, char_name as chn, cast_info as ci, company_name as cn, movie_companies as mc, name as n, role_type as rt, title as t where ci.note = __str__ and cn.country_code =__str__ and mc.note like __str__ and (mc.note like __str__ or mc.note like __str__) and n.gender =__str__ and n.name like __str__ and rt.role =__str__ and t.production_year between __num__ and __num__ and ci.movie_id = t.id and t.id = mc.movie_id and ci.movie_id = mc.movie_id and mc.company_id = cn.id and ci.role_id = rt.id and n.id = ci.person_id and chn.id = ci.person_role_id and an.person_id = n.id and an.person_id = ci.person_id","select min(an.name) as alternative_name, min(chn.name) as voiced_character, min(n.name) as voicing_actress, min(t.title) as american_movie from aka_name as an, char_name as chn, cast_info as ci, company_name as cn, movie_companies as mc, name as n, role_type as rt, title as t where ci.note = __str__ and cn.country_code =__str__ and mc.note like __str__ and (mc.note like __str__ or mc.note like __str__) and n.gender =__str__ and n.name like __str__ and rt.role =__str__ and t.production_year between __num__ and __num__ and ci.movie_id = t.id and t.id = mc.movie_id and ci.movie_id = mc.movie_id and mc.company_id = cn.id and ci.role_id = rt.id and n.id = ci.person_id and chn.id = ci.person_role_id and an.person_id = n.id and an.person_id = ci.person_id"
JOB,9c,True,True,True,True,131.0,True,"select min(an.name) as alternative_name, min(chn.name) as voiced_character_name, min(n.name) as voicing_actress, min(t.title) as american_movie from aka_name as an, char_name as chn, cast_info as ci, company_name as cn, movie_companies as mc, name as n, role_type as rt, title as t where ci.note in (__str__, __str__, __str__, __str__) and cn.country_code =__str__ and n.gender =__str__ and n.name like __str__ and rt.role =__str__ and ci.movie_id = t.id and t.id = mc.movie_id and ci.movie_id = mc.movie_id and mc.company_id = cn.id and ci.role_id = rt.id and n.id = ci.person_id and chn.id = ci.person_role_id and an.person_id = n.id and an.person_id = ci.person_id","select min(an.name) as alternative_name, min(chn.name) as voiced_character_name, min(n.name) as voicing_actress, min(t.title) as american_movie from aka_name as an, char_name as chn, cast_info as ci, company_name as cn, movie_companies as mc, name as n, role_type as rt, title as t where ci.note in (__str__, __str__, __str__, __str__) and cn.country_code =__str__ and n.gender =__str__ and n.name like __str__ and rt.role =__str__ and ci.movie_id = t.id and t.id = mc.movie_id and ci.movie_id = mc.movie_id and mc.company_id = cn.id and ci.role_id = rt.id and n.id = ci.person_id and chn.id = ci.person_role_id and an.person_id = n.id and an.person_id = ci.person_id"
JOB,9d,True,True,True,True,5160.0,True,"select min(an.name) as alternative_name, min(chn.name) as voiced_char_name, min(n.name) as voicing_actress, min(t.title) as american_movie from aka_name as an, char_name as chn, cast_info as ci, company_name as cn, movie_companies as mc, name as n, role_type as rt, title as t where ci.note in (__str__, __str__, __str__, __str__) and cn.country_code =__str__ and n.gender =__str__ and rt.role =__str__ and ci.movie_id = t.id and t.id = mc.movie_id and ci.movie_id = mc.movie_id and mc.company_id = cn.id and ci.role_id = rt.id and n.id = ci.person_id and chn.id = ci.person_role_id and an.person_id = n.id and an.person_id = ci.person_id","select min(an.name) as alternative_name, min(chn.name) as voiced_char_name, min(n.name) as voicing_actress, min(t.title) as american_movie from aka_name as an, char_name as chn, cast_info as ci, company_name as cn, movie_companies as mc, name as n, role_type as rt, title as t where ci.note in (__str__, __str__, __str__, __str__) and cn.country_code =__str__ and n.gender =__str__ and rt.role =__str__ and ci.movie_id = t.id and t.id = mc.movie_id and ci.movie_id = mc.movie_id and mc.company_id = cn.id and ci.role_id = rt.id and n.id = ci.person_id and chn.id = ci.person_role_id and an.person_id = n.id and an.person_id = ci.person_id"
JOB-Complex,01,True,True,True,True,1.0,True,"select min(cn.name) as company_name, min(lt.link) as link_type, min(t.title) as western_follow_up from company_name as cn, company_type as ct, keyword as k, link_type as lt, movie_companies as mc, movie_info as mi, movie_keyword as mk, movie_link as ml, title as t where cn.country_code !=__str__ and (cn.name like __str__ or cn.name like __str__) and ct.kind =__str__ and k.keyword =__str__ and lt.link like __str__ and mc.note is null and mi.info in (__str__, __str__, __str__, __str__) and t.production_year between __num__ and __num__ and lt.id = ml.link_type_id and ml.movie_id = t.id and t.id = mk.movie_id and mk.keyword_id = k.id and t.id = mc.movie_id and mc.company_type_id = ct.id and mc.company_id = cn.id and ml.movie_id = mk.movie_id and mk.movie_id = mc.movie_id and ml.movie_id = mi.movie_id and mc.movie_id = mi.movie_id and cn.name_pcode_nf = cn.name_pcode_sf and mi.movie_id = t.id and ml.movie_id = mc.movie_id and mk.movie_id = mi.movie_id","select min(cn.name) as company_name, min(lt.link) as link_type, min(t.title) as western_follow_up from company_name as cn, company_type as ct, keyword as k, link_type as lt, movie_companies as mc, movie_info as mi, movie_keyword as mk, movie_link as ml, title as t where cn.country_code !=__str__ and (cn.name like __str__ or cn.name like __str__) and ct.kind =__str__ and k.keyword =__str__ and lt.link like __str__ and mc.note is null and mi.info in (__str__, __str__, __str__, __str__) and t.production_year between __num__ and __num__ and lt.id = ml.link_type_id and ml.movie_id = t.id and t.id = mk.movie_id and mk.keyword_id = k.id and t.id = mc.movie_id and mc.company_type_id = ct.id and mc.company_id = cn.id and ml.movie_id = mk.movie_id and mk.movie_id = mc.movie_id and ml.movie_id = mi.movie_id and mc.movie_id = mi.movie_id and cn.name_pcode_nf = cn.name_pcode_sf and mi.movie_id = t.id and ml.movie_id = mc.movie_id and mk.movie_id = mi.movie_id"
JOB-Complex,02,True,True,True,True,1.0,True,"select min(cn.name) as from_company, min(lt.link) as movie_link_type, min(t.title) as non_polish_sequel_movie from company_name as cn, company_type as ct, keyword as k, link_type as lt, movie_companies as mc, movie_keyword as mk, movie_link as ml, title as t where cn.country_code != __str__ and (cn.name like __str__ or cn.name like __str__) and ct.kind = __str__ and k.keyword = __str__ and lt.link like __str__ and mc.note is null and t.production_year between __num__ and __num__ and lt.id = ml.link_type_id and ml.movie_id = t.id and t.id = mk.movie_id and mk.keyword_id = k.id and t.id = mc.movie_id and mc.company_type_id = ct.id and mc.company_id = cn.id and ml.movie_id = mk.movie_id and ml.movie_id = mc.movie_id and mk.movie_id = mc.movie_id and cn.name_pcode_nf = cn.name_pcode_sf","select min(cn.name) as from_company, min(lt.link) as movie_link_type, min(t.title) as non_polish_sequel_movie from company_name as cn, company_type as ct, keyword as k, link_type as lt, movie_companies as mc, movie_keyword as mk, movie_link as ml, title as t where cn.country_code != __str__ and (cn.name like __str__ or cn.name like __str__) and ct.kind = __str__ and k.keyword = __str__ and lt.link like __str__ and mc.note is null and t.production_year between __num__ and __num__ and lt.id = ml.link_type_id and ml.movie_id = t.id and t.id = mk.movie_id and mk.keyword_id = k.id and t.id = mc.movie_id and mc.company_type_id = ct.id and mc.company_id = cn.id and ml.movie_id = mk.movie_id and ml.movie_id = mc.movie_id and mk.movie_id = mc.movie_id and cn.name_pcode_nf = cn.name_pcode_sf"
JOB-Complex,03,True,True,True,True,1.0,True,"select min(cn.name) as company_name, min(lt.link) as link_type, min(t.title) as western_follow_up from company_name as cn, company_type as ct, keyword as k, link_type as lt, movie_companies as mc, movie_info as mi, movie_keyword as mk, movie_link as ml, title as t where cn.country_code !=__str__ and (cn.name like __str__ or cn.name like __str__) and ct.kind =__str__ and k.keyword =__str__ and lt.link like __str__ and mc.note is null and mi.info in (__str__, __str__, __str__, __str__, __str__, __str__, __str__, __str__) and t.production_year between __num__ and __num__ and lt.id = ml.link_type_id and ml.movie_id = t.id and t.id = mk.movie_id and mk.keyword_id = k.id and t.id = mc.movie_id and mc.company_type_id = ct.id and mi.movie_id = t.id and ml.movie_id = mk.movie_id and ml.movie_id = mc.movie_id and ml.movie_id = mi.movie_id and mk.movie_id = mi.movie_id and mc.movie_id = mi.movie_id and cn.name_pcode_sf = cn.name_pcode_nf and mk.movie_id = mc.movie_id and mc.company_id = cn.id","select min(cn.name) as company_name, min(lt.link) as link_type, min(t.title) as western_follow_up from company_name as cn, company_type as ct, keyword as k, link_type as lt, movie_companies as mc, movie_info as mi, movie_keyword as mk, movie_link as ml, title as t where cn.country_code !=__str__ and (cn.name like __str__ or cn.name like __str__) and ct.kind =__str__ and k.keyword =__str__ and lt.link like __str__ and mc.note is null and mi.info in (__str__, __str__, __str__, __str__, __str__, __str__, __str__, __str__) and t.production_year between __num__ and __num__ and lt.id = ml.link_type_id and ml.movie_id = t.id and t.id = mk.movie_id and mk.keyword_id = k.id and t.id = mc.movie_id and mc.company_type_id = ct.id and mi.movie_id = t.id and ml.movie_id = mk.movie_id and ml.movie_id = mc.movie_id and ml.movie_id = mi.movie_id and mk.movie_id = mi.movie_id and mc.movie_id = mi.movie_id and cn.name_pcode_sf = cn.name_pcode_nf and mk.movie_id = mc.movie_id and mc.company_id = cn.id"
JOB-Complex,04,True,True,True,True,1.0,True,"select min(cn.name) as company_name, min(lt.link) as link_type, min(t.title) as western_follow_up from company_name as cn, company_type as ct, keyword as k, link_type as lt, movie_companies as mc, movie_info as mi, movie_keyword as mk, movie_link as ml, title as t where cn.country_code !=__str__ and (cn.name like __str__ or cn.name like __str__) and ct.kind =__str__ and k.keyword =__str__ and lt.link like __str__ and mc.note is null and mi.info in (__str__, __str__, __str__, __str__, __str__, __str__, __str__, __str__) and t.production_year between __num__ and __num__ and lt.id = ml.link_type_id and ml.movie_id = t.id and t.id = mk.movie_id and mk.keyword_id = k.id and t.id = mc.movie_id and mc.company_type_id = ct.id and mc.company_id = cn.id and mi.movie_id = t.id and ml.movie_id = mk.movie_id and ml.movie_id = mc.movie_id and mk.movie_id = mc.movie_id and ml.movie_id = mi.movie_id and mk.movie_id = mi.movie_id and mc.movie_id = mi.movie_id and cn.name_pcode_nf = cn.name_pcode_sf","select min(cn.name) as company_name, min(lt.link) as link_type, min(t.title) as western_follow_up from company_name as cn, company_type as ct, keyword as k, link_type as lt, movie_companies as mc, movie_info as mi, movie_keyword as mk, movie_link as ml, title as t where cn.country_code !=__str__ and (cn.name like __str__ or cn.name like __str__) and ct.kind =__str__ and k.keyword =__str__ and lt.link like __str__ and mc.note is null and mi.info in (__str__, __str__, __str__, __str__, __str__, __str__, __str__, __str__) and t.production_year between __num__ and __num__ and lt.id = ml.link_type_id and ml.movie_id = t.id and t.id = mk.movie_id and mk.keyword_id = k.id and t.id = mc.movie_id and mc.company_type_id = ct.id and mc.company_id = cn.id and mi.movie_id = t.id and ml.movie_id = mk.movie_id and ml.movie_id = mc.movie_id and mk.movie_id = mc.movie_id and ml.movie_id = mi.movie_id and mk.movie_id = mi.movie_id and mc.movie_id = mi.movie_id and cn.name_pcode_nf = cn.name_pcode_sf"
JOB-Complex,05,True,True,True,True,896.0,True,"select min(cn.name) as movie_company, min(mi_idx.info) as rating, min(t.title) as complete_euro_dark_movie from complete_cast as cc, comp_cast_type as cct1, comp_cast_type as cct2, company_name as cn, company_type as ct, info_type as it1, info_type as it2, keyword as k, kind_type as kt, movie_companies as mc, movie_info as mi, movie_info_idx as mi_idx, movie_keyword as mk, title as t, aka_title as at, cast_info as ci where cct1.kind = __str__ and cct2.kind != __str__ and cn.country_code != __str__ and it1.info = __str__ and it2.info = __str__ and k.keyword in (__str__, __str__, __str__, __str__) and kt.kind in (__str__, __str__) and mc.note not like __str__ and mc.note like __str__ and mi.info in (__str__, __str__, __str__) and mi_idx.info >= __str__ and t.production_year > __num__ and kt.id = t.kind_id and t.id = mi.movie_id and t.id = mk.movie_id and t.id = mi_idx.movie_id and t.id = mc.movie_id and t.id = cc.movie_id and mk.movie_id = mi.movie_id and mk.movie_id = mi_idx.movie_id and mk.movie_id = mc.movie_id and mk.movie_id = cc.movie_id and mi.movie_id = mi_idx.movie_id and mi.movie_id = mc.movie_id and mi.movie_id = cc.movie_id and mc.movie_id = mi_idx.movie_id and mc.movie_id = cc.movie_id and mi_idx.movie_id = cc.movie_id and k.id = mk.keyword_id and it1.id = mi.info_type_id and it2.id = mi_idx.info_type_id and ct.id = mc.company_type_id and cn.id = mc.company_id and cct1.id = cc.subject_id and cct2.id = cc.status_id and ci.nr_order = cc.status_id and at.imdb_index = t.imdb_index and ci.movie_id = t.id and ci.movie_id = mi.movie_id","select min(cn.name) as movie_company, min(mi_idx.info) as rating, min(t.title) as complete_euro_dark_movie from complete_cast as cc, comp_cast_type as cct1, comp_cast_type as cct2, company_name as cn, company_type as ct, info_type as it1, info_type as it2, keyword as k, kind_type as kt, movie_companies as mc, movie_info as mi, movie_info_idx as mi_idx, movie_keyword as mk, title as t, aka_title as at, cast_info as ci where cct1.kind = __str__ and cct2.kind != __str__ and cn.country_code != __str__ and it1.info = __str__ and it2.info = __str__ and k.keyword in (__str__, __str__, __str__, __str__) and kt.kind in (__str__, __str__) and mc.note not like __str__ and mc.note like __str__ and mi.info in (__str__, __str__, __str__) and mi_idx.info >= __str__ and t.production_year > __num__ and kt.id = t.kind_id and t.id = mi.movie_id and t.id = mk.movie_id and t.id = mi_idx.movie_id and t.id = mc.movie_id and t.id = cc.movie_id and mk.movie_id = mi.movie_id and mk.movie_id = mi_idx.movie_id and mk.movie_id = mc.movie_id and mk.movie_id = cc.movie_id and mi.movie_id = mi_idx.movie_id and mi.movie_id = mc.movie_id and mi.movie_id = cc.movie_id and mc.movie_id = mi_idx.movie_id and mc.movie_id = cc.movie_id and mi_idx.movie_id = cc.movie_id and k.id = mk.keyword_id and it1.id = mi.info_type_id and it2.id = mi_idx.info_type_id and ct.id = mc.company_type_id and cn.id = mc.company_id and cct1.id = cc.subject_id and cct2.id = cc.status_id and ci.nr_order = cc.status_id and at.imdb_index = t.imdb_index and ci.movie_id = t.id and ci.movie_id = mi.movie_id"
JOB-Complex,06,True,True,True,True,1.0,True,"select min(cn.name) as company_name, min(lt.link) as link_type, min(t.title) as german_follow_up from company_name as cn, company_type as ct, keyword as k, link_type as lt, movie_companies as mc, movie_info as mi, movie_keyword as mk, movie_link as ml, title as t where cn.country_code !=__str__ and (cn.name like __str__ or cn.name like __str__) and ct.kind =__str__ and k.keyword =__str__ and lt.link like __str__ and mc.note is null and mi.info in (__str__, __str__) and t.production_year between __num__ and __num__ and lt.id = ml.link_type_id and ml.movie_id = t.id and t.id = mk.movie_id and mk.keyword_id = k.id and t.id = mc.movie_id and mc.company_type_id = ct.id and mc.company_id = cn.id and mi.movie_id = t.id and ml.movie_id = mk.movie_id and ml.movie_id = mc.movie_id and mk.movie_id = mc.movie_id and ml.movie_id = mi.movie_id and mk.movie_id = mi.movie_id and mc.movie_id = mi.movie_id and cn.name_pcode_nf = cn.name_pcode_sf","select min(cn.name) as company_name, min(lt.link) as link_type, min(t.title) as german_follow_up from company_name as cn, company_type as ct, keyword as k, link_type as lt, movie_companies as mc, movie_info as mi, movie_keyword as mk, movie_link as ml, title as t where cn.country_code !=__str__ and (cn.name like __str__ or cn.name like __str__) and ct.kind =__str__ and k.keyword =__str__ and lt.link like __str__ and mc.note is null and mi.info in (__str__, __str__) and t.production_year between __num__ and __num__ and lt.id = ml.link_type_id and ml.movie_id = t.id and t.id = mk.movie_id and mk.keyword_id = k.id and t.id = mc.movie_id and mc.company_type_id = ct.id and mc.company_id = cn.id and mi.movie_id = t.id and ml.movie_id = mk.movie_id and ml.movie_id = mc.movie_id and mk.movie_id = mc.movie_id and ml.movie_id = mi.movie_id and mk.movie_id = mi.movie_id and mc.movie_id = mi.movie_id and cn.name_pcode_nf = cn.name_pcode_sf"
JOB-Complex,07,True,True,True,True,1.0,True,"select min(cn.name) as company_name, min(lt.link) as link_type, min(t.title) as german_follow_up from company_name as cn, company_type as ct, keyword as k, link_type as lt, movie_companies as mc, movie_info as mi, movie_keyword as mk, movie_link as ml, title as t where cn.country_code !=__str__ and (cn.name like __str__ or cn.name like __str__) and ct.kind =__str__ and k.keyword =__str__ and lt.link like __str__ and mc.note is null and mi.info in (__str__, __str__) and t.production_year between __num__ and __num__ and lt.id = ml.link_type_id and ml.movie_id = t.id and t.id = mk.movie_id and mk.keyword_id = k.id and t.id = mc.movie_id and mc.company_type_id = ct.id and mc.company_id = cn.id and mi.movie_id = t.id and ml.movie_id = mk.movie_id and ml.movie_id = mc.movie_id and mk.movie_id = mc.movie_id and ml.movie_id = mi.movie_id and mk.movie_id = mi.movie_id and mc.movie_id = mi.movie_id and cn.name_pcode_sf = cn.name_pcode_nf","select min(cn.name) as company_name, min(lt.link) as link_type, min(t.title) as german_follow_up from company_name as cn, company_type as ct, keyword as k, link_type as lt, movie_companies as mc, movie_info as mi, movie_keyword as mk, movie_link as ml, title as t where cn.country_code !=__str__ and (cn.name like __str__ or cn.name like __str__) and ct.kind =__str__ and k.keyword =__str__ and lt.link like __str__ and mc.note is null and mi.info in (__str__, __str__) and t.production_year between __num__ and __num__ and lt.id = ml.link_type_id and ml.movie_id = t.id and t.id = mk.movie_id and mk.keyword_id = k.id and t.id = mc.movie_id and mc.company_type_id = ct.id and mc.company_id = cn.id and mi.movie_id = t.id and ml.movie_id = mk.movie_id and ml.movie_id = mc.movie_id and mk.movie_id = mc.movie_id and ml.movie_id = mi.movie_id and mk.movie_id = mi.movie_id and mc.movie_id = mi.movie_id and cn.name_pcode_sf = cn.name_pcode_nf"
JOB-Complex,08,True,True,True,True,74.0,True,"select min(mi.info) as movie_budget, min(mi_idx.info) as movie_votes, min(n.name) as writer, min(t.title) as complete_gore_movie from complete_cast as cc, comp_cast_type as cct1, comp_cast_type as cct2, cast_info as ci, info_type as it1, info_type as it2, keyword as k, movie_info as mi, movie_info_idx as mi_idx, movie_keyword as mk, name as n, title as t, char_name as c where cct1.kind in (__str__, __str__) and cct2.kind =__str__ and ci.note in (__str__, __str__, __str__, __str__, __str__) and it1.info = __str__ and it2.info = __str__ and k.keyword in (__str__, __str__, __str__, __str__, __str__, __str__, __str__) and mi.info in (__str__, __str__) and n.gender = __str__ and t.production_year > __num__ and (t.title like __str__ or t.title like __str__ or t.title like __str__) and t.id = mi.movie_id and t.id = mi_idx.movie_id and t.id = ci.movie_id and t.id = mk.movie_id and t.id = cc.movie_id and ci.movie_id = mi.movie_id and ci.movie_id = mi_idx.movie_id and ci.movie_id = mk.movie_id and ci.movie_id = cc.movie_id and mi.movie_id = mi_idx.movie_id and mi.movie_id = mk.movie_id and mi.movie_id = cc.movie_id and mi_idx.movie_id = mk.movie_id and mi_idx.movie_id = cc.movie_id and mk.movie_id = cc.movie_id and n.id = ci.person_id and it1.id = mi.info_type_id and it2.id = mi_idx.info_type_id and k.id = mk.keyword_id and cct1.id = cc.subject_id and cct2.id = cc.status_id and c.name_pcode_nf = n.name_pcode_nf and c.surname_pcode = n.surname_pcode","select min(mi.info) as movie_budget, min(mi_idx.info) as movie_votes, min(n.name) as writer, min(t.title) as complete_gore_movie from complete_cast as cc, comp_cast_type as cct1, comp_cast_type as cct2, cast_info as ci, info_type as it1, info_type as it2, keyword as k, movie_info as mi, movie_info_idx as mi_idx, movie_keyword as mk, name as n, title as t, char_name as c where cct1.kind in (__str__, __str__) and cct2.kind =__str__ and ci.note in (__str__, __str__, __str__, __str__, __str__) and it1.info = __str__ and it2.info = __str__ and k.keyword in (__str__, __str__, __str__, __str__, __str__, __str__, __str__) and mi.info in (__str__, __str__) and n.gender = __str__ and t.production_year > __num__ and (t.title like __str__ or t.title like __str__ or t.title like __str__) and t.id = mi.movie_id and t.id = mi_idx.movie_id and t.id = ci.movie_id and t.id = mk.movie_id and t.id = cc.movie_id and ci.movie_id = mi.movie_id and ci.movie_id = mi_idx.movie_id and ci.movie_id = mk.movie_id and ci.movie_id = cc.movie_id and mi.movie_id = mi_idx.movie_id and mi.movie_id = mk.movie_id and mi.movie_id = cc.movie_id and mi_idx.movie_id = mk.movie_id and mi_idx.movie_id = cc.movie_id and mk.movie_id = cc.movie_id and n.id = ci.person_id and it1.id = mi.info_type_id and it2.id = mi_idx.info_type_id and k.id = mk.keyword_id and cct1.id = cc.subject_id and cct2.id = cc.status_id and c.name_pcode_nf = n.name_pcode_nf and c.surname_pcode = n.surname_pcode"
JOB-Complex,09,True,True,True,True,57.0,True,"select min(cn.name) as movie_company, min(mi_idx.info) as rating, min(t.title) as complete_euro_dark_movie from complete_cast as cc, comp_cast_type as cct1, comp_cast_type as cct2, company_name as cn, company_type as ct, info_type as it1, info_type as it2, keyword as k, kind_type as kt, movie_companies as mc, movie_info as mi, movie_info_idx as mi_idx, movie_keyword as mk, title as t where cct1.kind = __str__ and cct2.kind != __str__ and cn.country_code != __str__ and it1.info = __str__ and it2.info = __str__ and k.keyword in (__str__, __str__, __str__, __str__) and kt.kind in (__str__, __str__) and mc.note not like __str__ and mc.note like __str__ and mi.info in (__str__, __str__, __str__, __str__, __str__, __str__, __str__, __str__, __str__, __str__) and mi_idx.info < __str__ and t.production_year > __num__ and kt.id = t.kind_id and t.id = mi.movie_id and t.id = mk.movie_id and t.id = mi_idx.movie_id and t.id = mc.movie_id and t.id = cc.movie_id and mk.movie_id = mi.movie_id and mk.movie_id = mi_idx.movie_id and mk.movie_id = mc.movie_id and mk.movie_id = cc.movie_id and mi.movie_id = mi_idx.movie_id and mi.movie_id = mc.movie_id and mi.movie_id = cc.movie_id and mc.movie_id = mi_idx.movie_id and mc.movie_id = cc.movie_id and mi_idx.movie_id = cc.movie_id and k.id = mk.keyword_id and it1.id = mi.info_type_id and it2.id = mi_idx.info_type_id and ct.id = mc.company_type_id and cn.id = mc.company_id and cct1.id = cc.subject_id and cct2.id = cc.status_id and cn.name_pcode_sf = cn.name_pcode_nf and cc.subject_id = cct1.id and cc.status_id = cct2.id","select min(cn.name) as movie_company, min(mi_idx.info) as rating, min(t.title) as complete_euro_dark_movie from complete_cast as cc, comp_cast_type as cct1, comp_cast_type as cct2, company_name as cn, company_type as ct, info_type as it1, info_type as it2, keyword as k, kind_type as kt, movie_companies as mc, movie_info as mi, movie_info_idx as mi_idx, movie_keyword as mk, title as t where cct1.kind = __str__ and cct2.kind != __str__ and cn.country_code != __str__ and it1.info = __str__ and it2.info = __str__ and k.keyword in (__str__, __str__, __str__, __str__) and kt.kind in (__str__, __str__) and mc.note not like __str__ and mc.note like __str__ and mi.info in (__str__, __str__, __str__, __str__, __str__, __str__, __str__, __str__, __str__, __str__) and mi_idx.info < __str__ and t.production_year > __num__ and kt.id = t.kind_id and t.id = mi.movie_id and t.id = mk.movie_id and t.id = mi_idx.movie_id and t.id = mc.movie_id and t.id = cc.movie_id and mk.movie_id = mi.movie_id and mk.movie_id = mi_idx.movie_id and mk.movie_id = mc.movie_id and mk.movie_id = cc.movie_id and mi.movie_id = mi_idx.movie_id and mi.movie_id = mc.movie_id and mi.movie_id = cc.movie_id and mc.movie_id = mi_idx.movie_id and mc.movie_id = cc.movie_id and mi_idx.movie_id = cc.movie_id and k.id = mk.keyword_id and it1.id = mi.info_type_id and it2.id = mi_idx.info_type_id and ct.id = mc.company_type_id and cn.id = mc.company_id and cct1.id = cc.subject_id and cct2.id = cc.status_id and cn.name_pcode_sf = cn.name_pcode_nf and cc.subject_id = cct1.id and cc.status_id = cct2.id"
JOB-Complex,10,True,True,True,True,22.0,True,"select min(mi.info) as movie_budget, min(mi_idx.info) as movie_votes, min(t.title) as movie_title from cast_info as ci, info_type as it1, info_type as it2, movie_info as mi, movie_info_idx as mi_idx, name as n, title as t, company_name as cn where ci.note in (__str__, __str__) and it1.info = __str__ and it2.info = __str__ and n.gender = __str__ and n.name like __str__ and t.id = mi.movie_id and t.id = mi_idx.movie_id and t.id = ci.movie_id and ci.movie_id = mi.movie_id and ci.movie_id = mi_idx.movie_id and mi.movie_id = mi_idx.movie_id and n.id = ci.person_id and it1.id = mi.info_type_id and it2.id = mi_idx.info_type_id and cn.name_pcode_nf = n.surname_pcode and cn.name_pcode_sf = n.surname_pcode","select min(mi.info) as movie_budget, min(mi_idx.info) as movie_votes, min(t.title) as movie_title from cast_info as ci, info_type as it1, info_type as it2, movie_info as mi, movie_info_idx as mi_idx, name as n, title as t, company_name as cn where ci.note in (__str__, __str__) and it1.info = __str__ and it2.info = __str__ and n.gender = __str__ and n.name like __str__ and t.id = mi.movie_id and t.id = mi_idx.movie_id and t.id = ci.movie_id and ci.movie_id = mi.movie_id and ci.movie_id = mi_idx.movie_id and mi.movie_id = mi_idx.movie_id and n.id = ci.person_id and it1.id = mi.info_type_id and it2.id = mi_idx.info_type_id and cn.name_pcode_nf = n.surname_pcode and cn.name_pcode_sf = n.surname_pcode"
JOB-Complex,11,True,True,True,True,41904.0,True,"select min(chn.name) as character_name, min(mi_idx.info) as rating, min(t.title) as complete_hero_movie from complete_cast as cc, comp_cast_type as cct1, comp_cast_type as cct2, char_name as chn, cast_info as ci, info_type as it2, keyword as k, kind_type as kt, movie_info_idx as mi_idx, movie_keyword as mk, name as n, title as t, aka_name as akn, aka_title as akt where cct1.kind = __str__ and cct2.kind like __str__ and chn.name is not null and (chn.name like __str__ or chn.name like __str__) and it2.info = __str__ and k.keyword in (__str__, __str__, __str__, __str__, __str__, __str__, __str__, __str__, __str__, __str__) and kt.kind = __str__ and t.production_year > __num__ and kt.id = t.kind_id and t.id = mk.movie_id and t.id = ci.movie_id and t.id = cc.movie_id and t.id = mi_idx.movie_id and mk.movie_id = ci.movie_id and mk.movie_id = cc.movie_id and mk.movie_id = mi_idx.movie_id and ci.movie_id = cc.movie_id and ci.movie_id = mi_idx.movie_id and cc.movie_id = mi_idx.movie_id and chn.id = ci.person_role_id and n.id = ci.person_id and k.id = mk.keyword_id and cct1.id = cc.subject_id and cct2.id = cc.status_id and it2.id = mi_idx.info_type_id and akn.imdb_index = akt.imdb_index and ci.nr_order = cc.status_id and akt.imdb_index = t.imdb_index","select min(chn.name) as character_name, min(mi_idx.info) as rating, min(t.title) as complete_hero_movie from complete_cast as cc, comp_cast_type as cct1, comp_cast_type as cct2, char_name as chn, cast_info as ci, info_type as it2, keyword as k, kind_type as kt, movie_info_idx as mi_idx, movie_keyword as mk, name as n, title as t, aka_name as akn, aka_title as akt where cct1.kind = __str__ and cct2.kind like __str__ and chn.name is not null and (chn.name like __str__ or chn.name like __str__) and it2.info = __str__ and k.keyword in (__str__, __str__, __str__, __str__, __str__, __str__, __str__, __str__, __str__, __str__) and kt.kind = __str__ and t.production_year > __num__ and kt.id = t.kind_id and t.id = mk.movie_id and t.id = ci.movie_id and t.id = cc.movie_id and t.id = mi_idx.movie_id and mk.movie_id = ci.movie_id and mk.movie_id = cc.movie_id and mk.movie_id = mi_idx.movie_id and ci.movie_id = cc.movie_id and ci.movie_id = mi_idx.movie_id and cc.movie_id = mi_idx.movie_id and chn.id = ci.person_role_id and n.id = ci.person_id and k.id = mk.keyword_id and cct1.id = cc.subject_id and cct2.id = cc.status_id and it2.id = mi_idx.info_type_id and akn.imdb_index = akt.imdb_index and ci.nr_order = cc.status_id and akt.imdb_index = t.imdb_index"
JOB-Complex,12,True,True,True,True,11.0,True,"select min(chn.name) as character_name, min(mi_idx.info) as rating, min(t.title) as complete_hero_movie from complete_cast as cc, comp_cast_type as cct1, comp_cast_type as cct2, char_name as chn, cast_info as ci, info_type as it2, keyword as k, kind_type as kt, movie_info_idx as mi_idx, movie_keyword as mk, name as n, title as t, aka_name as ak, company_name as cn where cct1.kind = __str__ and cct2.kind like __str__ and chn.name is not null and (chn.name like __str__ or chn.name like __str__) and it2.info = __str__ and k.keyword in (__str__, __str__, __str__, __str__, __str__, __str__, __str__, __str__, __str__, __str__) and kt.kind = __str__ and t.production_year >= __num__ and kt.id = t.kind_id and t.id = mk.movie_id and t.id = ci.movie_id and t.id = cc.movie_id and t.id = mi_idx.movie_id and mk.movie_id = ci.movie_id and mk.movie_id = cc.movie_id and mk.movie_id = mi_idx.movie_id and ci.movie_id = cc.movie_id and ci.movie_id = mi_idx.movie_id and cc.movie_id = mi_idx.movie_id and chn.id = ci.person_role_id and n.id = ci.person_id and k.id = mk.keyword_id and cct1.id = cc.subject_id and cct2.id = cc.status_id and it2.id = mi_idx.info_type_id and ak.name_pcode_cf = n.name_pcode_cf and ak.name_pcode_nf = chn.name_pcode_nf and cn.name_pcode_sf = n.name_pcode_nf and cn.name_pcode_nf = n.name_pcode_nf","select min(chn.name) as character_name, min(mi_idx.info) as rating, min(t.title) as complete_hero_movie from complete_cast as cc, comp_cast_type as cct1, comp_cast_type as cct2, char_name as chn, cast_info as ci, info_type as it2, keyword as k, kind_type as kt, movie_info_idx as mi_idx, movie_keyword as mk, name as n, title as t, aka_name as ak, company_name as cn where cct1.kind = __str__ and cct2.kind like __str__ and chn.name is not null and (chn.name like __str__ or chn.name like __str__) and it2.info = __str__ and k.keyword in (__str__, __str__, __str__, __str__, __str__, __str__, __str__, __str__, __str__, __str__) and kt.kind = __str__ and t.production_year >= __num__ and kt.id = t.kind_id and t.id = mk.movie_id and t.id = ci.movie_id and t.id = cc.movie_id and t.id = mi_idx.movie_id and mk.movie_id = ci.movie_id and mk.movie_id = cc.movie_id and mk.movie_id = mi_idx.movie_id and ci.movie_id = cc.movie_id and ci.movie_id = mi_idx.movie_id and cc.movie_id = mi_idx.movie_id and chn.id = ci.person_role_id and n.id = ci.person_id and k.id = mk.keyword_id and cct1.id = cc.subject_id and cct2.id = cc.status_id and it2.id = mi_idx.info_type_id and ak.name_pcode_cf = n.name_pcode_cf and ak.name_pcode_nf = chn.name_pcode_nf and cn.name_pcode_sf = n.name_pcode_nf and cn.name_pcode_nf = n.name_pcode_nf"
JOB-Complex,13,True,True,True,True,723.0,True,"select min(cn.name) as movie_company, min(mi_idx.info) as rating, min(t.title) as western_violent_movie from company_name as cn, company_type as ct, info_type as it1, info_type as it2, keyword as k, kind_type as kt, movie_companies as mc, movie_info as mi, movie_info_idx as mi_idx, movie_keyword as mk, title as t, aka_title as at, aka_name as an where cn.country_code != __str__ and it1.info = __str__ and it2.info = __str__ and k.keyword in (__str__, __str__, __str__, __str__) and kt.kind in (__str__, __str__) and mc.note not like __str__ and mc.note like __str__ and mi.info in (__str__, __str__, __str__, __str__, __str__, __str__, __str__, __str__, __str__, __str__) and mi_idx.info < __str__ and t.production_year > __num__ and kt.id = t.kind_id and t.id = mi.movie_id and t.id = mk.movie_id and t.id = mi_idx.movie_id and t.id = mc.movie_id and t.imdb_index = at.imdb_index and at.movie_id = mc.movie_id and an.imdb_index = t.imdb_index and an.imdb_index = at.imdb_index and mk.movie_id = mi.movie_id and mk.movie_id = mi_idx.movie_id and mk.movie_id = mc.movie_id and mi.movie_id = mi_idx.movie_id and mi.movie_id = mc.movie_id and mc.movie_id = mi_idx.movie_id and k.id = mk.keyword_id and it1.id = mi.info_type_id and it2.id = mi_idx.info_type_id and ct.id = mc.company_type_id and cn.id = mc.company_id","select min(cn.name) as movie_company, min(mi_idx.info) as rating, min(t.title) as western_violent_movie from company_name as cn, company_type as ct, info_type as it1, info_type as it2, keyword as k, kind_type as kt, movie_companies as mc, movie_info as mi, movie_info_idx as mi_idx, movie_keyword as mk, title as t, aka_title as at, aka_name as an where cn.country_code != __str__ and it1.info = __str__ and it2.info = __str__ and k.keyword in (__str__, __str__, __str__, __str__) and kt.kind in (__str__, __str__) and mc.note not like __str__ and mc.note like __str__ and mi.info in (__str__, __str__, __str__, __str__, __str__, __str__, __str__, __str__, __str__, __str__) and mi_idx.info < __str__ and t.production_year > __num__ and kt.id = t.kind_id and t.id = mi.movie_id and t.id = mk.movie_id and t.id = mi_idx.movie_id and t.id = mc.movie_id and t.imdb_index = at.imdb_index and at.movie_id = mc.movie_id and an.imdb_index = t.imdb_index and an.imdb_index = at.imdb_index and mk.movie_id = mi.movie_id and mk.movie_id = mi_idx.movie_id and mk.movie_id = mc.movie_id and mi.movie_id = mi_idx.movie_id and mi.movie_id = mc.movie_id and mc.movie_id = mi_idx.movie_id and k.id = mk.keyword_id and it1.id = mi.info_type_id and it2.id = mi_idx.info_type_id and ct.id = mc.company_type_id and cn.id = mc.company_id"
JOB-Complex,14,True,True,True,True,440.0,True,"select min(k.keyword) as movie_keyword, min(n.name) as actor_name, min(t.title) as marvel_movie from cast_info as ci, keyword as k, movie_keyword as mk, name as n, title as t, aka_name as ak, company_name as cn where k.keyword = __str__ and n.name like __str__ and t.production_year > __num__ and k.id = mk.keyword_id and t.id = mk.movie_id and t.id = ci.movie_id and ci.movie_id = mk.movie_id and n.id = ci.person_id and ak.name_pcode_cf = n.name_pcode_cf and ak.name_pcode_nf = cn.name_pcode_nf and ak.name_pcode_nf = cn.name_pcode_sf and ak.surname_pcode = n.surname_pcode","select min(k.keyword) as movie_keyword, min(n.name) as actor_name, min(t.title) as marvel_movie from cast_info as ci, keyword as k, movie_keyword as mk, name as n, title as t, aka_name as ak, company_name as cn where k.keyword = __str__ and n.name like __str__ and t.production_year > __num__ and k.id = mk.keyword_id and t.id = mk.movie_id and t.id = ci.movie_id and ci.movie_id = mk.movie_id and n.id = ci.person_id and ak.name_pcode_cf = n.name_pcode_cf and ak.name_pcode_nf = cn.name_pcode_nf and ak.name_pcode_nf = cn.name_pcode_sf and ak.surname_pcode = n.surname_pcode"
JOB-Complex,15,True,True,True,True,120906.0,True,"select min(at.title) as aka_title, min(t.title) as internet_movie_title from aka_title as at, company_name as cn, company_type as ct, info_type as it1, keyword as k, movie_companies as mc, movie_info as mi, movie_keyword as mk, title as t where cn.country_code = __str__ and it1.info = __str__ and mi.note like __str__ and t.production_year > __num__ and t.id = at.movie_id and t.id = mi.movie_id and t.id = mk.movie_id and t.id = mc.movie_id and mk.movie_id = mi.movie_id and mk.movie_id = mc.movie_id and mk.movie_id = at.movie_id and mi.movie_id = mc.movie_id and mi.movie_id = at.movie_id and mc.movie_id = at.movie_id and k.id = mk.keyword_id and it1.id = mi.info_type_id and cn.id = mc.company_id and ct.id = mc.company_type_id and cn.name_pcode_nf = k.phonetic_code and cn.name_pcode_sf = k.phonetic_code","select min(at.title) as aka_title, min(t.title) as internet_movie_title from aka_title as at, company_name as cn, company_type as ct, info_type as it1, keyword as k, movie_companies as mc, movie_info as mi, movie_keyword as mk, title as t where cn.country_code = __str__ and it1.info = __str__ and mi.note like __str__ and t.production_year > __num__ and t.id = at.movie_id and t.id = mi.movie_id and t.id = mk.movie_id and t.id = mc.movie_id and mk.movie_id = mi.movie_id and mk.movie_id = mc.movie_id and mk.movie_id = at.movie_id and mi.movie_id = mc.movie_id and mi.movie_id = at.movie_id and mc.movie_id = at.movie_id and k.id = mk.keyword_id and it1.id = mi.info_type_id and cn.id = mc.company_id and ct.id = mc.company_type_id and cn.name_pcode_nf = k.phonetic_code and cn.name_pcode_sf = k.phonetic_code"
JOB-Complex,16,True,True,True,True,5.0,True,"select min(mi.info) as movie_budget, min(mi_idx.info) as movie_votes, min(t.title) as movie_title from cast_info as ci, info_type as it1, info_type as it2, movie_info as mi, movie_info_idx as mi_idx, name as n, title as t where ci.note in (__str__, __str__) and it1.info = __str__ and it2.info = __str__ and n.gender = __str__ and n.name like __str__ and t.id = mi.movie_id and t.id = mi_idx.movie_id and t.id = ci.movie_id and ci.movie_id = mi.movie_id and ci.movie_id = mi_idx.movie_id and mi.movie_id = mi_idx.movie_id and n.id = ci.person_id and it1.id = mi.info_type_id and it2.id = mi_idx.info_type_id","select min(mi.info) as movie_budget, min(mi_idx.info) as movie_votes, min(t.title) as movie_title from cast_info as ci, info_type as it1, info_type as it2, movie_info as mi, movie_info_idx as mi_idx, name as n, title as t where ci.note in (__str__, __str__) and it1.info = __str__ and it2.info = __str__ and n.gender = __str__ and n.name like __str__ and t.id = mi.movie_id and t.id = mi_idx.movie_id and t.id = ci.movie_id and ci.movie_id = mi.movie_id and ci.movie_id = mi_idx.movie_id and mi.movie_id = mi_idx.movie_id and n.id = ci.person_id and it1.id = mi.info_type_id and it2.id = mi_idx.info_type_id"
JOB-Complex,17,True,True,True,True,78954.0,True,"select min(cn.name) as movie_company, min(mi_idx.info) as rating, min(t.title) as western_violent_movie from company_name as cn, company_type as ct, info_type as it1, info_type as it2, keyword as k, kind_type as kt, movie_companies as mc, movie_info as mi, movie_info_idx as mi_idx, movie_keyword as mk, title as t, aka_name as ak, char_name as ch, name as n where cn.country_code != __str__ and it1.info = __str__ and it2.info = __str__ and k.keyword in (__str__, __str__, __str__, __str__) and kt.kind in (__str__, __str__) and mc.note not like __str__ and mc.note like __str__ and mi.info in (__str__, __str__, __str__, __str__) and mi_idx.info < __str__ and t.production_year > __num__ and kt.id = t.kind_id and t.id = mi.movie_id and t.id = mk.movie_id and t.id = mi_idx.movie_id and t.id = mc.movie_id and mk.movie_id = mi.movie_id and mk.movie_id = mi_idx.movie_id and mk.movie_id = mc.movie_id and mi.movie_id = mi_idx.movie_id and mi.movie_id = mc.movie_id and mc.movie_id = mi_idx.movie_id and k.id = mk.keyword_id and it1.id = mi.info_type_id and it2.id = mi_idx.info_type_id and ct.id = mc.company_type_id and cn.id = mc.company_id and ak.imdb_index = n.imdb_index and n.imdb_index = t.imdb_index and ch.name = n.name","select min(cn.name) as movie_company, min(mi_idx.info) as rating, min(t.title) as western_violent_movie from company_name as cn, company_type as ct, info_type as it1, info_type as it2, keyword as k, kind_type as kt, movie_companies as mc, movie_info as mi, movie_info_idx as mi_idx, movie_keyword as mk, title as t, aka_name as ak, char_name as ch, name as n where cn.country_code != __str__ and it1.info = __str__ and it2.info = __str__ and k.keyword in (__str__, __str__, __str__, __str__) and kt.kind in (__str__, __str__) and mc.note not like __str__ and mc.note like __str__ and mi.info in (__str__, __str__, __str__, __str__) and mi_idx.info < __str__ and t.production_year > __num__ and kt.id = t.kind_id and t.id = mi.movie_id and t.id = mk.movie_id and t.id = mi_idx.movie_id and t.id = mc.movie_id and mk.movie_id = mi.movie_id and mk.movie_id = mi_idx.movie_id and mk.movie_id = mc.movie_id and mi.movie_id = mi_idx.movie_id and mi.movie_id = mc.movie_id and mc.movie_id = mi_idx.movie_id and k.id = mk.keyword_id and it1.id = mi.info_type_id and it2.id = mi_idx.info_type_id and ct.id = mc.company_type_id and cn.id = mc.company_id and ak.imdb_index = n.imdb_index and n.imdb_index = t.imdb_index and ch.name = n.name"
JOB-Complex,18,True,True,True,True,3.0,True,"select min(mi.info) as release_date, min(t.title) as modern_american_internet_movie from aka_title as at, company_name as cn, company_type as ct, info_type as it1, keyword as k, movie_companies as mc, movie_info as mi, movie_keyword as mk, title as t where cn.country_code = __str__ and it1.info = __str__ and mi.note like __str__ and mi.info is not null and (mi.info like __str__ or mi.info like __str__) and t.production_year > __num__ and t.id = at.movie_id and t.id = mi.movie_id and t.id = mk.movie_id and t.id = mc.movie_id and mk.movie_id = mi.movie_id and mk.movie_id = mc.movie_id and mk.movie_id = at.movie_id and mi.movie_id = mc.movie_id and mi.movie_id = at.movie_id and mc.movie_id = at.movie_id and k.id = mk.keyword_id and it1.id = mi.info_type_id and cn.id = mc.company_id and ct.id = mc.company_type_id and cn.name_pcode_nf = cn.name_pcode_sf","select min(mi.info) as release_date, min(t.title) as modern_american_internet_movie from aka_title as at, company_name as cn, company_type as ct, info_type as it1, keyword as k, movie_companies as mc, movie_info as mi, movie_keyword as mk, title as t where cn.country_code = __str__ and it1.info = __str__ and mi.note like __str__ and mi.info is not null and (mi.info like __str__ or mi.info like __str__) and t.production_year > __num__ and t.id = at.movie_id and t.id = mi.movie_id and t.id = mk.movie_id and t.id = mc.movie_id and mk.movie_id = mi.movie_id and mk.movie_id = mc.movie_id and mk.movie_id = at.movie_id and mi.movie_id = mc.movie_id and mi.movie_id = at.movie_id and mc.movie_id = at.movie_id and k.id = mk.keyword_id and it1.id = mi.info_type_id and cn.id = mc.company_id and ct.id = mc.company_type_id and cn.name_pcode_nf = cn.name_pcode_sf"
JOB-Complex,19,True,True,True,True,7023.0,True,"select min(mi.info) as movie_budget, min(mi_idx.info) as movie_votes, min(n.name) as writer, min(t.title) as violent_liongate_movie from cast_info as ci, company_name as cn, info_type as it1, info_type as it2, keyword as k, movie_companies as mc, movie_info as mi, movie_info_idx as mi_idx, movie_keyword as mk, name as n, title as t, char_name as c, aka_name as ak where ci.note in (__str__, __str__, __str__, __str__, __str__) and cn.name like __str__ and it1.info = __str__ and it2.info = __str__ and k.keyword in (__str__, __str__, __str__, __str__, __str__, __str__, __str__) and mi.info in (__str__, __str__) and n.gender = __str__ and t.id = mi.movie_id and t.id = mi_idx.movie_id and t.id = ci.movie_id and t.id = mk.movie_id and t.id = mc.movie_id and ci.movie_id = mi.movie_id and ci.movie_id = mi_idx.movie_id and ci.movie_id = mk.movie_id and ci.movie_id = mc.movie_id and mi.movie_id = mi_idx.movie_id and mi.movie_id = mk.movie_id and mi.movie_id = mc.movie_id and mi_idx.movie_id = mk.movie_id and mi_idx.movie_id = mc.movie_id and mk.movie_id = mc.movie_id and n.id = ci.person_id and it1.id = mi.info_type_id and it2.id = mi_idx.info_type_id and k.id = mk.keyword_id and cn.id = mc.company_id and ak.name_pcode_nf = cn.name_pcode_nf and ak.name_pcode_cf = n.name_pcode_cf and c.name_pcode_nf = ak.name_pcode_nf","select min(mi.info) as movie_budget, min(mi_idx.info) as movie_votes, min(n.name) as writer, min(t.title) as violent_liongate_movie from cast_info as ci, company_name as cn, info_type as it1, info_type as it2, keyword as k, movie_companies as mc, movie_info as mi, movie_info_idx as mi_idx, movie_keyword as mk, name as n, title as t, char_name as c, aka_name as ak where ci.note in (__str__, __str__, __str__, __str__, __str__) and cn.name like __str__ and it1.info = __str__ and it2.info = __str__ and k.keyword in (__str__, __str__, __str__, __str__, __str__, __str__, __str__) and mi.info in (__str__, __str__) and n.gender = __str__ and t.id = mi.movie_id and t.id = mi_idx.movie_id and t.id = ci.movie_id and t.id = mk.movie_id and t.id = mc.movie_id and ci.movie_id = mi.movie_id and ci.movie_id = mi_idx.movie_id and ci.movie_id = mk.movie_id and ci.movie_id = mc.movie_id and mi.movie_id = mi_idx.movie_id and mi.movie_id = mk.movie_id and mi.movie_id = mc.movie_id and mi_idx.movie_id = mk.movie_id and mi_idx.movie_id = mc.movie_id and mk.movie_id = mc.movie_id and n.id = ci.person_id and it1.id = mi.info_type_id and it2.id = mi_idx.info_type_id and k.id = mk.keyword_id and cn.id = mc.company_id and ak.name_pcode_nf = cn.name_pcode_nf and ak.name_pcode_cf = n.name_pcode_cf and c.name_pcode_nf = ak.name_pcode_nf"
JOB-Complex,20,True,True,True,True,5.0,True,"select min(cn.name) as movie_company, min(mi_idx.info) as rating, min(t.title) as complete_euro_dark_movie from complete_cast as cc, comp_cast_type as cct1, comp_cast_type as cct2, company_name as cn, company_type as ct, info_type as it1, info_type as it2, keyword as k, kind_type as kt, movie_companies as mc, movie_info as mi, movie_info_idx as mi_idx, movie_keyword as mk, title as t, cast_info as ci where cct1.kind = __str__ and cct2.kind = __str__ and cn.country_code != __str__ and it1.info = __str__ and it2.info = __str__ and k.keyword in (__str__, __str__, __str__, __str__) and kt.kind in (__str__, __str__) and mc.note not like __str__ and mc.note like __str__ and mi.info in (__str__, __str__, __str__, __str__, __str__, __str__, __str__, __str__) and mi_idx.info < __str__ and t.production_year > __num__ and kt.id = t.kind_id and t.id = mi.movie_id and t.id = mk.movie_id and t.id = mi_idx.movie_id and t.id = mc.movie_id and t.id = cc.movie_id and mk.movie_id = mi.movie_id and mk.movie_id = mi_idx.movie_id and mk.movie_id = mc.movie_id and mk.movie_id = cc.movie_id and mi.movie_id = mi_idx.movie_id and mi.movie_id = mc.movie_id and mi.movie_id = cc.movie_id and mc.movie_id = mi_idx.movie_id and mc.movie_id = cc.movie_id and mi_idx.movie_id = cc.movie_id and k.id = mk.keyword_id and it1.id = mi.info_type_id and it2.id = mi_idx.info_type_id and ct.id = mc.company_type_id and cn.id = mc.company_id and cct1.id = cc.subject_id and cct2.id = cc.status_id and cc.subject_id = t.episode_nr and ci.movie_id = t.id and ci.nr_order = cc.subject_id","select min(cn.name) as movie_company, min(mi_idx.info) as rating, min(t.title) as complete_euro_dark_movie from complete_cast as cc, comp_cast_type as cct1, comp_cast_type as cct2, company_name as cn, company_type as ct, info_type as it1, info_type as it2, keyword as k, kind_type as kt, movie_companies as mc, movie_info as mi, movie_info_idx as mi_idx, movie_keyword as mk, title as t, cast_info as ci where cct1.kind = __str__ and cct2.kind = __str__ and cn.country_code != __str__ and it1.info = __str__ and it2.info = __str__ and k.keyword in (__str__, __str__, __str__, __str__) and kt.kind in (__str__, __str__) and mc.note not like __str__ and mc.note like __str__ and mi.info in (__str__, __str__, __str__, __str__, __str__, __str__, __str__, __str__) and mi_idx.info < __str__ and t.production_year > __num__ and kt.id = t.kind_id and t.id = mi.movie_id and t.id = mk.movie_id and t.id = mi_idx.movie_id and t.id = mc.movie_id and t.id = cc.movie_id and mk.movie_id = mi.movie_id and mk.movie_id = mi_idx.movie_id and mk.movie_id = mc.movie_id and mk.movie_id = cc.movie_id and mi.movie_id = mi_idx.movie_id and mi.movie_id = mc.movie_id and mi.movie_id = cc.movie_id and mc.movie_id = mi_idx.movie_id and mc.movie_id = cc.movie_id and mi_idx.movie_id = cc.movie_id and k.id = mk.keyword_id and it1.id = mi.info_type_id and it2.id = mi_idx.info_type_id and ct.id = mc.company_type_id and cn.id = mc.company_id and cct1.id = cc.subject_id and cct2.id = cc.status_id and cc.subject_id = t.episode_nr and ci.movie_id = t.id and ci.nr_order = cc.subject_id"
JOB-Complex,21,True,True,True,True,713.0,True,"select min(mi.info) as movie_budget, min(mi_idx.info) as movie_votes, min(n.name) as writer, min(t.title) as violent_liongate_movie from cast_info as ci, company_name as cn, info_type as it1, info_type as it2, keyword as k, movie_companies as mc, movie_info as mi, movie_info_idx as mi_idx, movie_keyword as mk, name as n, title as t, char_name as c where ci.note in (__str__, __str__, __str__, __str__, __str__) and cn.name like __str__ and it1.info = __str__ and it2.info = __str__ and k.keyword in (__str__, __str__, __str__, __str__, __str__, __str__, __str__) and mi.info in (__str__, __str__) and n.gender = __str__ and t.id = mi.movie_id and t.id = mi_idx.movie_id and t.id = ci.movie_id and t.id = mk.movie_id and t.id = mc.movie_id and ci.movie_id = mi.movie_id and ci.movie_id = mi_idx.movie_id and ci.movie_id = mk.movie_id and ci.movie_id = mc.movie_id and mi.movie_id = mi_idx.movie_id and mi.movie_id = mk.movie_id and mi.movie_id = mc.movie_id and mi_idx.movie_id = mk.movie_id and mi_idx.movie_id = mc.movie_id and mk.movie_id = mc.movie_id and n.id = ci.person_id and it1.id = mi.info_type_id and it2.id = mi_idx.info_type_id and k.id = mk.keyword_id and cn.id = mc.company_id and c.name_pcode_nf = n.name_pcode_nf and c.surname_pcode = n.name_pcode_cf","select min(mi.info) as movie_budget, min(mi_idx.info) as movie_votes, min(n.name) as writer, min(t.title) as violent_liongate_movie from cast_info as ci, company_name as cn, info_type as it1, info_type as it2, keyword as k, movie_companies as mc, movie_info as mi, movie_info_idx as mi_idx, movie_keyword as mk, name as n, title as t, char_name as c where ci.note in (__str__, __str__, __str__, __str__, __str__) and cn.name like __str__ and it1.info = __str__ and it2.info = __str__ and k.keyword in (__str__, __str__, __str__, __str__, __str__, __str__, __str__) and mi.info in (__str__, __str__) and n.gender = __str__ and t.id = mi.movie_id and t.id = mi_idx.movie_id and t.id = ci.movie_id and t.id = mk.movie_id and t.id = mc.movie_id and ci.movie_id = mi.movie_id and ci.movie_id = mi_idx.movie_id and ci.movie_id = mk.movie_id and ci.movie_id = mc.movie_id and mi.movie_id = mi_idx.movie_id and mi.movie_id = mk.movie_id and mi.movie_id = mc.movie_id and mi_idx.movie_id = mk.movie_id and mi_idx.movie_id = mc.movie_id and mk.movie_id = mc.movie_id and n.id = ci.person_id and it1.id = mi.info_type_id and it2.id = mi_idx.info_type_id and k.id = mk.keyword_id and cn.id = mc.company_id and c.name_pcode_nf = n.name_pcode_nf and c.surname_pcode = n.name_pcode_cf"
JOB-Complex,22,True,True,True,True,56297.0,True,"select min(k.keyword) as movie_keyword, min(n.name) as actor_name, min(t.title) as hero_movie from cast_info as ci, keyword as k, movie_keyword as mk, name as n, title as t, char_name as cn where k.keyword in (__str__, __str__, __str__, __str__, __str__, __str__, __str__, __str__) and n.name like __str__ and t.production_year > __num__ and k.id = mk.keyword_id and t.id = mk.movie_id and t.id = ci.movie_id and ci.movie_id = mk.movie_id and n.id = ci.person_id and cn.name_pcode_nf = n.name_pcode_nf and cn.surname_pcode = n.surname_pcode","select min(k.keyword) as movie_keyword, min(n.name) as actor_name, min(t.title) as hero_movie from cast_info as ci, keyword as k, movie_keyword as mk, name as n, title as t, char_name as cn where k.keyword in (__str__, __str__, __str__, __str__, __str__, __str__, __str__, __str__) and n.name like __str__ and t.production_year > __num__ and k.id = mk.keyword_id and t.id = mk.movie_id and t.id = ci.movie_id and ci.movie_id = mk.movie_id and n.id = ci.person_id and cn.name_pcode_nf = n.name_pcode_nf and cn.surname_pcode = n.surname_pcode"
JOB-Complex,23,True,True,True,True,69.0,True,"select min(chn.name) as character_name, min(mi_idx.info) as rating, min(t.title) as complete_hero_movie from complete_cast as cc, comp_cast_type as cct1, comp_cast_type as cct2, char_name as chn, cast_info as ci, info_type as it2, keyword as k, kind_type as kt, movie_info_idx as mi_idx, movie_keyword as mk, name as n, title as t, aka_name as ak where cct1.kind = __str__ and cct2.kind like __str__ and chn.name is not null and (chn.name like __str__ or chn.name like __str__) and it2.info = __str__ and k.keyword in (__str__, __str__, __str__, __str__, __str__, __str__, __str__, __str__, __str__, __str__) and kt.kind = __str__ and t.production_year > __num__ and kt.id = t.kind_id and t.id = mk.movie_id and t.id = ci.movie_id and t.id = cc.movie_id and t.id = mi_idx.movie_id and mk.movie_id = ci.movie_id and mk.movie_id = cc.movie_id and mk.movie_id = mi_idx.movie_id and ci.movie_id = cc.movie_id and ci.movie_id = mi_idx.movie_id and cc.movie_id = mi_idx.movie_id and chn.id = ci.person_role_id and n.id = ci.person_id and k.id = mk.keyword_id and cct1.id = cc.subject_id and cct2.id = cc.status_id and it2.id = mi_idx.info_type_id and ak.name_pcode_nf = chn.surname_pcode and ak.name_pcode_cf = n.name_pcode_nf","select min(chn.name) as character_name, min(mi_idx.info) as rating, min(t.title) as complete_hero_movie from complete_cast as cc, comp_cast_type as cct1, comp_cast_type as cct2, char_name as chn, cast_info as ci, info_type as it2, keyword as k, kind_type as kt, movie_info_idx as mi_idx, movie_keyword as mk, name as n, title as t, aka_name as ak where cct1.kind = __str__ and cct2.kind like __str__ and chn.name is not null and (chn.name like __str__ or chn.name like __str__) and it2.info = __str__ and k.keyword in (__str__, __str__, __str__, __str__, __str__, __str__, __str__, __str__, __str__, __str__) and kt.kind = __str__ and t.production_year > __num__ and kt.id = t.kind_id and t.id = mk.movie_id and t.id = ci.movie_id and t.id = cc.movie_id and t.id = mi_idx.movie_id and mk.movie_id = ci.movie_id and mk.movie_id = cc.movie_id and mk.movie_id = mi_idx.movie_id and ci.movie_id = cc.movie_id and ci.movie_id = mi_idx.movie_id and cc.movie_id = mi_idx.movie_id and chn.id = ci.person_role_id and n.id = ci.person_id and k.id = mk.keyword_id and cct1.id = cc.subject_id and cct2.id = cc.status_id and it2.id = mi_idx.info_type_id and ak.name_pcode_nf = chn.surname_pcode and ak.name_pcode_cf = n.name_pcode_nf"
JOB-Complex,24,True,True,True,True,50.0,True,"select min(n.name) as member_in_charnamed_movie from cast_info as ci, company_name as cn, keyword as k, movie_companies as mc, movie_keyword as mk, name as n, title as t, char_name as cn2, aka_name as ak where k.keyword =__str__ and n.name like __str__ and n.id = ci.person_id and ci.movie_id = t.id and t.id = mk.movie_id and mk.keyword_id = k.id and t.id = mc.movie_id and mc.company_id = cn.id and ci.movie_id = mc.movie_id and ci.movie_id = mk.movie_id and mc.movie_id = mk.movie_id and ak.name_pcode_cf = cn2.name_pcode_nf and ak.name_pcode_nf = n.name_pcode_cf and ak.name_pcode_nf = cn2.surname_pcode and ak.name_pcode_cf = cn.name_pcode_sf","select min(n.name) as member_in_charnamed_movie from cast_info as ci, company_name as cn, keyword as k, movie_companies as mc, movie_keyword as mk, name as n, title as t, char_name as cn2, aka_name as ak where k.keyword =__str__ and n.name like __str__ and n.id = ci.person_id and ci.movie_id = t.id and t.id = mk.movie_id and mk.keyword_id = k.id and t.id = mc.movie_id and mc.company_id = cn.id and ci.movie_id = mc.movie_id and ci.movie_id = mk.movie_id and mc.movie_id = mk.movie_id and ak.name_pcode_cf = cn2.name_pcode_nf and ak.name_pcode_nf = n.name_pcode_cf and ak.name_pcode_nf = cn2.surname_pcode and ak.name_pcode_cf = cn.name_pcode_sf"
JOB-Complex,25,True,True,True,True,5.0,True,"select min(chn.name) as character_name, min(mi_idx.info) as rating, min(t.title) as complete_hero_movie from complete_cast as cc, comp_cast_type as cct1, comp_cast_type as cct2, char_name as chn, cast_info as ci, info_type as it2, keyword as k, kind_type as kt, movie_info_idx as mi_idx, movie_keyword as mk, name as n, title as t, aka_name as ak, company_name as cn where cct1.kind = __str__ and cct2.kind like __str__ and chn.name is not null and (chn.name like __str__ or chn.name like __str__) and it2.info = __str__ and k.keyword in (__str__, __str__, __str__, __str__, __str__, __str__, __str__, __str__, __str__, __str__) and kt.kind = __str__ and t.production_year > __num__ and kt.id = t.kind_id and t.id = mk.movie_id and t.id = ci.movie_id and t.id = cc.movie_id and t.id = mi_idx.movie_id and mk.movie_id = ci.movie_id and mk.movie_id = cc.movie_id and mk.movie_id = mi_idx.movie_id and ci.movie_id = cc.movie_id and ci.movie_id = mi_idx.movie_id and cc.movie_id = mi_idx.movie_id and chn.id = ci.person_role_id and n.id = ci.person_id and k.id = mk.keyword_id and cct1.id = cc.subject_id and cct2.id = cc.status_id and it2.id = mi_idx.info_type_id and ak.name_pcode_nf = chn.name_pcode_nf and ak.surname_pcode = cn.name_pcode_sf and chn.surname_pcode = cn.name_pcode_sf","select min(chn.name) as character_name, min(mi_idx.info) as rating, min(t.title) as complete_hero_movie from complete_cast as cc, comp_cast_type as cct1, comp_cast_type as cct2, char_name as chn, cast_info as ci, info_type as it2, keyword as k, kind_type as kt, movie_info_idx as mi_idx, movie_keyword as mk, name as n, title as t, aka_name as ak, company_name as cn where cct1.kind = __str__ and cct2.kind like __str__ and chn.name is not null and (chn.name like __str__ or chn.name like __str__) and it2.info = __str__ and k.keyword in (__str__, __str__, __str__, __str__, __str__, __str__, __str__, __str__, __str__, __str__) and kt.kind = __str__ and t.production_year > __num__ and kt.id = t.kind_id and t.id = mk.movie_id and t.id = ci.movie_id and t.id = cc.movie_id and t.id = mi_idx.movie_id and mk.movie_id = ci.movie_id and mk.movie_id = cc.movie_id and mk.movie_id = mi_idx.movie_id and ci.movie_id = cc.movie_id and ci.movie_id = mi_idx.movie_id and cc.movie_id = mi_idx.movie_id and chn.id = ci.person_role_id and n.id = ci.person_id and k.id = mk.keyword_id and cct1.id = cc.subject_id and cct2.id = cc.status_id and it2.id = mi_idx.info_type_id and ak.name_pcode_nf = chn.name_pcode_nf and ak.surname_pcode = cn.name_pcode_sf and chn.surname_pcode = cn.name_pcode_sf"
JOB-Complex,26,True,True,True,True,1793.0,True,"select min(mi.info) as release_date, min(miidx.info) as rating, min(t.title) as german_movie from company_name as cn, company_type as ct, info_type as it, info_type as it2, kind_type as kt, movie_companies as mc, movie_info as mi, movie_info_idx as miidx, title as t where cn.country_code =__str__ and ct.kind =__str__ and it.info =__str__ and it2.info =__str__ and kt.kind =__str__ and mi.movie_id = t.id and it2.id = mi.info_type_id and kt.id = t.kind_id and mc.movie_id = t.id and cn.id = mc.company_id and ct.id = mc.company_type_id and miidx.movie_id = t.id and it.id = miidx.info_type_id and mi.movie_id = miidx.movie_id and mi.movie_id = mc.movie_id and miidx.movie_id = mc.movie_id and cn.name_pcode_nf = cn.name_pcode_sf and mi.movie_id = miidx.movie_id","select min(mi.info) as release_date, min(miidx.info) as rating, min(t.title) as german_movie from company_name as cn, company_type as ct, info_type as it, info_type as it2, kind_type as kt, movie_companies as mc, movie_info as mi, movie_info_idx as miidx, title as t where cn.country_code =__str__ and ct.kind =__str__ and it.info =__str__ and it2.info =__str__ and kt.kind =__str__ and mi.movie_id = t.id and it2.id = mi.info_type_id and kt.id = t.kind_id and mc.movie_id = t.id and cn.id = mc.company_id and ct.id = mc.company_type_id and miidx.movie_id = t.id and it.id = miidx.info_type_id and mi.movie_id = miidx.movie_id and mi.movie_id = mc.movie_id and miidx.movie_id = mc.movie_id and cn.name_pcode_nf = cn.name_pcode_sf and mi.movie_id = miidx.movie_id"
JOB-Complex,27,True,True,True,True,2.0,True,"select min(n.name) as member_in_charnamed_american_movie, min(n.name) as a1 from cast_info as ci, company_name as cn, keyword as k, movie_companies as mc, movie_keyword as mk, name as n, title as t where cn.country_code =__str__ and k.keyword =__str__ and n.name like __str__ and n.id = ci.person_id and ci.movie_id = t.id and t.id = mk.movie_id and mk.keyword_id = k.id and t.id = mc.movie_id and mc.company_id = cn.id and ci.movie_id = mc.movie_id and ci.movie_id = mk.movie_id and mc.movie_id = mk.movie_id and cn.name_pcode_sf = n.name_pcode_nf and cn.name_pcode_nf = n.name_pcode_nf","select min(n.name) as member_in_charnamed_american_movie, min(n.name) as a1 from cast_info as ci, company_name as cn, keyword as k, movie_companies as mc, movie_keyword as mk, name as n, title as t where cn.country_code =__str__ and k.keyword =__str__ and n.name like __str__ and n.id = ci.person_id and ci.movie_id = t.id and t.id = mk.movie_id and mk.keyword_id = k.id and t.id = mc.movie_id and mc.company_id = cn.id and ci.movie_id = mc.movie_id and ci.movie_id = mk.movie_id and mc.movie_id = mk.movie_id and cn.name_pcode_sf = n.name_pcode_nf and cn.name_pcode_nf = n.name_pcode_nf"
JOB-Complex,28,True,True,True,True,3.0,True,"select min(kt.kind) as movie_kind, min(t.title) as complete_us_internet_movie from complete_cast as cc, comp_cast_type as cct1, company_name as cn, company_type as ct, info_type as it1, keyword as k, kind_type as kt, movie_companies as mc, movie_info as mi, movie_keyword as mk, title as t where cct1.kind = __str__ and cn.country_code = __str__ and it1.info = __str__ and kt.kind in (__str__) and mi.note like __str__ and mi.info is not null and (mi.info like __str__ or mi.info like __str__) and t.production_year > __num__ and kt.id = t.kind_id and t.id = mi.movie_id and t.id = mk.movie_id and t.id = mc.movie_id and t.id = cc.movie_id and mk.movie_id = mi.movie_id and mk.movie_id = mc.movie_id and mk.movie_id = cc.movie_id and mi.movie_id = mc.movie_id and mi.movie_id = cc.movie_id and mc.movie_id = cc.movie_id and k.id = mk.keyword_id and it1.id = mi.info_type_id and cn.id = mc.company_id and ct.id = mc.company_type_id and cct1.id = cc.status_id and cn.name_pcode_nf = cn.name_pcode_sf","select min(kt.kind) as movie_kind, min(t.title) as complete_us_internet_movie from complete_cast as cc, comp_cast_type as cct1, company_name as cn, company_type as ct, info_type as it1, keyword as k, kind_type as kt, movie_companies as mc, movie_info as mi, movie_keyword as mk, title as t where cct1.kind = __str__ and cn.country_code = __str__ and it1.info = __str__ and kt.kind in (__str__) and mi.note like __str__ and mi.info is not null and (mi.info like __str__ or mi.info like __str__) and t.production_year > __num__ and kt.id = t.kind_id and t.id = mi.movie_id and t.id = mk.movie_id and t.id = mc.movie_id and t.id = cc.movie_id and mk.movie_id = mi.movie_id and mk.movie_id = mc.movie_id and mk.movie_id = cc.movie_id and mi.movie_id = mc.movie_id and mi.movie_id = cc.movie_id and mc.movie_id = cc.movie_id and k.id = mk.keyword_id and it1.id = mi.info_type_id and cn.id = mc.company_id and ct.id = mc.company_type_id and cct1.id = cc.status_id and cn.name_pcode_nf = cn.name_pcode_sf"
JOB-Complex,29,True,True,True,True,1.0,True,"select min(chn.name) as character_name, min(mi_idx.info) as rating, min(n.name) as playing_actor, min(t.title) as complete_hero_movie from complete_cast as cc, comp_cast_type as cct1, comp_cast_type as cct2, char_name as chn, cast_info as ci, info_type as it2, keyword as k, kind_type as kt, movie_info_idx as mi_idx, movie_keyword as mk, name as n, title as t, aka_name as ak where cct1.kind = __str__ and cct2.kind like __str__ and chn.name is not null and (chn.name like __str__ or chn.name like __str__) and it2.info = __str__ and k.keyword in (__str__, __str__, __str__, __str__, __str__, __str__, __str__, __str__, __str__, __str__) and kt.kind = __str__ and mi_idx.info > __str__ and t.production_year > __num__ and kt.id = t.kind_id and t.id = mk.movie_id and t.id = ci.movie_id and t.id = cc.movie_id and t.id = mi_idx.movie_id and mk.movie_id = ci.movie_id and mk.movie_id = cc.movie_id and mk.movie_id = mi_idx.movie_id and ci.movie_id = cc.movie_id and ci.movie_id = mi_idx.movie_id and cc.movie_id = mi_idx.movie_id and chn.id = ci.person_role_id and n.id = ci.person_id and k.id = mk.keyword_id and cct1.id = cc.subject_id and cct2.id = cc.status_id and it2.id = mi_idx.info_type_id and chn.surname_pcode = ak.surname_pcode and chn.name_pcode_nf = ak.name_pcode_nf and ak.name_pcode_cf = n.name_pcode_cf and chn.name_pcode_nf = n.name_pcode_nf","select min(chn.name) as character_name, min(mi_idx.info) as rating, min(n.name) as playing_actor, min(t.title) as complete_hero_movie from complete_cast as cc, comp_cast_type as cct1, comp_cast_type as cct2, char_name as chn, cast_info as ci, info_type as it2, keyword as k, kind_type as kt, movie_info_idx as mi_idx, movie_keyword as mk, name as n, title as t, aka_name as ak where cct1.kind = __str__ and cct2.kind like __str__ and chn.name is not null and (chn.name like __str__ or chn.name like __str__) and it2.info = __str__ and k.keyword in (__str__, __str__, __str__, __str__, __str__, __str__, __str__, __str__, __str__, __str__) and kt.kind = __str__ and mi_idx.info > __str__ and t.production_year > __num__ and kt.id = t.kind_id and t.id = mk.movie_id and t.id = ci.movie_id and t.id = cc.movie_id and t.id = mi_idx.movie_id and mk.movie_id = ci.movie_id and mk.movie_id = cc.movie_id and mk.movie_id = mi_idx.movie_id and ci.movie_id = cc.movie_id and ci.movie_id = mi_idx.movie_id and cc.movie_id = mi_idx.movie_id and chn.id = ci.person_role_id and n.id = ci.person_id and k.id = mk.keyword_id and cct1.id = cc.subject_id and cct2.id = cc.status_id and it2.id = mi_idx.info_type_id and chn.surname_pcode = ak.surname_pcode and chn.name_pcode_nf = ak.name_pcode_nf and ak.name_pcode_cf = n.name_pcode_cf and chn.name_pcode_nf = n.name_pcode_nf"
JOB-Complex,30,True,True,True,True,2.0,True,"select min(n.name) as member_in_charnamed_american_movie, min(n.name) as a1 from cast_info as ci, company_name as cn, keyword as k, movie_companies as mc, movie_keyword as mk, name as n, title as t where cn.country_code =__str__ and k.keyword =__str__ and n.name like __str__ and n.id = ci.person_id and ci.movie_id = t.id and t.id = mk.movie_id and mk.keyword_id = k.id and t.id = mc.movie_id and mc.company_id = cn.id and ci.movie_id = mc.movie_id and ci.movie_id = mk.movie_id and mc.movie_id = mk.movie_id and n.name_pcode_nf = cn.name_pcode_nf and n.name_pcode_nf = cn.name_pcode_sf","select min(n.name) as member_in_charnamed_american_movie, min(n.name) as a1 from cast_info as ci, company_name as cn, keyword as k, movie_companies as mc, movie_keyword as mk, name as n, title as t where cn.country_code =__str__ and k.keyword =__str__ and n.name like __str__ and n.id = ci.person_id and ci.movie_id = t.id and t.id = mk.movie_id and mk.keyword_id = k.id and t.id = mc.movie_id and mc.company_id = cn.id and ci.movie_id = mc.movie_id and ci.movie_id = mk.movie_id and mc.movie_id = mk.movie_id and n.name_pcode_nf = cn.name_pcode_nf and n.name_pcode_nf = cn.name_pcode_sf"
