estimator,workload,query_id,table,alias,predicate_count,actual,estimate,q_error,bias,actual_zero,canonicalized_duplicate_in,count_sql,explain_sql,source_sql_path
duckdb,job_exact,1a,company_type,ct,1,1,1,1.0,exact,False,False,"SELECT COUNT(*) FROM ""company_type"" AS ct WHERE (ct.kind = 'production companies')","SELECT * FROM ""company_type"" AS ct WHERE (ct.kind = 'production companies')",C:\Users\vanya\Documents\DATA_SYS_LAB\test44\final_benchmarks\test42_100k_exportpatch\queries\job_exact\1a.sql
postgres,job_exact,1a,company_type,ct,1,1,1,1.0,exact,False,False,"SELECT COUNT(*) FROM ""company_type"" AS ct WHERE (ct.kind = 'production companies')","SELECT * FROM ""company_type"" AS ct WHERE (ct.kind = 'production companies')",C:\Users\vanya\Documents\DATA_SYS_LAB\test44\final_benchmarks\test42_100k_exportpatch\queries\job_exact\1a.sql
duckdb,job_exact,1a,info_type,it,1,1,2,2.0,over,False,False,"SELECT COUNT(*) FROM ""info_type"" AS it WHERE (it.info = 'rating')","SELECT * FROM ""info_type"" AS it WHERE (it.info = 'rating')",C:\Users\vanya\Documents\DATA_SYS_LAB\test44\final_benchmarks\test42_100k_exportpatch\queries\job_exact\1a.sql
postgres,job_exact,1a,info_type,it,1,1,1,1.0,exact,False,False,"SELECT COUNT(*) FROM ""info_type"" AS it WHERE (it.info = 'rating')","SELECT * FROM ""info_type"" AS it WHERE (it.info = 'rating')",C:\Users\vanya\Documents\DATA_SYS_LAB\test44\final_benchmarks\test42_100k_exportpatch\queries\job_exact\1a.sql
duckdb,job_exact,1a,movie_companies,mc,2,87934,89517,1.0180021379671116,over,False,False,"SELECT COUNT(*) FROM ""movie_companies"" AS mc WHERE (mc.note not like '%(as Metro-Goldwyn-Mayer Pictures)%') AND (mc.note like '%(co-production)%'
       OR mc.note like '%(co-production)%')","SELECT * FROM ""movie_companies"" AS mc WHERE (mc.note not like '%(as Metro-Goldwyn-Mayer Pictures)%') AND (mc.note like '%(co-production)%'
       OR mc.note like '%(co-production)%')",C:\Users\vanya\Documents\DATA_SYS_LAB\test44\final_benchmarks\test42_100k_exportpatch\queries\job_exact\1a.sql
postgres,job_exact,1a,movie_companies,mc,2,87934,50824,1.7301668503069416,under,False,False,"SELECT COUNT(*) FROM ""movie_companies"" AS mc WHERE (mc.note not like '%(as Metro-Goldwyn-Mayer Pictures)%') AND (mc.note like '%(co-production)%'
       OR mc.note like '%(co-production)%')","SELECT * FROM ""movie_companies"" AS mc WHERE (mc.note not like '%(as Metro-Goldwyn-Mayer Pictures)%') AND (mc.note like '%(co-production)%'
       OR mc.note like '%(co-production)%')",C:\Users\vanya\Documents\DATA_SYS_LAB\test44\final_benchmarks\test42_100k_exportpatch\queries\job_exact\1a.sql
duckdb,job_exact,1b,company_type,ct,1,1,1,1.0,exact,False,False,"SELECT COUNT(*) FROM ""company_type"" AS ct WHERE (ct.kind = 'production companies')","SELECT * FROM ""company_type"" AS ct WHERE (ct.kind = 'production companies')",C:\Users\vanya\Documents\DATA_SYS_LAB\test44\final_benchmarks\test42_100k_exportpatch\queries\job_exact\1b.sql
postgres,job_exact,1b,company_type,ct,1,1,1,1.0,exact,False,False,"SELECT COUNT(*) FROM ""company_type"" AS ct WHERE (ct.kind = 'production companies')","SELECT * FROM ""company_type"" AS ct WHERE (ct.kind = 'production companies')",C:\Users\vanya\Documents\DATA_SYS_LAB\test44\final_benchmarks\test42_100k_exportpatch\queries\job_exact\1b.sql
duckdb,job_exact,1b,info_type,it,1,1,2,2.0,over,False,False,"SELECT COUNT(*) FROM ""info_type"" AS it WHERE (it.info = 'rating')","SELECT * FROM ""info_type"" AS it WHERE (it.info = 'rating')",C:\Users\vanya\Documents\DATA_SYS_LAB\test44\final_benchmarks\test42_100k_exportpatch\queries\job_exact\1b.sql
postgres,job_exact,1b,info_type,it,1,1,1,1.0,exact,False,False,"SELECT COUNT(*) FROM ""info_type"" AS it WHERE (it.info = 'rating')","SELECT * FROM ""info_type"" AS it WHERE (it.info = 'rating')",C:\Users\vanya\Documents\DATA_SYS_LAB\test44\final_benchmarks\test42_100k_exportpatch\queries\job_exact\1b.sql
duckdb,job_exact,1b,movie_companies,mc,1,257870,89517,2.8806818816537643,under,False,False,"SELECT COUNT(*) FROM ""movie_companies"" AS mc WHERE (mc.note not like '%(as Metro-Goldwyn-Mayer Pictures)%')","SELECT * FROM ""movie_companies"" AS mc WHERE (mc.note not like '%(as Metro-Goldwyn-Mayer Pictures)%')",C:\Users\vanya\Documents\DATA_SYS_LAB\test44\final_benchmarks\test42_100k_exportpatch\queries\job_exact\1b.sql
postgres,job_exact,1b,movie_companies,mc,1,257870,258893,1.0039671152130918,over,False,False,"SELECT COUNT(*) FROM ""movie_companies"" AS mc WHERE (mc.note not like '%(as Metro-Goldwyn-Mayer Pictures)%')","SELECT * FROM ""movie_companies"" AS mc WHERE (mc.note not like '%(as Metro-Goldwyn-Mayer Pictures)%')",C:\Users\vanya\Documents\DATA_SYS_LAB\test44\final_benchmarks\test42_100k_exportpatch\queries\job_exact\1b.sql
duckdb,job_exact,1c,company_type,ct,1,1,1,1.0,exact,False,False,"SELECT COUNT(*) FROM ""company_type"" AS ct WHERE (ct.kind = 'production companies')","SELECT * FROM ""company_type"" AS ct WHERE (ct.kind = 'production companies')",C:\Users\vanya\Documents\DATA_SYS_LAB\test44\final_benchmarks\test42_100k_exportpatch\queries\job_exact\1c.sql
postgres,job_exact,1c,company_type,ct,1,1,1,1.0,exact,False,False,"SELECT COUNT(*) FROM ""company_type"" AS ct WHERE (ct.kind = 'production companies')","SELECT * FROM ""company_type"" AS ct WHERE (ct.kind = 'production companies')",C:\Users\vanya\Documents\DATA_SYS_LAB\test44\final_benchmarks\test42_100k_exportpatch\queries\job_exact\1c.sql
duckdb,job_exact,1c,info_type,it,1,1,2,2.0,over,False,False,"SELECT COUNT(*) FROM ""info_type"" AS it WHERE (it.info = 'rating')","SELECT * FROM ""info_type"" AS it WHERE (it.info = 'rating')",C:\Users\vanya\Documents\DATA_SYS_LAB\test44\final_benchmarks\test42_100k_exportpatch\queries\job_exact\1c.sql
postgres,job_exact,1c,info_type,it,1,1,1,1.0,exact,False,False,"SELECT COUNT(*) FROM ""info_type"" AS it WHERE (it.info = 'rating')","SELECT * FROM ""info_type"" AS it WHERE (it.info = 'rating')",C:\Users\vanya\Documents\DATA_SYS_LAB\test44\final_benchmarks\test42_100k_exportpatch\queries\job_exact\1c.sql
duckdb,job_exact,1c,movie_companies,mc,2,87934,89517,1.0180021379671116,over,False,False,"SELECT COUNT(*) FROM ""movie_companies"" AS mc WHERE (mc.note not like '%(as Metro-Goldwyn-Mayer Pictures)%') AND (mc.note like '%(co-production)%')","SELECT * FROM ""movie_companies"" AS mc WHERE (mc.note not like '%(as Metro-Goldwyn-Mayer Pictures)%') AND (mc.note like '%(co-production)%')",C:\Users\vanya\Documents\DATA_SYS_LAB\test44\final_benchmarks\test42_100k_exportpatch\queries\job_exact\1c.sql
postgres,job_exact,1c,movie_companies,mc,2,87934,50824,1.7301668503069416,under,False,False,"SELECT COUNT(*) FROM ""movie_companies"" AS mc WHERE (mc.note not like '%(as Metro-Goldwyn-Mayer Pictures)%') AND (mc.note like '%(co-production)%')","SELECT * FROM ""movie_companies"" AS mc WHERE (mc.note not like '%(as Metro-Goldwyn-Mayer Pictures)%') AND (mc.note like '%(co-production)%')",C:\Users\vanya\Documents\DATA_SYS_LAB\test44\final_benchmarks\test42_100k_exportpatch\queries\job_exact\1c.sql
duckdb,job_exact,1c,title,t,1,251455,50291,5.0,under,False,False,"SELECT COUNT(*) FROM ""title"" AS t WHERE (t.production_year >1999)","SELECT * FROM ""title"" AS t WHERE (t.production_year >1999)",C:\Users\vanya\Documents\DATA_SYS_LAB\test44\final_benchmarks\test42_100k_exportpatch\queries\job_exact\1c.sql
postgres,job_exact,1c,title,t,1,251455,251455,1.0,exact,False,False,"SELECT COUNT(*) FROM ""title"" AS t WHERE (t.production_year >1999)","SELECT * FROM ""title"" AS t WHERE (t.production_year >1999)",C:\Users\vanya\Documents\DATA_SYS_LAB\test44\final_benchmarks\test42_100k_exportpatch\queries\job_exact\1c.sql
duckdb,job_exact,1d,company_type,ct,1,1,1,1.0,exact,False,False,"SELECT COUNT(*) FROM ""company_type"" AS ct WHERE (ct.kind = 'distributors')","SELECT * FROM ""company_type"" AS ct WHERE (ct.kind = 'distributors')",C:\Users\vanya\Documents\DATA_SYS_LAB\test44\final_benchmarks\test42_100k_exportpatch\queries\job_exact\1d.sql
postgres,job_exact,1d,company_type,ct,1,1,1,1.0,exact,False,False,"SELECT COUNT(*) FROM ""company_type"" AS ct WHERE (ct.kind = 'distributors')","SELECT * FROM ""company_type"" AS ct WHERE (ct.kind = 'distributors')",C:\Users\vanya\Documents\DATA_SYS_LAB\test44\final_benchmarks\test42_100k_exportpatch\queries\job_exact\1d.sql
duckdb,job_exact,1d,info_type,it,1,1,2,2.0,over,False,False,"SELECT COUNT(*) FROM ""info_type"" AS it WHERE (it.info = 'rating')","SELECT * FROM ""info_type"" AS it WHERE (it.info = 'rating')",C:\Users\vanya\Documents\DATA_SYS_LAB\test44\final_benchmarks\test42_100k_exportpatch\queries\job_exact\1d.sql
postgres,job_exact,1d,info_type,it,1,1,1,1.0,exact,False,False,"SELECT COUNT(*) FROM ""info_type"" AS it WHERE (it.info = 'rating')","SELECT * FROM ""info_type"" AS it WHERE (it.info = 'rating')",C:\Users\vanya\Documents\DATA_SYS_LAB\test44\final_benchmarks\test42_100k_exportpatch\queries\job_exact\1d.sql
duckdb,job_exact,1d,movie_companies,mc,1,257870,89517,2.8806818816537643,under,False,False,"SELECT COUNT(*) FROM ""movie_companies"" AS mc WHERE (mc.note not like '%(as Metro-Goldwyn-Mayer Pictures)%')","SELECT * FROM ""movie_companies"" AS mc WHERE (mc.note not like '%(as Metro-Goldwyn-Mayer Pictures)%')",C:\Users\vanya\Documents\DATA_SYS_LAB\test44\final_benchmarks\test42_100k_exportpatch\queries\job_exact\1d.sql
postgres,job_exact,1d,movie_companies,mc,1,257870,258893,1.0039671152130918,over,False,False,"SELECT COUNT(*) FROM ""movie_companies"" AS mc WHERE (mc.note not like '%(as Metro-Goldwyn-Mayer Pictures)%')","SELECT * FROM ""movie_companies"" AS mc WHERE (mc.note not like '%(as Metro-Goldwyn-Mayer Pictures)%')",C:\Users\vanya\Documents\DATA_SYS_LAB\test44\final_benchmarks\test42_100k_exportpatch\queries\job_exact\1d.sql
duckdb,job_exact,1d,title,t,1,251455,50291,5.0,under,False,False,"SELECT COUNT(*) FROM ""title"" AS t WHERE (t.production_year >1999)","SELECT * FROM ""title"" AS t WHERE (t.production_year >1999)",C:\Users\vanya\Documents\DATA_SYS_LAB\test44\final_benchmarks\test42_100k_exportpatch\queries\job_exact\1d.sql
postgres,job_exact,1d,title,t,1,251455,251455,1.0,exact,False,False,"SELECT COUNT(*) FROM ""title"" AS t WHERE (t.production_year >1999)","SELECT * FROM ""title"" AS t WHERE (t.production_year >1999)",C:\Users\vanya\Documents\DATA_SYS_LAB\test44\final_benchmarks\test42_100k_exportpatch\queries\job_exact\1d.sql
duckdb,job_exact,2a,company_name,cn,1,4275,180,23.75,under,False,False,"SELECT COUNT(*) FROM ""company_name"" AS cn WHERE (cn.country_code ='[us]')","SELECT * FROM ""company_name"" AS cn WHERE (cn.country_code ='[us]')",C:\Users\vanya\Documents\DATA_SYS_LAB\test44\final_benchmarks\test42_100k_exportpatch\queries\job_exact\2a.sql
postgres,job_exact,2a,company_name,cn,1,4275,4275,1.0,exact,False,False,"SELECT COUNT(*) FROM ""company_name"" AS cn WHERE (cn.country_code ='[us]')","SELECT * FROM ""company_name"" AS cn WHERE (cn.country_code ='[us]')",C:\Users\vanya\Documents\DATA_SYS_LAB\test44\final_benchmarks\test42_100k_exportpatch\queries\job_exact\2a.sql
duckdb,job_exact,2a,keyword,k,1,1,1,1.0,exact,False,False,"SELECT COUNT(*) FROM ""keyword"" AS k WHERE (k.keyword ='fourth-wall-breaking-clash-of-cultures-red herring')","SELECT * FROM ""keyword"" AS k WHERE (k.keyword ='fourth-wall-breaking-clash-of-cultures-red herring')",C:\Users\vanya\Documents\DATA_SYS_LAB\test44\final_benchmarks\test42_100k_exportpatch\queries\job_exact\2a.sql
postgres,job_exact,2a,keyword,k,1,1,1,1.0,exact,False,False,"SELECT COUNT(*) FROM ""keyword"" AS k WHERE (k.keyword ='fourth-wall-breaking-clash-of-cultures-red herring')","SELECT * FROM ""keyword"" AS k WHERE (k.keyword ='fourth-wall-breaking-clash-of-cultures-red herring')",C:\Users\vanya\Documents\DATA_SYS_LAB\test44\final_benchmarks\test42_100k_exportpatch\queries\job_exact\2a.sql
duckdb,job_exact,2b,company_name,cn,1,4275,180,23.75,under,False,False,"SELECT COUNT(*) FROM ""company_name"" AS cn WHERE (cn.country_code ='[us]')","SELECT * FROM ""company_name"" AS cn WHERE (cn.country_code ='[us]')",C:\Users\vanya\Documents\DATA_SYS_LAB\test44\final_benchmarks\test42_100k_exportpatch\queries\job_exact\2b.sql
postgres,job_exact,2b,company_name,cn,1,4275,4275,1.0,exact,False,False,"SELECT COUNT(*) FROM ""company_name"" AS cn WHERE (cn.country_code ='[us]')","SELECT * FROM ""company_name"" AS cn WHERE (cn.country_code ='[us]')",C:\Users\vanya\Documents\DATA_SYS_LAB\test44\final_benchmarks\test42_100k_exportpatch\queries\job_exact\2b.sql
duckdb,job_exact,2b,keyword,k,1,1,1,1.0,exact,False,False,"SELECT COUNT(*) FROM ""keyword"" AS k WHERE (k.keyword ='murder')","SELECT * FROM ""keyword"" AS k WHERE (k.keyword ='murder')",C:\Users\vanya\Documents\DATA_SYS_LAB\test44\final_benchmarks\test42_100k_exportpatch\queries\job_exact\2b.sql
postgres,job_exact,2b,keyword,k,1,1,1,1.0,exact,False,False,"SELECT COUNT(*) FROM ""keyword"" AS k WHERE (k.keyword ='murder')","SELECT * FROM ""keyword"" AS k WHERE (k.keyword ='murder')",C:\Users\vanya\Documents\DATA_SYS_LAB\test44\final_benchmarks\test42_100k_exportpatch\queries\job_exact\2b.sql
duckdb,job_exact,2c,company_name,cn,1,4275,180,23.75,under,False,False,"SELECT COUNT(*) FROM ""company_name"" AS cn WHERE (cn.country_code ='[us]')","SELECT * FROM ""company_name"" AS cn WHERE (cn.country_code ='[us]')",C:\Users\vanya\Documents\DATA_SYS_LAB\test44\final_benchmarks\test42_100k_exportpatch\queries\job_exact\2c.sql
postgres,job_exact,2c,company_name,cn,1,4275,4275,1.0,exact,False,False,"SELECT COUNT(*) FROM ""company_name"" AS cn WHERE (cn.country_code ='[us]')","SELECT * FROM ""company_name"" AS cn WHERE (cn.country_code ='[us]')",C:\Users\vanya\Documents\DATA_SYS_LAB\test44\final_benchmarks\test42_100k_exportpatch\queries\job_exact\2c.sql
duckdb,job_exact,2c,keyword,k,1,1,1,1.0,exact,False,False,"SELECT COUNT(*) FROM ""keyword"" AS k WHERE (k.keyword ='fourth-wall-breaking-clash-of-cultures-red herring')","SELECT * FROM ""keyword"" AS k WHERE (k.keyword ='fourth-wall-breaking-clash-of-cultures-red herring')",C:\Users\vanya\Documents\DATA_SYS_LAB\test44\final_benchmarks\test42_100k_exportpatch\queries\job_exact\2c.sql
postgres,job_exact,2c,keyword,k,1,1,1,1.0,exact,False,False,"SELECT COUNT(*) FROM ""keyword"" AS k WHERE (k.keyword ='fourth-wall-breaking-clash-of-cultures-red herring')","SELECT * FROM ""keyword"" AS k WHERE (k.keyword ='fourth-wall-breaking-clash-of-cultures-red herring')",C:\Users\vanya\Documents\DATA_SYS_LAB\test44\final_benchmarks\test42_100k_exportpatch\queries\job_exact\2c.sql
duckdb,job_exact,2d,company_name,cn,1,4275,180,23.75,under,False,False,"SELECT COUNT(*) FROM ""company_name"" AS cn WHERE (cn.country_code ='[us]')","SELECT * FROM ""company_name"" AS cn WHERE (cn.country_code ='[us]')",C:\Users\vanya\Documents\DATA_SYS_LAB\test44\final_benchmarks\test42_100k_exportpatch\queries\job_exact\2d.sql
postgres,job_exact,2d,company_name,cn,1,4275,4275,1.0,exact,False,False,"SELECT COUNT(*) FROM ""company_name"" AS cn WHERE (cn.country_code ='[us]')","SELECT * FROM ""company_name"" AS cn WHERE (cn.country_code ='[us]')",C:\Users\vanya\Documents\DATA_SYS_LAB\test44\final_benchmarks\test42_100k_exportpatch\queries\job_exact\2d.sql
duckdb,job_exact,2d,keyword,k,1,1,1,1.0,exact,False,False,"SELECT COUNT(*) FROM ""keyword"" AS k WHERE (k.keyword ='character-name-in-title')","SELECT * FROM ""keyword"" AS k WHERE (k.keyword ='character-name-in-title')",C:\Users\vanya\Documents\DATA_SYS_LAB\test44\final_benchmarks\test42_100k_exportpatch\queries\job_exact\2d.sql
postgres,job_exact,2d,keyword,k,1,1,1,1.0,exact,False,False,"SELECT COUNT(*) FROM ""keyword"" AS k WHERE (k.keyword ='character-name-in-title')","SELECT * FROM ""keyword"" AS k WHERE (k.keyword ='character-name-in-title')",C:\Users\vanya\Documents\DATA_SYS_LAB\test44\final_benchmarks\test42_100k_exportpatch\queries\job_exact\2d.sql
duckdb,job_exact,3a,keyword,k,1,1,2283,2283.0,over,False,False,"SELECT COUNT(*) FROM ""keyword"" AS k WHERE (k.keyword like '%fourth-wall-breaking-clash-of-cultures-red herring%')","SELECT * FROM ""keyword"" AS k WHERE (k.keyword like '%fourth-wall-breaking-clash-of-cultures-red herring%')",C:\Users\vanya\Documents\DATA_SYS_LAB\test44\final_benchmarks\test42_100k_exportpatch\queries\job_exact\3a.sql
postgres,job_exact,3a,keyword,k,1,1,1,1.0,exact,False,False,"SELECT COUNT(*) FROM ""keyword"" AS k WHERE (k.keyword like '%fourth-wall-breaking-clash-of-cultures-red herring%')","SELECT * FROM ""keyword"" AS k WHERE (k.keyword like '%fourth-wall-breaking-clash-of-cultures-red herring%')",C:\Users\vanya\Documents\DATA_SYS_LAB\test44\final_benchmarks\test42_100k_exportpatch\queries\job_exact\3a.sql
duckdb,job_exact,3a,movie_info,mi,1,25068,496434,19.803494494973673,over,False,False,"SELECT COUNT(*) FROM ""movie_info"" AS mi WHERE (mi.info IN ('Mystery',
                  'Norway',
                  'Germany',
                  'Denmark',
                  'Swedish',
                  'Denish',
                  'Norwegian',
                  'German'))","SELECT * FROM ""movie_info"" AS mi WHERE (mi.info IN ('Mystery',
                  'Norway',
                  'Germany',
                  'Denmark',
                  'Swedish',
                  'Denish',
                  'Norwegian',
                  'German'))",C:\Users\vanya\Documents\DATA_SYS_LAB\test44\final_benchmarks\test42_100k_exportpatch\queries\job_exact\3a.sql
postgres,job_exact,3a,movie_info,mi,1,25068,18694,1.3409650155129988,under,False,False,"SELECT COUNT(*) FROM ""movie_info"" AS mi WHERE (mi.info IN ('Mystery',
                  'Norway',
                  'Germany',
                  'Denmark',
                  'Swedish',
                  'Denish',
                  'Norwegian',
                  'German'))","SELECT * FROM ""movie_info"" AS mi WHERE (mi.info IN ('Mystery',
                  'Norway',
                  'Germany',
                  'Denmark',
                  'Swedish',
                  'Denish',
                  'Norwegian',
                  'German'))",C:\Users\vanya\Documents\DATA_SYS_LAB\test44\final_benchmarks\test42_100k_exportpatch\queries\job_exact\3a.sql
duckdb,job_exact,3a,title,t,1,251455,50291,5.0,under,False,False,"SELECT COUNT(*) FROM ""title"" AS t WHERE (t.production_year > 1999)","SELECT * FROM ""title"" AS t WHERE (t.production_year > 1999)",C:\Users\vanya\Documents\DATA_SYS_LAB\test44\final_benchmarks\test42_100k_exportpatch\queries\job_exact\3a.sql
postgres,job_exact,3a,title,t,1,251455,251455,1.0,exact,False,False,"SELECT COUNT(*) FROM ""title"" AS t WHERE (t.production_year > 1999)","SELECT * FROM ""title"" AS t WHERE (t.production_year > 1999)",C:\Users\vanya\Documents\DATA_SYS_LAB\test44\final_benchmarks\test42_100k_exportpatch\queries\job_exact\3a.sql
duckdb,job_exact,3b,keyword,k,1,1,2283,2283.0,over,False,False,"SELECT COUNT(*) FROM ""keyword"" AS k WHERE (k.keyword like '%fourth-wall-breaking-clash-of-cultures-red herring%')","SELECT * FROM ""keyword"" AS k WHERE (k.keyword like '%fourth-wall-breaking-clash-of-cultures-red herring%')",C:\Users\vanya\Documents\DATA_SYS_LAB\test44\final_benchmarks\test42_100k_exportpatch\queries\job_exact\3b.sql
postgres,job_exact,3b,keyword,k,1,1,1,1.0,exact,False,False,"SELECT COUNT(*) FROM ""keyword"" AS k WHERE (k.keyword like '%fourth-wall-breaking-clash-of-cultures-red herring%')","SELECT * FROM ""keyword"" AS k WHERE (k.keyword like '%fourth-wall-breaking-clash-of-cultures-red herring%')",C:\Users\vanya\Documents\DATA_SYS_LAB\test44\final_benchmarks\test42_100k_exportpatch\queries\job_exact\3b.sql
duckdb,job_exact,3b,movie_info,mi,1,100000,17,5882.35294117647,under,False,False,"SELECT COUNT(*) FROM ""movie_info"" AS mi WHERE (mi.info IN ('Color'))","SELECT * FROM ""movie_info"" AS mi WHERE (mi.info IN ('Color'))",C:\Users\vanya\Documents\DATA_SYS_LAB\test44\final_benchmarks\test42_100k_exportpatch\queries\job_exact\3b.sql
postgres,job_exact,3b,movie_info,mi,1,100000,100031,1.00031,over,False,False,"SELECT COUNT(*) FROM ""movie_info"" AS mi WHERE (mi.info IN ('Color'))","SELECT * FROM ""movie_info"" AS mi WHERE (mi.info IN ('Color'))",C:\Users\vanya\Documents\DATA_SYS_LAB\test44\final_benchmarks\test42_100k_exportpatch\queries\job_exact\3b.sql
duckdb,job_exact,3b,title,t,1,251455,50291,5.0,under,False,False,"SELECT COUNT(*) FROM ""title"" AS t WHERE (t.production_year > 1999)","SELECT * FROM ""title"" AS t WHERE (t.production_year > 1999)",C:\Users\vanya\Documents\DATA_SYS_LAB\test44\final_benchmarks\test42_100k_exportpatch\queries\job_exact\3b.sql
postgres,job_exact,3b,title,t,1,251455,251455,1.0,exact,False,False,"SELECT COUNT(*) FROM ""title"" AS t WHERE (t.production_year > 1999)","SELECT * FROM ""title"" AS t WHERE (t.production_year > 1999)",C:\Users\vanya\Documents\DATA_SYS_LAB\test44\final_benchmarks\test42_100k_exportpatch\queries\job_exact\3b.sql
duckdb,job_exact,3c,keyword,k,1,1,2283,2283.0,over,False,False,"SELECT COUNT(*) FROM ""keyword"" AS k WHERE (k.keyword like '%fourth-wall-breaking-clash-of-cultures-red herring%')","SELECT * FROM ""keyword"" AS k WHERE (k.keyword like '%fourth-wall-breaking-clash-of-cultures-red herring%')",C:\Users\vanya\Documents\DATA_SYS_LAB\test44\final_benchmarks\test42_100k_exportpatch\queries\job_exact\3c.sql
postgres,job_exact,3c,keyword,k,1,1,1,1.0,exact,False,False,"SELECT COUNT(*) FROM ""keyword"" AS k WHERE (k.keyword like '%fourth-wall-breaking-clash-of-cultures-red herring%')","SELECT * FROM ""keyword"" AS k WHERE (k.keyword like '%fourth-wall-breaking-clash-of-cultures-red herring%')",C:\Users\vanya\Documents\DATA_SYS_LAB\test44\final_benchmarks\test42_100k_exportpatch\queries\job_exact\3c.sql
duckdb,job_exact,3c,movie_info,mi,1,36493,496434,13.60354040500918,over,False,False,"SELECT COUNT(*) FROM ""movie_info"" AS mi WHERE (mi.info IN ('Mystery',
                  'Norway',
                  'Germany',
                  'Denmark',
                  'Swedish',
                  'Denish',
                  'Norwegian',
                  'German',
                  'USA',
                  'American'))","SELECT * FROM ""movie_info"" AS mi WHERE (mi.info IN ('Mystery',
                  'Norway',
                  'Germany',
                  'Denmark',
                  'Swedish',
                  'Denish',
                  'Norwegian',
                  'German',
                  'USA',
                  'American'))",C:\Users\vanya\Documents\DATA_SYS_LAB\test44\final_benchmarks\test42_100k_exportpatch\queries\job_exact\3c.sql
postgres,job_exact,3c,movie_info,mi,1,36493,30342,1.2027222991233275,under,False,False,"SELECT COUNT(*) FROM ""movie_info"" AS mi WHERE (mi.info IN ('Mystery',
                  'Norway',
                  'Germany',
                  'Denmark',
                  'Swedish',
                  'Denish',
                  'Norwegian',
                  'German',
                  'USA',
                  'American'))","SELECT * FROM ""movie_info"" AS mi WHERE (mi.info IN ('Mystery',
                  'Norway',
                  'Germany',
                  'Denmark',
                  'Swedish',
                  'Denish',
                  'Norwegian',
                  'German',
                  'USA',
                  'American'))",C:\Users\vanya\Documents\DATA_SYS_LAB\test44\final_benchmarks\test42_100k_exportpatch\queries\job_exact\3c.sql
duckdb,job_exact,3c,title,t,1,251455,50291,5.0,under,False,False,"SELECT COUNT(*) FROM ""title"" AS t WHERE (t.production_year > 1999)","SELECT * FROM ""title"" AS t WHERE (t.production_year > 1999)",C:\Users\vanya\Documents\DATA_SYS_LAB\test44\final_benchmarks\test42_100k_exportpatch\queries\job_exact\3c.sql
postgres,job_exact,3c,title,t,1,251455,251455,1.0,exact,False,False,"SELECT COUNT(*) FROM ""title"" AS t WHERE (t.production_year > 1999)","SELECT * FROM ""title"" AS t WHERE (t.production_year > 1999)",C:\Users\vanya\Documents\DATA_SYS_LAB\test44\final_benchmarks\test42_100k_exportpatch\queries\job_exact\3c.sql
duckdb,job_exact,4a,info_type,it,1,1,2,2.0,over,False,False,"SELECT COUNT(*) FROM ""info_type"" AS it WHERE (it.info ='rating')","SELECT * FROM ""info_type"" AS it WHERE (it.info ='rating')",C:\Users\vanya\Documents\DATA_SYS_LAB\test44\final_benchmarks\test42_100k_exportpatch\queries\job_exact\4a.sql
postgres,job_exact,4a,info_type,it,1,1,1,1.0,exact,False,False,"SELECT COUNT(*) FROM ""info_type"" AS it WHERE (it.info ='rating')","SELECT * FROM ""info_type"" AS it WHERE (it.info ='rating')",C:\Users\vanya\Documents\DATA_SYS_LAB\test44\final_benchmarks\test42_100k_exportpatch\queries\job_exact\4a.sql
duckdb,job_exact,4a,keyword,k,1,15,2283,152.2,over,False,False,"SELECT COUNT(*) FROM ""keyword"" AS k WHERE (k.keyword like '%sequel%')","SELECT * FROM ""keyword"" AS k WHERE (k.keyword like '%sequel%')",C:\Users\vanya\Documents\DATA_SYS_LAB\test44\final_benchmarks\test42_100k_exportpatch\queries\job_exact\4a.sql
postgres,job_exact,4a,keyword,k,1,15,1,15.0,under,False,False,"SELECT COUNT(*) FROM ""keyword"" AS k WHERE (k.keyword like '%sequel%')","SELECT * FROM ""keyword"" AS k WHERE (k.keyword like '%sequel%')",C:\Users\vanya\Documents\DATA_SYS_LAB\test44\final_benchmarks\test42_100k_exportpatch\queries\job_exact\4a.sql
duckdb,job_exact,4a,movie_info_idx,mi_idx,1,467979,100634,4.650307053282191,under,False,False,"SELECT COUNT(*) FROM ""movie_info_idx"" AS mi_idx WHERE (mi_idx.info > '5.0')","SELECT * FROM ""movie_info_idx"" AS mi_idx WHERE (mi_idx.info > '5.0')",C:\Users\vanya\Documents\DATA_SYS_LAB\test44\final_benchmarks\test42_100k_exportpatch\queries\job_exact\4a.sql
postgres,job_exact,4a,movie_info_idx,mi_idx,1,260697,259872,1.003174639822682,under,False,False,"SELECT COUNT(*) FROM ""movie_info_idx"" AS mi_idx WHERE (mi_idx.info > '5.0')","SELECT * FROM ""movie_info_idx"" AS mi_idx WHERE (mi_idx.info > '5.0')",C:\Users\vanya\Documents\DATA_SYS_LAB\test44\final_benchmarks\test42_100k_exportpatch\queries\job_exact\4a.sql
duckdb,job_exact,4a,title,t,1,241478,50291,4.801614603010479,under,False,False,"SELECT COUNT(*) FROM ""title"" AS t WHERE (t.production_year > 2005)","SELECT * FROM ""title"" AS t WHERE (t.production_year > 2005)",C:\Users\vanya\Documents\DATA_SYS_LAB\test44\final_benchmarks\test42_100k_exportpatch\queries\job_exact\4a.sql
postgres,job_exact,4a,title,t,1,241478,241514,1.0001490819039416,over,False,False,"SELECT COUNT(*) FROM ""title"" AS t WHERE (t.production_year > 2005)","SELECT * FROM ""title"" AS t WHERE (t.production_year > 2005)",C:\Users\vanya\Documents\DATA_SYS_LAB\test44\final_benchmarks\test42_100k_exportpatch\queries\job_exact\4a.sql
duckdb,job_exact,4b,info_type,it,1,1,2,2.0,over,False,False,"SELECT COUNT(*) FROM ""info_type"" AS it WHERE (it.info ='votes')","SELECT * FROM ""info_type"" AS it WHERE (it.info ='votes')",C:\Users\vanya\Documents\DATA_SYS_LAB\test44\final_benchmarks\test42_100k_exportpatch\queries\job_exact\4b.sql
postgres,job_exact,4b,info_type,it,1,1,1,1.0,exact,False,False,"SELECT COUNT(*) FROM ""info_type"" AS it WHERE (it.info ='votes')","SELECT * FROM ""info_type"" AS it WHERE (it.info ='votes')",C:\Users\vanya\Documents\DATA_SYS_LAB\test44\final_benchmarks\test42_100k_exportpatch\queries\job_exact\4b.sql
duckdb,job_exact,4b,keyword,k,1,1,2283,2283.0,over,False,False,"SELECT COUNT(*) FROM ""keyword"" AS k WHERE (k.keyword like '%fourth-wall-breaking-clash-of-cultures-red herring%')","SELECT * FROM ""keyword"" AS k WHERE (k.keyword like '%fourth-wall-breaking-clash-of-cultures-red herring%')",C:\Users\vanya\Documents\DATA_SYS_LAB\test44\final_benchmarks\test42_100k_exportpatch\queries\job_exact\4b.sql
postgres,job_exact,4b,keyword,k,1,1,1,1.0,exact,False,False,"SELECT COUNT(*) FROM ""keyword"" AS k WHERE (k.keyword like '%fourth-wall-breaking-clash-of-cultures-red herring%')","SELECT * FROM ""keyword"" AS k WHERE (k.keyword like '%fourth-wall-breaking-clash-of-cultures-red herring%')",C:\Users\vanya\Documents\DATA_SYS_LAB\test44\final_benchmarks\test42_100k_exportpatch\queries\job_exact\4b.sql
duckdb,job_exact,4b,movie_info_idx,mi_idx,1,196380,100634,1.9514279468171791,under,False,False,"SELECT COUNT(*) FROM ""movie_info_idx"" AS mi_idx WHERE (mi_idx.info > '4706.9')","SELECT * FROM ""movie_info_idx"" AS mi_idx WHERE (mi_idx.info > '4706.9')",C:\Users\vanya\Documents\DATA_SYS_LAB\test44\final_benchmarks\test42_100k_exportpatch\queries\job_exact\4b.sql
postgres,job_exact,4b,movie_info_idx,mi_idx,1,266022,265075,1.003572573799868,under,False,False,"SELECT COUNT(*) FROM ""movie_info_idx"" AS mi_idx WHERE (mi_idx.info > '4706.9')","SELECT * FROM ""movie_info_idx"" AS mi_idx WHERE (mi_idx.info > '4706.9')",C:\Users\vanya\Documents\DATA_SYS_LAB\test44\final_benchmarks\test42_100k_exportpatch\queries\job_exact\4b.sql
duckdb,job_exact,4b,title,t,1,251455,50291,5.0,under,False,False,"SELECT COUNT(*) FROM ""title"" AS t WHERE (t.production_year > 1999)","SELECT * FROM ""title"" AS t WHERE (t.production_year > 1999)",C:\Users\vanya\Documents\DATA_SYS_LAB\test44\final_benchmarks\test42_100k_exportpatch\queries\job_exact\4b.sql
postgres,job_exact,4b,title,t,1,251455,251455,1.0,exact,False,False,"SELECT COUNT(*) FROM ""title"" AS t WHERE (t.production_year > 1999)","SELECT * FROM ""title"" AS t WHERE (t.production_year > 1999)",C:\Users\vanya\Documents\DATA_SYS_LAB\test44\final_benchmarks\test42_100k_exportpatch\queries\job_exact\4b.sql
duckdb,job_exact,4c,info_type,it,1,1,2,2.0,over,False,False,"SELECT COUNT(*) FROM ""info_type"" AS it WHERE (it.info ='rating')","SELECT * FROM ""info_type"" AS it WHERE (it.info ='rating')",C:\Users\vanya\Documents\DATA_SYS_LAB\test44\final_benchmarks\test42_100k_exportpatch\queries\job_exact\4c.sql
postgres,job_exact,4c,info_type,it,1,1,1,1.0,exact,False,False,"SELECT COUNT(*) FROM ""info_type"" AS it WHERE (it.info ='rating')","SELECT * FROM ""info_type"" AS it WHERE (it.info ='rating')",C:\Users\vanya\Documents\DATA_SYS_LAB\test44\final_benchmarks\test42_100k_exportpatch\queries\job_exact\4c.sql
duckdb,job_exact,4c,keyword,k,1,15,2283,152.2,over,False,False,"SELECT COUNT(*) FROM ""keyword"" AS k WHERE (k.keyword like '%sequel%')","SELECT * FROM ""keyword"" AS k WHERE (k.keyword like '%sequel%')",C:\Users\vanya\Documents\DATA_SYS_LAB\test44\final_benchmarks\test42_100k_exportpatch\queries\job_exact\4c.sql
postgres,job_exact,4c,keyword,k,1,15,1,15.0,under,False,False,"SELECT COUNT(*) FROM ""keyword"" AS k WHERE (k.keyword like '%sequel%')","SELECT * FROM ""keyword"" AS k WHERE (k.keyword like '%sequel%')",C:\Users\vanya\Documents\DATA_SYS_LAB\test44\final_benchmarks\test42_100k_exportpatch\queries\job_exact\4c.sql
duckdb,job_exact,4c,movie_info_idx,mi_idx,1,501915,100634,4.987529065723314,under,False,False,"SELECT COUNT(*) FROM ""movie_info_idx"" AS mi_idx WHERE (mi_idx.info > '2.0')","SELECT * FROM ""movie_info_idx"" AS mi_idx WHERE (mi_idx.info > '2.0')",C:\Users\vanya\Documents\DATA_SYS_LAB\test44\final_benchmarks\test42_100k_exportpatch\queries\job_exact\4c.sql
postgres,job_exact,4c,movie_info_idx,mi_idx,1,360894,361111,1.0006012845877184,over,False,False,"SELECT COUNT(*) FROM ""movie_info_idx"" AS mi_idx WHERE (mi_idx.info > '2.0')","SELECT * FROM ""movie_info_idx"" AS mi_idx WHERE (mi_idx.info > '2.0')",C:\Users\vanya\Documents\DATA_SYS_LAB\test44\final_benchmarks\test42_100k_exportpatch\queries\job_exact\4c.sql
duckdb,job_exact,4c,title,t,1,251455,50291,5.0,under,False,False,"SELECT COUNT(*) FROM ""title"" AS t WHERE (t.production_year > 1990)","SELECT * FROM ""title"" AS t WHERE (t.production_year > 1990)",C:\Users\vanya\Documents\DATA_SYS_LAB\test44\final_benchmarks\test42_100k_exportpatch\queries\job_exact\4c.sql
postgres,job_exact,4c,title,t,1,251455,251455,1.0,exact,False,False,"SELECT COUNT(*) FROM ""title"" AS t WHERE (t.production_year > 1990)","SELECT * FROM ""title"" AS t WHERE (t.production_year > 1990)",C:\Users\vanya\Documents\DATA_SYS_LAB\test44\final_benchmarks\test42_100k_exportpatch\queries\job_exact\4c.sql
duckdb,job_exact,5a,company_type,ct,1,1,1,1.0,exact,False,False,"SELECT COUNT(*) FROM ""company_type"" AS ct WHERE (ct.kind = 'production companies')","SELECT * FROM ""company_type"" AS ct WHERE (ct.kind = 'production companies')",C:\Users\vanya\Documents\DATA_SYS_LAB\test44\final_benchmarks\test42_100k_exportpatch\queries\job_exact\5a.sql
postgres,job_exact,5a,company_type,ct,1,1,1,1.0,exact,False,False,"SELECT COUNT(*) FROM ""company_type"" AS ct WHERE (ct.kind = 'production companies')","SELECT * FROM ""company_type"" AS ct WHERE (ct.kind = 'production companies')",C:\Users\vanya\Documents\DATA_SYS_LAB\test44\final_benchmarks\test42_100k_exportpatch\queries\job_exact\5a.sql
duckdb,job_exact,5a,movie_companies,mc,2,87934,89517,1.0180021379671116,over,False,False,"SELECT COUNT(*) FROM ""movie_companies"" AS mc WHERE (mc.note like '%(co-production)%') AND (mc.note like '%(co-production)%')","SELECT * FROM ""movie_companies"" AS mc WHERE (mc.note like '%(co-production)%') AND (mc.note like '%(co-production)%')",C:\Users\vanya\Documents\DATA_SYS_LAB\test44\final_benchmarks\test42_100k_exportpatch\queries\job_exact\5a.sql
postgres,job_exact,5a,movie_companies,mc,2,87934,17249,5.097918719925793,under,False,False,"SELECT COUNT(*) FROM ""movie_companies"" AS mc WHERE (mc.note like '%(co-production)%') AND (mc.note like '%(co-production)%')","SELECT * FROM ""movie_companies"" AS mc WHERE (mc.note like '%(co-production)%') AND (mc.note like '%(co-production)%')",C:\Users\vanya\Documents\DATA_SYS_LAB\test44\final_benchmarks\test42_100k_exportpatch\queries\job_exact\5a.sql
duckdb,job_exact,5a,movie_info,mi,1,115893,496434,4.283554658176076,over,False,False,"SELECT COUNT(*) FROM ""movie_info"" AS mi WHERE (mi.info IN ('Color',
                  'Norway',
                  'Germany',
                  'Denmark',
                  'Swedish',
                  'Denish',
                  'Norwegian',
                  'German'))","SELECT * FROM ""movie_info"" AS mi WHERE (mi.info IN ('Color',
                  'Norway',
                  'Germany',
                  'Denmark',
                  'Swedish',
                  'Denish',
                  'Norwegian',
                  'German'))",C:\Users\vanya\Documents\DATA_SYS_LAB\test44\final_benchmarks\test42_100k_exportpatch\queries\job_exact\5a.sql
postgres,job_exact,5a,movie_info,mi,1,115893,109376,1.0595834552369807,under,False,False,"SELECT COUNT(*) FROM ""movie_info"" AS mi WHERE (mi.info IN ('Color',
                  'Norway',
                  'Germany',
                  'Denmark',
                  'Swedish',
                  'Denish',
                  'Norwegian',
                  'German'))","SELECT * FROM ""movie_info"" AS mi WHERE (mi.info IN ('Color',
                  'Norway',
                  'Germany',
                  'Denmark',
                  'Swedish',
                  'Denish',
                  'Norwegian',
                  'German'))",C:\Users\vanya\Documents\DATA_SYS_LAB\test44\final_benchmarks\test42_100k_exportpatch\queries\job_exact\5a.sql
duckdb,job_exact,5a,title,t,1,251455,50291,5.0,under,False,False,"SELECT COUNT(*) FROM ""title"" AS t WHERE (t.production_year > 1999)","SELECT * FROM ""title"" AS t WHERE (t.production_year > 1999)",C:\Users\vanya\Documents\DATA_SYS_LAB\test44\final_benchmarks\test42_100k_exportpatch\queries\job_exact\5a.sql
postgres,job_exact,5a,title,t,1,251455,251455,1.0,exact,False,False,"SELECT COUNT(*) FROM ""title"" AS t WHERE (t.production_year > 1999)","SELECT * FROM ""title"" AS t WHERE (t.production_year > 1999)",C:\Users\vanya\Documents\DATA_SYS_LAB\test44\final_benchmarks\test42_100k_exportpatch\queries\job_exact\5a.sql
duckdb,job_exact,5b,company_type,ct,1,1,1,1.0,exact,False,False,"SELECT COUNT(*) FROM ""company_type"" AS ct WHERE (ct.kind = 'production companies')","SELECT * FROM ""company_type"" AS ct WHERE (ct.kind = 'production companies')",C:\Users\vanya\Documents\DATA_SYS_LAB\test44\final_benchmarks\test42_100k_exportpatch\queries\job_exact\5b.sql
postgres,job_exact,5b,company_type,ct,1,1,1,1.0,exact,False,False,"SELECT COUNT(*) FROM ""company_type"" AS ct WHERE (ct.kind = 'production companies')","SELECT * FROM ""company_type"" AS ct WHERE (ct.kind = 'production companies')",C:\Users\vanya\Documents\DATA_SYS_LAB\test44\final_benchmarks\test42_100k_exportpatch\queries\job_exact\5b.sql
duckdb,job_exact,5b,movie_companies,mc,3,87934,89517,1.0180021379671116,over,False,False,"SELECT COUNT(*) FROM ""movie_companies"" AS mc WHERE (mc.note like '%(co-production)%') AND (mc.note like '%(co-production)%') AND (mc.note like '%(co-production)%')","SELECT * FROM ""movie_companies"" AS mc WHERE (mc.note like '%(co-production)%') AND (mc.note like '%(co-production)%') AND (mc.note like '%(co-production)%')",C:\Users\vanya\Documents\DATA_SYS_LAB\test44\final_benchmarks\test42_100k_exportpatch\queries\job_exact\5b.sql
postgres,job_exact,5b,movie_companies,mc,3,87934,3386,25.969875959834614,under,False,False,"SELECT COUNT(*) FROM ""movie_companies"" AS mc WHERE (mc.note like '%(co-production)%') AND (mc.note like '%(co-production)%') AND (mc.note like '%(co-production)%')","SELECT * FROM ""movie_companies"" AS mc WHERE (mc.note like '%(co-production)%') AND (mc.note like '%(co-production)%') AND (mc.note like '%(co-production)%')",C:\Users\vanya\Documents\DATA_SYS_LAB\test44\final_benchmarks\test42_100k_exportpatch\queries\job_exact\5b.sql
duckdb,job_exact,5b,movie_info,mi,1,100000,496434,4.96434,over,False,False,"SELECT COUNT(*) FROM ""movie_info"" AS mi WHERE (mi.info IN ('Color',
                  'America'))","SELECT * FROM ""movie_info"" AS mi WHERE (mi.info IN ('Color',
                  'America'))",C:\Users\vanya\Documents\DATA_SYS_LAB\test44\final_benchmarks\test42_100k_exportpatch\queries\job_exact\5b.sql
postgres,job_exact,5b,movie_info,mi,1,100000,100097,1.00097,over,False,False,"SELECT COUNT(*) FROM ""movie_info"" AS mi WHERE (mi.info IN ('Color',
                  'America'))","SELECT * FROM ""movie_info"" AS mi WHERE (mi.info IN ('Color',
                  'America'))",C:\Users\vanya\Documents\DATA_SYS_LAB\test44\final_benchmarks\test42_100k_exportpatch\queries\job_exact\5b.sql
duckdb,job_exact,5b,title,t,1,251455,50291,5.0,under,False,False,"SELECT COUNT(*) FROM ""title"" AS t WHERE (t.production_year > 1999)","SELECT * FROM ""title"" AS t WHERE (t.production_year > 1999)",C:\Users\vanya\Documents\DATA_SYS_LAB\test44\final_benchmarks\test42_100k_exportpatch\queries\job_exact\5b.sql
postgres,job_exact,5b,title,t,1,251455,251455,1.0,exact,False,False,"SELECT COUNT(*) FROM ""title"" AS t WHERE (t.production_year > 1999)","SELECT * FROM ""title"" AS t WHERE (t.production_year > 1999)",C:\Users\vanya\Documents\DATA_SYS_LAB\test44\final_benchmarks\test42_100k_exportpatch\queries\job_exact\5b.sql
duckdb,job_exact,5c,company_type,ct,1,1,1,1.0,exact,False,False,"SELECT COUNT(*) FROM ""company_type"" AS ct WHERE (ct.kind = 'production companies')","SELECT * FROM ""company_type"" AS ct WHERE (ct.kind = 'production companies')",C:\Users\vanya\Documents\DATA_SYS_LAB\test44\final_benchmarks\test42_100k_exportpatch\queries\job_exact\5c.sql
postgres,job_exact,5c,company_type,ct,1,1,1,1.0,exact,False,False,"SELECT COUNT(*) FROM ""company_type"" AS ct WHERE (ct.kind = 'production companies')","SELECT * FROM ""company_type"" AS ct WHERE (ct.kind = 'production companies')",C:\Users\vanya\Documents\DATA_SYS_LAB\test44\final_benchmarks\test42_100k_exportpatch\queries\job_exact\5c.sql
duckdb,job_exact,5c,movie_companies,mc,2,87934,89517,1.0180021379671116,over,False,False,"SELECT COUNT(*) FROM ""movie_companies"" AS mc WHERE (mc.note not like '%(TV)%') AND (mc.note like '%(co-production)%')","SELECT * FROM ""movie_companies"" AS mc WHERE (mc.note not like '%(TV)%') AND (mc.note like '%(co-production)%')",C:\Users\vanya\Documents\DATA_SYS_LAB\test44\final_benchmarks\test42_100k_exportpatch\queries\job_exact\5c.sql
postgres,job_exact,5c,movie_companies,mc,2,87934,28642,3.0701068361147965,under,False,False,"SELECT COUNT(*) FROM ""movie_companies"" AS mc WHERE (mc.note not like '%(TV)%') AND (mc.note like '%(co-production)%')","SELECT * FROM ""movie_companies"" AS mc WHERE (mc.note not like '%(TV)%') AND (mc.note like '%(co-production)%')",C:\Users\vanya\Documents\DATA_SYS_LAB\test44\final_benchmarks\test42_100k_exportpatch\queries\job_exact\5c.sql
duckdb,job_exact,5c,movie_info,mi,1,127318,496434,3.8991658681411896,over,False,False,"SELECT COUNT(*) FROM ""movie_info"" AS mi WHERE (mi.info IN ('Color',
                  'Norway',
                  'Germany',
                  'Denmark',
                  'Swedish',
                  'Denish',
                  'Norwegian',
                  'German',
                  'USA',
                  'American'))","SELECT * FROM ""movie_info"" AS mi WHERE (mi.info IN ('Color',
                  'Norway',
                  'Germany',
                  'Denmark',
                  'Swedish',
                  'Denish',
                  'Norwegian',
                  'German',
                  'USA',
                  'American'))",C:\Users\vanya\Documents\DATA_SYS_LAB\test44\final_benchmarks\test42_100k_exportpatch\queries\job_exact\5c.sql
postgres,job_exact,5c,movie_info,mi,1,127318,121024,1.0520062136435748,under,False,False,"SELECT COUNT(*) FROM ""movie_info"" AS mi WHERE (mi.info IN ('Color',
                  'Norway',
                  'Germany',
                  'Denmark',
                  'Swedish',
                  'Denish',
                  'Norwegian',
                  'German',
                  'USA',
                  'American'))","SELECT * FROM ""movie_info"" AS mi WHERE (mi.info IN ('Color',
                  'Norway',
                  'Germany',
                  'Denmark',
                  'Swedish',
                  'Denish',
                  'Norwegian',
                  'German',
                  'USA',
                  'American'))",C:\Users\vanya\Documents\DATA_SYS_LAB\test44\final_benchmarks\test42_100k_exportpatch\queries\job_exact\5c.sql
duckdb,job_exact,5c,title,t,1,251455,50291,5.0,under,False,False,"SELECT COUNT(*) FROM ""title"" AS t WHERE (t.production_year > 1999)","SELECT * FROM ""title"" AS t WHERE (t.production_year > 1999)",C:\Users\vanya\Documents\DATA_SYS_LAB\test44\final_benchmarks\test42_100k_exportpatch\queries\job_exact\5c.sql
postgres,job_exact,5c,title,t,1,251455,251455,1.0,exact,False,False,"SELECT COUNT(*) FROM ""title"" AS t WHERE (t.production_year > 1999)","SELECT * FROM ""title"" AS t WHERE (t.production_year > 1999)",C:\Users\vanya\Documents\DATA_SYS_LAB\test44\final_benchmarks\test42_100k_exportpatch\queries\job_exact\5c.sql
duckdb,job_exact,6a,keyword,k,1,1,1,1.0,exact,False,False,"SELECT COUNT(*) FROM ""keyword"" AS k WHERE (k.keyword = 'death')","SELECT * FROM ""keyword"" AS k WHERE (k.keyword = 'death')",C:\Users\vanya\Documents\DATA_SYS_LAB\test44\final_benchmarks\test42_100k_exportpatch\queries\job_exact\6a.sql
postgres,job_exact,6a,keyword,k,1,1,1,1.0,exact,False,False,"SELECT COUNT(*) FROM ""keyword"" AS k WHERE (k.keyword = 'death')","SELECT * FROM ""keyword"" AS k WHERE (k.keyword = 'death')",C:\Users\vanya\Documents\DATA_SYS_LAB\test44\final_benchmarks\test42_100k_exportpatch\queries\job_exact\6a.sql
duckdb,job_exact,6a,name,n,1,1,48000,48000.0,over,False,False,"SELECT COUNT(*) FROM ""name"" AS n WHERE (n.name LIKE '%Ramy U. Kamal%')","SELECT * FROM ""name"" AS n WHERE (n.name LIKE '%Ramy U. Kamal%')",C:\Users\vanya\Documents\DATA_SYS_LAB\test44\final_benchmarks\test42_100k_exportpatch\queries\job_exact\6a.sql
postgres,job_exact,6a,name,n,1,1,24,24.0,over,False,False,"SELECT COUNT(*) FROM ""name"" AS n WHERE (n.name LIKE '%Ramy U. Kamal%')","SELECT * FROM ""name"" AS n WHERE (n.name LIKE '%Ramy U. Kamal%')",C:\Users\vanya\Documents\DATA_SYS_LAB\test44\final_benchmarks\test42_100k_exportpatch\queries\job_exact\6a.sql
duckdb,job_exact,6a,title,t,1,251455,50291,5.0,under,False,False,"SELECT COUNT(*) FROM ""title"" AS t WHERE (t.production_year > 1999)","SELECT * FROM ""title"" AS t WHERE (t.production_year > 1999)",C:\Users\vanya\Documents\DATA_SYS_LAB\test44\final_benchmarks\test42_100k_exportpatch\queries\job_exact\6a.sql
postgres,job_exact,6a,title,t,1,251455,251455,1.0,exact,False,False,"SELECT COUNT(*) FROM ""title"" AS t WHERE (t.production_year > 1999)","SELECT * FROM ""title"" AS t WHERE (t.production_year > 1999)",C:\Users\vanya\Documents\DATA_SYS_LAB\test44\final_benchmarks\test42_100k_exportpatch\queries\job_exact\6a.sql
duckdb,job_exact,6b,keyword,k,1,3,2283,761.0,over,False,False,"SELECT COUNT(*) FROM ""keyword"" AS k WHERE (k.keyword in ('death',
                    'sequel',
                    'second-part',
                    'marvel-comics',
                    'based-on-comic',
                    'tv-special',
                    'fight',
                    'violence'))","SELECT * FROM ""keyword"" AS k WHERE (k.keyword in ('death',
                    'sequel',
                    'second-part',
                    'marvel-comics',
                    'based-on-comic',
                    'tv-special',
                    'fight',
                    'violence'))",C:\Users\vanya\Documents\DATA_SYS_LAB\test44\final_benchmarks\test42_100k_exportpatch\queries\job_exact\6b.sql
postgres,job_exact,6b,keyword,k,1,3,8,2.6666666666666665,over,False,False,"SELECT COUNT(*) FROM ""keyword"" AS k WHERE (k.keyword in ('death',
                    'sequel',
                    'second-part',
                    'marvel-comics',
                    'based-on-comic',
                    'tv-special',
                    'fight',
                    'violence'))","SELECT * FROM ""keyword"" AS k WHERE (k.keyword in ('death',
                    'sequel',
                    'second-part',
                    'marvel-comics',
                    'based-on-comic',
                    'tv-special',
                    'fight',
                    'violence'))",C:\Users\vanya\Documents\DATA_SYS_LAB\test44\final_benchmarks\test42_100k_exportpatch\queries\job_exact\6b.sql
duckdb,job_exact,6b,name,n,1,1,48000,48000.0,over,False,False,"SELECT COUNT(*) FROM ""name"" AS n WHERE (n.name LIKE '%Ramy U. Kamal%')","SELECT * FROM ""name"" AS n WHERE (n.name LIKE '%Ramy U. Kamal%')",C:\Users\vanya\Documents\DATA_SYS_LAB\test44\final_benchmarks\test42_100k_exportpatch\queries\job_exact\6b.sql
postgres,job_exact,6b,name,n,1,1,24,24.0,over,False,False,"SELECT COUNT(*) FROM ""name"" AS n WHERE (n.name LIKE '%Ramy U. Kamal%')","SELECT * FROM ""name"" AS n WHERE (n.name LIKE '%Ramy U. Kamal%')",C:\Users\vanya\Documents\DATA_SYS_LAB\test44\final_benchmarks\test42_100k_exportpatch\queries\job_exact\6b.sql
duckdb,job_exact,6b,title,t,1,251455,50291,5.0,under,False,False,"SELECT COUNT(*) FROM ""title"" AS t WHERE (t.production_year > 1999)","SELECT * FROM ""title"" AS t WHERE (t.production_year > 1999)",C:\Users\vanya\Documents\DATA_SYS_LAB\test44\final_benchmarks\test42_100k_exportpatch\queries\job_exact\6b.sql
postgres,job_exact,6b,title,t,1,251455,251455,1.0,exact,False,False,"SELECT COUNT(*) FROM ""title"" AS t WHERE (t.production_year > 1999)","SELECT * FROM ""title"" AS t WHERE (t.production_year > 1999)",C:\Users\vanya\Documents\DATA_SYS_LAB\test44\final_benchmarks\test42_100k_exportpatch\queries\job_exact\6b.sql
duckdb,job_exact,6c,keyword,k,1,1,1,1.0,exact,False,False,"SELECT COUNT(*) FROM ""keyword"" AS k WHERE (k.keyword = 'violence')","SELECT * FROM ""keyword"" AS k WHERE (k.keyword = 'violence')",C:\Users\vanya\Documents\DATA_SYS_LAB\test44\final_benchmarks\test42_100k_exportpatch\queries\job_exact\6c.sql
postgres,job_exact,6c,keyword,k,1,1,1,1.0,exact,False,False,"SELECT COUNT(*) FROM ""keyword"" AS k WHERE (k.keyword = 'violence')","SELECT * FROM ""keyword"" AS k WHERE (k.keyword = 'violence')",C:\Users\vanya\Documents\DATA_SYS_LAB\test44\final_benchmarks\test42_100k_exportpatch\queries\job_exact\6c.sql
duckdb,job_exact,6c,name,n,1,219305,48000,4.568854166666667,under,False,False,"SELECT COUNT(*) FROM ""name"" AS n WHERE (n.name LIKE '%a%')","SELECT * FROM ""name"" AS n WHERE (n.name LIKE '%a%')",C:\Users\vanya\Documents\DATA_SYS_LAB\test44\final_benchmarks\test42_100k_exportpatch\queries\job_exact\6c.sql
postgres,job_exact,6c,name,n,1,219305,206061,1.0642722300677954,under,False,False,"SELECT COUNT(*) FROM ""name"" AS n WHERE (n.name LIKE '%a%')","SELECT * FROM ""name"" AS n WHERE (n.name LIKE '%a%')",C:\Users\vanya\Documents\DATA_SYS_LAB\test44\final_benchmarks\test42_100k_exportpatch\queries\job_exact\6c.sql
duckdb,job_exact,6c,title,t,1,241478,50291,4.801614603010479,under,False,False,"SELECT COUNT(*) FROM ""title"" AS t WHERE (t.production_year > 2005)","SELECT * FROM ""title"" AS t WHERE (t.production_year > 2005)",C:\Users\vanya\Documents\DATA_SYS_LAB\test44\final_benchmarks\test42_100k_exportpatch\queries\job_exact\6c.sql
postgres,job_exact,6c,title,t,1,241478,241514,1.0001490819039416,over,False,False,"SELECT COUNT(*) FROM ""title"" AS t WHERE (t.production_year > 2005)","SELECT * FROM ""title"" AS t WHERE (t.production_year > 2005)",C:\Users\vanya\Documents\DATA_SYS_LAB\test44\final_benchmarks\test42_100k_exportpatch\queries\job_exact\6c.sql
duckdb,job_exact,6d,keyword,k,1,3,2283,761.0,over,False,False,"SELECT COUNT(*) FROM ""keyword"" AS k WHERE (k.keyword in ('death',
                    'sequel',
                    'second-part',
                    'marvel-comics',
                    'based-on-comic',
                    'tv-special',
                    'fight',
                    'violence'))","SELECT * FROM ""keyword"" AS k WHERE (k.keyword in ('death',
                    'sequel',
                    'second-part',
                    'marvel-comics',
                    'based-on-comic',
                    'tv-special',
                    'fight',
                    'violence'))",C:\Users\vanya\Documents\DATA_SYS_LAB\test44\final_benchmarks\test42_100k_exportpatch\queries\job_exact\6d.sql
postgres,job_exact,6d,keyword,k,1,3,8,2.6666666666666665,over,False,False,"SELECT COUNT(*) FROM ""keyword"" AS k WHERE (k.keyword in ('death',
                    'sequel',
                    'second-part',
                    'marvel-comics',
                    'based-on-comic',
                    'tv-special',
                    'fight',
                    'violence'))","SELECT * FROM ""keyword"" AS k WHERE (k.keyword in ('death',
                    'sequel',
                    'second-part',
                    'marvel-comics',
                    'based-on-comic',
                    'tv-special',
                    'fight',
                    'violence'))",C:\Users\vanya\Documents\DATA_SYS_LAB\test44\final_benchmarks\test42_100k_exportpatch\queries\job_exact\6d.sql
duckdb,job_exact,6d,name,n,1,1,48000,48000.0,over,False,False,"SELECT COUNT(*) FROM ""name"" AS n WHERE (n.name LIKE '%Ramy U. Kamal%')","SELECT * FROM ""name"" AS n WHERE (n.name LIKE '%Ramy U. Kamal%')",C:\Users\vanya\Documents\DATA_SYS_LAB\test44\final_benchmarks\test42_100k_exportpatch\queries\job_exact\6d.sql
postgres,job_exact,6d,name,n,1,1,24,24.0,over,False,False,"SELECT COUNT(*) FROM ""name"" AS n WHERE (n.name LIKE '%Ramy U. Kamal%')","SELECT * FROM ""name"" AS n WHERE (n.name LIKE '%Ramy U. Kamal%')",C:\Users\vanya\Documents\DATA_SYS_LAB\test44\final_benchmarks\test42_100k_exportpatch\queries\job_exact\6d.sql
duckdb,job_exact,6d,title,t,1,251455,50291,5.0,under,False,False,"SELECT COUNT(*) FROM ""title"" AS t WHERE (t.production_year > 1999)","SELECT * FROM ""title"" AS t WHERE (t.production_year > 1999)",C:\Users\vanya\Documents\DATA_SYS_LAB\test44\final_benchmarks\test42_100k_exportpatch\queries\job_exact\6d.sql
postgres,job_exact,6d,title,t,1,251455,251455,1.0,exact,False,False,"SELECT COUNT(*) FROM ""title"" AS t WHERE (t.production_year > 1999)","SELECT * FROM ""title"" AS t WHERE (t.production_year > 1999)",C:\Users\vanya\Documents\DATA_SYS_LAB\test44\final_benchmarks\test42_100k_exportpatch\queries\job_exact\6d.sql
duckdb,job_exact,6e,keyword,k,1,1,1,1.0,exact,False,False,"SELECT COUNT(*) FROM ""keyword"" AS k WHERE (k.keyword = 'death')","SELECT * FROM ""keyword"" AS k WHERE (k.keyword = 'death')",C:\Users\vanya\Documents\DATA_SYS_LAB\test44\final_benchmarks\test42_100k_exportpatch\queries\job_exact\6e.sql
postgres,job_exact,6e,keyword,k,1,1,1,1.0,exact,False,False,"SELECT COUNT(*) FROM ""keyword"" AS k WHERE (k.keyword = 'death')","SELECT * FROM ""keyword"" AS k WHERE (k.keyword = 'death')",C:\Users\vanya\Documents\DATA_SYS_LAB\test44\final_benchmarks\test42_100k_exportpatch\queries\job_exact\6e.sql
duckdb,job_exact,6e,name,n,1,1,48000,48000.0,over,False,False,"SELECT COUNT(*) FROM ""name"" AS n WHERE (n.name LIKE '%Ramy U. Kamal%')","SELECT * FROM ""name"" AS n WHERE (n.name LIKE '%Ramy U. Kamal%')",C:\Users\vanya\Documents\DATA_SYS_LAB\test44\final_benchmarks\test42_100k_exportpatch\queries\job_exact\6e.sql
postgres,job_exact,6e,name,n,1,1,24,24.0,over,False,False,"SELECT COUNT(*) FROM ""name"" AS n WHERE (n.name LIKE '%Ramy U. Kamal%')","SELECT * FROM ""name"" AS n WHERE (n.name LIKE '%Ramy U. Kamal%')",C:\Users\vanya\Documents\DATA_SYS_LAB\test44\final_benchmarks\test42_100k_exportpatch\queries\job_exact\6e.sql
duckdb,job_exact,6e,title,t,1,251455,50291,5.0,under,False,False,"SELECT COUNT(*) FROM ""title"" AS t WHERE (t.production_year > 1999)","SELECT * FROM ""title"" AS t WHERE (t.production_year > 1999)",C:\Users\vanya\Documents\DATA_SYS_LAB\test44\final_benchmarks\test42_100k_exportpatch\queries\job_exact\6e.sql
postgres,job_exact,6e,title,t,1,251455,251455,1.0,exact,False,False,"SELECT COUNT(*) FROM ""title"" AS t WHERE (t.production_year > 1999)","SELECT * FROM ""title"" AS t WHERE (t.production_year > 1999)",C:\Users\vanya\Documents\DATA_SYS_LAB\test44\final_benchmarks\test42_100k_exportpatch\queries\job_exact\6e.sql
duckdb,job_exact,6f,keyword,k,1,3,2283,761.0,over,False,False,"SELECT COUNT(*) FROM ""keyword"" AS k WHERE (k.keyword in ('posthumous-release-artistic-pursuit-road-trip',
                    'sequel',
                    'second-part',
                    'marvel-comics',
                    'based-on-comic',
                    'tv-special',
                    'fight',
                    'violence'))","SELECT * FROM ""keyword"" AS k WHERE (k.keyword in ('posthumous-release-artistic-pursuit-road-trip',
                    'sequel',
                    'second-part',
                    'marvel-comics',
                    'based-on-comic',
                    'tv-special',
                    'fight',
                    'violence'))",C:\Users\vanya\Documents\DATA_SYS_LAB\test44\final_benchmarks\test42_100k_exportpatch\queries\job_exact\6f.sql
postgres,job_exact,6f,keyword,k,1,3,8,2.6666666666666665,over,False,False,"SELECT COUNT(*) FROM ""keyword"" AS k WHERE (k.keyword in ('posthumous-release-artistic-pursuit-road-trip',
                    'sequel',
                    'second-part',
                    'marvel-comics',
                    'based-on-comic',
                    'tv-special',
                    'fight',
                    'violence'))","SELECT * FROM ""keyword"" AS k WHERE (k.keyword in ('posthumous-release-artistic-pursuit-road-trip',
                    'sequel',
                    'second-part',
                    'marvel-comics',
                    'based-on-comic',
                    'tv-special',
                    'fight',
                    'violence'))",C:\Users\vanya\Documents\DATA_SYS_LAB\test44\final_benchmarks\test42_100k_exportpatch\queries\job_exact\6f.sql
duckdb,job_exact,6f,title,t,1,251455,50291,5.0,under,False,False,"SELECT COUNT(*) FROM ""title"" AS t WHERE (t.production_year > 1999)","SELECT * FROM ""title"" AS t WHERE (t.production_year > 1999)",C:\Users\vanya\Documents\DATA_SYS_LAB\test44\final_benchmarks\test42_100k_exportpatch\queries\job_exact\6f.sql
postgres,job_exact,6f,title,t,1,251455,251455,1.0,exact,False,False,"SELECT COUNT(*) FROM ""title"" AS t WHERE (t.production_year > 1999)","SELECT * FROM ""title"" AS t WHERE (t.production_year > 1999)",C:\Users\vanya\Documents\DATA_SYS_LAB\test44\final_benchmarks\test42_100k_exportpatch\queries\job_exact\6f.sql
duckdb,job_exact,7a,aka_name,an,1,5,7424,1484.8,over,False,False,"SELECT COUNT(*) FROM ""aka_name"" AS an WHERE (an.name LIKE '%Olivia B%')","SELECT * FROM ""aka_name"" AS an WHERE (an.name LIKE '%Olivia B%')",C:\Users\vanya\Documents\DATA_SYS_LAB\test44\final_benchmarks\test42_100k_exportpatch\queries\job_exact\7a.sql
postgres,job_exact,7a,aka_name,an,1,5,4,1.25,under,False,False,"SELECT COUNT(*) FROM ""aka_name"" AS an WHERE (an.name LIKE '%Olivia B%')","SELECT * FROM ""aka_name"" AS an WHERE (an.name LIKE '%Olivia B%')",C:\Users\vanya\Documents\DATA_SYS_LAB\test44\final_benchmarks\test42_100k_exportpatch\queries\job_exact\7a.sql
duckdb,job_exact,7a,info_type,it,1,1,2,2.0,over,False,False,"SELECT COUNT(*) FROM ""info_type"" AS it WHERE (it.info ='mini biography')","SELECT * FROM ""info_type"" AS it WHERE (it.info ='mini biography')",C:\Users\vanya\Documents\DATA_SYS_LAB\test44\final_benchmarks\test42_100k_exportpatch\queries\job_exact\7a.sql
postgres,job_exact,7a,info_type,it,1,1,1,1.0,exact,False,False,"SELECT COUNT(*) FROM ""info_type"" AS it WHERE (it.info ='mini biography')","SELECT * FROM ""info_type"" AS it WHERE (it.info ='mini biography')",C:\Users\vanya\Documents\DATA_SYS_LAB\test44\final_benchmarks\test42_100k_exportpatch\queries\job_exact\7a.sql
duckdb,job_exact,7a,link_type,lt,1,1,2,2.0,over,False,False,"SELECT COUNT(*) FROM ""link_type"" AS lt WHERE (lt.link ='follows')","SELECT * FROM ""link_type"" AS lt WHERE (lt.link ='follows')",C:\Users\vanya\Documents\DATA_SYS_LAB\test44\final_benchmarks\test42_100k_exportpatch\queries\job_exact\7a.sql
postgres,job_exact,7a,link_type,lt,1,1,1,1.0,exact,False,False,"SELECT COUNT(*) FROM ""link_type"" AS lt WHERE (lt.link ='follows')","SELECT * FROM ""link_type"" AS lt WHERE (lt.link ='follows')",C:\Users\vanya\Documents\DATA_SYS_LAB\test44\final_benchmarks\test42_100k_exportpatch\queries\job_exact\7a.sql
duckdb,job_exact,7a,name,n,1,17503,120000,6.855967548420271,over,False,False,"SELECT COUNT(*) FROM ""name"" AS n WHERE (n.name_pcode_cf BETWEEN 'A' AND 'F'
  AND (n.gender='f'
       OR (n.gender = 'f'
           AND n.name LIKE 'Olivia Zoe Botha%')))","SELECT * FROM ""name"" AS n WHERE (n.name_pcode_cf BETWEEN 'A' AND 'F'
  AND (n.gender='f'
       OR (n.gender = 'f'
           AND n.name LIKE 'Olivia Zoe Botha%')))",C:\Users\vanya\Documents\DATA_SYS_LAB\test44\final_benchmarks\test42_100k_exportpatch\queries\job_exact\7a.sql
postgres,job_exact,7a,name,n,1,17503,17712,1.011940810146832,over,False,False,"SELECT COUNT(*) FROM ""name"" AS n WHERE (n.name_pcode_cf BETWEEN 'A' AND 'F'
  AND (n.gender='f'
       OR (n.gender = 'f'
           AND n.name LIKE 'Olivia Zoe Botha%')))","SELECT * FROM ""name"" AS n WHERE (n.name_pcode_cf BETWEEN 'A' AND 'F'
  AND (n.gender='f'
       OR (n.gender = 'f'
           AND n.name LIKE 'Olivia Zoe Botha%')))",C:\Users\vanya\Documents\DATA_SYS_LAB\test44\final_benchmarks\test42_100k_exportpatch\queries\job_exact\7a.sql
duckdb,job_exact,7a,person_info,pi,1,48000,240009,5.0001875,over,False,False,"SELECT COUNT(*) FROM ""person_info"" AS pi WHERE (pi.note ='Pedro Borges')","SELECT * FROM ""person_info"" AS pi WHERE (pi.note ='Pedro Borges')",C:\Users\vanya\Documents\DATA_SYS_LAB\test44\final_benchmarks\test42_100k_exportpatch\queries\job_exact\7a.sql
postgres,job_exact,7a,person_info,pi,1,48000,48434,1.0090416666666666,over,False,False,"SELECT COUNT(*) FROM ""person_info"" AS pi WHERE (pi.note ='Pedro Borges')","SELECT * FROM ""person_info"" AS pi WHERE (pi.note ='Pedro Borges')",C:\Users\vanya\Documents\DATA_SYS_LAB\test44\final_benchmarks\test42_100k_exportpatch\queries\job_exact\7a.sql
duckdb,job_exact,7b,aka_name,an,1,1,7424,7424.0,over,False,False,"SELECT COUNT(*) FROM ""aka_name"" AS an WHERE (an.name LIKE '%Marcos G%')","SELECT * FROM ""aka_name"" AS an WHERE (an.name LIKE '%Marcos G%')",C:\Users\vanya\Documents\DATA_SYS_LAB\test44\final_benchmarks\test42_100k_exportpatch\queries\job_exact\7b.sql
postgres,job_exact,7b,aka_name,an,1,1,4,4.0,over,False,False,"SELECT COUNT(*) FROM ""aka_name"" AS an WHERE (an.name LIKE '%Marcos G%')","SELECT * FROM ""aka_name"" AS an WHERE (an.name LIKE '%Marcos G%')",C:\Users\vanya\Documents\DATA_SYS_LAB\test44\final_benchmarks\test42_100k_exportpatch\queries\job_exact\7b.sql
duckdb,job_exact,7b,info_type,it,1,1,2,2.0,over,False,False,"SELECT COUNT(*) FROM ""info_type"" AS it WHERE (it.info ='mini biography')","SELECT * FROM ""info_type"" AS it WHERE (it.info ='mini biography')",C:\Users\vanya\Documents\DATA_SYS_LAB\test44\final_benchmarks\test42_100k_exportpatch\queries\job_exact\7b.sql
postgres,job_exact,7b,info_type,it,1,1,1,1.0,exact,False,False,"SELECT COUNT(*) FROM ""info_type"" AS it WHERE (it.info ='mini biography')","SELECT * FROM ""info_type"" AS it WHERE (it.info ='mini biography')",C:\Users\vanya\Documents\DATA_SYS_LAB\test44\final_benchmarks\test42_100k_exportpatch\queries\job_exact\7b.sql
duckdb,job_exact,7b,link_type,lt,1,1,2,2.0,over,False,False,"SELECT COUNT(*) FROM ""link_type"" AS lt WHERE (lt.link ='follows')","SELECT * FROM ""link_type"" AS lt WHERE (lt.link ='follows')",C:\Users\vanya\Documents\DATA_SYS_LAB\test44\final_benchmarks\test42_100k_exportpatch\queries\job_exact\7b.sql
postgres,job_exact,7b,link_type,lt,1,1,1,1.0,exact,False,False,"SELECT COUNT(*) FROM ""link_type"" AS lt WHERE (lt.link ='follows')","SELECT * FROM ""link_type"" AS lt WHERE (lt.link ='follows')",C:\Users\vanya\Documents\DATA_SYS_LAB\test44\final_benchmarks\test42_100k_exportpatch\queries\job_exact\7b.sql
duckdb,job_exact,7b,name,n,2,7,120000,17142.85714285714,over,False,False,"SELECT COUNT(*) FROM ""name"" AS n WHERE (n.name_pcode_cf LIKE 'G4562%') AND (n.gender='m')","SELECT * FROM ""name"" AS n WHERE (n.name_pcode_cf LIKE 'G4562%') AND (n.gender='m')",C:\Users\vanya\Documents\DATA_SYS_LAB\test44\final_benchmarks\test42_100k_exportpatch\queries\job_exact\7b.sql
postgres,job_exact,7b,name,n,2,7,10,1.4285714285714286,over,False,False,"SELECT COUNT(*) FROM ""name"" AS n WHERE (n.name_pcode_cf LIKE 'G4562%') AND (n.gender='m')","SELECT * FROM ""name"" AS n WHERE (n.name_pcode_cf LIKE 'G4562%') AND (n.gender='m')",C:\Users\vanya\Documents\DATA_SYS_LAB\test44\final_benchmarks\test42_100k_exportpatch\queries\job_exact\7b.sql
duckdb,job_exact,7b,person_info,pi,1,48000,240009,5.0001875,over,False,False,"SELECT COUNT(*) FROM ""person_info"" AS pi WHERE (pi.note ='Pedro Borges')","SELECT * FROM ""person_info"" AS pi WHERE (pi.note ='Pedro Borges')",C:\Users\vanya\Documents\DATA_SYS_LAB\test44\final_benchmarks\test42_100k_exportpatch\queries\job_exact\7b.sql
postgres,job_exact,7b,person_info,pi,1,48000,48434,1.0090416666666666,over,False,False,"SELECT COUNT(*) FROM ""person_info"" AS pi WHERE (pi.note ='Pedro Borges')","SELECT * FROM ""person_info"" AS pi WHERE (pi.note ='Pedro Borges')",C:\Users\vanya\Documents\DATA_SYS_LAB\test44\final_benchmarks\test42_100k_exportpatch\queries\job_exact\7b.sql
duckdb,job_exact,7c,aka_name,an,2,27240,7424,3.6691810344827585,under,False,False,"SELECT COUNT(*) FROM ""aka_name"" AS an WHERE (an.name IS NOT NULL) AND (an.name LIKE '%a%'
       OR an.name LIKE 'A%')","SELECT * FROM ""aka_name"" AS an WHERE (an.name IS NOT NULL) AND (an.name LIKE '%a%'
       OR an.name LIKE 'A%')",C:\Users\vanya\Documents\DATA_SYS_LAB\test44\final_benchmarks\test42_100k_exportpatch\queries\job_exact\7c.sql
postgres,job_exact,7c,aka_name,an,2,27240,25343,1.0748530166120822,under,False,False,"SELECT COUNT(*) FROM ""aka_name"" AS an WHERE (an.name IS NOT NULL) AND (an.name LIKE '%a%'
       OR an.name LIKE 'A%')","SELECT * FROM ""aka_name"" AS an WHERE (an.name IS NOT NULL) AND (an.name LIKE '%a%'
       OR an.name LIKE 'A%')",C:\Users\vanya\Documents\DATA_SYS_LAB\test44\final_benchmarks\test42_100k_exportpatch\queries\job_exact\7c.sql
duckdb,job_exact,7c,info_type,it,1,1,2,2.0,over,False,False,"SELECT COUNT(*) FROM ""info_type"" AS it WHERE (it.info ='mini biography')","SELECT * FROM ""info_type"" AS it WHERE (it.info ='mini biography')",C:\Users\vanya\Documents\DATA_SYS_LAB\test44\final_benchmarks\test42_100k_exportpatch\queries\job_exact\7c.sql
postgres,job_exact,7c,info_type,it,1,1,1,1.0,exact,False,False,"SELECT COUNT(*) FROM ""info_type"" AS it WHERE (it.info ='mini biography')","SELECT * FROM ""info_type"" AS it WHERE (it.info ='mini biography')",C:\Users\vanya\Documents\DATA_SYS_LAB\test44\final_benchmarks\test42_100k_exportpatch\queries\job_exact\7c.sql
duckdb,job_exact,7c,link_type,lt,1,4,3,1.3333333333333333,under,False,False,"SELECT COUNT(*) FROM ""link_type"" AS lt WHERE (lt.link in ('references',
                  'referenced in',
                  'features',
                  'featured in'))","SELECT * FROM ""link_type"" AS lt WHERE (lt.link in ('references',
                  'referenced in',
                  'features',
                  'featured in'))",C:\Users\vanya\Documents\DATA_SYS_LAB\test44\final_benchmarks\test42_100k_exportpatch\queries\job_exact\7c.sql
postgres,job_exact,7c,link_type,lt,1,4,4,1.0,exact,False,False,"SELECT COUNT(*) FROM ""link_type"" AS lt WHERE (lt.link in ('references',
                  'referenced in',
                  'features',
                  'featured in'))","SELECT * FROM ""link_type"" AS lt WHERE (lt.link in ('references',
                  'referenced in',
                  'features',
                  'featured in'))",C:\Users\vanya\Documents\DATA_SYS_LAB\test44\final_benchmarks\test42_100k_exportpatch\queries\job_exact\7c.sql
duckdb,job_exact,7c,name,n,1,22062,9600,2.298125,under,False,False,"SELECT COUNT(*) FROM ""name"" AS n WHERE (n.name_pcode_cf BETWEEN 'A' AND 'F'
  AND (n.gender='m'
       OR (n.gender = 'f'
           AND n.name LIKE 'A%')))","SELECT * FROM ""name"" AS n WHERE (n.name_pcode_cf BETWEEN 'A' AND 'F'
  AND (n.gender='m'
       OR (n.gender = 'f'
           AND n.name LIKE 'A%')))",C:\Users\vanya\Documents\DATA_SYS_LAB\test44\final_benchmarks\test42_100k_exportpatch\queries\job_exact\7c.sql
postgres,job_exact,7c,name,n,1,22062,21460,1.0280521901211557,under,False,False,"SELECT COUNT(*) FROM ""name"" AS n WHERE (n.name_pcode_cf BETWEEN 'A' AND 'F'
  AND (n.gender='m'
       OR (n.gender = 'f'
           AND n.name LIKE 'A%')))","SELECT * FROM ""name"" AS n WHERE (n.name_pcode_cf BETWEEN 'A' AND 'F'
  AND (n.gender='m'
       OR (n.gender = 'f'
           AND n.name LIKE 'A%')))",C:\Users\vanya\Documents\DATA_SYS_LAB\test44\final_benchmarks\test42_100k_exportpatch\queries\job_exact\7c.sql
duckdb,job_exact,7c,person_info,pi,1,240000,288010,1.2000416666666667,over,False,False,"SELECT COUNT(*) FROM ""person_info"" AS pi WHERE (pi.note IS NOT NULL)","SELECT * FROM ""person_info"" AS pi WHERE (pi.note IS NOT NULL)",C:\Users\vanya\Documents\DATA_SYS_LAB\test44\final_benchmarks\test42_100k_exportpatch\queries\job_exact\7c.sql
postgres,job_exact,7c,person_info,pi,1,240000,241448,1.0060333333333333,over,False,False,"SELECT COUNT(*) FROM ""person_info"" AS pi WHERE (pi.note IS NOT NULL)","SELECT * FROM ""person_info"" AS pi WHERE (pi.note IS NOT NULL)",C:\Users\vanya\Documents\DATA_SYS_LAB\test44\final_benchmarks\test42_100k_exportpatch\queries\job_exact\7c.sql
duckdb,job_exact,8a,cast_info,ci,1,26369,845,31.205917159763313,under,False,False,"SELECT COUNT(*) FROM ""cast_info"" AS ci WHERE (ci.note ='(uncredited)')","SELECT * FROM ""cast_info"" AS ci WHERE (ci.note ='(uncredited)')",C:\Users\vanya\Documents\DATA_SYS_LAB\test44\final_benchmarks\test42_100k_exportpatch\queries\job_exact\8a.sql
postgres,job_exact,8a,cast_info,ci,1,26369,24377,1.0817163719899905,under,False,False,"SELECT COUNT(*) FROM ""cast_info"" AS ci WHERE (ci.note ='(uncredited)')","SELECT * FROM ""cast_info"" AS ci WHERE (ci.note ='(uncredited)')",C:\Users\vanya\Documents\DATA_SYS_LAB\test44\final_benchmarks\test42_100k_exportpatch\queries\job_exact\8a.sql
duckdb,job_exact,8a,company_name,cn,1,4275,180,23.75,under,False,False,"SELECT COUNT(*) FROM ""company_name"" AS cn WHERE (cn.country_code ='[us]')","SELECT * FROM ""company_name"" AS cn WHERE (cn.country_code ='[us]')",C:\Users\vanya\Documents\DATA_SYS_LAB\test44\final_benchmarks\test42_100k_exportpatch\queries\job_exact\8a.sql
postgres,job_exact,8a,company_name,cn,1,4275,4275,1.0,exact,False,False,"SELECT COUNT(*) FROM ""company_name"" AS cn WHERE (cn.country_code ='[us]')","SELECT * FROM ""company_name"" AS cn WHERE (cn.country_code ='[us]')",C:\Users\vanya\Documents\DATA_SYS_LAB\test44\final_benchmarks\test42_100k_exportpatch\queries\job_exact\8a.sql
duckdb,job_exact,8a,movie_companies,mc,2,87934,89517,1.0180021379671116,over,False,False,"SELECT COUNT(*) FROM ""movie_companies"" AS mc WHERE (mc.note like '%(co-production)%') AND (mc.note not like '%(USA)%')","SELECT * FROM ""movie_companies"" AS mc WHERE (mc.note like '%(co-production)%') AND (mc.note not like '%(USA)%')",C:\Users\vanya\Documents\DATA_SYS_LAB\test44\final_benchmarks\test42_100k_exportpatch\queries\job_exact\8a.sql
postgres,job_exact,8a,movie_companies,mc,2,87934,49021,1.7938026560045695,under,False,False,"SELECT COUNT(*) FROM ""movie_companies"" AS mc WHERE (mc.note like '%(co-production)%') AND (mc.note not like '%(USA)%')","SELECT * FROM ""movie_companies"" AS mc WHERE (mc.note like '%(co-production)%') AND (mc.note not like '%(USA)%')",C:\Users\vanya\Documents\DATA_SYS_LAB\test44\final_benchmarks\test42_100k_exportpatch\queries\job_exact\8a.sql
duckdb,job_exact,8a,name,n1,2,1,48000,48000.0,over,False,False,"SELECT COUNT(*) FROM ""name"" AS n1 WHERE (n1.name like '%Lilian Irene Njeri%') AND (n1.name not like '%Yu%')","SELECT * FROM ""name"" AS n1 WHERE (n1.name like '%Lilian Irene Njeri%') AND (n1.name not like '%Yu%')",C:\Users\vanya\Documents\DATA_SYS_LAB\test44\final_benchmarks\test42_100k_exportpatch\queries\job_exact\8a.sql
postgres,job_exact,8a,name,n1,2,1,24,24.0,over,False,False,"SELECT COUNT(*) FROM ""name"" AS n1 WHERE (n1.name like '%Lilian Irene Njeri%') AND (n1.name not like '%Yu%')","SELECT * FROM ""name"" AS n1 WHERE (n1.name like '%Lilian Irene Njeri%') AND (n1.name not like '%Yu%')",C:\Users\vanya\Documents\DATA_SYS_LAB\test44\final_benchmarks\test42_100k_exportpatch\queries\job_exact\8a.sql
duckdb,job_exact,8a,role_type,rt,1,1,1,1.0,exact,False,False,"SELECT COUNT(*) FROM ""role_type"" AS rt WHERE (rt.role ='actress')","SELECT * FROM ""role_type"" AS rt WHERE (rt.role ='actress')",C:\Users\vanya\Documents\DATA_SYS_LAB\test44\final_benchmarks\test42_100k_exportpatch\queries\job_exact\8a.sql
postgres,job_exact,8a,role_type,rt,1,1,1,1.0,exact,False,False,"SELECT COUNT(*) FROM ""role_type"" AS rt WHERE (rt.role ='actress')","SELECT * FROM ""role_type"" AS rt WHERE (rt.role ='actress')",C:\Users\vanya\Documents\DATA_SYS_LAB\test44\final_benchmarks\test42_100k_exportpatch\queries\job_exact\8a.sql
duckdb,job_exact,8b,cast_info,ci,1,100000,845,118.34319526627219,under,False,False,"SELECT COUNT(*) FROM ""cast_info"" AS ci WHERE (ci.note ='(editor)')","SELECT * FROM ""cast_info"" AS ci WHERE (ci.note ='(editor)')",C:\Users\vanya\Documents\DATA_SYS_LAB\test44\final_benchmarks\test42_100k_exportpatch\queries\job_exact\8b.sql
postgres,job_exact,8b,cast_info,ci,1,100000,104607,1.04607,over,False,False,"SELECT COUNT(*) FROM ""cast_info"" AS ci WHERE (ci.note ='(editor)')","SELECT * FROM ""cast_info"" AS ci WHERE (ci.note ='(editor)')",C:\Users\vanya\Documents\DATA_SYS_LAB\test44\final_benchmarks\test42_100k_exportpatch\queries\job_exact\8b.sql
duckdb,job_exact,8b,company_name,cn,1,4275,180,23.75,under,False,False,"SELECT COUNT(*) FROM ""company_name"" AS cn WHERE (cn.country_code ='[us]')","SELECT * FROM ""company_name"" AS cn WHERE (cn.country_code ='[us]')",C:\Users\vanya\Documents\DATA_SYS_LAB\test44\final_benchmarks\test42_100k_exportpatch\queries\job_exact\8b.sql
postgres,job_exact,8b,company_name,cn,1,4275,4275,1.0,exact,False,False,"SELECT COUNT(*) FROM ""company_name"" AS cn WHERE (cn.country_code ='[us]')","SELECT * FROM ""company_name"" AS cn WHERE (cn.country_code ='[us]')",C:\Users\vanya\Documents\DATA_SYS_LAB\test44\final_benchmarks\test42_100k_exportpatch\queries\job_exact\8b.sql
duckdb,job_exact,8b,movie_companies,mc,3,29,89517,3086.793103448276,over,False,False,"SELECT COUNT(*) FROM ""movie_companies"" AS mc WHERE (mc.note like '%(2000) (Germany) (video)%') AND (mc.note not like '%(USA)%') AND (mc.note like '%(2000) (Germany) (video)%'
       OR mc.note like '%(2000) (Germany) (video)%')","SELECT * FROM ""movie_companies"" AS mc WHERE (mc.note like '%(2000) (Germany) (video)%') AND (mc.note not like '%(USA)%') AND (mc.note like '%(2000) (Germany) (video)%'
       OR mc.note like '%(2000) (Germany) (video)%')",C:\Users\vanya\Documents\DATA_SYS_LAB\test44\final_benchmarks\test42_100k_exportpatch\queries\job_exact\8b.sql
postgres,job_exact,8b,movie_companies,mc,3,29,1,29.0,under,False,False,"SELECT COUNT(*) FROM ""movie_companies"" AS mc WHERE (mc.note like '%(2000) (Germany) (video)%') AND (mc.note not like '%(USA)%') AND (mc.note like '%(2000) (Germany) (video)%'
       OR mc.note like '%(2000) (Germany) (video)%')","SELECT * FROM ""movie_companies"" AS mc WHERE (mc.note like '%(2000) (Germany) (video)%') AND (mc.note not like '%(USA)%') AND (mc.note like '%(2000) (Germany) (video)%'
       OR mc.note like '%(2000) (Germany) (video)%')",C:\Users\vanya\Documents\DATA_SYS_LAB\test44\final_benchmarks\test42_100k_exportpatch\queries\job_exact\8b.sql
duckdb,job_exact,8b,name,n,2,1,48000,48000.0,over,False,False,"SELECT COUNT(*) FROM ""name"" AS n WHERE (n.name like '%Hala Mona El-Sayed%') AND (n.name not like '%Yu%')","SELECT * FROM ""name"" AS n WHERE (n.name like '%Hala Mona El-Sayed%') AND (n.name not like '%Yu%')",C:\Users\vanya\Documents\DATA_SYS_LAB\test44\final_benchmarks\test42_100k_exportpatch\queries\job_exact\8b.sql
postgres,job_exact,8b,name,n,2,1,24,24.0,over,False,False,"SELECT COUNT(*) FROM ""name"" AS n WHERE (n.name like '%Hala Mona El-Sayed%') AND (n.name not like '%Yu%')","SELECT * FROM ""name"" AS n WHERE (n.name like '%Hala Mona El-Sayed%') AND (n.name not like '%Yu%')",C:\Users\vanya\Documents\DATA_SYS_LAB\test44\final_benchmarks\test42_100k_exportpatch\queries\job_exact\8b.sql
duckdb,job_exact,8b,role_type,rt,1,1,1,1.0,exact,False,False,"SELECT COUNT(*) FROM ""role_type"" AS rt WHERE (rt.role ='editor')","SELECT * FROM ""role_type"" AS rt WHERE (rt.role ='editor')",C:\Users\vanya\Documents\DATA_SYS_LAB\test44\final_benchmarks\test42_100k_exportpatch\queries\job_exact\8b.sql
postgres,job_exact,8b,role_type,rt,1,1,1,1.0,exact,False,False,"SELECT COUNT(*) FROM ""role_type"" AS rt WHERE (rt.role ='editor')","SELECT * FROM ""role_type"" AS rt WHERE (rt.role ='editor')",C:\Users\vanya\Documents\DATA_SYS_LAB\test44\final_benchmarks\test42_100k_exportpatch\queries\job_exact\8b.sql
duckdb,job_exact,8b,title,t,1,1,50291,50291.0,over,False,False,"SELECT COUNT(*) FROM ""title"" AS t WHERE (t.production_year BETWEEN 1999 AND 2000
  AND (t.title like 'Silence at Zone: Endgame%'
       OR t.title like 'Silence at Zone: Endgame%'))","SELECT * FROM ""title"" AS t WHERE (t.production_year BETWEEN 1999 AND 2000
  AND (t.title like 'Silence at Zone: Endgame%'
       OR t.title like 'Silence at Zone: Endgame%'))",C:\Users\vanya\Documents\DATA_SYS_LAB\test44\final_benchmarks\test42_100k_exportpatch\queries\job_exact\8b.sql
postgres,job_exact,8b,title,t,1,1,1,1.0,exact,False,False,"SELECT COUNT(*) FROM ""title"" AS t WHERE (t.production_year BETWEEN 1999 AND 2000
  AND (t.title like 'Silence at Zone: Endgame%'
       OR t.title like 'Silence at Zone: Endgame%'))","SELECT * FROM ""title"" AS t WHERE (t.production_year BETWEEN 1999 AND 2000
  AND (t.title like 'Silence at Zone: Endgame%'
       OR t.title like 'Silence at Zone: Endgame%'))",C:\Users\vanya\Documents\DATA_SYS_LAB\test44\final_benchmarks\test42_100k_exportpatch\queries\job_exact\8b.sql
duckdb,job_exact,8c,company_name,cn,1,4275,180,23.75,under,False,False,"SELECT COUNT(*) FROM ""company_name"" AS cn WHERE (cn.country_code ='[us]')","SELECT * FROM ""company_name"" AS cn WHERE (cn.country_code ='[us]')",C:\Users\vanya\Documents\DATA_SYS_LAB\test44\final_benchmarks\test42_100k_exportpatch\queries\job_exact\8c.sql
postgres,job_exact,8c,company_name,cn,1,4275,4275,1.0,exact,False,False,"SELECT COUNT(*) FROM ""company_name"" AS cn WHERE (cn.country_code ='[us]')","SELECT * FROM ""company_name"" AS cn WHERE (cn.country_code ='[us]')",C:\Users\vanya\Documents\DATA_SYS_LAB\test44\final_benchmarks\test42_100k_exportpatch\queries\job_exact\8c.sql
duckdb,job_exact,8c,role_type,rt,1,1,1,1.0,exact,False,False,"SELECT COUNT(*) FROM ""role_type"" AS rt WHERE (rt.role ='actor')","SELECT * FROM ""role_type"" AS rt WHERE (rt.role ='actor')",C:\Users\vanya\Documents\DATA_SYS_LAB\test44\final_benchmarks\test42_100k_exportpatch\queries\job_exact\8c.sql
postgres,job_exact,8c,role_type,rt,1,1,1,1.0,exact,False,False,"SELECT COUNT(*) FROM ""role_type"" AS rt WHERE (rt.role ='actor')","SELECT * FROM ""role_type"" AS rt WHERE (rt.role ='actor')",C:\Users\vanya\Documents\DATA_SYS_LAB\test44\final_benchmarks\test42_100k_exportpatch\queries\job_exact\8c.sql
duckdb,job_exact,8d,company_name,cn,1,4275,180,23.75,under,False,False,"SELECT COUNT(*) FROM ""company_name"" AS cn WHERE (cn.country_code ='[us]')","SELECT * FROM ""company_name"" AS cn WHERE (cn.country_code ='[us]')",C:\Users\vanya\Documents\DATA_SYS_LAB\test44\final_benchmarks\test42_100k_exportpatch\queries\job_exact\8d.sql
postgres,job_exact,8d,company_name,cn,1,4275,4275,1.0,exact,False,False,"SELECT COUNT(*) FROM ""company_name"" AS cn WHERE (cn.country_code ='[us]')","SELECT * FROM ""company_name"" AS cn WHERE (cn.country_code ='[us]')",C:\Users\vanya\Documents\DATA_SYS_LAB\test44\final_benchmarks\test42_100k_exportpatch\queries\job_exact\8d.sql
duckdb,job_exact,8d,role_type,rt,1,1,1,1.0,exact,False,False,"SELECT COUNT(*) FROM ""role_type"" AS rt WHERE (rt.role ='actor')","SELECT * FROM ""role_type"" AS rt WHERE (rt.role ='actor')",C:\Users\vanya\Documents\DATA_SYS_LAB\test44\final_benchmarks\test42_100k_exportpatch\queries\job_exact\8d.sql
postgres,job_exact,8d,role_type,rt,1,1,1,1.0,exact,False,False,"SELECT COUNT(*) FROM ""role_type"" AS rt WHERE (rt.role ='actor')","SELECT * FROM ""role_type"" AS rt WHERE (rt.role ='actor')",C:\Users\vanya\Documents\DATA_SYS_LAB\test44\final_benchmarks\test42_100k_exportpatch\queries\job_exact\8d.sql
duckdb,job_exact,9a,cast_info,ci,1,25892,560392,21.6434419898038,over,False,False,"SELECT COUNT(*) FROM ""cast_info"" AS ci WHERE (ci.note in ('(as Thanawat Z. Nattapong)',
                  '(voice: Japanese version)',
                  '(voice) (uncredited)',
                  '(voice: English version)'))","SELECT * FROM ""cast_info"" AS ci WHERE (ci.note in ('(as Thanawat Z. Nattapong)',
                  '(voice: Japanese version)',
                  '(voice) (uncredited)',
                  '(voice: English version)'))",C:\Users\vanya\Documents\DATA_SYS_LAB\test44\final_benchmarks\test42_100k_exportpatch\queries\job_exact\9a.sql
postgres,job_exact,9a,cast_info,ci,1,25892,26053,1.0062181368762553,over,False,False,"SELECT COUNT(*) FROM ""cast_info"" AS ci WHERE (ci.note in ('(as Thanawat Z. Nattapong)',
                  '(voice: Japanese version)',
                  '(voice) (uncredited)',
                  '(voice: English version)'))","SELECT * FROM ""cast_info"" AS ci WHERE (ci.note in ('(as Thanawat Z. Nattapong)',
                  '(voice: Japanese version)',
                  '(voice) (uncredited)',
                  '(voice: English version)'))",C:\Users\vanya\Documents\DATA_SYS_LAB\test44\final_benchmarks\test42_100k_exportpatch\queries\job_exact\9a.sql
duckdb,job_exact,9a,company_name,cn,1,4275,180,23.75,under,False,False,"SELECT COUNT(*) FROM ""company_name"" AS cn WHERE (cn.country_code ='[us]')","SELECT * FROM ""company_name"" AS cn WHERE (cn.country_code ='[us]')",C:\Users\vanya\Documents\DATA_SYS_LAB\test44\final_benchmarks\test42_100k_exportpatch\queries\job_exact\9a.sql
postgres,job_exact,9a,company_name,cn,1,4275,4275,1.0,exact,False,False,"SELECT COUNT(*) FROM ""company_name"" AS cn WHERE (cn.country_code ='[us]')","SELECT * FROM ""company_name"" AS cn WHERE (cn.country_code ='[us]')",C:\Users\vanya\Documents\DATA_SYS_LAB\test44\final_benchmarks\test42_100k_exportpatch\queries\job_exact\9a.sql
duckdb,job_exact,9a,movie_companies,mc,2,87934,89517,1.0180021379671116,over,False,False,"SELECT COUNT(*) FROM ""movie_companies"" AS mc WHERE (mc.note IS NOT NULL) AND (mc.note like '%(co-production)%'
       OR mc.note like '%(co-production)%')","SELECT * FROM ""movie_companies"" AS mc WHERE (mc.note IS NOT NULL) AND (mc.note like '%(co-production)%'
       OR mc.note like '%(co-production)%')",C:\Users\vanya\Documents\DATA_SYS_LAB\test44\final_benchmarks\test42_100k_exportpatch\queries\job_exact\9a.sql
postgres,job_exact,9a,movie_companies,mc,2,87934,50825,1.730132808657157,under,False,False,"SELECT COUNT(*) FROM ""movie_companies"" AS mc WHERE (mc.note IS NOT NULL) AND (mc.note like '%(co-production)%'
       OR mc.note like '%(co-production)%')","SELECT * FROM ""movie_companies"" AS mc WHERE (mc.note IS NOT NULL) AND (mc.note like '%(co-production)%'
       OR mc.note like '%(co-production)%')",C:\Users\vanya\Documents\DATA_SYS_LAB\test44\final_benchmarks\test42_100k_exportpatch\queries\job_exact\9a.sql
duckdb,job_exact,9a,name,n,2,1,120000,120000.0,over,False,False,"SELECT COUNT(*) FROM ""name"" AS n WHERE (n.gender ='m') AND (n.name like '%Artem Denis Makarov%')","SELECT * FROM ""name"" AS n WHERE (n.gender ='m') AND (n.name like '%Artem Denis Makarov%')",C:\Users\vanya\Documents\DATA_SYS_LAB\test44\final_benchmarks\test42_100k_exportpatch\queries\job_exact\9a.sql
postgres,job_exact,9a,name,n,2,1,13,13.0,over,False,False,"SELECT COUNT(*) FROM ""name"" AS n WHERE (n.gender ='m') AND (n.name like '%Artem Denis Makarov%')","SELECT * FROM ""name"" AS n WHERE (n.gender ='m') AND (n.name like '%Artem Denis Makarov%')",C:\Users\vanya\Documents\DATA_SYS_LAB\test44\final_benchmarks\test42_100k_exportpatch\queries\job_exact\9a.sql
duckdb,job_exact,9a,role_type,rt,1,1,1,1.0,exact,False,False,"SELECT COUNT(*) FROM ""role_type"" AS rt WHERE (rt.role ='actor')","SELECT * FROM ""role_type"" AS rt WHERE (rt.role ='actor')",C:\Users\vanya\Documents\DATA_SYS_LAB\test44\final_benchmarks\test42_100k_exportpatch\queries\job_exact\9a.sql
postgres,job_exact,9a,role_type,rt,1,1,1,1.0,exact,False,False,"SELECT COUNT(*) FROM ""role_type"" AS rt WHERE (rt.role ='actor')","SELECT * FROM ""role_type"" AS rt WHERE (rt.role ='actor')",C:\Users\vanya\Documents\DATA_SYS_LAB\test44\final_benchmarks\test42_100k_exportpatch\queries\job_exact\9a.sql
duckdb,job_exact,9b,cast_info,ci,1,26369,845,31.205917159763313,under,False,False,"SELECT COUNT(*) FROM ""cast_info"" AS ci WHERE (ci.note = '(uncredited)')","SELECT * FROM ""cast_info"" AS ci WHERE (ci.note = '(uncredited)')",C:\Users\vanya\Documents\DATA_SYS_LAB\test44\final_benchmarks\test42_100k_exportpatch\queries\job_exact\9b.sql
postgres,job_exact,9b,cast_info,ci,1,26369,24377,1.0817163719899905,under,False,False,"SELECT COUNT(*) FROM ""cast_info"" AS ci WHERE (ci.note = '(uncredited)')","SELECT * FROM ""cast_info"" AS ci WHERE (ci.note = '(uncredited)')",C:\Users\vanya\Documents\DATA_SYS_LAB\test44\final_benchmarks\test42_100k_exportpatch\queries\job_exact\9b.sql
duckdb,job_exact,9b,company_name,cn,1,4275,180,23.75,under,False,False,"SELECT COUNT(*) FROM ""company_name"" AS cn WHERE (cn.country_code ='[us]')","SELECT * FROM ""company_name"" AS cn WHERE (cn.country_code ='[us]')",C:\Users\vanya\Documents\DATA_SYS_LAB\test44\final_benchmarks\test42_100k_exportpatch\queries\job_exact\9b.sql
postgres,job_exact,9b,company_name,cn,1,4275,4275,1.0,exact,False,False,"SELECT COUNT(*) FROM ""company_name"" AS cn WHERE (cn.country_code ='[us]')","SELECT * FROM ""company_name"" AS cn WHERE (cn.country_code ='[us]')",C:\Users\vanya\Documents\DATA_SYS_LAB\test44\final_benchmarks\test42_100k_exportpatch\queries\job_exact\9b.sql
duckdb,job_exact,9b,movie_companies,mc,2,87934,89517,1.0180021379671116,over,False,False,"SELECT COUNT(*) FROM ""movie_companies"" AS mc WHERE (mc.note like '%(co-production)%') AND (mc.note like '%(co-production)%'
       OR mc.note like '%(co-production)%')","SELECT * FROM ""movie_companies"" AS mc WHERE (mc.note like '%(co-production)%') AND (mc.note like '%(co-production)%'
       OR mc.note like '%(co-production)%')",C:\Users\vanya\Documents\DATA_SYS_LAB\test44\final_benchmarks\test42_100k_exportpatch\queries\job_exact\9b.sql
postgres,job_exact,9b,movie_companies,mc,2,87934,17249,5.097918719925793,under,False,False,"SELECT COUNT(*) FROM ""movie_companies"" AS mc WHERE (mc.note like '%(co-production)%') AND (mc.note like '%(co-production)%'
       OR mc.note like '%(co-production)%')","SELECT * FROM ""movie_companies"" AS mc WHERE (mc.note like '%(co-production)%') AND (mc.note like '%(co-production)%'
       OR mc.note like '%(co-production)%')",C:\Users\vanya\Documents\DATA_SYS_LAB\test44\final_benchmarks\test42_100k_exportpatch\queries\job_exact\9b.sql
duckdb,job_exact,9b,name,n,2,1,120000,120000.0,over,False,False,"SELECT COUNT(*) FROM ""name"" AS n WHERE (n.gender ='f') AND (n.name like '%Mercy Mary Njoroge%')","SELECT * FROM ""name"" AS n WHERE (n.gender ='f') AND (n.name like '%Mercy Mary Njoroge%')",C:\Users\vanya\Documents\DATA_SYS_LAB\test44\final_benchmarks\test42_100k_exportpatch\queries\job_exact\9b.sql
postgres,job_exact,9b,name,n,2,1,11,11.0,over,False,False,"SELECT COUNT(*) FROM ""name"" AS n WHERE (n.gender ='f') AND (n.name like '%Mercy Mary Njoroge%')","SELECT * FROM ""name"" AS n WHERE (n.gender ='f') AND (n.name like '%Mercy Mary Njoroge%')",C:\Users\vanya\Documents\DATA_SYS_LAB\test44\final_benchmarks\test42_100k_exportpatch\queries\job_exact\9b.sql
duckdb,job_exact,9b,role_type,rt,1,1,1,1.0,exact,False,False,"SELECT COUNT(*) FROM ""role_type"" AS rt WHERE (rt.role ='actress')","SELECT * FROM ""role_type"" AS rt WHERE (rt.role ='actress')",C:\Users\vanya\Documents\DATA_SYS_LAB\test44\final_benchmarks\test42_100k_exportpatch\queries\job_exact\9b.sql
postgres,job_exact,9b,role_type,rt,1,1,1,1.0,exact,False,False,"SELECT COUNT(*) FROM ""role_type"" AS rt WHERE (rt.role ='actress')","SELECT * FROM ""role_type"" AS rt WHERE (rt.role ='actress')",C:\Users\vanya\Documents\DATA_SYS_LAB\test44\final_benchmarks\test42_100k_exportpatch\queries\job_exact\9b.sql
duckdb,job_exact,9c,cast_info,ci,1,51584,560392,10.863678660049628,over,False,False,"SELECT COUNT(*) FROM ""cast_info"" AS ci WHERE (ci.note in ('(voice)',
                  '(voice: Japanese version)',
                  '(voice) (uncredited)',
                  '(voice: English version)'))","SELECT * FROM ""cast_info"" AS ci WHERE (ci.note in ('(voice)',
                  '(voice: Japanese version)',
                  '(voice) (uncredited)',
                  '(voice: English version)'))",C:\Users\vanya\Documents\DATA_SYS_LAB\test44\final_benchmarks\test42_100k_exportpatch\queries\job_exact\9c.sql
postgres,job_exact,9c,cast_info,ci,1,51584,52487,1.0175054280397022,over,False,False,"SELECT COUNT(*) FROM ""cast_info"" AS ci WHERE (ci.note in ('(voice)',
                  '(voice: Japanese version)',
                  '(voice) (uncredited)',
                  '(voice: English version)'))","SELECT * FROM ""cast_info"" AS ci WHERE (ci.note in ('(voice)',
                  '(voice: Japanese version)',
                  '(voice) (uncredited)',
                  '(voice: English version)'))",C:\Users\vanya\Documents\DATA_SYS_LAB\test44\final_benchmarks\test42_100k_exportpatch\queries\job_exact\9c.sql
duckdb,job_exact,9c,company_name,cn,1,4275,180,23.75,under,False,False,"SELECT COUNT(*) FROM ""company_name"" AS cn WHERE (cn.country_code ='[us]')","SELECT * FROM ""company_name"" AS cn WHERE (cn.country_code ='[us]')",C:\Users\vanya\Documents\DATA_SYS_LAB\test44\final_benchmarks\test42_100k_exportpatch\queries\job_exact\9c.sql
postgres,job_exact,9c,company_name,cn,1,4275,4275,1.0,exact,False,False,"SELECT COUNT(*) FROM ""company_name"" AS cn WHERE (cn.country_code ='[us]')","SELECT * FROM ""company_name"" AS cn WHERE (cn.country_code ='[us]')",C:\Users\vanya\Documents\DATA_SYS_LAB\test44\final_benchmarks\test42_100k_exportpatch\queries\job_exact\9c.sql
duckdb,job_exact,9c,name,n,2,4062,120000,29.542097488921712,over,False,False,"SELECT COUNT(*) FROM ""name"" AS n WHERE (n.gender ='f') AND (n.name like '%An%')","SELECT * FROM ""name"" AS n WHERE (n.gender ='f') AND (n.name like '%An%')",C:\Users\vanya\Documents\DATA_SYS_LAB\test44\final_benchmarks\test42_100k_exportpatch\queries\job_exact\9c.sql
postgres,job_exact,9c,name,n,2,4062,5454,1.3426883308714919,over,False,False,"SELECT COUNT(*) FROM ""name"" AS n WHERE (n.gender ='f') AND (n.name like '%An%')","SELECT * FROM ""name"" AS n WHERE (n.gender ='f') AND (n.name like '%An%')",C:\Users\vanya\Documents\DATA_SYS_LAB\test44\final_benchmarks\test42_100k_exportpatch\queries\job_exact\9c.sql
duckdb,job_exact,9c,role_type,rt,1,1,1,1.0,exact,False,False,"SELECT COUNT(*) FROM ""role_type"" AS rt WHERE (rt.role ='actress')","SELECT * FROM ""role_type"" AS rt WHERE (rt.role ='actress')",C:\Users\vanya\Documents\DATA_SYS_LAB\test44\final_benchmarks\test42_100k_exportpatch\queries\job_exact\9c.sql
postgres,job_exact,9c,role_type,rt,1,1,1,1.0,exact,False,False,"SELECT COUNT(*) FROM ""role_type"" AS rt WHERE (rt.role ='actress')","SELECT * FROM ""role_type"" AS rt WHERE (rt.role ='actress')",C:\Users\vanya\Documents\DATA_SYS_LAB\test44\final_benchmarks\test42_100k_exportpatch\queries\job_exact\9c.sql
duckdb,job_exact,9d,cast_info,ci,1,52260,560392,10.72315346345197,over,False,False,"SELECT COUNT(*) FROM ""cast_info"" AS ci WHERE (ci.note in ('(uncredited)',
                  '(voice: Japanese version)',
                  '(voice) (uncredited)',
                  '(voice: English version)'))","SELECT * FROM ""cast_info"" AS ci WHERE (ci.note in ('(uncredited)',
                  '(voice: Japanese version)',
                  '(voice) (uncredited)',
                  '(voice: English version)'))",C:\Users\vanya\Documents\DATA_SYS_LAB\test44\final_benchmarks\test42_100k_exportpatch\queries\job_exact\9d.sql
postgres,job_exact,9d,cast_info,ci,1,52260,50339,1.038161266612368,under,False,False,"SELECT COUNT(*) FROM ""cast_info"" AS ci WHERE (ci.note in ('(uncredited)',
                  '(voice: Japanese version)',
                  '(voice) (uncredited)',
                  '(voice: English version)'))","SELECT * FROM ""cast_info"" AS ci WHERE (ci.note in ('(uncredited)',
                  '(voice: Japanese version)',
                  '(voice) (uncredited)',
                  '(voice: English version)'))",C:\Users\vanya\Documents\DATA_SYS_LAB\test44\final_benchmarks\test42_100k_exportpatch\queries\job_exact\9d.sql
duckdb,job_exact,9d,company_name,cn,1,4275,180,23.75,under,False,False,"SELECT COUNT(*) FROM ""company_name"" AS cn WHERE (cn.country_code ='[us]')","SELECT * FROM ""company_name"" AS cn WHERE (cn.country_code ='[us]')",C:\Users\vanya\Documents\DATA_SYS_LAB\test44\final_benchmarks\test42_100k_exportpatch\queries\job_exact\9d.sql
postgres,job_exact,9d,company_name,cn,1,4275,4275,1.0,exact,False,False,"SELECT COUNT(*) FROM ""company_name"" AS cn WHERE (cn.country_code ='[us]')","SELECT * FROM ""company_name"" AS cn WHERE (cn.country_code ='[us]')",C:\Users\vanya\Documents\DATA_SYS_LAB\test44\final_benchmarks\test42_100k_exportpatch\queries\job_exact\9d.sql
duckdb,job_exact,9d,name,n,1,124894,120000,1.0407833333333334,under,False,False,"SELECT COUNT(*) FROM ""name"" AS n WHERE (n.gender ='m')","SELECT * FROM ""name"" AS n WHERE (n.gender ='m')",C:\Users\vanya\Documents\DATA_SYS_LAB\test44\final_benchmarks\test42_100k_exportpatch\queries\job_exact\9d.sql
postgres,job_exact,9d,name,n,1,124894,125088,1.0015533172129967,over,False,False,"SELECT COUNT(*) FROM ""name"" AS n WHERE (n.gender ='m')","SELECT * FROM ""name"" AS n WHERE (n.gender ='m')",C:\Users\vanya\Documents\DATA_SYS_LAB\test44\final_benchmarks\test42_100k_exportpatch\queries\job_exact\9d.sql
duckdb,job_exact,9d,role_type,rt,1,1,1,1.0,exact,False,False,"SELECT COUNT(*) FROM ""role_type"" AS rt WHERE (rt.role ='actor')","SELECT * FROM ""role_type"" AS rt WHERE (rt.role ='actor')",C:\Users\vanya\Documents\DATA_SYS_LAB\test44\final_benchmarks\test42_100k_exportpatch\queries\job_exact\9d.sql
postgres,job_exact,9d,role_type,rt,1,1,1,1.0,exact,False,False,"SELECT COUNT(*) FROM ""role_type"" AS rt WHERE (rt.role ='actor')","SELECT * FROM ""role_type"" AS rt WHERE (rt.role ='actor')",C:\Users\vanya\Documents\DATA_SYS_LAB\test44\final_benchmarks\test42_100k_exportpatch\queries\job_exact\9d.sql
duckdb,job_exact,10a,cast_info,ci,2,39274,560392,14.268778326628304,over,False,False,"SELECT COUNT(*) FROM ""cast_info"" AS ci WHERE (ci.note like '%(uncredited)%') AND (ci.note like '%(uncredited)%')","SELECT * FROM ""cast_info"" AS ci WHERE (ci.note like '%(uncredited)%') AND (ci.note like '%(uncredited)%')",C:\Users\vanya\Documents\DATA_SYS_LAB\test44\final_benchmarks\test42_100k_exportpatch\queries\job_exact\10a.sql
postgres,job_exact,10a,cast_info,ci,2,39274,491,79.9877800407332,under,False,False,"SELECT COUNT(*) FROM ""cast_info"" AS ci WHERE (ci.note like '%(uncredited)%') AND (ci.note like '%(uncredited)%')","SELECT * FROM ""cast_info"" AS ci WHERE (ci.note like '%(uncredited)%') AND (ci.note like '%(uncredited)%')",C:\Users\vanya\Documents\DATA_SYS_LAB\test44\final_benchmarks\test42_100k_exportpatch\queries\job_exact\10a.sql
duckdb,job_exact,10a,company_name,cn,1,4275,180,23.75,under,False,False,"SELECT COUNT(*) FROM ""company_name"" AS cn WHERE (cn.country_code = '[us]')","SELECT * FROM ""company_name"" AS cn WHERE (cn.country_code = '[us]')",C:\Users\vanya\Documents\DATA_SYS_LAB\test44\final_benchmarks\test42_100k_exportpatch\queries\job_exact\10a.sql
postgres,job_exact,10a,company_name,cn,1,4275,4275,1.0,exact,False,False,"SELECT COUNT(*) FROM ""company_name"" AS cn WHERE (cn.country_code = '[us]')","SELECT * FROM ""company_name"" AS cn WHERE (cn.country_code = '[us]')",C:\Users\vanya\Documents\DATA_SYS_LAB\test44\final_benchmarks\test42_100k_exportpatch\queries\job_exact\10a.sql
duckdb,job_exact,10a,role_type,rt,1,1,1,1.0,exact,False,False,"SELECT COUNT(*) FROM ""role_type"" AS rt WHERE (rt.role = 'actor')","SELECT * FROM ""role_type"" AS rt WHERE (rt.role = 'actor')",C:\Users\vanya\Documents\DATA_SYS_LAB\test44\final_benchmarks\test42_100k_exportpatch\queries\job_exact\10a.sql
postgres,job_exact,10a,role_type,rt,1,1,1,1.0,exact,False,False,"SELECT COUNT(*) FROM ""role_type"" AS rt WHERE (rt.role = 'actor')","SELECT * FROM ""role_type"" AS rt WHERE (rt.role = 'actor')",C:\Users\vanya\Documents\DATA_SYS_LAB\test44\final_benchmarks\test42_100k_exportpatch\queries\job_exact\10a.sql
duckdb,job_exact,10a,title,t,1,245352,50291,4.878646278658209,under,False,False,"SELECT COUNT(*) FROM ""title"" AS t WHERE (t.production_year > 2003)","SELECT * FROM ""title"" AS t WHERE (t.production_year > 2003)",C:\Users\vanya\Documents\DATA_SYS_LAB\test44\final_benchmarks\test42_100k_exportpatch\queries\job_exact\10a.sql
postgres,job_exact,10a,title,t,1,245352,245387,1.0001426521895074,over,False,False,"SELECT COUNT(*) FROM ""title"" AS t WHERE (t.production_year > 2003)","SELECT * FROM ""title"" AS t WHERE (t.production_year > 2003)",C:\Users\vanya\Documents\DATA_SYS_LAB\test44\final_benchmarks\test42_100k_exportpatch\queries\job_exact\10a.sql
duckdb,job_exact,10b,cast_info,ci,1,39274,560392,14.268778326628304,over,False,False,"SELECT COUNT(*) FROM ""cast_info"" AS ci WHERE (ci.note like '%(uncredited)%')","SELECT * FROM ""cast_info"" AS ci WHERE (ci.note like '%(uncredited)%')",C:\Users\vanya\Documents\DATA_SYS_LAB\test44\final_benchmarks\test42_100k_exportpatch\queries\job_exact\10b.sql
postgres,job_exact,10b,cast_info,ci,1,39274,37082,1.0591122377433795,under,False,False,"SELECT COUNT(*) FROM ""cast_info"" AS ci WHERE (ci.note like '%(uncredited)%')","SELECT * FROM ""cast_info"" AS ci WHERE (ci.note like '%(uncredited)%')",C:\Users\vanya\Documents\DATA_SYS_LAB\test44\final_benchmarks\test42_100k_exportpatch\queries\job_exact\10b.sql
duckdb,job_exact,10b,company_name,cn,1,4275,180,23.75,under,False,False,"SELECT COUNT(*) FROM ""company_name"" AS cn WHERE (cn.country_code = '[us]')","SELECT * FROM ""company_name"" AS cn WHERE (cn.country_code = '[us]')",C:\Users\vanya\Documents\DATA_SYS_LAB\test44\final_benchmarks\test42_100k_exportpatch\queries\job_exact\10b.sql
postgres,job_exact,10b,company_name,cn,1,4275,4275,1.0,exact,False,False,"SELECT COUNT(*) FROM ""company_name"" AS cn WHERE (cn.country_code = '[us]')","SELECT * FROM ""company_name"" AS cn WHERE (cn.country_code = '[us]')",C:\Users\vanya\Documents\DATA_SYS_LAB\test44\final_benchmarks\test42_100k_exportpatch\queries\job_exact\10b.sql
duckdb,job_exact,10b,role_type,rt,1,1,1,1.0,exact,False,False,"SELECT COUNT(*) FROM ""role_type"" AS rt WHERE (rt.role = 'actor')","SELECT * FROM ""role_type"" AS rt WHERE (rt.role = 'actor')",C:\Users\vanya\Documents\DATA_SYS_LAB\test44\final_benchmarks\test42_100k_exportpatch\queries\job_exact\10b.sql
postgres,job_exact,10b,role_type,rt,1,1,1,1.0,exact,False,False,"SELECT COUNT(*) FROM ""role_type"" AS rt WHERE (rt.role = 'actor')","SELECT * FROM ""role_type"" AS rt WHERE (rt.role = 'actor')",C:\Users\vanya\Documents\DATA_SYS_LAB\test44\final_benchmarks\test42_100k_exportpatch\queries\job_exact\10b.sql
duckdb,job_exact,10b,title,t,1,245352,50291,4.878646278658209,under,False,False,"SELECT COUNT(*) FROM ""title"" AS t WHERE (t.production_year > 2003)","SELECT * FROM ""title"" AS t WHERE (t.production_year > 2003)",C:\Users\vanya\Documents\DATA_SYS_LAB\test44\final_benchmarks\test42_100k_exportpatch\queries\job_exact\10b.sql
postgres,job_exact,10b,title,t,1,245352,245387,1.0001426521895074,over,False,False,"SELECT COUNT(*) FROM ""title"" AS t WHERE (t.production_year > 2003)","SELECT * FROM ""title"" AS t WHERE (t.production_year > 2003)",C:\Users\vanya\Documents\DATA_SYS_LAB\test44\final_benchmarks\test42_100k_exportpatch\queries\job_exact\10b.sql
duckdb,job_exact,10c,cast_info,ci,1,39274,560392,14.268778326628304,over,False,False,"SELECT COUNT(*) FROM ""cast_info"" AS ci WHERE (ci.note like '%(uncredited)%')","SELECT * FROM ""cast_info"" AS ci WHERE (ci.note like '%(uncredited)%')",C:\Users\vanya\Documents\DATA_SYS_LAB\test44\final_benchmarks\test42_100k_exportpatch\queries\job_exact\10c.sql
postgres,job_exact,10c,cast_info,ci,1,39274,37082,1.0591122377433795,under,False,False,"SELECT COUNT(*) FROM ""cast_info"" AS ci WHERE (ci.note like '%(uncredited)%')","SELECT * FROM ""cast_info"" AS ci WHERE (ci.note like '%(uncredited)%')",C:\Users\vanya\Documents\DATA_SYS_LAB\test44\final_benchmarks\test42_100k_exportpatch\queries\job_exact\10c.sql
duckdb,job_exact,10c,company_name,cn,1,4275,180,23.75,under,False,False,"SELECT COUNT(*) FROM ""company_name"" AS cn WHERE (cn.country_code = '[us]')","SELECT * FROM ""company_name"" AS cn WHERE (cn.country_code = '[us]')",C:\Users\vanya\Documents\DATA_SYS_LAB\test44\final_benchmarks\test42_100k_exportpatch\queries\job_exact\10c.sql
postgres,job_exact,10c,company_name,cn,1,4275,4275,1.0,exact,False,False,"SELECT COUNT(*) FROM ""company_name"" AS cn WHERE (cn.country_code = '[us]')","SELECT * FROM ""company_name"" AS cn WHERE (cn.country_code = '[us]')",C:\Users\vanya\Documents\DATA_SYS_LAB\test44\final_benchmarks\test42_100k_exportpatch\queries\job_exact\10c.sql
duckdb,job_exact,10c,title,t,1,245352,50291,4.878646278658209,under,False,False,"SELECT COUNT(*) FROM ""title"" AS t WHERE (t.production_year > 2003)","SELECT * FROM ""title"" AS t WHERE (t.production_year > 2003)",C:\Users\vanya\Documents\DATA_SYS_LAB\test44\final_benchmarks\test42_100k_exportpatch\queries\job_exact\10c.sql
postgres,job_exact,10c,title,t,1,245352,245387,1.0001426521895074,over,False,False,"SELECT COUNT(*) FROM ""title"" AS t WHERE (t.production_year > 2003)","SELECT * FROM ""title"" AS t WHERE (t.production_year > 2003)",C:\Users\vanya\Documents\DATA_SYS_LAB\test44\final_benchmarks\test42_100k_exportpatch\queries\job_exact\10c.sql
duckdb,job_exact,11a,company_name,cn,2,439,1800,4.100227790432802,over,False,False,"SELECT COUNT(*) FROM ""company_name"" AS cn WHERE (cn.country_code !='[pl]') AND (cn.name LIKE '%Film%'
       OR cn.name LIKE '%Warner%')","SELECT * FROM ""company_name"" AS cn WHERE (cn.country_code !='[pl]') AND (cn.name LIKE '%Film%'
       OR cn.name LIKE '%Warner%')",C:\Users\vanya\Documents\DATA_SYS_LAB\test44\final_benchmarks\test42_100k_exportpatch\queries\job_exact\11a.sql
postgres,job_exact,11a,company_name,cn,2,439,181,2.425414364640884,under,False,False,"SELECT COUNT(*) FROM ""company_name"" AS cn WHERE (cn.country_code !='[pl]') AND (cn.name LIKE '%Film%'
       OR cn.name LIKE '%Warner%')","SELECT * FROM ""company_name"" AS cn WHERE (cn.country_code !='[pl]') AND (cn.name LIKE '%Film%'
       OR cn.name LIKE '%Warner%')",C:\Users\vanya\Documents\DATA_SYS_LAB\test44\final_benchmarks\test42_100k_exportpatch\queries\job_exact\11a.sql
duckdb,job_exact,11a,company_type,ct,1,1,1,1.0,exact,False,False,"SELECT COUNT(*) FROM ""company_type"" AS ct WHERE (ct.kind ='production companies')","SELECT * FROM ""company_type"" AS ct WHERE (ct.kind ='production companies')",C:\Users\vanya\Documents\DATA_SYS_LAB\test44\final_benchmarks\test42_100k_exportpatch\queries\job_exact\11a.sql
postgres,job_exact,11a,company_type,ct,1,1,1,1.0,exact,False,False,"SELECT COUNT(*) FROM ""company_type"" AS ct WHERE (ct.kind ='production companies')","SELECT * FROM ""company_type"" AS ct WHERE (ct.kind ='production companies')",C:\Users\vanya\Documents\DATA_SYS_LAB\test44\final_benchmarks\test42_100k_exportpatch\queries\job_exact\11a.sql
duckdb,job_exact,11a,keyword,k,1,1,1,1.0,exact,False,False,"SELECT COUNT(*) FROM ""keyword"" AS k WHERE (k.keyword ='sequel')","SELECT * FROM ""keyword"" AS k WHERE (k.keyword ='sequel')",C:\Users\vanya\Documents\DATA_SYS_LAB\test44\final_benchmarks\test42_100k_exportpatch\queries\job_exact\11a.sql
postgres,job_exact,11a,keyword,k,1,1,1,1.0,exact,False,False,"SELECT COUNT(*) FROM ""keyword"" AS k WHERE (k.keyword ='sequel')","SELECT * FROM ""keyword"" AS k WHERE (k.keyword ='sequel')",C:\Users\vanya\Documents\DATA_SYS_LAB\test44\final_benchmarks\test42_100k_exportpatch\queries\job_exact\11a.sql
duckdb,job_exact,11a,link_type,lt,1,2,3,1.5,over,False,False,"SELECT COUNT(*) FROM ""link_type"" AS lt WHERE (lt.link LIKE '%follow%')","SELECT * FROM ""link_type"" AS lt WHERE (lt.link LIKE '%follow%')",C:\Users\vanya\Documents\DATA_SYS_LAB\test44\final_benchmarks\test42_100k_exportpatch\queries\job_exact\11a.sql
postgres,job_exact,11a,link_type,lt,1,2,1,2.0,under,False,False,"SELECT COUNT(*) FROM ""link_type"" AS lt WHERE (lt.link LIKE '%follow%')","SELECT * FROM ""link_type"" AS lt WHERE (lt.link LIKE '%follow%')",C:\Users\vanya\Documents\DATA_SYS_LAB\test44\final_benchmarks\test42_100k_exportpatch\queries\job_exact\11a.sql
duckdb,job_exact,11a,movie_companies,mc,1,189716,89517,2.1193292894087157,under,False,False,"SELECT COUNT(*) FROM ""movie_companies"" AS mc WHERE (mc.note IS NULL)","SELECT * FROM ""movie_companies"" AS mc WHERE (mc.note IS NULL)",C:\Users\vanya\Documents\DATA_SYS_LAB\test44\final_benchmarks\test42_100k_exportpatch\queries\job_exact\11a.sql
postgres,job_exact,11a,movie_companies,mc,1,189716,188687,1.005453475862142,under,False,False,"SELECT COUNT(*) FROM ""movie_companies"" AS mc WHERE (mc.note IS NULL)","SELECT * FROM ""movie_companies"" AS mc WHERE (mc.note IS NULL)",C:\Users\vanya\Documents\DATA_SYS_LAB\test44\final_benchmarks\test42_100k_exportpatch\queries\job_exact\11a.sql
duckdb,job_exact,11b,company_name,cn,2,1,1800,1800.0,over,False,False,"SELECT COUNT(*) FROM ""company_name"" AS cn WHERE (cn.country_code !='[pl]') AND (cn.name LIKE '%Omni Group%'
       OR cn.name LIKE '%Omni Group%')","SELECT * FROM ""company_name"" AS cn WHERE (cn.country_code !='[pl]') AND (cn.name LIKE '%Omni Group%'
       OR cn.name LIKE '%Omni Group%')",C:\Users\vanya\Documents\DATA_SYS_LAB\test44\final_benchmarks\test42_100k_exportpatch\queries\job_exact\11b.sql
postgres,job_exact,11b,company_name,cn,2,1,1,1.0,exact,False,False,"SELECT COUNT(*) FROM ""company_name"" AS cn WHERE (cn.country_code !='[pl]') AND (cn.name LIKE '%Omni Group%'
       OR cn.name LIKE '%Omni Group%')","SELECT * FROM ""company_name"" AS cn WHERE (cn.country_code !='[pl]') AND (cn.name LIKE '%Omni Group%'
       OR cn.name LIKE '%Omni Group%')",C:\Users\vanya\Documents\DATA_SYS_LAB\test44\final_benchmarks\test42_100k_exportpatch\queries\job_exact\11b.sql
duckdb,job_exact,11b,company_type,ct,1,1,1,1.0,exact,False,False,"SELECT COUNT(*) FROM ""company_type"" AS ct WHERE (ct.kind ='production companies')","SELECT * FROM ""company_type"" AS ct WHERE (ct.kind ='production companies')",C:\Users\vanya\Documents\DATA_SYS_LAB\test44\final_benchmarks\test42_100k_exportpatch\queries\job_exact\11b.sql
postgres,job_exact,11b,company_type,ct,1,1,1,1.0,exact,False,False,"SELECT COUNT(*) FROM ""company_type"" AS ct WHERE (ct.kind ='production companies')","SELECT * FROM ""company_type"" AS ct WHERE (ct.kind ='production companies')",C:\Users\vanya\Documents\DATA_SYS_LAB\test44\final_benchmarks\test42_100k_exportpatch\queries\job_exact\11b.sql
duckdb,job_exact,11b,keyword,k,1,1,1,1.0,exact,False,False,"SELECT COUNT(*) FROM ""keyword"" AS k WHERE (k.keyword ='sequel')","SELECT * FROM ""keyword"" AS k WHERE (k.keyword ='sequel')",C:\Users\vanya\Documents\DATA_SYS_LAB\test44\final_benchmarks\test42_100k_exportpatch\queries\job_exact\11b.sql
postgres,job_exact,11b,keyword,k,1,1,1,1.0,exact,False,False,"SELECT COUNT(*) FROM ""keyword"" AS k WHERE (k.keyword ='sequel')","SELECT * FROM ""keyword"" AS k WHERE (k.keyword ='sequel')",C:\Users\vanya\Documents\DATA_SYS_LAB\test44\final_benchmarks\test42_100k_exportpatch\queries\job_exact\11b.sql
duckdb,job_exact,11b,link_type,lt,1,1,3,3.0,over,False,False,"SELECT COUNT(*) FROM ""link_type"" AS lt WHERE (lt.link LIKE '%follows%')","SELECT * FROM ""link_type"" AS lt WHERE (lt.link LIKE '%follows%')",C:\Users\vanya\Documents\DATA_SYS_LAB\test44\final_benchmarks\test42_100k_exportpatch\queries\job_exact\11b.sql
postgres,job_exact,11b,link_type,lt,1,1,1,1.0,exact,False,False,"SELECT COUNT(*) FROM ""link_type"" AS lt WHERE (lt.link LIKE '%follows%')","SELECT * FROM ""link_type"" AS lt WHERE (lt.link LIKE '%follows%')",C:\Users\vanya\Documents\DATA_SYS_LAB\test44\final_benchmarks\test42_100k_exportpatch\queries\job_exact\11b.sql
duckdb,job_exact,11b,movie_companies,mc,1,189716,89517,2.1193292894087157,under,False,False,"SELECT COUNT(*) FROM ""movie_companies"" AS mc WHERE (mc.note IS NULL)","SELECT * FROM ""movie_companies"" AS mc WHERE (mc.note IS NULL)",C:\Users\vanya\Documents\DATA_SYS_LAB\test44\final_benchmarks\test42_100k_exportpatch\queries\job_exact\11b.sql
postgres,job_exact,11b,movie_companies,mc,1,189716,188687,1.005453475862142,under,False,False,"SELECT COUNT(*) FROM ""movie_companies"" AS mc WHERE (mc.note IS NULL)","SELECT * FROM ""movie_companies"" AS mc WHERE (mc.note IS NULL)",C:\Users\vanya\Documents\DATA_SYS_LAB\test44\final_benchmarks\test42_100k_exportpatch\queries\job_exact\11b.sql
duckdb,job_exact,11b,title,t,2,1,3224,3224.0,over,False,False,"SELECT COUNT(*) FROM ""title"" AS t WHERE (t.production_year = 2000) AND (t.title like '%The Moon Project and the Wilds Map%')","SELECT * FROM ""title"" AS t WHERE (t.production_year = 2000) AND (t.title like '%The Moon Project and the Wilds Map%')",C:\Users\vanya\Documents\DATA_SYS_LAB\test44\final_benchmarks\test42_100k_exportpatch\queries\job_exact\11b.sql
postgres,job_exact,11b,title,t,2,1,1,1.0,exact,False,False,"SELECT COUNT(*) FROM ""title"" AS t WHERE (t.production_year = 2000) AND (t.title like '%The Moon Project and the Wilds Map%')","SELECT * FROM ""title"" AS t WHERE (t.production_year = 2000) AND (t.title like '%The Moon Project and the Wilds Map%')",C:\Users\vanya\Documents\DATA_SYS_LAB\test44\final_benchmarks\test42_100k_exportpatch\queries\job_exact\11b.sql
duckdb,job_exact,11c,company_name,cn,2,1,1800,1800.0,over,False,False,"SELECT COUNT(*) FROM ""company_name"" AS cn WHERE (cn.country_code !='[pl]') AND (cn.name like 'Omni Essence Creative%'
       OR cn.name like 'Omni Essence Creative%')","SELECT * FROM ""company_name"" AS cn WHERE (cn.country_code !='[pl]') AND (cn.name like 'Omni Essence Creative%'
       OR cn.name like 'Omni Essence Creative%')",C:\Users\vanya\Documents\DATA_SYS_LAB\test44\final_benchmarks\test42_100k_exportpatch\queries\job_exact\11c.sql
postgres,job_exact,11c,company_name,cn,2,1,1,1.0,exact,False,False,"SELECT COUNT(*) FROM ""company_name"" AS cn WHERE (cn.country_code !='[pl]') AND (cn.name like 'Omni Essence Creative%'
       OR cn.name like 'Omni Essence Creative%')","SELECT * FROM ""company_name"" AS cn WHERE (cn.country_code !='[pl]') AND (cn.name like 'Omni Essence Creative%'
       OR cn.name like 'Omni Essence Creative%')",C:\Users\vanya\Documents\DATA_SYS_LAB\test44\final_benchmarks\test42_100k_exportpatch\queries\job_exact\11c.sql
duckdb,job_exact,11c,company_type,ct,2,3,1,3.0,under,False,False,"SELECT COUNT(*) FROM ""company_type"" AS ct WHERE (ct.kind != 'distributors') AND (ct.kind IS NOT NULL)","SELECT * FROM ""company_type"" AS ct WHERE (ct.kind != 'distributors') AND (ct.kind IS NOT NULL)",C:\Users\vanya\Documents\DATA_SYS_LAB\test44\final_benchmarks\test42_100k_exportpatch\queries\job_exact\11c.sql
postgres,job_exact,11c,company_type,ct,2,3,3,1.0,exact,False,False,"SELECT COUNT(*) FROM ""company_type"" AS ct WHERE (ct.kind != 'distributors') AND (ct.kind IS NOT NULL)","SELECT * FROM ""company_type"" AS ct WHERE (ct.kind != 'distributors') AND (ct.kind IS NOT NULL)",C:\Users\vanya\Documents\DATA_SYS_LAB\test44\final_benchmarks\test42_100k_exportpatch\queries\job_exact\11c.sql
duckdb,job_exact,11c,keyword,k,1,1,2283,2283.0,over,False,False,"SELECT COUNT(*) FROM ""keyword"" AS k WHERE (k.keyword in ('sequel',
                    'revenge',
                    'based-on-novel'))","SELECT * FROM ""keyword"" AS k WHERE (k.keyword in ('sequel',
                    'revenge',
                    'based-on-novel'))",C:\Users\vanya\Documents\DATA_SYS_LAB\test44\final_benchmarks\test42_100k_exportpatch\queries\job_exact\11c.sql
postgres,job_exact,11c,keyword,k,1,1,3,3.0,over,False,False,"SELECT COUNT(*) FROM ""keyword"" AS k WHERE (k.keyword in ('sequel',
                    'revenge',
                    'based-on-novel'))","SELECT * FROM ""keyword"" AS k WHERE (k.keyword in ('sequel',
                    'revenge',
                    'based-on-novel'))",C:\Users\vanya\Documents\DATA_SYS_LAB\test44\final_benchmarks\test42_100k_exportpatch\queries\job_exact\11c.sql
duckdb,job_exact,11c,movie_companies,mc,1,257870,89517,2.8806818816537643,under,False,False,"SELECT COUNT(*) FROM ""movie_companies"" AS mc WHERE (mc.note IS NOT NULL)","SELECT * FROM ""movie_companies"" AS mc WHERE (mc.note IS NOT NULL)",C:\Users\vanya\Documents\DATA_SYS_LAB\test44\final_benchmarks\test42_100k_exportpatch\queries\job_exact\11c.sql
postgres,job_exact,11c,movie_companies,mc,1,257870,258899,1.0039903827509986,over,False,False,"SELECT COUNT(*) FROM ""movie_companies"" AS mc WHERE (mc.note IS NOT NULL)","SELECT * FROM ""movie_companies"" AS mc WHERE (mc.note IS NOT NULL)",C:\Users\vanya\Documents\DATA_SYS_LAB\test44\final_benchmarks\test42_100k_exportpatch\queries\job_exact\11c.sql
duckdb,job_exact,11c,title,t,1,251455,50291,5.0,under,False,False,"SELECT COUNT(*) FROM ""title"" AS t WHERE (t.production_year > 1999)","SELECT * FROM ""title"" AS t WHERE (t.production_year > 1999)",C:\Users\vanya\Documents\DATA_SYS_LAB\test44\final_benchmarks\test42_100k_exportpatch\queries\job_exact\11c.sql
postgres,job_exact,11c,title,t,1,251455,251455,1.0,exact,False,False,"SELECT COUNT(*) FROM ""title"" AS t WHERE (t.production_year > 1999)","SELECT * FROM ""title"" AS t WHERE (t.production_year > 1999)",C:\Users\vanya\Documents\DATA_SYS_LAB\test44\final_benchmarks\test42_100k_exportpatch\queries\job_exact\11c.sql
duckdb,job_exact,11d,company_name,cn,1,8908,1800,4.948888888888889,under,False,False,"SELECT COUNT(*) FROM ""company_name"" AS cn WHERE (cn.country_code !='[pl]')","SELECT * FROM ""company_name"" AS cn WHERE (cn.country_code !='[pl]')",C:\Users\vanya\Documents\DATA_SYS_LAB\test44\final_benchmarks\test42_100k_exportpatch\queries\job_exact\11d.sql
postgres,job_exact,11d,company_name,cn,1,8908,8908,1.0,exact,False,False,"SELECT COUNT(*) FROM ""company_name"" AS cn WHERE (cn.country_code !='[pl]')","SELECT * FROM ""company_name"" AS cn WHERE (cn.country_code !='[pl]')",C:\Users\vanya\Documents\DATA_SYS_LAB\test44\final_benchmarks\test42_100k_exportpatch\queries\job_exact\11d.sql
duckdb,job_exact,11d,company_type,ct,2,3,1,3.0,under,False,False,"SELECT COUNT(*) FROM ""company_type"" AS ct WHERE (ct.kind != 'distributors') AND (ct.kind IS NOT NULL)","SELECT * FROM ""company_type"" AS ct WHERE (ct.kind != 'distributors') AND (ct.kind IS NOT NULL)",C:\Users\vanya\Documents\DATA_SYS_LAB\test44\final_benchmarks\test42_100k_exportpatch\queries\job_exact\11d.sql
postgres,job_exact,11d,company_type,ct,2,3,3,1.0,exact,False,False,"SELECT COUNT(*) FROM ""company_type"" AS ct WHERE (ct.kind != 'distributors') AND (ct.kind IS NOT NULL)","SELECT * FROM ""company_type"" AS ct WHERE (ct.kind != 'distributors') AND (ct.kind IS NOT NULL)",C:\Users\vanya\Documents\DATA_SYS_LAB\test44\final_benchmarks\test42_100k_exportpatch\queries\job_exact\11d.sql
duckdb,job_exact,11d,keyword,k,1,1,2283,2283.0,over,False,False,"SELECT COUNT(*) FROM ""keyword"" AS k WHERE (k.keyword in ('sequel',
                    'revenge',
                    'based-on-novel'))","SELECT * FROM ""keyword"" AS k WHERE (k.keyword in ('sequel',
                    'revenge',
                    'based-on-novel'))",C:\Users\vanya\Documents\DATA_SYS_LAB\test44\final_benchmarks\test42_100k_exportpatch\queries\job_exact\11d.sql
postgres,job_exact,11d,keyword,k,1,1,3,3.0,over,False,False,"SELECT COUNT(*) FROM ""keyword"" AS k WHERE (k.keyword in ('sequel',
                    'revenge',
                    'based-on-novel'))","SELECT * FROM ""keyword"" AS k WHERE (k.keyword in ('sequel',
                    'revenge',
                    'based-on-novel'))",C:\Users\vanya\Documents\DATA_SYS_LAB\test44\final_benchmarks\test42_100k_exportpatch\queries\job_exact\11d.sql
duckdb,job_exact,11d,movie_companies,mc,1,257870,89517,2.8806818816537643,under,False,False,"SELECT COUNT(*) FROM ""movie_companies"" AS mc WHERE (mc.note IS NOT NULL)","SELECT * FROM ""movie_companies"" AS mc WHERE (mc.note IS NOT NULL)",C:\Users\vanya\Documents\DATA_SYS_LAB\test44\final_benchmarks\test42_100k_exportpatch\queries\job_exact\11d.sql
postgres,job_exact,11d,movie_companies,mc,1,257870,258899,1.0039903827509986,over,False,False,"SELECT COUNT(*) FROM ""movie_companies"" AS mc WHERE (mc.note IS NOT NULL)","SELECT * FROM ""movie_companies"" AS mc WHERE (mc.note IS NOT NULL)",C:\Users\vanya\Documents\DATA_SYS_LAB\test44\final_benchmarks\test42_100k_exportpatch\queries\job_exact\11d.sql
duckdb,job_exact,11d,title,t,1,251455,50291,5.0,under,False,False,"SELECT COUNT(*) FROM ""title"" AS t WHERE (t.production_year > 1999)","SELECT * FROM ""title"" AS t WHERE (t.production_year > 1999)",C:\Users\vanya\Documents\DATA_SYS_LAB\test44\final_benchmarks\test42_100k_exportpatch\queries\job_exact\11d.sql
postgres,job_exact,11d,title,t,1,251455,251455,1.0,exact,False,False,"SELECT COUNT(*) FROM ""title"" AS t WHERE (t.production_year > 1999)","SELECT * FROM ""title"" AS t WHERE (t.production_year > 1999)",C:\Users\vanya\Documents\DATA_SYS_LAB\test44\final_benchmarks\test42_100k_exportpatch\queries\job_exact\11d.sql
duckdb,job_exact,12a,company_name,cn,1,4275,180,23.75,under,False,False,"SELECT COUNT(*) FROM ""company_name"" AS cn WHERE (cn.country_code = '[us]')","SELECT * FROM ""company_name"" AS cn WHERE (cn.country_code = '[us]')",C:\Users\vanya\Documents\DATA_SYS_LAB\test44\final_benchmarks\test42_100k_exportpatch\queries\job_exact\12a.sql
postgres,job_exact,12a,company_name,cn,1,4275,4275,1.0,exact,False,False,"SELECT COUNT(*) FROM ""company_name"" AS cn WHERE (cn.country_code = '[us]')","SELECT * FROM ""company_name"" AS cn WHERE (cn.country_code = '[us]')",C:\Users\vanya\Documents\DATA_SYS_LAB\test44\final_benchmarks\test42_100k_exportpatch\queries\job_exact\12a.sql
duckdb,job_exact,12a,company_type,ct,1,1,1,1.0,exact,False,False,"SELECT COUNT(*) FROM ""company_type"" AS ct WHERE (ct.kind = 'production companies')","SELECT * FROM ""company_type"" AS ct WHERE (ct.kind = 'production companies')",C:\Users\vanya\Documents\DATA_SYS_LAB\test44\final_benchmarks\test42_100k_exportpatch\queries\job_exact\12a.sql
postgres,job_exact,12a,company_type,ct,1,1,1,1.0,exact,False,False,"SELECT COUNT(*) FROM ""company_type"" AS ct WHERE (ct.kind = 'production companies')","SELECT * FROM ""company_type"" AS ct WHERE (ct.kind = 'production companies')",C:\Users\vanya\Documents\DATA_SYS_LAB\test44\final_benchmarks\test42_100k_exportpatch\queries\job_exact\12a.sql
duckdb,job_exact,12a,info_type,it1,1,1,2,2.0,over,False,False,"SELECT COUNT(*) FROM ""info_type"" AS it1 WHERE (it1.info = 'genres')","SELECT * FROM ""info_type"" AS it1 WHERE (it1.info = 'genres')",C:\Users\vanya\Documents\DATA_SYS_LAB\test44\final_benchmarks\test42_100k_exportpatch\queries\job_exact\12a.sql
postgres,job_exact,12a,info_type,it1,1,1,1,1.0,exact,False,False,"SELECT COUNT(*) FROM ""info_type"" AS it1 WHERE (it1.info = 'genres')","SELECT * FROM ""info_type"" AS it1 WHERE (it1.info = 'genres')",C:\Users\vanya\Documents\DATA_SYS_LAB\test44\final_benchmarks\test42_100k_exportpatch\queries\job_exact\12a.sql
duckdb,job_exact,12a,info_type,it2,1,1,2,2.0,over,False,False,"SELECT COUNT(*) FROM ""info_type"" AS it2 WHERE (it2.info = 'rating')","SELECT * FROM ""info_type"" AS it2 WHERE (it2.info = 'rating')",C:\Users\vanya\Documents\DATA_SYS_LAB\test44\final_benchmarks\test42_100k_exportpatch\queries\job_exact\12a.sql
postgres,job_exact,12a,info_type,it2,1,1,1,1.0,exact,False,False,"SELECT COUNT(*) FROM ""info_type"" AS it2 WHERE (it2.info = 'rating')","SELECT * FROM ""info_type"" AS it2 WHERE (it2.info = 'rating')",C:\Users\vanya\Documents\DATA_SYS_LAB\test44\final_benchmarks\test42_100k_exportpatch\queries\job_exact\12a.sql
duckdb,job_exact,12a,movie_info,mi,1,40275,496434,12.32610800744879,over,False,False,"SELECT COUNT(*) FROM ""movie_info"" AS mi WHERE (mi.info in ('Drama',
                  'Horror'))","SELECT * FROM ""movie_info"" AS mi WHERE (mi.info in ('Drama',
                  'Horror'))",C:\Users\vanya\Documents\DATA_SYS_LAB\test44\final_benchmarks\test42_100k_exportpatch\queries\job_exact\12a.sql
postgres,job_exact,12a,movie_info,mi,1,40275,39880,1.0099047141424273,under,False,False,"SELECT COUNT(*) FROM ""movie_info"" AS mi WHERE (mi.info in ('Drama',
                  'Horror'))","SELECT * FROM ""movie_info"" AS mi WHERE (mi.info in ('Drama',
                  'Horror'))",C:\Users\vanya\Documents\DATA_SYS_LAB\test44\final_benchmarks\test42_100k_exportpatch\queries\job_exact\12a.sql
duckdb,job_exact,12a,movie_info_idx,mi_idx,1,293522,100634,2.916727944829779,under,False,False,"SELECT COUNT(*) FROM ""movie_info_idx"" AS mi_idx WHERE (mi_idx.info > '8.0')","SELECT * FROM ""movie_info_idx"" AS mi_idx WHERE (mi_idx.info > '8.0')",C:\Users\vanya\Documents\DATA_SYS_LAB\test44\final_benchmarks\test42_100k_exportpatch\queries\job_exact\12a.sql
postgres,job_exact,12a,movie_info_idx,mi_idx,1,47924,48921,1.0208037726400134,over,False,False,"SELECT COUNT(*) FROM ""movie_info_idx"" AS mi_idx WHERE (mi_idx.info > '8.0')","SELECT * FROM ""movie_info_idx"" AS mi_idx WHERE (mi_idx.info > '8.0')",C:\Users\vanya\Documents\DATA_SYS_LAB\test44\final_benchmarks\test42_100k_exportpatch\queries\job_exact\12a.sql
duckdb,job_exact,12b,company_name,cn,1,96,180,1.875,over,False,False,"SELECT COUNT(*) FROM ""company_name"" AS cn WHERE (cn.country_code ='[my]')","SELECT * FROM ""company_name"" AS cn WHERE (cn.country_code ='[my]')",C:\Users\vanya\Documents\DATA_SYS_LAB\test44\final_benchmarks\test42_100k_exportpatch\queries\job_exact\12b.sql
postgres,job_exact,12b,company_name,cn,1,96,96,1.0,exact,False,False,"SELECT COUNT(*) FROM ""company_name"" AS cn WHERE (cn.country_code ='[my]')","SELECT * FROM ""company_name"" AS cn WHERE (cn.country_code ='[my]')",C:\Users\vanya\Documents\DATA_SYS_LAB\test44\final_benchmarks\test42_100k_exportpatch\queries\job_exact\12b.sql
duckdb,job_exact,12b,company_type,ct,2,1,1,1.0,exact,False,False,"SELECT COUNT(*) FROM ""company_type"" AS ct WHERE (ct.kind IS NOT NULL) AND (ct.kind ='production companies'
       OR ct.kind = 'production companies')","SELECT * FROM ""company_type"" AS ct WHERE (ct.kind IS NOT NULL) AND (ct.kind ='production companies'
       OR ct.kind = 'production companies')",C:\Users\vanya\Documents\DATA_SYS_LAB\test44\final_benchmarks\test42_100k_exportpatch\queries\job_exact\12b.sql
postgres,job_exact,12b,company_type,ct,2,1,1,1.0,exact,False,False,"SELECT COUNT(*) FROM ""company_type"" AS ct WHERE (ct.kind IS NOT NULL) AND (ct.kind ='production companies'
       OR ct.kind = 'production companies')","SELECT * FROM ""company_type"" AS ct WHERE (ct.kind IS NOT NULL) AND (ct.kind ='production companies'
       OR ct.kind = 'production companies')",C:\Users\vanya\Documents\DATA_SYS_LAB\test44\final_benchmarks\test42_100k_exportpatch\queries\job_exact\12b.sql
duckdb,job_exact,12b,info_type,it1,1,1,2,2.0,over,False,False,"SELECT COUNT(*) FROM ""info_type"" AS it1 WHERE (it1.info ='release dates')","SELECT * FROM ""info_type"" AS it1 WHERE (it1.info ='release dates')",C:\Users\vanya\Documents\DATA_SYS_LAB\test44\final_benchmarks\test42_100k_exportpatch\queries\job_exact\12b.sql
postgres,job_exact,12b,info_type,it1,1,1,1,1.0,exact,False,False,"SELECT COUNT(*) FROM ""info_type"" AS it1 WHERE (it1.info ='release dates')","SELECT * FROM ""info_type"" AS it1 WHERE (it1.info ='release dates')",C:\Users\vanya\Documents\DATA_SYS_LAB\test44\final_benchmarks\test42_100k_exportpatch\queries\job_exact\12b.sql
duckdb,job_exact,12b,info_type,it2,1,1,2,2.0,over,False,False,"SELECT COUNT(*) FROM ""info_type"" AS it2 WHERE (it2.info ='rating')","SELECT * FROM ""info_type"" AS it2 WHERE (it2.info ='rating')",C:\Users\vanya\Documents\DATA_SYS_LAB\test44\final_benchmarks\test42_100k_exportpatch\queries\job_exact\12b.sql
postgres,job_exact,12b,info_type,it2,1,1,1,1.0,exact,False,False,"SELECT COUNT(*) FROM ""info_type"" AS it2 WHERE (it2.info ='rating')","SELECT * FROM ""info_type"" AS it2 WHERE (it2.info ='rating')",C:\Users\vanya\Documents\DATA_SYS_LAB\test44\final_benchmarks\test42_100k_exportpatch\queries\job_exact\12b.sql
duckdb,job_exact,12b,title,t,2,1,50291,50291.0,over,False,False,"SELECT COUNT(*) FROM ""title"" AS t WHERE (t.production_year >1999) AND (t.title LIKE 'Silence at Zone: Endgame%'
       OR t.title LIKE '%Silence at Zone: Endgame%')","SELECT * FROM ""title"" AS t WHERE (t.production_year >1999) AND (t.title LIKE 'Silence at Zone: Endgame%'
       OR t.title LIKE '%Silence at Zone: Endgame%')",C:\Users\vanya\Documents\DATA_SYS_LAB\test44\final_benchmarks\test42_100k_exportpatch\queries\job_exact\12b.sql
postgres,job_exact,12b,title,t,2,1,20,20.0,over,False,False,"SELECT COUNT(*) FROM ""title"" AS t WHERE (t.production_year >1999) AND (t.title LIKE 'Silence at Zone: Endgame%'
       OR t.title LIKE '%Silence at Zone: Endgame%')","SELECT * FROM ""title"" AS t WHERE (t.production_year >1999) AND (t.title LIKE 'Silence at Zone: Endgame%'
       OR t.title LIKE '%Silence at Zone: Endgame%')",C:\Users\vanya\Documents\DATA_SYS_LAB\test44\final_benchmarks\test42_100k_exportpatch\queries\job_exact\12b.sql
duckdb,job_exact,12c,company_name,cn,1,4275,180,23.75,under,False,False,"SELECT COUNT(*) FROM ""company_name"" AS cn WHERE (cn.country_code = '[us]')","SELECT * FROM ""company_name"" AS cn WHERE (cn.country_code = '[us]')",C:\Users\vanya\Documents\DATA_SYS_LAB\test44\final_benchmarks\test42_100k_exportpatch\queries\job_exact\12c.sql
postgres,job_exact,12c,company_name,cn,1,4275,4275,1.0,exact,False,False,"SELECT COUNT(*) FROM ""company_name"" AS cn WHERE (cn.country_code = '[us]')","SELECT * FROM ""company_name"" AS cn WHERE (cn.country_code = '[us]')",C:\Users\vanya\Documents\DATA_SYS_LAB\test44\final_benchmarks\test42_100k_exportpatch\queries\job_exact\12c.sql
duckdb,job_exact,12c,company_type,ct,1,1,1,1.0,exact,False,False,"SELECT COUNT(*) FROM ""company_type"" AS ct WHERE (ct.kind = 'production companies')","SELECT * FROM ""company_type"" AS ct WHERE (ct.kind = 'production companies')",C:\Users\vanya\Documents\DATA_SYS_LAB\test44\final_benchmarks\test42_100k_exportpatch\queries\job_exact\12c.sql
postgres,job_exact,12c,company_type,ct,1,1,1,1.0,exact,False,False,"SELECT COUNT(*) FROM ""company_type"" AS ct WHERE (ct.kind = 'production companies')","SELECT * FROM ""company_type"" AS ct WHERE (ct.kind = 'production companies')",C:\Users\vanya\Documents\DATA_SYS_LAB\test44\final_benchmarks\test42_100k_exportpatch\queries\job_exact\12c.sql
duckdb,job_exact,12c,info_type,it1,1,1,2,2.0,over,False,False,"SELECT COUNT(*) FROM ""info_type"" AS it1 WHERE (it1.info = 'genres')","SELECT * FROM ""info_type"" AS it1 WHERE (it1.info = 'genres')",C:\Users\vanya\Documents\DATA_SYS_LAB\test44\final_benchmarks\test42_100k_exportpatch\queries\job_exact\12c.sql
postgres,job_exact,12c,info_type,it1,1,1,1,1.0,exact,False,False,"SELECT COUNT(*) FROM ""info_type"" AS it1 WHERE (it1.info = 'genres')","SELECT * FROM ""info_type"" AS it1 WHERE (it1.info = 'genres')",C:\Users\vanya\Documents\DATA_SYS_LAB\test44\final_benchmarks\test42_100k_exportpatch\queries\job_exact\12c.sql
duckdb,job_exact,12c,info_type,it2,1,1,2,2.0,over,False,False,"SELECT COUNT(*) FROM ""info_type"" AS it2 WHERE (it2.info = 'rating')","SELECT * FROM ""info_type"" AS it2 WHERE (it2.info = 'rating')",C:\Users\vanya\Documents\DATA_SYS_LAB\test44\final_benchmarks\test42_100k_exportpatch\queries\job_exact\12c.sql
postgres,job_exact,12c,info_type,it2,1,1,1,1.0,exact,False,False,"SELECT COUNT(*) FROM ""info_type"" AS it2 WHERE (it2.info = 'rating')","SELECT * FROM ""info_type"" AS it2 WHERE (it2.info = 'rating')",C:\Users\vanya\Documents\DATA_SYS_LAB\test44\final_benchmarks\test42_100k_exportpatch\queries\job_exact\12c.sql
duckdb,job_exact,12c,movie_info,mi,1,50862,496434,9.76041052259054,over,False,False,"SELECT COUNT(*) FROM ""movie_info"" AS mi WHERE (mi.info in ('Drama',
                  'Horror',
                  'Western',
                  'Family'))","SELECT * FROM ""movie_info"" AS mi WHERE (mi.info in ('Drama',
                  'Horror',
                  'Western',
                  'Family'))",C:\Users\vanya\Documents\DATA_SYS_LAB\test44\final_benchmarks\test42_100k_exportpatch\queries\job_exact\12c.sql
postgres,job_exact,12c,movie_info,mi,1,50862,49543,1.026623337302949,under,False,False,"SELECT COUNT(*) FROM ""movie_info"" AS mi WHERE (mi.info in ('Drama',
                  'Horror',
                  'Western',
                  'Family'))","SELECT * FROM ""movie_info"" AS mi WHERE (mi.info in ('Drama',
                  'Horror',
                  'Western',
                  'Family'))",C:\Users\vanya\Documents\DATA_SYS_LAB\test44\final_benchmarks\test42_100k_exportpatch\queries\job_exact\12c.sql
duckdb,job_exact,12c,movie_info_idx,mi_idx,1,350039,100634,3.478337341256434,under,False,False,"SELECT COUNT(*) FROM ""movie_info_idx"" AS mi_idx WHERE (mi_idx.info > '7.0')","SELECT * FROM ""movie_info_idx"" AS mi_idx WHERE (mi_idx.info > '7.0')",C:\Users\vanya\Documents\DATA_SYS_LAB\test44\final_benchmarks\test42_100k_exportpatch\queries\job_exact\12c.sql
postgres,job_exact,12c,movie_info_idx,mi_idx,1,109650,111285,1.0149110807113544,over,False,False,"SELECT COUNT(*) FROM ""movie_info_idx"" AS mi_idx WHERE (mi_idx.info > '7.0')","SELECT * FROM ""movie_info_idx"" AS mi_idx WHERE (mi_idx.info > '7.0')",C:\Users\vanya\Documents\DATA_SYS_LAB\test44\final_benchmarks\test42_100k_exportpatch\queries\job_exact\12c.sql
duckdb,job_exact,13a,company_name,cn,1,87,180,2.0689655172413794,over,False,False,"SELECT COUNT(*) FROM ""company_name"" AS cn WHERE (cn.country_code ='[de]')","SELECT * FROM ""company_name"" AS cn WHERE (cn.country_code ='[de]')",C:\Users\vanya\Documents\DATA_SYS_LAB\test44\final_benchmarks\test42_100k_exportpatch\queries\job_exact\13a.sql
postgres,job_exact,13a,company_name,cn,1,87,87,1.0,exact,False,False,"SELECT COUNT(*) FROM ""company_name"" AS cn WHERE (cn.country_code ='[de]')","SELECT * FROM ""company_name"" AS cn WHERE (cn.country_code ='[de]')",C:\Users\vanya\Documents\DATA_SYS_LAB\test44\final_benchmarks\test42_100k_exportpatch\queries\job_exact\13a.sql
duckdb,job_exact,13a,company_type,ct,1,1,1,1.0,exact,False,False,"SELECT COUNT(*) FROM ""company_type"" AS ct WHERE (ct.kind ='production companies')","SELECT * FROM ""company_type"" AS ct WHERE (ct.kind ='production companies')",C:\Users\vanya\Documents\DATA_SYS_LAB\test44\final_benchmarks\test42_100k_exportpatch\queries\job_exact\13a.sql
postgres,job_exact,13a,company_type,ct,1,1,1,1.0,exact,False,False,"SELECT COUNT(*) FROM ""company_type"" AS ct WHERE (ct.kind ='production companies')","SELECT * FROM ""company_type"" AS ct WHERE (ct.kind ='production companies')",C:\Users\vanya\Documents\DATA_SYS_LAB\test44\final_benchmarks\test42_100k_exportpatch\queries\job_exact\13a.sql
duckdb,job_exact,13a,info_type,it,1,1,2,2.0,over,False,False,"SELECT COUNT(*) FROM ""info_type"" AS it WHERE (it.info ='rating')","SELECT * FROM ""info_type"" AS it WHERE (it.info ='rating')",C:\Users\vanya\Documents\DATA_SYS_LAB\test44\final_benchmarks\test42_100k_exportpatch\queries\job_exact\13a.sql
postgres,job_exact,13a,info_type,it,1,1,1,1.0,exact,False,False,"SELECT COUNT(*) FROM ""info_type"" AS it WHERE (it.info ='rating')","SELECT * FROM ""info_type"" AS it WHERE (it.info ='rating')",C:\Users\vanya\Documents\DATA_SYS_LAB\test44\final_benchmarks\test42_100k_exportpatch\queries\job_exact\13a.sql
duckdb,job_exact,13a,info_type,it2,1,1,2,2.0,over,False,False,"SELECT COUNT(*) FROM ""info_type"" AS it2 WHERE (it2.info ='release dates')","SELECT * FROM ""info_type"" AS it2 WHERE (it2.info ='release dates')",C:\Users\vanya\Documents\DATA_SYS_LAB\test44\final_benchmarks\test42_100k_exportpatch\queries\job_exact\13a.sql
postgres,job_exact,13a,info_type,it2,1,1,1,1.0,exact,False,False,"SELECT COUNT(*) FROM ""info_type"" AS it2 WHERE (it2.info ='release dates')","SELECT * FROM ""info_type"" AS it2 WHERE (it2.info ='release dates')",C:\Users\vanya\Documents\DATA_SYS_LAB\test44\final_benchmarks\test42_100k_exportpatch\queries\job_exact\13a.sql
duckdb,job_exact,13a,kind_type,kt,1,1,1,1.0,exact,False,False,"SELECT COUNT(*) FROM ""kind_type"" AS kt WHERE (kt.kind ='movie')","SELECT * FROM ""kind_type"" AS kt WHERE (kt.kind ='movie')",C:\Users\vanya\Documents\DATA_SYS_LAB\test44\final_benchmarks\test42_100k_exportpatch\queries\job_exact\13a.sql
postgres,job_exact,13a,kind_type,kt,1,1,1,1.0,exact,False,False,"SELECT COUNT(*) FROM ""kind_type"" AS kt WHERE (kt.kind ='movie')","SELECT * FROM ""kind_type"" AS kt WHERE (kt.kind ='movie')",C:\Users\vanya\Documents\DATA_SYS_LAB\test44\final_benchmarks\test42_100k_exportpatch\queries\job_exact\13a.sql
duckdb,job_exact,13b,company_name,cn,1,4275,180,23.75,under,False,False,"SELECT COUNT(*) FROM ""company_name"" AS cn WHERE (cn.country_code ='[us]')","SELECT * FROM ""company_name"" AS cn WHERE (cn.country_code ='[us]')",C:\Users\vanya\Documents\DATA_SYS_LAB\test44\final_benchmarks\test42_100k_exportpatch\queries\job_exact\13b.sql
postgres,job_exact,13b,company_name,cn,1,4275,4275,1.0,exact,False,False,"SELECT COUNT(*) FROM ""company_name"" AS cn WHERE (cn.country_code ='[us]')","SELECT * FROM ""company_name"" AS cn WHERE (cn.country_code ='[us]')",C:\Users\vanya\Documents\DATA_SYS_LAB\test44\final_benchmarks\test42_100k_exportpatch\queries\job_exact\13b.sql
duckdb,job_exact,13b,company_type,ct,1,1,1,1.0,exact,False,False,"SELECT COUNT(*) FROM ""company_type"" AS ct WHERE (ct.kind ='production companies')","SELECT * FROM ""company_type"" AS ct WHERE (ct.kind ='production companies')",C:\Users\vanya\Documents\DATA_SYS_LAB\test44\final_benchmarks\test42_100k_exportpatch\queries\job_exact\13b.sql
postgres,job_exact,13b,company_type,ct,1,1,1,1.0,exact,False,False,"SELECT COUNT(*) FROM ""company_type"" AS ct WHERE (ct.kind ='production companies')","SELECT * FROM ""company_type"" AS ct WHERE (ct.kind ='production companies')",C:\Users\vanya\Documents\DATA_SYS_LAB\test44\final_benchmarks\test42_100k_exportpatch\queries\job_exact\13b.sql
duckdb,job_exact,13b,info_type,it,1,1,2,2.0,over,False,False,"SELECT COUNT(*) FROM ""info_type"" AS it WHERE (it.info ='rating')","SELECT * FROM ""info_type"" AS it WHERE (it.info ='rating')",C:\Users\vanya\Documents\DATA_SYS_LAB\test44\final_benchmarks\test42_100k_exportpatch\queries\job_exact\13b.sql
postgres,job_exact,13b,info_type,it,1,1,1,1.0,exact,False,False,"SELECT COUNT(*) FROM ""info_type"" AS it WHERE (it.info ='rating')","SELECT * FROM ""info_type"" AS it WHERE (it.info ='rating')",C:\Users\vanya\Documents\DATA_SYS_LAB\test44\final_benchmarks\test42_100k_exportpatch\queries\job_exact\13b.sql
duckdb,job_exact,13b,info_type,it2,1,1,2,2.0,over,False,False,"SELECT COUNT(*) FROM ""info_type"" AS it2 WHERE (it2.info ='release dates')","SELECT * FROM ""info_type"" AS it2 WHERE (it2.info ='release dates')",C:\Users\vanya\Documents\DATA_SYS_LAB\test44\final_benchmarks\test42_100k_exportpatch\queries\job_exact\13b.sql
postgres,job_exact,13b,info_type,it2,1,1,1,1.0,exact,False,False,"SELECT COUNT(*) FROM ""info_type"" AS it2 WHERE (it2.info ='release dates')","SELECT * FROM ""info_type"" AS it2 WHERE (it2.info ='release dates')",C:\Users\vanya\Documents\DATA_SYS_LAB\test44\final_benchmarks\test42_100k_exportpatch\queries\job_exact\13b.sql
duckdb,job_exact,13b,kind_type,kt,1,1,1,1.0,exact,False,False,"SELECT COUNT(*) FROM ""kind_type"" AS kt WHERE (kt.kind ='movie')","SELECT * FROM ""kind_type"" AS kt WHERE (kt.kind ='movie')",C:\Users\vanya\Documents\DATA_SYS_LAB\test44\final_benchmarks\test42_100k_exportpatch\queries\job_exact\13b.sql
postgres,job_exact,13b,kind_type,kt,1,1,1,1.0,exact,False,False,"SELECT COUNT(*) FROM ""kind_type"" AS kt WHERE (kt.kind ='movie')","SELECT * FROM ""kind_type"" AS kt WHERE (kt.kind ='movie')",C:\Users\vanya\Documents\DATA_SYS_LAB\test44\final_benchmarks\test42_100k_exportpatch\queries\job_exact\13b.sql
duckdb,job_exact,13c,company_name,cn,1,4275,180,23.75,under,False,False,"SELECT COUNT(*) FROM ""company_name"" AS cn WHERE (cn.country_code ='[us]')","SELECT * FROM ""company_name"" AS cn WHERE (cn.country_code ='[us]')",C:\Users\vanya\Documents\DATA_SYS_LAB\test44\final_benchmarks\test42_100k_exportpatch\queries\job_exact\13c.sql
postgres,job_exact,13c,company_name,cn,1,4275,4275,1.0,exact,False,False,"SELECT COUNT(*) FROM ""company_name"" AS cn WHERE (cn.country_code ='[us]')","SELECT * FROM ""company_name"" AS cn WHERE (cn.country_code ='[us]')",C:\Users\vanya\Documents\DATA_SYS_LAB\test44\final_benchmarks\test42_100k_exportpatch\queries\job_exact\13c.sql
duckdb,job_exact,13c,company_type,ct,1,1,1,1.0,exact,False,False,"SELECT COUNT(*) FROM ""company_type"" AS ct WHERE (ct.kind ='production companies')","SELECT * FROM ""company_type"" AS ct WHERE (ct.kind ='production companies')",C:\Users\vanya\Documents\DATA_SYS_LAB\test44\final_benchmarks\test42_100k_exportpatch\queries\job_exact\13c.sql
postgres,job_exact,13c,company_type,ct,1,1,1,1.0,exact,False,False,"SELECT COUNT(*) FROM ""company_type"" AS ct WHERE (ct.kind ='production companies')","SELECT * FROM ""company_type"" AS ct WHERE (ct.kind ='production companies')",C:\Users\vanya\Documents\DATA_SYS_LAB\test44\final_benchmarks\test42_100k_exportpatch\queries\job_exact\13c.sql
duckdb,job_exact,13c,info_type,it,1,1,2,2.0,over,False,False,"SELECT COUNT(*) FROM ""info_type"" AS it WHERE (it.info ='rating')","SELECT * FROM ""info_type"" AS it WHERE (it.info ='rating')",C:\Users\vanya\Documents\DATA_SYS_LAB\test44\final_benchmarks\test42_100k_exportpatch\queries\job_exact\13c.sql
postgres,job_exact,13c,info_type,it,1,1,1,1.0,exact,False,False,"SELECT COUNT(*) FROM ""info_type"" AS it WHERE (it.info ='rating')","SELECT * FROM ""info_type"" AS it WHERE (it.info ='rating')",C:\Users\vanya\Documents\DATA_SYS_LAB\test44\final_benchmarks\test42_100k_exportpatch\queries\job_exact\13c.sql
duckdb,job_exact,13c,info_type,it2,1,1,2,2.0,over,False,False,"SELECT COUNT(*) FROM ""info_type"" AS it2 WHERE (it2.info ='release dates')","SELECT * FROM ""info_type"" AS it2 WHERE (it2.info ='release dates')",C:\Users\vanya\Documents\DATA_SYS_LAB\test44\final_benchmarks\test42_100k_exportpatch\queries\job_exact\13c.sql
postgres,job_exact,13c,info_type,it2,1,1,1,1.0,exact,False,False,"SELECT COUNT(*) FROM ""info_type"" AS it2 WHERE (it2.info ='release dates')","SELECT * FROM ""info_type"" AS it2 WHERE (it2.info ='release dates')",C:\Users\vanya\Documents\DATA_SYS_LAB\test44\final_benchmarks\test42_100k_exportpatch\queries\job_exact\13c.sql
duckdb,job_exact,13c,kind_type,kt,1,1,1,1.0,exact,False,False,"SELECT COUNT(*) FROM ""kind_type"" AS kt WHERE (kt.kind ='movie')","SELECT * FROM ""kind_type"" AS kt WHERE (kt.kind ='movie')",C:\Users\vanya\Documents\DATA_SYS_LAB\test44\final_benchmarks\test42_100k_exportpatch\queries\job_exact\13c.sql
postgres,job_exact,13c,kind_type,kt,1,1,1,1.0,exact,False,False,"SELECT COUNT(*) FROM ""kind_type"" AS kt WHERE (kt.kind ='movie')","SELECT * FROM ""kind_type"" AS kt WHERE (kt.kind ='movie')",C:\Users\vanya\Documents\DATA_SYS_LAB\test44\final_benchmarks\test42_100k_exportpatch\queries\job_exact\13c.sql
duckdb,job_exact,13d,company_name,cn,1,4275,180,23.75,under,False,False,"SELECT COUNT(*) FROM ""company_name"" AS cn WHERE (cn.country_code ='[us]')","SELECT * FROM ""company_name"" AS cn WHERE (cn.country_code ='[us]')",C:\Users\vanya\Documents\DATA_SYS_LAB\test44\final_benchmarks\test42_100k_exportpatch\queries\job_exact\13d.sql
postgres,job_exact,13d,company_name,cn,1,4275,4275,1.0,exact,False,False,"SELECT COUNT(*) FROM ""company_name"" AS cn WHERE (cn.country_code ='[us]')","SELECT * FROM ""company_name"" AS cn WHERE (cn.country_code ='[us]')",C:\Users\vanya\Documents\DATA_SYS_LAB\test44\final_benchmarks\test42_100k_exportpatch\queries\job_exact\13d.sql
duckdb,job_exact,13d,company_type,ct,1,1,1,1.0,exact,False,False,"SELECT COUNT(*) FROM ""company_type"" AS ct WHERE (ct.kind ='production companies')","SELECT * FROM ""company_type"" AS ct WHERE (ct.kind ='production companies')",C:\Users\vanya\Documents\DATA_SYS_LAB\test44\final_benchmarks\test42_100k_exportpatch\queries\job_exact\13d.sql
postgres,job_exact,13d,company_type,ct,1,1,1,1.0,exact,False,False,"SELECT COUNT(*) FROM ""company_type"" AS ct WHERE (ct.kind ='production companies')","SELECT * FROM ""company_type"" AS ct WHERE (ct.kind ='production companies')",C:\Users\vanya\Documents\DATA_SYS_LAB\test44\final_benchmarks\test42_100k_exportpatch\queries\job_exact\13d.sql
duckdb,job_exact,13d,info_type,it,1,1,2,2.0,over,False,False,"SELECT COUNT(*) FROM ""info_type"" AS it WHERE (it.info ='rating')","SELECT * FROM ""info_type"" AS it WHERE (it.info ='rating')",C:\Users\vanya\Documents\DATA_SYS_LAB\test44\final_benchmarks\test42_100k_exportpatch\queries\job_exact\13d.sql
postgres,job_exact,13d,info_type,it,1,1,1,1.0,exact,False,False,"SELECT COUNT(*) FROM ""info_type"" AS it WHERE (it.info ='rating')","SELECT * FROM ""info_type"" AS it WHERE (it.info ='rating')",C:\Users\vanya\Documents\DATA_SYS_LAB\test44\final_benchmarks\test42_100k_exportpatch\queries\job_exact\13d.sql
duckdb,job_exact,13d,info_type,it2,1,1,2,2.0,over,False,False,"SELECT COUNT(*) FROM ""info_type"" AS it2 WHERE (it2.info ='release dates')","SELECT * FROM ""info_type"" AS it2 WHERE (it2.info ='release dates')",C:\Users\vanya\Documents\DATA_SYS_LAB\test44\final_benchmarks\test42_100k_exportpatch\queries\job_exact\13d.sql
postgres,job_exact,13d,info_type,it2,1,1,1,1.0,exact,False,False,"SELECT COUNT(*) FROM ""info_type"" AS it2 WHERE (it2.info ='release dates')","SELECT * FROM ""info_type"" AS it2 WHERE (it2.info ='release dates')",C:\Users\vanya\Documents\DATA_SYS_LAB\test44\final_benchmarks\test42_100k_exportpatch\queries\job_exact\13d.sql
duckdb,job_exact,13d,kind_type,kt,1,1,1,1.0,exact,False,False,"SELECT COUNT(*) FROM ""kind_type"" AS kt WHERE (kt.kind ='movie')","SELECT * FROM ""kind_type"" AS kt WHERE (kt.kind ='movie')",C:\Users\vanya\Documents\DATA_SYS_LAB\test44\final_benchmarks\test42_100k_exportpatch\queries\job_exact\13d.sql
postgres,job_exact,13d,kind_type,kt,1,1,1,1.0,exact,False,False,"SELECT COUNT(*) FROM ""kind_type"" AS kt WHERE (kt.kind ='movie')","SELECT * FROM ""kind_type"" AS kt WHERE (kt.kind ='movie')",C:\Users\vanya\Documents\DATA_SYS_LAB\test44\final_benchmarks\test42_100k_exportpatch\queries\job_exact\13d.sql
duckdb,job_exact,14a,info_type,it1,1,1,2,2.0,over,False,False,"SELECT COUNT(*) FROM ""info_type"" AS it1 WHERE (it1.info = 'color info')","SELECT * FROM ""info_type"" AS it1 WHERE (it1.info = 'color info')",C:\Users\vanya\Documents\DATA_SYS_LAB\test44\final_benchmarks\test42_100k_exportpatch\queries\job_exact\14a.sql
postgres,job_exact,14a,info_type,it1,1,1,1,1.0,exact,False,False,"SELECT COUNT(*) FROM ""info_type"" AS it1 WHERE (it1.info = 'color info')","SELECT * FROM ""info_type"" AS it1 WHERE (it1.info = 'color info')",C:\Users\vanya\Documents\DATA_SYS_LAB\test44\final_benchmarks\test42_100k_exportpatch\queries\job_exact\14a.sql
duckdb,job_exact,14a,info_type,it2,1,1,2,2.0,over,False,False,"SELECT COUNT(*) FROM ""info_type"" AS it2 WHERE (it2.info = 'rating')","SELECT * FROM ""info_type"" AS it2 WHERE (it2.info = 'rating')",C:\Users\vanya\Documents\DATA_SYS_LAB\test44\final_benchmarks\test42_100k_exportpatch\queries\job_exact\14a.sql
postgres,job_exact,14a,info_type,it2,1,1,1,1.0,exact,False,False,"SELECT COUNT(*) FROM ""info_type"" AS it2 WHERE (it2.info = 'rating')","SELECT * FROM ""info_type"" AS it2 WHERE (it2.info = 'rating')",C:\Users\vanya\Documents\DATA_SYS_LAB\test44\final_benchmarks\test42_100k_exportpatch\queries\job_exact\14a.sql
duckdb,job_exact,14a,keyword,k,1,4,2283,570.75,over,False,False,"SELECT COUNT(*) FROM ""keyword"" AS k WHERE (k.keyword in ('posthumous-release-medical-emergency-cold case',
                    'murder-in-title',
                    'blood',
                    'violence'))","SELECT * FROM ""keyword"" AS k WHERE (k.keyword in ('posthumous-release-medical-emergency-cold case',
                    'murder-in-title',
                    'blood',
                    'violence'))",C:\Users\vanya\Documents\DATA_SYS_LAB\test44\final_benchmarks\test42_100k_exportpatch\queries\job_exact\14a.sql
postgres,job_exact,14a,keyword,k,1,4,4,1.0,exact,False,False,"SELECT COUNT(*) FROM ""keyword"" AS k WHERE (k.keyword in ('posthumous-release-medical-emergency-cold case',
                    'murder-in-title',
                    'blood',
                    'violence'))","SELECT * FROM ""keyword"" AS k WHERE (k.keyword in ('posthumous-release-medical-emergency-cold case',
                    'murder-in-title',
                    'blood',
                    'violence'))",C:\Users\vanya\Documents\DATA_SYS_LAB\test44\final_benchmarks\test42_100k_exportpatch\queries\job_exact\14a.sql
duckdb,job_exact,14a,kind_type,kt,1,1,1,1.0,exact,False,False,"SELECT COUNT(*) FROM ""kind_type"" AS kt WHERE (kt.kind = 'movie')","SELECT * FROM ""kind_type"" AS kt WHERE (kt.kind = 'movie')",C:\Users\vanya\Documents\DATA_SYS_LAB\test44\final_benchmarks\test42_100k_exportpatch\queries\job_exact\14a.sql
postgres,job_exact,14a,kind_type,kt,1,1,1,1.0,exact,False,False,"SELECT COUNT(*) FROM ""kind_type"" AS kt WHERE (kt.kind = 'movie')","SELECT * FROM ""kind_type"" AS kt WHERE (kt.kind = 'movie')",C:\Users\vanya\Documents\DATA_SYS_LAB\test44\final_benchmarks\test42_100k_exportpatch\queries\job_exact\14a.sql
duckdb,job_exact,14a,movie_info,mi,1,127318,496434,3.8991658681411896,over,False,False,"SELECT COUNT(*) FROM ""movie_info"" AS mi WHERE (mi.info IN ('Color',
                  'Norway',
                  'Germany',
                  'Denmark',
                  'Swedish',
                  'Denish',
                  'Norwegian',
                  'German',
                  'USA',
                  'American'))","SELECT * FROM ""movie_info"" AS mi WHERE (mi.info IN ('Color',
                  'Norway',
                  'Germany',
                  'Denmark',
                  'Swedish',
                  'Denish',
                  'Norwegian',
                  'German',
                  'USA',
                  'American'))",C:\Users\vanya\Documents\DATA_SYS_LAB\test44\final_benchmarks\test42_100k_exportpatch\queries\job_exact\14a.sql
postgres,job_exact,14a,movie_info,mi,1,127318,121024,1.0520062136435748,under,False,False,"SELECT COUNT(*) FROM ""movie_info"" AS mi WHERE (mi.info IN ('Color',
                  'Norway',
                  'Germany',
                  'Denmark',
                  'Swedish',
                  'Denish',
                  'Norwegian',
                  'German',
                  'USA',
                  'American'))","SELECT * FROM ""movie_info"" AS mi WHERE (mi.info IN ('Color',
                  'Norway',
                  'Germany',
                  'Denmark',
                  'Swedish',
                  'Denish',
                  'Norwegian',
                  'German',
                  'USA',
                  'American'))",C:\Users\vanya\Documents\DATA_SYS_LAB\test44\final_benchmarks\test42_100k_exportpatch\queries\job_exact\14a.sql
duckdb,job_exact,14a,movie_info_idx,mi_idx,1,230356,100634,2.2890474392352487,under,False,False,"SELECT COUNT(*) FROM ""movie_info_idx"" AS mi_idx WHERE (mi_idx.info < '8.7')","SELECT * FROM ""movie_info_idx"" AS mi_idx WHERE (mi_idx.info < '8.7')",C:\Users\vanya\Documents\DATA_SYS_LAB\test44\final_benchmarks\test42_100k_exportpatch\queries\job_exact\14a.sql
postgres,job_exact,14a,movie_info_idx,mi_idx,1,475954,475433,1.001095843157711,under,False,False,"SELECT COUNT(*) FROM ""movie_info_idx"" AS mi_idx WHERE (mi_idx.info < '8.7')","SELECT * FROM ""movie_info_idx"" AS mi_idx WHERE (mi_idx.info < '8.7')",C:\Users\vanya\Documents\DATA_SYS_LAB\test44\final_benchmarks\test42_100k_exportpatch\queries\job_exact\14a.sql
duckdb,job_exact,14a,title,t,1,251455,50291,5.0,under,False,False,"SELECT COUNT(*) FROM ""title"" AS t WHERE (t.production_year > 1999)","SELECT * FROM ""title"" AS t WHERE (t.production_year > 1999)",C:\Users\vanya\Documents\DATA_SYS_LAB\test44\final_benchmarks\test42_100k_exportpatch\queries\job_exact\14a.sql
postgres,job_exact,14a,title,t,1,251455,251455,1.0,exact,False,False,"SELECT COUNT(*) FROM ""title"" AS t WHERE (t.production_year > 1999)","SELECT * FROM ""title"" AS t WHERE (t.production_year > 1999)",C:\Users\vanya\Documents\DATA_SYS_LAB\test44\final_benchmarks\test42_100k_exportpatch\queries\job_exact\14a.sql
duckdb,job_exact,14b,info_type,it1,1,1,2,2.0,over,False,False,"SELECT COUNT(*) FROM ""info_type"" AS it1 WHERE (it1.info = 'countries')","SELECT * FROM ""info_type"" AS it1 WHERE (it1.info = 'countries')",C:\Users\vanya\Documents\DATA_SYS_LAB\test44\final_benchmarks\test42_100k_exportpatch\queries\job_exact\14b.sql
postgres,job_exact,14b,info_type,it1,1,1,1,1.0,exact,False,False,"SELECT COUNT(*) FROM ""info_type"" AS it1 WHERE (it1.info = 'countries')","SELECT * FROM ""info_type"" AS it1 WHERE (it1.info = 'countries')",C:\Users\vanya\Documents\DATA_SYS_LAB\test44\final_benchmarks\test42_100k_exportpatch\queries\job_exact\14b.sql
duckdb,job_exact,14b,info_type,it2,1,1,2,2.0,over,False,False,"SELECT COUNT(*) FROM ""info_type"" AS it2 WHERE (it2.info = 'rating')","SELECT * FROM ""info_type"" AS it2 WHERE (it2.info = 'rating')",C:\Users\vanya\Documents\DATA_SYS_LAB\test44\final_benchmarks\test42_100k_exportpatch\queries\job_exact\14b.sql
postgres,job_exact,14b,info_type,it2,1,1,1,1.0,exact,False,False,"SELECT COUNT(*) FROM ""info_type"" AS it2 WHERE (it2.info = 'rating')","SELECT * FROM ""info_type"" AS it2 WHERE (it2.info = 'rating')",C:\Users\vanya\Documents\DATA_SYS_LAB\test44\final_benchmarks\test42_100k_exportpatch\queries\job_exact\14b.sql
duckdb,job_exact,14b,keyword,k,1,2,2283,1141.5,over,False,False,"SELECT COUNT(*) FROM ""keyword"" AS k WHERE (k.keyword in ('murder',
                    'murder-in-title'))","SELECT * FROM ""keyword"" AS k WHERE (k.keyword in ('murder',
                    'murder-in-title'))",C:\Users\vanya\Documents\DATA_SYS_LAB\test44\final_benchmarks\test42_100k_exportpatch\queries\job_exact\14b.sql
postgres,job_exact,14b,keyword,k,1,2,2,1.0,exact,False,False,"SELECT COUNT(*) FROM ""keyword"" AS k WHERE (k.keyword in ('murder',
                    'murder-in-title'))","SELECT * FROM ""keyword"" AS k WHERE (k.keyword in ('murder',
                    'murder-in-title'))",C:\Users\vanya\Documents\DATA_SYS_LAB\test44\final_benchmarks\test42_100k_exportpatch\queries\job_exact\14b.sql
duckdb,job_exact,14b,kind_type,kt,1,1,1,1.0,exact,False,False,"SELECT COUNT(*) FROM ""kind_type"" AS kt WHERE (kt.kind = 'movie')","SELECT * FROM ""kind_type"" AS kt WHERE (kt.kind = 'movie')",C:\Users\vanya\Documents\DATA_SYS_LAB\test44\final_benchmarks\test42_100k_exportpatch\queries\job_exact\14b.sql
postgres,job_exact,14b,kind_type,kt,1,1,1,1.0,exact,False,False,"SELECT COUNT(*) FROM ""kind_type"" AS kt WHERE (kt.kind = 'movie')","SELECT * FROM ""kind_type"" AS kt WHERE (kt.kind = 'movie')",C:\Users\vanya\Documents\DATA_SYS_LAB\test44\final_benchmarks\test42_100k_exportpatch\queries\job_exact\14b.sql
duckdb,job_exact,14b,movie_info,mi,1,29593,496434,16.77538607103031,over,False,False,"SELECT COUNT(*) FROM ""movie_info"" AS mi WHERE (mi.info IN ('Sweden',
                  'Norway',
                  'Germany',
                  'Denmark',
                  'Swedish',
                  'Denish',
                  'Norwegian',
                  'German',
                  'USA',
                  'American'))","SELECT * FROM ""movie_info"" AS mi WHERE (mi.info IN ('Sweden',
                  'Norway',
                  'Germany',
                  'Denmark',
                  'Swedish',
                  'Denish',
                  'Norwegian',
                  'German',
                  'USA',
                  'American'))",C:\Users\vanya\Documents\DATA_SYS_LAB\test44\final_benchmarks\test42_100k_exportpatch\queries\job_exact\14b.sql
postgres,job_exact,14b,movie_info,mi,1,29593,23558,1.2561762458612786,under,False,False,"SELECT COUNT(*) FROM ""movie_info"" AS mi WHERE (mi.info IN ('Sweden',
                  'Norway',
                  'Germany',
                  'Denmark',
                  'Swedish',
                  'Denish',
                  'Norwegian',
                  'German',
                  'USA',
                  'American'))","SELECT * FROM ""movie_info"" AS mi WHERE (mi.info IN ('Sweden',
                  'Norway',
                  'Germany',
                  'Denmark',
                  'Swedish',
                  'Denish',
                  'Norwegian',
                  'German',
                  'USA',
                  'American'))",C:\Users\vanya\Documents\DATA_SYS_LAB\test44\final_benchmarks\test42_100k_exportpatch\queries\job_exact\14b.sql
duckdb,job_exact,14b,movie_info_idx,mi_idx,1,418385,100634,4.157491503865493,under,False,False,"SELECT COUNT(*) FROM ""movie_info_idx"" AS mi_idx WHERE (mi_idx.info > '6.0')","SELECT * FROM ""movie_info_idx"" AS mi_idx WHERE (mi_idx.info > '6.0')",C:\Users\vanya\Documents\DATA_SYS_LAB\test44\final_benchmarks\test42_100k_exportpatch\queries\job_exact\14b.sql
postgres,job_exact,14b,movie_info_idx,mi_idx,1,184413,186463,1.0111163529686085,over,False,False,"SELECT COUNT(*) FROM ""movie_info_idx"" AS mi_idx WHERE (mi_idx.info > '6.0')","SELECT * FROM ""movie_info_idx"" AS mi_idx WHERE (mi_idx.info > '6.0')",C:\Users\vanya\Documents\DATA_SYS_LAB\test44\final_benchmarks\test42_100k_exportpatch\queries\job_exact\14b.sql
duckdb,job_exact,14b,title,t,2,269,50291,186.95539033457248,over,False,False,"SELECT COUNT(*) FROM ""title"" AS t WHERE (t.production_year > 2010) AND (t.title like '%murder%'
       OR t.title like '%Murder%'
       OR t.title like '%Mord%')","SELECT * FROM ""title"" AS t WHERE (t.production_year > 2010) AND (t.title like '%murder%'
       OR t.title like '%Murder%'
       OR t.title like '%Mord%')",C:\Users\vanya\Documents\DATA_SYS_LAB\test44\final_benchmarks\test42_100k_exportpatch\queries\job_exact\14b.sql
postgres,job_exact,14b,title,t,2,269,957,3.557620817843866,over,False,False,"SELECT COUNT(*) FROM ""title"" AS t WHERE (t.production_year > 2010) AND (t.title like '%murder%'
       OR t.title like '%Murder%'
       OR t.title like '%Mord%')","SELECT * FROM ""title"" AS t WHERE (t.production_year > 2010) AND (t.title like '%murder%'
       OR t.title like '%Murder%'
       OR t.title like '%Mord%')",C:\Users\vanya\Documents\DATA_SYS_LAB\test44\final_benchmarks\test42_100k_exportpatch\queries\job_exact\14b.sql
duckdb,job_exact,14c,info_type,it1,1,1,2,2.0,over,False,False,"SELECT COUNT(*) FROM ""info_type"" AS it1 WHERE (it1.info = 'color info')","SELECT * FROM ""info_type"" AS it1 WHERE (it1.info = 'color info')",C:\Users\vanya\Documents\DATA_SYS_LAB\test44\final_benchmarks\test42_100k_exportpatch\queries\job_exact\14c.sql
postgres,job_exact,14c,info_type,it1,1,1,1,1.0,exact,False,False,"SELECT COUNT(*) FROM ""info_type"" AS it1 WHERE (it1.info = 'color info')","SELECT * FROM ""info_type"" AS it1 WHERE (it1.info = 'color info')",C:\Users\vanya\Documents\DATA_SYS_LAB\test44\final_benchmarks\test42_100k_exportpatch\queries\job_exact\14c.sql
duckdb,job_exact,14c,info_type,it2,1,1,2,2.0,over,False,False,"SELECT COUNT(*) FROM ""info_type"" AS it2 WHERE (it2.info = 'rating')","SELECT * FROM ""info_type"" AS it2 WHERE (it2.info = 'rating')",C:\Users\vanya\Documents\DATA_SYS_LAB\test44\final_benchmarks\test42_100k_exportpatch\queries\job_exact\14c.sql
postgres,job_exact,14c,info_type,it2,1,1,1,1.0,exact,False,False,"SELECT COUNT(*) FROM ""info_type"" AS it2 WHERE (it2.info = 'rating')","SELECT * FROM ""info_type"" AS it2 WHERE (it2.info = 'rating')",C:\Users\vanya\Documents\DATA_SYS_LAB\test44\final_benchmarks\test42_100k_exportpatch\queries\job_exact\14c.sql
duckdb,job_exact,14c,keyword,k,2,4,456,114.0,over,False,False,"SELECT COUNT(*) FROM ""keyword"" AS k WHERE (k.keyword IS NOT NULL) AND (k.keyword in ('posthumous-release-medical-emergency-cold case',
                    'murder-in-title',
                    'blood',
                    'violence'))","SELECT * FROM ""keyword"" AS k WHERE (k.keyword IS NOT NULL) AND (k.keyword in ('posthumous-release-medical-emergency-cold case',
                    'murder-in-title',
                    'blood',
                    'violence'))",C:\Users\vanya\Documents\DATA_SYS_LAB\test44\final_benchmarks\test42_100k_exportpatch\queries\job_exact\14c.sql
postgres,job_exact,14c,keyword,k,2,4,4,1.0,exact,False,False,"SELECT COUNT(*) FROM ""keyword"" AS k WHERE (k.keyword IS NOT NULL) AND (k.keyword in ('posthumous-release-medical-emergency-cold case',
                    'murder-in-title',
                    'blood',
                    'violence'))","SELECT * FROM ""keyword"" AS k WHERE (k.keyword IS NOT NULL) AND (k.keyword in ('posthumous-release-medical-emergency-cold case',
                    'murder-in-title',
                    'blood',
                    'violence'))",C:\Users\vanya\Documents\DATA_SYS_LAB\test44\final_benchmarks\test42_100k_exportpatch\queries\job_exact\14c.sql
duckdb,job_exact,14c,kind_type,kt,1,2,1,2.0,under,False,False,"SELECT COUNT(*) FROM ""kind_type"" AS kt WHERE (kt.kind in ('movie',
                  'episode'))","SELECT * FROM ""kind_type"" AS kt WHERE (kt.kind in ('movie',
                  'episode'))",C:\Users\vanya\Documents\DATA_SYS_LAB\test44\final_benchmarks\test42_100k_exportpatch\queries\job_exact\14c.sql
postgres,job_exact,14c,kind_type,kt,1,2,2,1.0,exact,False,False,"SELECT COUNT(*) FROM ""kind_type"" AS kt WHERE (kt.kind in ('movie',
                  'episode'))","SELECT * FROM ""kind_type"" AS kt WHERE (kt.kind in ('movie',
                  'episode'))",C:\Users\vanya\Documents\DATA_SYS_LAB\test44\final_benchmarks\test42_100k_exportpatch\queries\job_exact\14c.sql
duckdb,job_exact,14c,movie_info,mi,1,129186,496434,3.8427848218847243,over,False,False,"SELECT COUNT(*) FROM ""movie_info"" AS mi WHERE (mi.info IN ('Color',
                  'Norway',
                  'Germany',
                  'Denmark',
                  'Swedish',
                  'Danish',
                  'Norwegian',
                  'German',
                  'USA',
                  'American'))","SELECT * FROM ""movie_info"" AS mi WHERE (mi.info IN ('Color',
                  'Norway',
                  'Germany',
                  'Denmark',
                  'Swedish',
                  'Danish',
                  'Norwegian',
                  'German',
                  'USA',
                  'American'))",C:\Users\vanya\Documents\DATA_SYS_LAB\test44\final_benchmarks\test42_100k_exportpatch\queries\job_exact\14c.sql
postgres,job_exact,14c,movie_info,mi,1,129186,121024,1.0674411686938128,under,False,False,"SELECT COUNT(*) FROM ""movie_info"" AS mi WHERE (mi.info IN ('Color',
                  'Norway',
                  'Germany',
                  'Denmark',
                  'Swedish',
                  'Danish',
                  'Norwegian',
                  'German',
                  'USA',
                  'American'))","SELECT * FROM ""movie_info"" AS mi WHERE (mi.info IN ('Color',
                  'Norway',
                  'Germany',
                  'Denmark',
                  'Swedish',
                  'Danish',
                  'Norwegian',
                  'German',
                  'USA',
                  'American'))",C:\Users\vanya\Documents\DATA_SYS_LAB\test44\final_benchmarks\test42_100k_exportpatch\queries\job_exact\14c.sql
duckdb,job_exact,14c,movie_info_idx,mi_idx,1,230356,100634,2.2890474392352487,under,False,False,"SELECT COUNT(*) FROM ""movie_info_idx"" AS mi_idx WHERE (mi_idx.info < '8.7')","SELECT * FROM ""movie_info_idx"" AS mi_idx WHERE (mi_idx.info < '8.7')",C:\Users\vanya\Documents\DATA_SYS_LAB\test44\final_benchmarks\test42_100k_exportpatch\queries\job_exact\14c.sql
postgres,job_exact,14c,movie_info_idx,mi_idx,1,475954,475433,1.001095843157711,under,False,False,"SELECT COUNT(*) FROM ""movie_info_idx"" AS mi_idx WHERE (mi_idx.info < '8.7')","SELECT * FROM ""movie_info_idx"" AS mi_idx WHERE (mi_idx.info < '8.7')",C:\Users\vanya\Documents\DATA_SYS_LAB\test44\final_benchmarks\test42_100k_exportpatch\queries\job_exact\14c.sql
duckdb,job_exact,14c,title,t,1,251455,50291,5.0,under,False,False,"SELECT COUNT(*) FROM ""title"" AS t WHERE (t.production_year > 1999)","SELECT * FROM ""title"" AS t WHERE (t.production_year > 1999)",C:\Users\vanya\Documents\DATA_SYS_LAB\test44\final_benchmarks\test42_100k_exportpatch\queries\job_exact\14c.sql
postgres,job_exact,14c,title,t,1,251455,251455,1.0,exact,False,False,"SELECT COUNT(*) FROM ""title"" AS t WHERE (t.production_year > 1999)","SELECT * FROM ""title"" AS t WHERE (t.production_year > 1999)",C:\Users\vanya\Documents\DATA_SYS_LAB\test44\final_benchmarks\test42_100k_exportpatch\queries\job_exact\14c.sql
duckdb,job_exact,15a,company_name,cn,1,96,180,1.875,over,False,False,"SELECT COUNT(*) FROM ""company_name"" AS cn WHERE (cn.country_code = '[my]')","SELECT * FROM ""company_name"" AS cn WHERE (cn.country_code = '[my]')",C:\Users\vanya\Documents\DATA_SYS_LAB\test44\final_benchmarks\test42_100k_exportpatch\queries\job_exact\15a.sql
postgres,job_exact,15a,company_name,cn,1,96,96,1.0,exact,False,False,"SELECT COUNT(*) FROM ""company_name"" AS cn WHERE (cn.country_code = '[my]')","SELECT * FROM ""company_name"" AS cn WHERE (cn.country_code = '[my]')",C:\Users\vanya\Documents\DATA_SYS_LAB\test44\final_benchmarks\test42_100k_exportpatch\queries\job_exact\15a.sql
duckdb,job_exact,15a,info_type,it1,1,1,2,2.0,over,False,False,"SELECT COUNT(*) FROM ""info_type"" AS it1 WHERE (it1.info = 'release dates')","SELECT * FROM ""info_type"" AS it1 WHERE (it1.info = 'release dates')",C:\Users\vanya\Documents\DATA_SYS_LAB\test44\final_benchmarks\test42_100k_exportpatch\queries\job_exact\15a.sql
postgres,job_exact,15a,info_type,it1,1,1,1,1.0,exact,False,False,"SELECT COUNT(*) FROM ""info_type"" AS it1 WHERE (it1.info = 'release dates')","SELECT * FROM ""info_type"" AS it1 WHERE (it1.info = 'release dates')",C:\Users\vanya\Documents\DATA_SYS_LAB\test44\final_benchmarks\test42_100k_exportpatch\queries\job_exact\15a.sql
duckdb,job_exact,15a,movie_companies,mc,2,87934,89517,1.0180021379671116,over,False,False,"SELECT COUNT(*) FROM ""movie_companies"" AS mc WHERE (mc.note like '%(co-production)%') AND (mc.note like '%(co-production)%')","SELECT * FROM ""movie_companies"" AS mc WHERE (mc.note like '%(co-production)%') AND (mc.note like '%(co-production)%')",C:\Users\vanya\Documents\DATA_SYS_LAB\test44\final_benchmarks\test42_100k_exportpatch\queries\job_exact\15a.sql
postgres,job_exact,15a,movie_companies,mc,2,87934,17249,5.097918719925793,under,False,False,"SELECT COUNT(*) FROM ""movie_companies"" AS mc WHERE (mc.note like '%(co-production)%') AND (mc.note like '%(co-production)%')","SELECT * FROM ""movie_companies"" AS mc WHERE (mc.note like '%(co-production)%') AND (mc.note like '%(co-production)%')",C:\Users\vanya\Documents\DATA_SYS_LAB\test44\final_benchmarks\test42_100k_exportpatch\queries\job_exact\15a.sql
duckdb,job_exact,15a,movie_info,mi,2,5,496434,99286.8,over,False,False,"SELECT COUNT(*) FROM ""movie_info"" AS mi WHERE (mi.note like '%(Theatrical)%') AND (mi.info like 'Asia:14 March 2000%')","SELECT * FROM ""movie_info"" AS mi WHERE (mi.note like '%(Theatrical)%') AND (mi.info like 'Asia:14 March 2000%')",C:\Users\vanya\Documents\DATA_SYS_LAB\test44\final_benchmarks\test42_100k_exportpatch\queries\job_exact\15a.sql
postgres,job_exact,15a,movie_info,mi,2,5,23,4.6,over,False,False,"SELECT COUNT(*) FROM ""movie_info"" AS mi WHERE (mi.note like '%(Theatrical)%') AND (mi.info like 'Asia:14 March 2000%')","SELECT * FROM ""movie_info"" AS mi WHERE (mi.note like '%(Theatrical)%') AND (mi.info like 'Asia:14 March 2000%')",C:\Users\vanya\Documents\DATA_SYS_LAB\test44\final_benchmarks\test42_100k_exportpatch\queries\job_exact\15a.sql
duckdb,job_exact,15a,title,t,1,251455,50291,5.0,under,False,False,"SELECT COUNT(*) FROM ""title"" AS t WHERE (t.production_year > 1999)","SELECT * FROM ""title"" AS t WHERE (t.production_year > 1999)",C:\Users\vanya\Documents\DATA_SYS_LAB\test44\final_benchmarks\test42_100k_exportpatch\queries\job_exact\15a.sql
postgres,job_exact,15a,title,t,1,251455,251455,1.0,exact,False,False,"SELECT COUNT(*) FROM ""title"" AS t WHERE (t.production_year > 1999)","SELECT * FROM ""title"" AS t WHERE (t.production_year > 1999)",C:\Users\vanya\Documents\DATA_SYS_LAB\test44\final_benchmarks\test42_100k_exportpatch\queries\job_exact\15a.sql
duckdb,job_exact,15b,company_name,cn,2,1,1,1.0,exact,False,False,"SELECT COUNT(*) FROM ""company_name"" AS cn WHERE (cn.country_code = '[my]') AND (cn.name = 'Urban Flash Labs')","SELECT * FROM ""company_name"" AS cn WHERE (cn.country_code = '[my]') AND (cn.name = 'Urban Flash Labs')",C:\Users\vanya\Documents\DATA_SYS_LAB\test44\final_benchmarks\test42_100k_exportpatch\queries\job_exact\15b.sql
postgres,job_exact,15b,company_name,cn,2,1,1,1.0,exact,False,False,"SELECT COUNT(*) FROM ""company_name"" AS cn WHERE (cn.country_code = '[my]') AND (cn.name = 'Urban Flash Labs')","SELECT * FROM ""company_name"" AS cn WHERE (cn.country_code = '[my]') AND (cn.name = 'Urban Flash Labs')",C:\Users\vanya\Documents\DATA_SYS_LAB\test44\final_benchmarks\test42_100k_exportpatch\queries\job_exact\15b.sql
duckdb,job_exact,15b,info_type,it1,1,1,2,2.0,over,False,False,"SELECT COUNT(*) FROM ""info_type"" AS it1 WHERE (it1.info = 'release dates')","SELECT * FROM ""info_type"" AS it1 WHERE (it1.info = 'release dates')",C:\Users\vanya\Documents\DATA_SYS_LAB\test44\final_benchmarks\test42_100k_exportpatch\queries\job_exact\15b.sql
postgres,job_exact,15b,info_type,it1,1,1,1,1.0,exact,False,False,"SELECT COUNT(*) FROM ""info_type"" AS it1 WHERE (it1.info = 'release dates')","SELECT * FROM ""info_type"" AS it1 WHERE (it1.info = 'release dates')",C:\Users\vanya\Documents\DATA_SYS_LAB\test44\final_benchmarks\test42_100k_exportpatch\queries\job_exact\15b.sql
duckdb,job_exact,15b,movie_companies,mc,2,87934,89517,1.0180021379671116,over,False,False,"SELECT COUNT(*) FROM ""movie_companies"" AS mc WHERE (mc.note like '%(co-production)%') AND (mc.note like '%(co-production)%')","SELECT * FROM ""movie_companies"" AS mc WHERE (mc.note like '%(co-production)%') AND (mc.note like '%(co-production)%')",C:\Users\vanya\Documents\DATA_SYS_LAB\test44\final_benchmarks\test42_100k_exportpatch\queries\job_exact\15b.sql
postgres,job_exact,15b,movie_companies,mc,2,87934,17249,5.097918719925793,under,False,False,"SELECT COUNT(*) FROM ""movie_companies"" AS mc WHERE (mc.note like '%(co-production)%') AND (mc.note like '%(co-production)%')","SELECT * FROM ""movie_companies"" AS mc WHERE (mc.note like '%(co-production)%') AND (mc.note like '%(co-production)%')",C:\Users\vanya\Documents\DATA_SYS_LAB\test44\final_benchmarks\test42_100k_exportpatch\queries\job_exact\15b.sql
duckdb,job_exact,15b,movie_info,mi,2,5,496434,99286.8,over,False,False,"SELECT COUNT(*) FROM ""movie_info"" AS mi WHERE (mi.note like '%(Theatrical)%') AND (mi.info like 'Asia:14 March 2000%')","SELECT * FROM ""movie_info"" AS mi WHERE (mi.note like '%(Theatrical)%') AND (mi.info like 'Asia:14 March 2000%')",C:\Users\vanya\Documents\DATA_SYS_LAB\test44\final_benchmarks\test42_100k_exportpatch\queries\job_exact\15b.sql
postgres,job_exact,15b,movie_info,mi,2,5,23,4.6,over,False,False,"SELECT COUNT(*) FROM ""movie_info"" AS mi WHERE (mi.note like '%(Theatrical)%') AND (mi.info like 'Asia:14 March 2000%')","SELECT * FROM ""movie_info"" AS mi WHERE (mi.note like '%(Theatrical)%') AND (mi.info like 'Asia:14 March 2000%')",C:\Users\vanya\Documents\DATA_SYS_LAB\test44\final_benchmarks\test42_100k_exportpatch\queries\job_exact\15b.sql
duckdb,job_exact,15c,company_name,cn,1,4275,180,23.75,under,False,False,"SELECT COUNT(*) FROM ""company_name"" AS cn WHERE (cn.country_code = '[us]')","SELECT * FROM ""company_name"" AS cn WHERE (cn.country_code = '[us]')",C:\Users\vanya\Documents\DATA_SYS_LAB\test44\final_benchmarks\test42_100k_exportpatch\queries\job_exact\15c.sql
postgres,job_exact,15c,company_name,cn,1,4275,4275,1.0,exact,False,False,"SELECT COUNT(*) FROM ""company_name"" AS cn WHERE (cn.country_code = '[us]')","SELECT * FROM ""company_name"" AS cn WHERE (cn.country_code = '[us]')",C:\Users\vanya\Documents\DATA_SYS_LAB\test44\final_benchmarks\test42_100k_exportpatch\queries\job_exact\15c.sql
duckdb,job_exact,15c,info_type,it1,1,1,2,2.0,over,False,False,"SELECT COUNT(*) FROM ""info_type"" AS it1 WHERE (it1.info = 'release dates')","SELECT * FROM ""info_type"" AS it1 WHERE (it1.info = 'release dates')",C:\Users\vanya\Documents\DATA_SYS_LAB\test44\final_benchmarks\test42_100k_exportpatch\queries\job_exact\15c.sql
postgres,job_exact,15c,info_type,it1,1,1,1,1.0,exact,False,False,"SELECT COUNT(*) FROM ""info_type"" AS it1 WHERE (it1.info = 'release dates')","SELECT * FROM ""info_type"" AS it1 WHERE (it1.info = 'release dates')",C:\Users\vanya\Documents\DATA_SYS_LAB\test44\final_benchmarks\test42_100k_exportpatch\queries\job_exact\15c.sql
duckdb,job_exact,15c,movie_info,mi,3,36690,496434,13.530498773507768,over,False,False,"SELECT COUNT(*) FROM ""movie_info"" AS mi WHERE (mi.note like '%internet%') AND (mi.info IS NOT NULL) AND (mi.info like 'Global:%201%'
       OR mi.info like 'Global:%202%')","SELECT * FROM ""movie_info"" AS mi WHERE (mi.note like '%internet%') AND (mi.info IS NOT NULL) AND (mi.info like 'Global:%201%'
       OR mi.info like 'Global:%202%')",C:\Users\vanya\Documents\DATA_SYS_LAB\test44\final_benchmarks\test42_100k_exportpatch\queries\job_exact\15c.sql
postgres,job_exact,15c,movie_info,mi,3,36690,1554,23.61003861003861,under,False,False,"SELECT COUNT(*) FROM ""movie_info"" AS mi WHERE (mi.note like '%internet%') AND (mi.info IS NOT NULL) AND (mi.info like 'Global:%201%'
       OR mi.info like 'Global:%202%')","SELECT * FROM ""movie_info"" AS mi WHERE (mi.note like '%internet%') AND (mi.info IS NOT NULL) AND (mi.info like 'Global:%201%'
       OR mi.info like 'Global:%202%')",C:\Users\vanya\Documents\DATA_SYS_LAB\test44\final_benchmarks\test42_100k_exportpatch\queries\job_exact\15c.sql
duckdb,job_exact,15c,title,t,1,241478,50291,4.801614603010479,under,False,False,"SELECT COUNT(*) FROM ""title"" AS t WHERE (t.production_year > 2005)","SELECT * FROM ""title"" AS t WHERE (t.production_year > 2005)",C:\Users\vanya\Documents\DATA_SYS_LAB\test44\final_benchmarks\test42_100k_exportpatch\queries\job_exact\15c.sql
postgres,job_exact,15c,title,t,1,241478,241514,1.0001490819039416,over,False,False,"SELECT COUNT(*) FROM ""title"" AS t WHERE (t.production_year > 2005)","SELECT * FROM ""title"" AS t WHERE (t.production_year > 2005)",C:\Users\vanya\Documents\DATA_SYS_LAB\test44\final_benchmarks\test42_100k_exportpatch\queries\job_exact\15c.sql
duckdb,job_exact,15d,company_name,cn,1,4275,180,23.75,under,False,False,"SELECT COUNT(*) FROM ""company_name"" AS cn WHERE (cn.country_code = '[us]')","SELECT * FROM ""company_name"" AS cn WHERE (cn.country_code = '[us]')",C:\Users\vanya\Documents\DATA_SYS_LAB\test44\final_benchmarks\test42_100k_exportpatch\queries\job_exact\15d.sql
postgres,job_exact,15d,company_name,cn,1,4275,4275,1.0,exact,False,False,"SELECT COUNT(*) FROM ""company_name"" AS cn WHERE (cn.country_code = '[us]')","SELECT * FROM ""company_name"" AS cn WHERE (cn.country_code = '[us]')",C:\Users\vanya\Documents\DATA_SYS_LAB\test44\final_benchmarks\test42_100k_exportpatch\queries\job_exact\15d.sql
duckdb,job_exact,15d,info_type,it1,1,1,2,2.0,over,False,False,"SELECT COUNT(*) FROM ""info_type"" AS it1 WHERE (it1.info = 'release dates')","SELECT * FROM ""info_type"" AS it1 WHERE (it1.info = 'release dates')",C:\Users\vanya\Documents\DATA_SYS_LAB\test44\final_benchmarks\test42_100k_exportpatch\queries\job_exact\15d.sql
postgres,job_exact,15d,info_type,it1,1,1,1,1.0,exact,False,False,"SELECT COUNT(*) FROM ""info_type"" AS it1 WHERE (it1.info = 'release dates')","SELECT * FROM ""info_type"" AS it1 WHERE (it1.info = 'release dates')",C:\Users\vanya\Documents\DATA_SYS_LAB\test44\final_benchmarks\test42_100k_exportpatch\queries\job_exact\15d.sql
duckdb,job_exact,15d,movie_info,mi,1,100000,496434,4.96434,over,False,False,"SELECT COUNT(*) FROM ""movie_info"" AS mi WHERE (mi.note like '%internet%')","SELECT * FROM ""movie_info"" AS mi WHERE (mi.note like '%internet%')",C:\Users\vanya\Documents\DATA_SYS_LAB\test44\final_benchmarks\test42_100k_exportpatch\queries\job_exact\15d.sql
postgres,job_exact,15d,movie_info,mi,1,100000,95729,1.0446155292544579,under,False,False,"SELECT COUNT(*) FROM ""movie_info"" AS mi WHERE (mi.note like '%internet%')","SELECT * FROM ""movie_info"" AS mi WHERE (mi.note like '%internet%')",C:\Users\vanya\Documents\DATA_SYS_LAB\test44\final_benchmarks\test42_100k_exportpatch\queries\job_exact\15d.sql
duckdb,job_exact,15d,title,t,1,241478,50291,4.801614603010479,under,False,False,"SELECT COUNT(*) FROM ""title"" AS t WHERE (t.production_year > 2005)","SELECT * FROM ""title"" AS t WHERE (t.production_year > 2005)",C:\Users\vanya\Documents\DATA_SYS_LAB\test44\final_benchmarks\test42_100k_exportpatch\queries\job_exact\15d.sql
postgres,job_exact,15d,title,t,1,241478,241514,1.0001490819039416,over,False,False,"SELECT COUNT(*) FROM ""title"" AS t WHERE (t.production_year > 2005)","SELECT * FROM ""title"" AS t WHERE (t.production_year > 2005)",C:\Users\vanya\Documents\DATA_SYS_LAB\test44\final_benchmarks\test42_100k_exportpatch\queries\job_exact\15d.sql
duckdb,job_exact,16a,company_name,cn,1,4275,180,23.75,under,False,False,"SELECT COUNT(*) FROM ""company_name"" AS cn WHERE (cn.country_code ='[us]')","SELECT * FROM ""company_name"" AS cn WHERE (cn.country_code ='[us]')",C:\Users\vanya\Documents\DATA_SYS_LAB\test44\final_benchmarks\test42_100k_exportpatch\queries\job_exact\16a.sql
postgres,job_exact,16a,company_name,cn,1,4275,4275,1.0,exact,False,False,"SELECT COUNT(*) FROM ""company_name"" AS cn WHERE (cn.country_code ='[us]')","SELECT * FROM ""company_name"" AS cn WHERE (cn.country_code ='[us]')",C:\Users\vanya\Documents\DATA_SYS_LAB\test44\final_benchmarks\test42_100k_exportpatch\queries\job_exact\16a.sql
duckdb,job_exact,16a,keyword,k,1,1,1,1.0,exact,False,False,"SELECT COUNT(*) FROM ""keyword"" AS k WHERE (k.keyword ='tv-episode')","SELECT * FROM ""keyword"" AS k WHERE (k.keyword ='tv-episode')",C:\Users\vanya\Documents\DATA_SYS_LAB\test44\final_benchmarks\test42_100k_exportpatch\queries\job_exact\16a.sql
postgres,job_exact,16a,keyword,k,1,1,1,1.0,exact,False,False,"SELECT COUNT(*) FROM ""keyword"" AS k WHERE (k.keyword ='tv-episode')","SELECT * FROM ""keyword"" AS k WHERE (k.keyword ='tv-episode')",C:\Users\vanya\Documents\DATA_SYS_LAB\test44\final_benchmarks\test42_100k_exportpatch\queries\job_exact\16a.sql
duckdb,job_exact,16a,title,t,2,6000,50291,8.381833333333333,over,False,False,"SELECT COUNT(*) FROM ""title"" AS t WHERE (t.episode_nr >= 1) AND (t.episode_nr < 2)","SELECT * FROM ""title"" AS t WHERE (t.episode_nr >= 1) AND (t.episode_nr < 2)",C:\Users\vanya\Documents\DATA_SYS_LAB\test44\final_benchmarks\test42_100k_exportpatch\queries\job_exact\16a.sql
postgres,job_exact,16a,title,t,2,6000,5943,1.0095911155981827,under,False,False,"SELECT COUNT(*) FROM ""title"" AS t WHERE (t.episode_nr >= 1) AND (t.episode_nr < 2)","SELECT * FROM ""title"" AS t WHERE (t.episode_nr >= 1) AND (t.episode_nr < 2)",C:\Users\vanya\Documents\DATA_SYS_LAB\test44\final_benchmarks\test42_100k_exportpatch\queries\job_exact\16a.sql
duckdb,job_exact,16b,company_name,cn,1,4275,180,23.75,under,False,False,"SELECT COUNT(*) FROM ""company_name"" AS cn WHERE (cn.country_code ='[us]')","SELECT * FROM ""company_name"" AS cn WHERE (cn.country_code ='[us]')",C:\Users\vanya\Documents\DATA_SYS_LAB\test44\final_benchmarks\test42_100k_exportpatch\queries\job_exact\16b.sql
postgres,job_exact,16b,company_name,cn,1,4275,4275,1.0,exact,False,False,"SELECT COUNT(*) FROM ""company_name"" AS cn WHERE (cn.country_code ='[us]')","SELECT * FROM ""company_name"" AS cn WHERE (cn.country_code ='[us]')",C:\Users\vanya\Documents\DATA_SYS_LAB\test44\final_benchmarks\test42_100k_exportpatch\queries\job_exact\16b.sql
duckdb,job_exact,16b,keyword,k,1,1,1,1.0,exact,False,False,"SELECT COUNT(*) FROM ""keyword"" AS k WHERE (k.keyword ='violence')","SELECT * FROM ""keyword"" AS k WHERE (k.keyword ='violence')",C:\Users\vanya\Documents\DATA_SYS_LAB\test44\final_benchmarks\test42_100k_exportpatch\queries\job_exact\16b.sql
postgres,job_exact,16b,keyword,k,1,1,1,1.0,exact,False,False,"SELECT COUNT(*) FROM ""keyword"" AS k WHERE (k.keyword ='violence')","SELECT * FROM ""keyword"" AS k WHERE (k.keyword ='violence')",C:\Users\vanya\Documents\DATA_SYS_LAB\test44\final_benchmarks\test42_100k_exportpatch\queries\job_exact\16b.sql
duckdb,job_exact,16c,company_name,cn,1,4275,180,23.75,under,False,False,"SELECT COUNT(*) FROM ""company_name"" AS cn WHERE (cn.country_code ='[us]')","SELECT * FROM ""company_name"" AS cn WHERE (cn.country_code ='[us]')",C:\Users\vanya\Documents\DATA_SYS_LAB\test44\final_benchmarks\test42_100k_exportpatch\queries\job_exact\16c.sql
postgres,job_exact,16c,company_name,cn,1,4275,4275,1.0,exact,False,False,"SELECT COUNT(*) FROM ""company_name"" AS cn WHERE (cn.country_code ='[us]')","SELECT * FROM ""company_name"" AS cn WHERE (cn.country_code ='[us]')",C:\Users\vanya\Documents\DATA_SYS_LAB\test44\final_benchmarks\test42_100k_exportpatch\queries\job_exact\16c.sql
duckdb,job_exact,16c,keyword,k,1,1,1,1.0,exact,False,False,"SELECT COUNT(*) FROM ""keyword"" AS k WHERE (k.keyword ='tv-episode')","SELECT * FROM ""keyword"" AS k WHERE (k.keyword ='tv-episode')",C:\Users\vanya\Documents\DATA_SYS_LAB\test44\final_benchmarks\test42_100k_exportpatch\queries\job_exact\16c.sql
postgres,job_exact,16c,keyword,k,1,1,1,1.0,exact,False,False,"SELECT COUNT(*) FROM ""keyword"" AS k WHERE (k.keyword ='tv-episode')","SELECT * FROM ""keyword"" AS k WHERE (k.keyword ='tv-episode')",C:\Users\vanya\Documents\DATA_SYS_LAB\test44\final_benchmarks\test42_100k_exportpatch\queries\job_exact\16c.sql
duckdb,job_exact,16c,title,t,1,45764,50291,1.098920548903068,over,False,False,"SELECT COUNT(*) FROM ""title"" AS t WHERE (t.episode_nr < 9)","SELECT * FROM ""title"" AS t WHERE (t.episode_nr < 9)",C:\Users\vanya\Documents\DATA_SYS_LAB\test44\final_benchmarks\test42_100k_exportpatch\queries\job_exact\16c.sql
postgres,job_exact,16c,title,t,1,45764,45138,1.013868580796668,under,False,False,"SELECT COUNT(*) FROM ""title"" AS t WHERE (t.episode_nr < 9)","SELECT * FROM ""title"" AS t WHERE (t.episode_nr < 9)",C:\Users\vanya\Documents\DATA_SYS_LAB\test44\final_benchmarks\test42_100k_exportpatch\queries\job_exact\16c.sql
duckdb,job_exact,16d,company_name,cn,1,4275,180,23.75,under,False,False,"SELECT COUNT(*) FROM ""company_name"" AS cn WHERE (cn.country_code ='[us]')","SELECT * FROM ""company_name"" AS cn WHERE (cn.country_code ='[us]')",C:\Users\vanya\Documents\DATA_SYS_LAB\test44\final_benchmarks\test42_100k_exportpatch\queries\job_exact\16d.sql
postgres,job_exact,16d,company_name,cn,1,4275,4275,1.0,exact,False,False,"SELECT COUNT(*) FROM ""company_name"" AS cn WHERE (cn.country_code ='[us]')","SELECT * FROM ""company_name"" AS cn WHERE (cn.country_code ='[us]')",C:\Users\vanya\Documents\DATA_SYS_LAB\test44\final_benchmarks\test42_100k_exportpatch\queries\job_exact\16d.sql
duckdb,job_exact,16d,keyword,k,1,1,1,1.0,exact,False,False,"SELECT COUNT(*) FROM ""keyword"" AS k WHERE (k.keyword ='character-name-in-title')","SELECT * FROM ""keyword"" AS k WHERE (k.keyword ='character-name-in-title')",C:\Users\vanya\Documents\DATA_SYS_LAB\test44\final_benchmarks\test42_100k_exportpatch\queries\job_exact\16d.sql
postgres,job_exact,16d,keyword,k,1,1,1,1.0,exact,False,False,"SELECT COUNT(*) FROM ""keyword"" AS k WHERE (k.keyword ='character-name-in-title')","SELECT * FROM ""keyword"" AS k WHERE (k.keyword ='character-name-in-title')",C:\Users\vanya\Documents\DATA_SYS_LAB\test44\final_benchmarks\test42_100k_exportpatch\queries\job_exact\16d.sql
duckdb,job_exact,16d,title,t,2,101981,50291,2.0278180986657652,under,False,False,"SELECT COUNT(*) FROM ""title"" AS t WHERE (t.episode_nr >= 5) AND (t.episode_nr < 100)","SELECT * FROM ""title"" AS t WHERE (t.episode_nr >= 5) AND (t.episode_nr < 100)",C:\Users\vanya\Documents\DATA_SYS_LAB\test44\final_benchmarks\test42_100k_exportpatch\queries\job_exact\16d.sql
postgres,job_exact,16d,title,t,2,101981,101321,1.0065139507111063,under,False,False,"SELECT COUNT(*) FROM ""title"" AS t WHERE (t.episode_nr >= 5) AND (t.episode_nr < 100)","SELECT * FROM ""title"" AS t WHERE (t.episode_nr >= 5) AND (t.episode_nr < 100)",C:\Users\vanya\Documents\DATA_SYS_LAB\test44\final_benchmarks\test42_100k_exportpatch\queries\job_exact\16d.sql
duckdb,job_exact,17a,company_name,cn,1,4275,180,23.75,under,False,False,"SELECT COUNT(*) FROM ""company_name"" AS cn WHERE (cn.country_code ='[us]')","SELECT * FROM ""company_name"" AS cn WHERE (cn.country_code ='[us]')",C:\Users\vanya\Documents\DATA_SYS_LAB\test44\final_benchmarks\test42_100k_exportpatch\queries\job_exact\17a.sql
postgres,job_exact,17a,company_name,cn,1,4275,4275,1.0,exact,False,False,"SELECT COUNT(*) FROM ""company_name"" AS cn WHERE (cn.country_code ='[us]')","SELECT * FROM ""company_name"" AS cn WHERE (cn.country_code ='[us]')",C:\Users\vanya\Documents\DATA_SYS_LAB\test44\final_benchmarks\test42_100k_exportpatch\queries\job_exact\17a.sql
duckdb,job_exact,17a,keyword,k,1,1,1,1.0,exact,False,False,"SELECT COUNT(*) FROM ""keyword"" AS k WHERE (k.keyword ='character-name-in-title')","SELECT * FROM ""keyword"" AS k WHERE (k.keyword ='character-name-in-title')",C:\Users\vanya\Documents\DATA_SYS_LAB\test44\final_benchmarks\test42_100k_exportpatch\queries\job_exact\17a.sql
postgres,job_exact,17a,keyword,k,1,1,1,1.0,exact,False,False,"SELECT COUNT(*) FROM ""keyword"" AS k WHERE (k.keyword ='character-name-in-title')","SELECT * FROM ""keyword"" AS k WHERE (k.keyword ='character-name-in-title')",C:\Users\vanya\Documents\DATA_SYS_LAB\test44\final_benchmarks\test42_100k_exportpatch\queries\job_exact\17a.sql
duckdb,job_exact,17a,name,n,1,8204,48000,5.850804485616773,over,False,False,"SELECT COUNT(*) FROM ""name"" AS n WHERE (n.name LIKE 'B%')","SELECT * FROM ""name"" AS n WHERE (n.name LIKE 'B%')",C:\Users\vanya\Documents\DATA_SYS_LAB\test44\final_benchmarks\test42_100k_exportpatch\queries\job_exact\17a.sql
postgres,job_exact,17a,name,n,1,8204,7273,1.128007699711261,under,False,False,"SELECT COUNT(*) FROM ""name"" AS n WHERE (n.name LIKE 'B%')","SELECT * FROM ""name"" AS n WHERE (n.name LIKE 'B%')",C:\Users\vanya\Documents\DATA_SYS_LAB\test44\final_benchmarks\test42_100k_exportpatch\queries\job_exact\17a.sql
duckdb,job_exact,17b,keyword,k,1,1,1,1.0,exact,False,False,"SELECT COUNT(*) FROM ""keyword"" AS k WHERE (k.keyword ='murder')","SELECT * FROM ""keyword"" AS k WHERE (k.keyword ='murder')",C:\Users\vanya\Documents\DATA_SYS_LAB\test44\final_benchmarks\test42_100k_exportpatch\queries\job_exact\17b.sql
postgres,job_exact,17b,keyword,k,1,1,1,1.0,exact,False,False,"SELECT COUNT(*) FROM ""keyword"" AS k WHERE (k.keyword ='murder')","SELECT * FROM ""keyword"" AS k WHERE (k.keyword ='murder')",C:\Users\vanya\Documents\DATA_SYS_LAB\test44\final_benchmarks\test42_100k_exportpatch\queries\job_exact\17b.sql
duckdb,job_exact,17b,name,n,1,4580,48000,10.480349344978166,over,False,False,"SELECT COUNT(*) FROM ""name"" AS n WHERE (n.name LIKE 'Z%')","SELECT * FROM ""name"" AS n WHERE (n.name LIKE 'Z%')",C:\Users\vanya\Documents\DATA_SYS_LAB\test44\final_benchmarks\test42_100k_exportpatch\queries\job_exact\17b.sql
postgres,job_exact,17b,name,n,1,4580,4848,1.0585152838427947,over,False,False,"SELECT COUNT(*) FROM ""name"" AS n WHERE (n.name LIKE 'Z%')","SELECT * FROM ""name"" AS n WHERE (n.name LIKE 'Z%')",C:\Users\vanya\Documents\DATA_SYS_LAB\test44\final_benchmarks\test42_100k_exportpatch\queries\job_exact\17b.sql
duckdb,job_exact,17c,keyword,k,1,1,1,1.0,exact,False,False,"SELECT COUNT(*) FROM ""keyword"" AS k WHERE (k.keyword ='detective-metropolitan-underworld')","SELECT * FROM ""keyword"" AS k WHERE (k.keyword ='detective-metropolitan-underworld')",C:\Users\vanya\Documents\DATA_SYS_LAB\test44\final_benchmarks\test42_100k_exportpatch\queries\job_exact\17c.sql
postgres,job_exact,17c,keyword,k,1,1,1,1.0,exact,False,False,"SELECT COUNT(*) FROM ""keyword"" AS k WHERE (k.keyword ='detective-metropolitan-underworld')","SELECT * FROM ""keyword"" AS k WHERE (k.keyword ='detective-metropolitan-underworld')",C:\Users\vanya\Documents\DATA_SYS_LAB\test44\final_benchmarks\test42_100k_exportpatch\queries\job_exact\17c.sql
duckdb,job_exact,17c,name,n,1,1,48000,48000.0,over,False,False,"SELECT COUNT(*) FROM ""name"" AS n WHERE (n.name LIKE 'Aya O. Bakr%')","SELECT * FROM ""name"" AS n WHERE (n.name LIKE 'Aya O. Bakr%')",C:\Users\vanya\Documents\DATA_SYS_LAB\test44\final_benchmarks\test42_100k_exportpatch\queries\job_exact\17c.sql
postgres,job_exact,17c,name,n,1,1,24,24.0,over,False,False,"SELECT COUNT(*) FROM ""name"" AS n WHERE (n.name LIKE 'Aya O. Bakr%')","SELECT * FROM ""name"" AS n WHERE (n.name LIKE 'Aya O. Bakr%')",C:\Users\vanya\Documents\DATA_SYS_LAB\test44\final_benchmarks\test42_100k_exportpatch\queries\job_exact\17c.sql
duckdb,job_exact,17d,keyword,k,1,1,1,1.0,exact,False,False,"SELECT COUNT(*) FROM ""keyword"" AS k WHERE (k.keyword ='murder')","SELECT * FROM ""keyword"" AS k WHERE (k.keyword ='murder')",C:\Users\vanya\Documents\DATA_SYS_LAB\test44\final_benchmarks\test42_100k_exportpatch\queries\job_exact\17d.sql
postgres,job_exact,17d,keyword,k,1,1,1,1.0,exact,False,False,"SELECT COUNT(*) FROM ""keyword"" AS k WHERE (k.keyword ='murder')","SELECT * FROM ""keyword"" AS k WHERE (k.keyword ='murder')",C:\Users\vanya\Documents\DATA_SYS_LAB\test44\final_benchmarks\test42_100k_exportpatch\queries\job_exact\17d.sql
duckdb,job_exact,17d,name,n,1,219305,48000,4.568854166666667,under,False,False,"SELECT COUNT(*) FROM ""name"" AS n WHERE (n.name LIKE '%a%')","SELECT * FROM ""name"" AS n WHERE (n.name LIKE '%a%')",C:\Users\vanya\Documents\DATA_SYS_LAB\test44\final_benchmarks\test42_100k_exportpatch\queries\job_exact\17d.sql
postgres,job_exact,17d,name,n,1,219305,206061,1.0642722300677954,under,False,False,"SELECT COUNT(*) FROM ""name"" AS n WHERE (n.name LIKE '%a%')","SELECT * FROM ""name"" AS n WHERE (n.name LIKE '%a%')",C:\Users\vanya\Documents\DATA_SYS_LAB\test44\final_benchmarks\test42_100k_exportpatch\queries\job_exact\17d.sql
duckdb,job_exact,17e,company_name,cn,1,4275,180,23.75,under,False,False,"SELECT COUNT(*) FROM ""company_name"" AS cn WHERE (cn.country_code ='[us]')","SELECT * FROM ""company_name"" AS cn WHERE (cn.country_code ='[us]')",C:\Users\vanya\Documents\DATA_SYS_LAB\test44\final_benchmarks\test42_100k_exportpatch\queries\job_exact\17e.sql
postgres,job_exact,17e,company_name,cn,1,4275,4275,1.0,exact,False,False,"SELECT COUNT(*) FROM ""company_name"" AS cn WHERE (cn.country_code ='[us]')","SELECT * FROM ""company_name"" AS cn WHERE (cn.country_code ='[us]')",C:\Users\vanya\Documents\DATA_SYS_LAB\test44\final_benchmarks\test42_100k_exportpatch\queries\job_exact\17e.sql
duckdb,job_exact,17e,keyword,k,1,1,1,1.0,exact,False,False,"SELECT COUNT(*) FROM ""keyword"" AS k WHERE (k.keyword ='murder')","SELECT * FROM ""keyword"" AS k WHERE (k.keyword ='murder')",C:\Users\vanya\Documents\DATA_SYS_LAB\test44\final_benchmarks\test42_100k_exportpatch\queries\job_exact\17e.sql
postgres,job_exact,17e,keyword,k,1,1,1,1.0,exact,False,False,"SELECT COUNT(*) FROM ""keyword"" AS k WHERE (k.keyword ='murder')","SELECT * FROM ""keyword"" AS k WHERE (k.keyword ='murder')",C:\Users\vanya\Documents\DATA_SYS_LAB\test44\final_benchmarks\test42_100k_exportpatch\queries\job_exact\17e.sql
duckdb,job_exact,17f,keyword,k,1,1,1,1.0,exact,False,False,"SELECT COUNT(*) FROM ""keyword"" AS k WHERE (k.keyword ='murder')","SELECT * FROM ""keyword"" AS k WHERE (k.keyword ='murder')",C:\Users\vanya\Documents\DATA_SYS_LAB\test44\final_benchmarks\test42_100k_exportpatch\queries\job_exact\17f.sql
postgres,job_exact,17f,keyword,k,1,1,1,1.0,exact,False,False,"SELECT COUNT(*) FROM ""keyword"" AS k WHERE (k.keyword ='murder')","SELECT * FROM ""keyword"" AS k WHERE (k.keyword ='murder')",C:\Users\vanya\Documents\DATA_SYS_LAB\test44\final_benchmarks\test42_100k_exportpatch\queries\job_exact\17f.sql
duckdb,job_exact,17f,name,n,1,219305,48000,4.568854166666667,under,False,False,"SELECT COUNT(*) FROM ""name"" AS n WHERE (n.name LIKE '%a%')","SELECT * FROM ""name"" AS n WHERE (n.name LIKE '%a%')",C:\Users\vanya\Documents\DATA_SYS_LAB\test44\final_benchmarks\test42_100k_exportpatch\queries\job_exact\17f.sql
postgres,job_exact,17f,name,n,1,219305,206061,1.0642722300677954,under,False,False,"SELECT COUNT(*) FROM ""name"" AS n WHERE (n.name LIKE '%a%')","SELECT * FROM ""name"" AS n WHERE (n.name LIKE '%a%')",C:\Users\vanya\Documents\DATA_SYS_LAB\test44\final_benchmarks\test42_100k_exportpatch\queries\job_exact\17f.sql
duckdb,job_exact,18a,cast_info,ci,1,1,845,845.0,over,False,True,"SELECT COUNT(*) FROM ""cast_info"" AS ci WHERE (ci.note = '(as Det. Barros)')","SELECT * FROM ""cast_info"" AS ci WHERE (ci.note = '(as Det. Barros)')",C:\Users\vanya\Documents\DATA_SYS_LAB\test44\final_benchmarks\test42_100k_exportpatch\queries\job_exact\18a.sql
postgres,job_exact,18a,cast_info,ci,1,1,91,91.0,over,False,True,"SELECT COUNT(*) FROM ""cast_info"" AS ci WHERE (ci.note = '(as Det. Barros)')","SELECT * FROM ""cast_info"" AS ci WHERE (ci.note = '(as Det. Barros)')",C:\Users\vanya\Documents\DATA_SYS_LAB\test44\final_benchmarks\test42_100k_exportpatch\queries\job_exact\18a.sql
duckdb,job_exact,18a,info_type,it1,1,1,2,2.0,over,False,False,"SELECT COUNT(*) FROM ""info_type"" AS it1 WHERE (it1.info = 'release dates')","SELECT * FROM ""info_type"" AS it1 WHERE (it1.info = 'release dates')",C:\Users\vanya\Documents\DATA_SYS_LAB\test44\final_benchmarks\test42_100k_exportpatch\queries\job_exact\18a.sql
postgres,job_exact,18a,info_type,it1,1,1,1,1.0,exact,False,False,"SELECT COUNT(*) FROM ""info_type"" AS it1 WHERE (it1.info = 'release dates')","SELECT * FROM ""info_type"" AS it1 WHERE (it1.info = 'release dates')",C:\Users\vanya\Documents\DATA_SYS_LAB\test44\final_benchmarks\test42_100k_exportpatch\queries\job_exact\18a.sql
duckdb,job_exact,18a,info_type,it2,1,1,2,2.0,over,False,False,"SELECT COUNT(*) FROM ""info_type"" AS it2 WHERE (it2.info = 'votes')","SELECT * FROM ""info_type"" AS it2 WHERE (it2.info = 'votes')",C:\Users\vanya\Documents\DATA_SYS_LAB\test44\final_benchmarks\test42_100k_exportpatch\queries\job_exact\18a.sql
postgres,job_exact,18a,info_type,it2,1,1,1,1.0,exact,False,False,"SELECT COUNT(*) FROM ""info_type"" AS it2 WHERE (it2.info = 'votes')","SELECT * FROM ""info_type"" AS it2 WHERE (it2.info = 'votes')",C:\Users\vanya\Documents\DATA_SYS_LAB\test44\final_benchmarks\test42_100k_exportpatch\queries\job_exact\18a.sql
duckdb,job_exact,18a,name,n,2,2,120000,60000.0,over,False,False,"SELECT COUNT(*) FROM ""name"" AS n WHERE (n.gender = 'm') AND (n.name like '%Joshua Ryan Smith%')","SELECT * FROM ""name"" AS n WHERE (n.gender = 'm') AND (n.name like '%Joshua Ryan Smith%')",C:\Users\vanya\Documents\DATA_SYS_LAB\test44\final_benchmarks\test42_100k_exportpatch\queries\job_exact\18a.sql
postgres,job_exact,18a,name,n,2,2,13,6.5,over,False,False,"SELECT COUNT(*) FROM ""name"" AS n WHERE (n.gender = 'm') AND (n.name like '%Joshua Ryan Smith%')","SELECT * FROM ""name"" AS n WHERE (n.gender = 'm') AND (n.name like '%Joshua Ryan Smith%')",C:\Users\vanya\Documents\DATA_SYS_LAB\test44\final_benchmarks\test42_100k_exportpatch\queries\job_exact\18a.sql
duckdb,job_exact,18b,cast_info,ci,1,151634,560392,3.695688302095836,over,False,True,"SELECT COUNT(*) FROM ""cast_info"" AS ci WHERE (ci.note IN ('(story)', '(head writer)', '(written by)', '(story editor)'))","SELECT * FROM ""cast_info"" AS ci WHERE (ci.note IN ('(story)', '(head writer)', '(written by)', '(story editor)'))",C:\Users\vanya\Documents\DATA_SYS_LAB\test44\final_benchmarks\test42_100k_exportpatch\queries\job_exact\18b.sql
postgres,job_exact,18b,cast_info,ci,1,151634,150559,1.0071400580503325,under,False,True,"SELECT COUNT(*) FROM ""cast_info"" AS ci WHERE (ci.note IN ('(story)', '(head writer)', '(written by)', '(story editor)'))","SELECT * FROM ""cast_info"" AS ci WHERE (ci.note IN ('(story)', '(head writer)', '(written by)', '(story editor)'))",C:\Users\vanya\Documents\DATA_SYS_LAB\test44\final_benchmarks\test42_100k_exportpatch\queries\job_exact\18b.sql
duckdb,job_exact,18b,info_type,it1,1,1,2,2.0,over,False,False,"SELECT COUNT(*) FROM ""info_type"" AS it1 WHERE (it1.info = 'color info')","SELECT * FROM ""info_type"" AS it1 WHERE (it1.info = 'color info')",C:\Users\vanya\Documents\DATA_SYS_LAB\test44\final_benchmarks\test42_100k_exportpatch\queries\job_exact\18b.sql
postgres,job_exact,18b,info_type,it1,1,1,1,1.0,exact,False,False,"SELECT COUNT(*) FROM ""info_type"" AS it1 WHERE (it1.info = 'color info')","SELECT * FROM ""info_type"" AS it1 WHERE (it1.info = 'color info')",C:\Users\vanya\Documents\DATA_SYS_LAB\test44\final_benchmarks\test42_100k_exportpatch\queries\job_exact\18b.sql
duckdb,job_exact,18b,info_type,it2,1,1,2,2.0,over,False,False,"SELECT COUNT(*) FROM ""info_type"" AS it2 WHERE (it2.info = 'votes')","SELECT * FROM ""info_type"" AS it2 WHERE (it2.info = 'votes')",C:\Users\vanya\Documents\DATA_SYS_LAB\test44\final_benchmarks\test42_100k_exportpatch\queries\job_exact\18b.sql
postgres,job_exact,18b,info_type,it2,1,1,1,1.0,exact,False,False,"SELECT COUNT(*) FROM ""info_type"" AS it2 WHERE (it2.info = 'votes')","SELECT * FROM ""info_type"" AS it2 WHERE (it2.info = 'votes')",C:\Users\vanya\Documents\DATA_SYS_LAB\test44\final_benchmarks\test42_100k_exportpatch\queries\job_exact\18b.sql
duckdb,job_exact,18b,movie_info,mi,2,113575,99286,1.143917571460226,under,False,False,"SELECT COUNT(*) FROM ""movie_info"" AS mi WHERE (mi.info in ('Color',
                  'Thriller')) AND (mi.note IS NULL)","SELECT * FROM ""movie_info"" AS mi WHERE (mi.info in ('Color',
                  'Thriller')) AND (mi.note IS NULL)",C:\Users\vanya\Documents\DATA_SYS_LAB\test44\final_benchmarks\test42_100k_exportpatch\queries\job_exact\18b.sql
postgres,job_exact,18b,movie_info,mi,2,113575,82796,1.3717450118363206,under,False,False,"SELECT COUNT(*) FROM ""movie_info"" AS mi WHERE (mi.info in ('Color',
                  'Thriller')) AND (mi.note IS NULL)","SELECT * FROM ""movie_info"" AS mi WHERE (mi.info in ('Color',
                  'Thriller')) AND (mi.note IS NULL)",C:\Users\vanya\Documents\DATA_SYS_LAB\test44\final_benchmarks\test42_100k_exportpatch\queries\job_exact\18b.sql
duckdb,job_exact,18b,movie_info_idx,mi_idx,1,196380,100634,1.9514279468171791,under,False,False,"SELECT COUNT(*) FROM ""movie_info_idx"" AS mi_idx WHERE (mi_idx.info > '4706.9')","SELECT * FROM ""movie_info_idx"" AS mi_idx WHERE (mi_idx.info > '4706.9')",C:\Users\vanya\Documents\DATA_SYS_LAB\test44\final_benchmarks\test42_100k_exportpatch\queries\job_exact\18b.sql
postgres,job_exact,18b,movie_info_idx,mi_idx,1,266022,265075,1.003572573799868,under,False,False,"SELECT COUNT(*) FROM ""movie_info_idx"" AS mi_idx WHERE (mi_idx.info > '4706.9')","SELECT * FROM ""movie_info_idx"" AS mi_idx WHERE (mi_idx.info > '4706.9')",C:\Users\vanya\Documents\DATA_SYS_LAB\test44\final_benchmarks\test42_100k_exportpatch\queries\job_exact\18b.sql
duckdb,job_exact,18b,name,n,2,124894,120000,1.0407833333333334,under,False,False,"SELECT COUNT(*) FROM ""name"" AS n WHERE (n.gender IS NOT NULL) AND (n.gender = 'm')","SELECT * FROM ""name"" AS n WHERE (n.gender IS NOT NULL) AND (n.gender = 'm')",C:\Users\vanya\Documents\DATA_SYS_LAB\test44\final_benchmarks\test42_100k_exportpatch\queries\job_exact\18b.sql
postgres,job_exact,18b,name,n,2,124894,121477,1.0281287815800522,under,False,False,"SELECT COUNT(*) FROM ""name"" AS n WHERE (n.gender IS NOT NULL) AND (n.gender = 'm')","SELECT * FROM ""name"" AS n WHERE (n.gender IS NOT NULL) AND (n.gender = 'm')",C:\Users\vanya\Documents\DATA_SYS_LAB\test44\final_benchmarks\test42_100k_exportpatch\queries\job_exact\18b.sql
duckdb,job_exact,18c,cast_info,ci,1,151634,560392,3.695688302095836,over,False,True,"SELECT COUNT(*) FROM ""cast_info"" AS ci WHERE (ci.note IN ('(story)', '(head writer)', '(written by)', '(story editor)'))","SELECT * FROM ""cast_info"" AS ci WHERE (ci.note IN ('(story)', '(head writer)', '(written by)', '(story editor)'))",C:\Users\vanya\Documents\DATA_SYS_LAB\test44\final_benchmarks\test42_100k_exportpatch\queries\job_exact\18c.sql
postgres,job_exact,18c,cast_info,ci,1,151634,150559,1.0071400580503325,under,False,True,"SELECT COUNT(*) FROM ""cast_info"" AS ci WHERE (ci.note IN ('(story)', '(head writer)', '(written by)', '(story editor)'))","SELECT * FROM ""cast_info"" AS ci WHERE (ci.note IN ('(story)', '(head writer)', '(written by)', '(story editor)'))",C:\Users\vanya\Documents\DATA_SYS_LAB\test44\final_benchmarks\test42_100k_exportpatch\queries\job_exact\18c.sql
duckdb,job_exact,18c,info_type,it1,1,1,2,2.0,over,False,False,"SELECT COUNT(*) FROM ""info_type"" AS it1 WHERE (it1.info = 'color info')","SELECT * FROM ""info_type"" AS it1 WHERE (it1.info = 'color info')",C:\Users\vanya\Documents\DATA_SYS_LAB\test44\final_benchmarks\test42_100k_exportpatch\queries\job_exact\18c.sql
postgres,job_exact,18c,info_type,it1,1,1,1,1.0,exact,False,False,"SELECT COUNT(*) FROM ""info_type"" AS it1 WHERE (it1.info = 'color info')","SELECT * FROM ""info_type"" AS it1 WHERE (it1.info = 'color info')",C:\Users\vanya\Documents\DATA_SYS_LAB\test44\final_benchmarks\test42_100k_exportpatch\queries\job_exact\18c.sql
duckdb,job_exact,18c,info_type,it2,1,1,2,2.0,over,False,False,"SELECT COUNT(*) FROM ""info_type"" AS it2 WHERE (it2.info = 'votes')","SELECT * FROM ""info_type"" AS it2 WHERE (it2.info = 'votes')",C:\Users\vanya\Documents\DATA_SYS_LAB\test44\final_benchmarks\test42_100k_exportpatch\queries\job_exact\18c.sql
postgres,job_exact,18c,info_type,it2,1,1,1,1.0,exact,False,False,"SELECT COUNT(*) FROM ""info_type"" AS it2 WHERE (it2.info = 'votes')","SELECT * FROM ""info_type"" AS it2 WHERE (it2.info = 'votes')",C:\Users\vanya\Documents\DATA_SYS_LAB\test44\final_benchmarks\test42_100k_exportpatch\queries\job_exact\18c.sql
duckdb,job_exact,18c,movie_info,mi,1,164578,496434,3.0164055949154807,over,False,False,"SELECT COUNT(*) FROM ""movie_info"" AS mi WHERE (mi.info in ('Color',
                  'Action',
                  'Sci-Fi',
                  'Thriller',
                  'Crime',
                  'War'))","SELECT * FROM ""movie_info"" AS mi WHERE (mi.info in ('Color',
                  'Action',
                  'Sci-Fi',
                  'Thriller',
                  'Crime',
                  'War'))",C:\Users\vanya\Documents\DATA_SYS_LAB\test44\final_benchmarks\test42_100k_exportpatch\queries\job_exact\18c.sql
postgres,job_exact,18c,movie_info,mi,1,164578,162582,1.0122768818196357,under,False,False,"SELECT COUNT(*) FROM ""movie_info"" AS mi WHERE (mi.info in ('Color',
                  'Action',
                  'Sci-Fi',
                  'Thriller',
                  'Crime',
                  'War'))","SELECT * FROM ""movie_info"" AS mi WHERE (mi.info in ('Color',
                  'Action',
                  'Sci-Fi',
                  'Thriller',
                  'Crime',
                  'War'))",C:\Users\vanya\Documents\DATA_SYS_LAB\test44\final_benchmarks\test42_100k_exportpatch\queries\job_exact\18c.sql
duckdb,job_exact,18c,name,n,1,124894,120000,1.0407833333333334,under,False,False,"SELECT COUNT(*) FROM ""name"" AS n WHERE (n.gender = 'm')","SELECT * FROM ""name"" AS n WHERE (n.gender = 'm')",C:\Users\vanya\Documents\DATA_SYS_LAB\test44\final_benchmarks\test42_100k_exportpatch\queries\job_exact\18c.sql
postgres,job_exact,18c,name,n,1,124894,125088,1.0015533172129967,over,False,False,"SELECT COUNT(*) FROM ""name"" AS n WHERE (n.gender = 'm')","SELECT * FROM ""name"" AS n WHERE (n.gender = 'm')",C:\Users\vanya\Documents\DATA_SYS_LAB\test44\final_benchmarks\test42_100k_exportpatch\queries\job_exact\18c.sql
duckdb,job_exact,19a,cast_info,ci,1,51584,560392,10.863678660049628,over,False,False,"SELECT COUNT(*) FROM ""cast_info"" AS ci WHERE (ci.note in ('(voice)',
                  '(voice: Japanese version)',
                  '(voice) (uncredited)',
                  '(voice: English version)'))","SELECT * FROM ""cast_info"" AS ci WHERE (ci.note in ('(voice)',
                  '(voice: Japanese version)',
                  '(voice) (uncredited)',
                  '(voice: English version)'))",C:\Users\vanya\Documents\DATA_SYS_LAB\test44\final_benchmarks\test42_100k_exportpatch\queries\job_exact\19a.sql
postgres,job_exact,19a,cast_info,ci,1,51584,52487,1.0175054280397022,over,False,False,"SELECT COUNT(*) FROM ""cast_info"" AS ci WHERE (ci.note in ('(voice)',
                  '(voice: Japanese version)',
                  '(voice) (uncredited)',
                  '(voice: English version)'))","SELECT * FROM ""cast_info"" AS ci WHERE (ci.note in ('(voice)',
                  '(voice: Japanese version)',
                  '(voice) (uncredited)',
                  '(voice: English version)'))",C:\Users\vanya\Documents\DATA_SYS_LAB\test44\final_benchmarks\test42_100k_exportpatch\queries\job_exact\19a.sql
duckdb,job_exact,19a,company_name,cn,1,84,180,2.142857142857143,over,False,False,"SELECT COUNT(*) FROM ""company_name"" AS cn WHERE (cn.country_code ='[au]')","SELECT * FROM ""company_name"" AS cn WHERE (cn.country_code ='[au]')",C:\Users\vanya\Documents\DATA_SYS_LAB\test44\final_benchmarks\test42_100k_exportpatch\queries\job_exact\19a.sql
postgres,job_exact,19a,company_name,cn,1,84,84,1.0,exact,False,False,"SELECT COUNT(*) FROM ""company_name"" AS cn WHERE (cn.country_code ='[au]')","SELECT * FROM ""company_name"" AS cn WHERE (cn.country_code ='[au]')",C:\Users\vanya\Documents\DATA_SYS_LAB\test44\final_benchmarks\test42_100k_exportpatch\queries\job_exact\19a.sql
duckdb,job_exact,19a,info_type,it,1,1,2,2.0,over,False,False,"SELECT COUNT(*) FROM ""info_type"" AS it WHERE (it.info = 'release dates')","SELECT * FROM ""info_type"" AS it WHERE (it.info = 'release dates')",C:\Users\vanya\Documents\DATA_SYS_LAB\test44\final_benchmarks\test42_100k_exportpatch\queries\job_exact\19a.sql
postgres,job_exact,19a,info_type,it,1,1,1,1.0,exact,False,False,"SELECT COUNT(*) FROM ""info_type"" AS it WHERE (it.info = 'release dates')","SELECT * FROM ""info_type"" AS it WHERE (it.info = 'release dates')",C:\Users\vanya\Documents\DATA_SYS_LAB\test44\final_benchmarks\test42_100k_exportpatch\queries\job_exact\19a.sql
duckdb,job_exact,19a,movie_companies,mc,2,87934,89517,1.0180021379671116,over,False,False,"SELECT COUNT(*) FROM ""movie_companies"" AS mc WHERE (mc.note IS NOT NULL) AND (mc.note like '%(co-production)%'
       OR mc.note like '%(co-production)%')","SELECT * FROM ""movie_companies"" AS mc WHERE (mc.note IS NOT NULL) AND (mc.note like '%(co-production)%'
       OR mc.note like '%(co-production)%')",C:\Users\vanya\Documents\DATA_SYS_LAB\test44\final_benchmarks\test42_100k_exportpatch\queries\job_exact\19a.sql
postgres,job_exact,19a,movie_companies,mc,2,87934,50825,1.730132808657157,under,False,False,"SELECT COUNT(*) FROM ""movie_companies"" AS mc WHERE (mc.note IS NOT NULL) AND (mc.note like '%(co-production)%'
       OR mc.note like '%(co-production)%')","SELECT * FROM ""movie_companies"" AS mc WHERE (mc.note IS NOT NULL) AND (mc.note like '%(co-production)%'
       OR mc.note like '%(co-production)%')",C:\Users\vanya\Documents\DATA_SYS_LAB\test44\final_benchmarks\test42_100k_exportpatch\queries\job_exact\19a.sql
duckdb,job_exact,19a,movie_info,mi,2,2,496434,248217.0,over,False,False,"SELECT COUNT(*) FROM ""movie_info"" AS mi WHERE (mi.info IS NOT NULL) AND (mi.info like 'Australia:18 May 2006%'
       OR mi.info like 'Australia:18 May 2006%')","SELECT * FROM ""movie_info"" AS mi WHERE (mi.info IS NOT NULL) AND (mi.info like 'Australia:18 May 2006%'
       OR mi.info like 'Australia:18 May 2006%')",C:\Users\vanya\Documents\DATA_SYS_LAB\test44\final_benchmarks\test42_100k_exportpatch\queries\job_exact\19a.sql
postgres,job_exact,19a,movie_info,mi,2,2,133,66.5,over,False,False,"SELECT COUNT(*) FROM ""movie_info"" AS mi WHERE (mi.info IS NOT NULL) AND (mi.info like 'Australia:18 May 2006%'
       OR mi.info like 'Australia:18 May 2006%')","SELECT * FROM ""movie_info"" AS mi WHERE (mi.info IS NOT NULL) AND (mi.info like 'Australia:18 May 2006%'
       OR mi.info like 'Australia:18 May 2006%')",C:\Users\vanya\Documents\DATA_SYS_LAB\test44\final_benchmarks\test42_100k_exportpatch\queries\job_exact\19a.sql
duckdb,job_exact,19a,name,n,2,1,120000,120000.0,over,False,False,"SELECT COUNT(*) FROM ""name"" AS n WHERE (n.gender ='f') AND (n.name like '%Joy C. Mbugua%')","SELECT * FROM ""name"" AS n WHERE (n.gender ='f') AND (n.name like '%Joy C. Mbugua%')",C:\Users\vanya\Documents\DATA_SYS_LAB\test44\final_benchmarks\test42_100k_exportpatch\queries\job_exact\19a.sql
postgres,job_exact,19a,name,n,2,1,11,11.0,over,False,False,"SELECT COUNT(*) FROM ""name"" AS n WHERE (n.gender ='f') AND (n.name like '%Joy C. Mbugua%')","SELECT * FROM ""name"" AS n WHERE (n.gender ='f') AND (n.name like '%Joy C. Mbugua%')",C:\Users\vanya\Documents\DATA_SYS_LAB\test44\final_benchmarks\test42_100k_exportpatch\queries\job_exact\19a.sql
duckdb,job_exact,19a,role_type,rt,1,1,1,1.0,exact,False,False,"SELECT COUNT(*) FROM ""role_type"" AS rt WHERE (rt.role ='actress')","SELECT * FROM ""role_type"" AS rt WHERE (rt.role ='actress')",C:\Users\vanya\Documents\DATA_SYS_LAB\test44\final_benchmarks\test42_100k_exportpatch\queries\job_exact\19a.sql
postgres,job_exact,19a,role_type,rt,1,1,1,1.0,exact,False,False,"SELECT COUNT(*) FROM ""role_type"" AS rt WHERE (rt.role ='actress')","SELECT * FROM ""role_type"" AS rt WHERE (rt.role ='actress')",C:\Users\vanya\Documents\DATA_SYS_LAB\test44\final_benchmarks\test42_100k_exportpatch\queries\job_exact\19a.sql
duckdb,job_exact,19b,cast_info,ci,1,12986,845,15.368047337278107,under,False,False,"SELECT COUNT(*) FROM ""cast_info"" AS ci WHERE (ci.note = '(voice: English version)')","SELECT * FROM ""cast_info"" AS ci WHERE (ci.note = '(voice: English version)')",C:\Users\vanya\Documents\DATA_SYS_LAB\test44\final_benchmarks\test42_100k_exportpatch\queries\job_exact\19b.sql
postgres,job_exact,19b,cast_info,ci,1,12986,13169,1.0140920991837363,over,False,False,"SELECT COUNT(*) FROM ""cast_info"" AS ci WHERE (ci.note = '(voice: English version)')","SELECT * FROM ""cast_info"" AS ci WHERE (ci.note = '(voice: English version)')",C:\Users\vanya\Documents\DATA_SYS_LAB\test44\final_benchmarks\test42_100k_exportpatch\queries\job_exact\19b.sql
duckdb,job_exact,19b,company_name,cn,1,4275,180,23.75,under,False,False,"SELECT COUNT(*) FROM ""company_name"" AS cn WHERE (cn.country_code ='[us]')","SELECT * FROM ""company_name"" AS cn WHERE (cn.country_code ='[us]')",C:\Users\vanya\Documents\DATA_SYS_LAB\test44\final_benchmarks\test42_100k_exportpatch\queries\job_exact\19b.sql
postgres,job_exact,19b,company_name,cn,1,4275,4275,1.0,exact,False,False,"SELECT COUNT(*) FROM ""company_name"" AS cn WHERE (cn.country_code ='[us]')","SELECT * FROM ""company_name"" AS cn WHERE (cn.country_code ='[us]')",C:\Users\vanya\Documents\DATA_SYS_LAB\test44\final_benchmarks\test42_100k_exportpatch\queries\job_exact\19b.sql
duckdb,job_exact,19b,info_type,it,1,1,2,2.0,over,False,False,"SELECT COUNT(*) FROM ""info_type"" AS it WHERE (it.info = 'release dates')","SELECT * FROM ""info_type"" AS it WHERE (it.info = 'release dates')",C:\Users\vanya\Documents\DATA_SYS_LAB\test44\final_benchmarks\test42_100k_exportpatch\queries\job_exact\19b.sql
postgres,job_exact,19b,info_type,it,1,1,1,1.0,exact,False,False,"SELECT COUNT(*) FROM ""info_type"" AS it WHERE (it.info = 'release dates')","SELECT * FROM ""info_type"" AS it WHERE (it.info = 'release dates')",C:\Users\vanya\Documents\DATA_SYS_LAB\test44\final_benchmarks\test42_100k_exportpatch\queries\job_exact\19b.sql
duckdb,job_exact,19b,movie_companies,mc,2,87934,89517,1.0180021379671116,over,False,False,"SELECT COUNT(*) FROM ""movie_companies"" AS mc WHERE (mc.note like '%(co-production)%') AND (mc.note like '%(co-production)%'
       OR mc.note like '%(co-production)%')","SELECT * FROM ""movie_companies"" AS mc WHERE (mc.note like '%(co-production)%') AND (mc.note like '%(co-production)%'
       OR mc.note like '%(co-production)%')",C:\Users\vanya\Documents\DATA_SYS_LAB\test44\final_benchmarks\test42_100k_exportpatch\queries\job_exact\19b.sql
postgres,job_exact,19b,movie_companies,mc,2,87934,17249,5.097918719925793,under,False,False,"SELECT COUNT(*) FROM ""movie_companies"" AS mc WHERE (mc.note like '%(co-production)%') AND (mc.note like '%(co-production)%'
       OR mc.note like '%(co-production)%')","SELECT * FROM ""movie_companies"" AS mc WHERE (mc.note like '%(co-production)%') AND (mc.note like '%(co-production)%'
       OR mc.note like '%(co-production)%')",C:\Users\vanya\Documents\DATA_SYS_LAB\test44\final_benchmarks\test42_100k_exportpatch\queries\job_exact\19b.sql
duckdb,job_exact,19b,movie_info,mi,2,2,496434,248217.0,over,False,False,"SELECT COUNT(*) FROM ""movie_info"" AS mi WHERE (mi.info IS NOT NULL) AND (mi.info like 'Australia:17 August 2006%'
       OR mi.info like 'Australia:17 August 2006%')","SELECT * FROM ""movie_info"" AS mi WHERE (mi.info IS NOT NULL) AND (mi.info like 'Australia:17 August 2006%'
       OR mi.info like 'Australia:17 August 2006%')",C:\Users\vanya\Documents\DATA_SYS_LAB\test44\final_benchmarks\test42_100k_exportpatch\queries\job_exact\19b.sql
postgres,job_exact,19b,movie_info,mi,2,2,133,66.5,over,False,False,"SELECT COUNT(*) FROM ""movie_info"" AS mi WHERE (mi.info IS NOT NULL) AND (mi.info like 'Australia:17 August 2006%'
       OR mi.info like 'Australia:17 August 2006%')","SELECT * FROM ""movie_info"" AS mi WHERE (mi.info IS NOT NULL) AND (mi.info like 'Australia:17 August 2006%'
       OR mi.info like 'Australia:17 August 2006%')",C:\Users\vanya\Documents\DATA_SYS_LAB\test44\final_benchmarks\test42_100k_exportpatch\queries\job_exact\19b.sql
duckdb,job_exact,19b,name,n,2,1,120000,120000.0,over,False,False,"SELECT COUNT(*) FROM ""name"" AS n WHERE (n.gender ='m') AND (n.name like '%Eun-woo Shin%')","SELECT * FROM ""name"" AS n WHERE (n.gender ='m') AND (n.name like '%Eun-woo Shin%')",C:\Users\vanya\Documents\DATA_SYS_LAB\test44\final_benchmarks\test42_100k_exportpatch\queries\job_exact\19b.sql
postgres,job_exact,19b,name,n,2,1,13,13.0,over,False,False,"SELECT COUNT(*) FROM ""name"" AS n WHERE (n.gender ='m') AND (n.name like '%Eun-woo Shin%')","SELECT * FROM ""name"" AS n WHERE (n.gender ='m') AND (n.name like '%Eun-woo Shin%')",C:\Users\vanya\Documents\DATA_SYS_LAB\test44\final_benchmarks\test42_100k_exportpatch\queries\job_exact\19b.sql
duckdb,job_exact,19b,role_type,rt,1,1,1,1.0,exact,False,False,"SELECT COUNT(*) FROM ""role_type"" AS rt WHERE (rt.role ='actor')","SELECT * FROM ""role_type"" AS rt WHERE (rt.role ='actor')",C:\Users\vanya\Documents\DATA_SYS_LAB\test44\final_benchmarks\test42_100k_exportpatch\queries\job_exact\19b.sql
postgres,job_exact,19b,role_type,rt,1,1,1,1.0,exact,False,False,"SELECT COUNT(*) FROM ""role_type"" AS rt WHERE (rt.role ='actor')","SELECT * FROM ""role_type"" AS rt WHERE (rt.role ='actor')",C:\Users\vanya\Documents\DATA_SYS_LAB\test44\final_benchmarks\test42_100k_exportpatch\queries\job_exact\19b.sql
duckdb,job_exact,19c,cast_info,ci,1,51584,560392,10.863678660049628,over,False,False,"SELECT COUNT(*) FROM ""cast_info"" AS ci WHERE (ci.note in ('(voice)',
                  '(voice: Japanese version)',
                  '(voice) (uncredited)',
                  '(voice: English version)'))","SELECT * FROM ""cast_info"" AS ci WHERE (ci.note in ('(voice)',
                  '(voice: Japanese version)',
                  '(voice) (uncredited)',
                  '(voice: English version)'))",C:\Users\vanya\Documents\DATA_SYS_LAB\test44\final_benchmarks\test42_100k_exportpatch\queries\job_exact\19c.sql
postgres,job_exact,19c,cast_info,ci,1,51584,52487,1.0175054280397022,over,False,False,"SELECT COUNT(*) FROM ""cast_info"" AS ci WHERE (ci.note in ('(voice)',
                  '(voice: Japanese version)',
                  '(voice) (uncredited)',
                  '(voice: English version)'))","SELECT * FROM ""cast_info"" AS ci WHERE (ci.note in ('(voice)',
                  '(voice: Japanese version)',
                  '(voice) (uncredited)',
                  '(voice: English version)'))",C:\Users\vanya\Documents\DATA_SYS_LAB\test44\final_benchmarks\test42_100k_exportpatch\queries\job_exact\19c.sql
duckdb,job_exact,19c,company_name,cn,1,4275,180,23.75,under,False,False,"SELECT COUNT(*) FROM ""company_name"" AS cn WHERE (cn.country_code ='[us]')","SELECT * FROM ""company_name"" AS cn WHERE (cn.country_code ='[us]')",C:\Users\vanya\Documents\DATA_SYS_LAB\test44\final_benchmarks\test42_100k_exportpatch\queries\job_exact\19c.sql
postgres,job_exact,19c,company_name,cn,1,4275,4275,1.0,exact,False,False,"SELECT COUNT(*) FROM ""company_name"" AS cn WHERE (cn.country_code ='[us]')","SELECT * FROM ""company_name"" AS cn WHERE (cn.country_code ='[us]')",C:\Users\vanya\Documents\DATA_SYS_LAB\test44\final_benchmarks\test42_100k_exportpatch\queries\job_exact\19c.sql
duckdb,job_exact,19c,info_type,it,1,1,2,2.0,over,False,False,"SELECT COUNT(*) FROM ""info_type"" AS it WHERE (it.info = 'release dates')","SELECT * FROM ""info_type"" AS it WHERE (it.info = 'release dates')",C:\Users\vanya\Documents\DATA_SYS_LAB\test44\final_benchmarks\test42_100k_exportpatch\queries\job_exact\19c.sql
postgres,job_exact,19c,info_type,it,1,1,1,1.0,exact,False,False,"SELECT COUNT(*) FROM ""info_type"" AS it WHERE (it.info = 'release dates')","SELECT * FROM ""info_type"" AS it WHERE (it.info = 'release dates')",C:\Users\vanya\Documents\DATA_SYS_LAB\test44\final_benchmarks\test42_100k_exportpatch\queries\job_exact\19c.sql
duckdb,job_exact,19c,movie_info,mi,2,15886,99286,6.249905577237819,over,False,False,"SELECT COUNT(*) FROM ""movie_info"" AS mi WHERE (mi.info IS NOT NULL) AND (mi.info like 'Global:%200%'
       OR mi.info like 'Global:%200%')","SELECT * FROM ""movie_info"" AS mi WHERE (mi.info IS NOT NULL) AND (mi.info like 'Global:%200%'
       OR mi.info like 'Global:%200%')",C:\Users\vanya\Documents\DATA_SYS_LAB\test44\final_benchmarks\test42_100k_exportpatch\queries\job_exact\19c.sql
postgres,job_exact,19c,movie_info,mi,2,15886,133,119.44360902255639,under,False,False,"SELECT COUNT(*) FROM ""movie_info"" AS mi WHERE (mi.info IS NOT NULL) AND (mi.info like 'Global:%200%'
       OR mi.info like 'Global:%200%')","SELECT * FROM ""movie_info"" AS mi WHERE (mi.info IS NOT NULL) AND (mi.info like 'Global:%200%'
       OR mi.info like 'Global:%200%')",C:\Users\vanya\Documents\DATA_SYS_LAB\test44\final_benchmarks\test42_100k_exportpatch\queries\job_exact\19c.sql
duckdb,job_exact,19c,name,n,2,99514,120000,1.2058604819422394,over,False,False,"SELECT COUNT(*) FROM ""name"" AS n WHERE (n.gender ='f') AND (n.name like '%a%')","SELECT * FROM ""name"" AS n WHERE (n.gender ='f') AND (n.name like '%a%')",C:\Users\vanya\Documents\DATA_SYS_LAB\test44\final_benchmarks\test42_100k_exportpatch\queries\job_exact\19c.sql
postgres,job_exact,19c,name,n,2,99514,92714,1.073343831568048,under,False,False,"SELECT COUNT(*) FROM ""name"" AS n WHERE (n.gender ='f') AND (n.name like '%a%')","SELECT * FROM ""name"" AS n WHERE (n.gender ='f') AND (n.name like '%a%')",C:\Users\vanya\Documents\DATA_SYS_LAB\test44\final_benchmarks\test42_100k_exportpatch\queries\job_exact\19c.sql
duckdb,job_exact,19c,role_type,rt,1,1,1,1.0,exact,False,False,"SELECT COUNT(*) FROM ""role_type"" AS rt WHERE (rt.role ='actress')","SELECT * FROM ""role_type"" AS rt WHERE (rt.role ='actress')",C:\Users\vanya\Documents\DATA_SYS_LAB\test44\final_benchmarks\test42_100k_exportpatch\queries\job_exact\19c.sql
postgres,job_exact,19c,role_type,rt,1,1,1,1.0,exact,False,False,"SELECT COUNT(*) FROM ""role_type"" AS rt WHERE (rt.role ='actress')","SELECT * FROM ""role_type"" AS rt WHERE (rt.role ='actress')",C:\Users\vanya\Documents\DATA_SYS_LAB\test44\final_benchmarks\test42_100k_exportpatch\queries\job_exact\19c.sql
duckdb,job_exact,19c,title,t,1,249934,50291,4.9697560199638104,under,False,False,"SELECT COUNT(*) FROM ""title"" AS t WHERE (t.production_year > 2000)","SELECT * FROM ""title"" AS t WHERE (t.production_year > 2000)",C:\Users\vanya\Documents\DATA_SYS_LAB\test44\final_benchmarks\test42_100k_exportpatch\queries\job_exact\19c.sql
postgres,job_exact,19c,title,t,1,249934,250030,1.0003841014027703,over,False,False,"SELECT COUNT(*) FROM ""title"" AS t WHERE (t.production_year > 2000)","SELECT * FROM ""title"" AS t WHERE (t.production_year > 2000)",C:\Users\vanya\Documents\DATA_SYS_LAB\test44\final_benchmarks\test42_100k_exportpatch\queries\job_exact\19c.sql
duckdb,job_exact,19d,cast_info,ci,1,51584,560392,10.863678660049628,over,False,False,"SELECT COUNT(*) FROM ""cast_info"" AS ci WHERE (ci.note in ('(voice)',
                  '(voice: Japanese version)',
                  '(voice) (uncredited)',
                  '(voice: English version)'))","SELECT * FROM ""cast_info"" AS ci WHERE (ci.note in ('(voice)',
                  '(voice: Japanese version)',
                  '(voice) (uncredited)',
                  '(voice: English version)'))",C:\Users\vanya\Documents\DATA_SYS_LAB\test44\final_benchmarks\test42_100k_exportpatch\queries\job_exact\19d.sql
postgres,job_exact,19d,cast_info,ci,1,51584,52487,1.0175054280397022,over,False,False,"SELECT COUNT(*) FROM ""cast_info"" AS ci WHERE (ci.note in ('(voice)',
                  '(voice: Japanese version)',
                  '(voice) (uncredited)',
                  '(voice: English version)'))","SELECT * FROM ""cast_info"" AS ci WHERE (ci.note in ('(voice)',
                  '(voice: Japanese version)',
                  '(voice) (uncredited)',
                  '(voice: English version)'))",C:\Users\vanya\Documents\DATA_SYS_LAB\test44\final_benchmarks\test42_100k_exportpatch\queries\job_exact\19d.sql
duckdb,job_exact,19d,company_name,cn,1,4275,180,23.75,under,False,False,"SELECT COUNT(*) FROM ""company_name"" AS cn WHERE (cn.country_code ='[us]')","SELECT * FROM ""company_name"" AS cn WHERE (cn.country_code ='[us]')",C:\Users\vanya\Documents\DATA_SYS_LAB\test44\final_benchmarks\test42_100k_exportpatch\queries\job_exact\19d.sql
postgres,job_exact,19d,company_name,cn,1,4275,4275,1.0,exact,False,False,"SELECT COUNT(*) FROM ""company_name"" AS cn WHERE (cn.country_code ='[us]')","SELECT * FROM ""company_name"" AS cn WHERE (cn.country_code ='[us]')",C:\Users\vanya\Documents\DATA_SYS_LAB\test44\final_benchmarks\test42_100k_exportpatch\queries\job_exact\19d.sql
duckdb,job_exact,19d,info_type,it,1,1,2,2.0,over,False,False,"SELECT COUNT(*) FROM ""info_type"" AS it WHERE (it.info = 'release dates')","SELECT * FROM ""info_type"" AS it WHERE (it.info = 'release dates')",C:\Users\vanya\Documents\DATA_SYS_LAB\test44\final_benchmarks\test42_100k_exportpatch\queries\job_exact\19d.sql
postgres,job_exact,19d,info_type,it,1,1,1,1.0,exact,False,False,"SELECT COUNT(*) FROM ""info_type"" AS it WHERE (it.info = 'release dates')","SELECT * FROM ""info_type"" AS it WHERE (it.info = 'release dates')",C:\Users\vanya\Documents\DATA_SYS_LAB\test44\final_benchmarks\test42_100k_exportpatch\queries\job_exact\19d.sql
duckdb,job_exact,19d,name,n,1,107907,120000,1.1120687258472575,over,False,False,"SELECT COUNT(*) FROM ""name"" AS n WHERE (n.gender ='f')","SELECT * FROM ""name"" AS n WHERE (n.gender ='f')",C:\Users\vanya\Documents\DATA_SYS_LAB\test44\final_benchmarks\test42_100k_exportpatch\queries\job_exact\19d.sql
postgres,job_exact,19d,name,n,1,107907,107984,1.0007135774324187,over,False,False,"SELECT COUNT(*) FROM ""name"" AS n WHERE (n.gender ='f')","SELECT * FROM ""name"" AS n WHERE (n.gender ='f')",C:\Users\vanya\Documents\DATA_SYS_LAB\test44\final_benchmarks\test42_100k_exportpatch\queries\job_exact\19d.sql
duckdb,job_exact,19d,role_type,rt,1,1,1,1.0,exact,False,False,"SELECT COUNT(*) FROM ""role_type"" AS rt WHERE (rt.role ='actress')","SELECT * FROM ""role_type"" AS rt WHERE (rt.role ='actress')",C:\Users\vanya\Documents\DATA_SYS_LAB\test44\final_benchmarks\test42_100k_exportpatch\queries\job_exact\19d.sql
postgres,job_exact,19d,role_type,rt,1,1,1,1.0,exact,False,False,"SELECT COUNT(*) FROM ""role_type"" AS rt WHERE (rt.role ='actress')","SELECT * FROM ""role_type"" AS rt WHERE (rt.role ='actress')",C:\Users\vanya\Documents\DATA_SYS_LAB\test44\final_benchmarks\test42_100k_exportpatch\queries\job_exact\19d.sql
duckdb,job_exact,19d,title,t,1,249934,50291,4.9697560199638104,under,False,False,"SELECT COUNT(*) FROM ""title"" AS t WHERE (t.production_year > 2000)","SELECT * FROM ""title"" AS t WHERE (t.production_year > 2000)",C:\Users\vanya\Documents\DATA_SYS_LAB\test44\final_benchmarks\test42_100k_exportpatch\queries\job_exact\19d.sql
postgres,job_exact,19d,title,t,1,249934,250030,1.0003841014027703,over,False,False,"SELECT COUNT(*) FROM ""title"" AS t WHERE (t.production_year > 2000)","SELECT * FROM ""title"" AS t WHERE (t.production_year > 2000)",C:\Users\vanya\Documents\DATA_SYS_LAB\test44\final_benchmarks\test42_100k_exportpatch\queries\job_exact\19d.sql
duckdb,job_exact,20a,comp_cast_type,cct1,1,1,1,1.0,exact,False,False,"SELECT COUNT(*) FROM ""comp_cast_type"" AS cct1 WHERE (cct1.kind = 'cast')","SELECT * FROM ""comp_cast_type"" AS cct1 WHERE (cct1.kind = 'cast')",C:\Users\vanya\Documents\DATA_SYS_LAB\test44\final_benchmarks\test42_100k_exportpatch\queries\job_exact\20a.sql
postgres,job_exact,20a,comp_cast_type,cct1,1,1,1,1.0,exact,False,False,"SELECT COUNT(*) FROM ""comp_cast_type"" AS cct1 WHERE (cct1.kind = 'cast')","SELECT * FROM ""comp_cast_type"" AS cct1 WHERE (cct1.kind = 'cast')",C:\Users\vanya\Documents\DATA_SYS_LAB\test44\final_benchmarks\test42_100k_exportpatch\queries\job_exact\20a.sql
duckdb,job_exact,20a,comp_cast_type,cct2,1,2,1,2.0,under,False,False,"SELECT COUNT(*) FROM ""comp_cast_type"" AS cct2 WHERE (cct2.kind like '%complete%')","SELECT * FROM ""comp_cast_type"" AS cct2 WHERE (cct2.kind like '%complete%')",C:\Users\vanya\Documents\DATA_SYS_LAB\test44\final_benchmarks\test42_100k_exportpatch\queries\job_exact\20a.sql
postgres,job_exact,20a,comp_cast_type,cct2,1,2,1,2.0,under,False,False,"SELECT COUNT(*) FROM ""comp_cast_type"" AS cct2 WHERE (cct2.kind like '%complete%')","SELECT * FROM ""comp_cast_type"" AS cct2 WHERE (cct2.kind like '%complete%')",C:\Users\vanya\Documents\DATA_SYS_LAB\test44\final_benchmarks\test42_100k_exportpatch\queries\job_exact\20a.sql
duckdb,job_exact,20a,char_name,chn,2,137,150811,1100.8102189781023,over,False,False,"SELECT COUNT(*) FROM ""char_name"" AS chn WHERE (chn.name not like '%Sherlock%') AND (chn.name like '%Tony%Stark%'
       OR chn.name like '%Iron%Man%')","SELECT * FROM ""char_name"" AS chn WHERE (chn.name not like '%Sherlock%') AND (chn.name like '%Tony%Stark%'
       OR chn.name like '%Iron%Man%')",C:\Users\vanya\Documents\DATA_SYS_LAB\test44\final_benchmarks\test42_100k_exportpatch\queries\job_exact\20a.sql
postgres,job_exact,20a,char_name,chn,2,137,151,1.102189781021898,over,False,False,"SELECT COUNT(*) FROM ""char_name"" AS chn WHERE (chn.name not like '%Sherlock%') AND (chn.name like '%Tony%Stark%'
       OR chn.name like '%Iron%Man%')","SELECT * FROM ""char_name"" AS chn WHERE (chn.name not like '%Sherlock%') AND (chn.name like '%Tony%Stark%'
       OR chn.name like '%Iron%Man%')",C:\Users\vanya\Documents\DATA_SYS_LAB\test44\final_benchmarks\test42_100k_exportpatch\queries\job_exact\20a.sql
duckdb,job_exact,20a,keyword,k,1,2,2283,1141.5,over,False,False,"SELECT COUNT(*) FROM ""keyword"" AS k WHERE (k.keyword in ('superhero',
                    'sequel',
                    'second-part',
                    'marvel-comics',
                    'based-on-comic',
                    'tv-special',
                    'fight',
                    'violence'))","SELECT * FROM ""keyword"" AS k WHERE (k.keyword in ('superhero',
                    'sequel',
                    'second-part',
                    'marvel-comics',
                    'based-on-comic',
                    'tv-special',
                    'fight',
                    'violence'))",C:\Users\vanya\Documents\DATA_SYS_LAB\test44\final_benchmarks\test42_100k_exportpatch\queries\job_exact\20a.sql
postgres,job_exact,20a,keyword,k,1,2,8,4.0,over,False,False,"SELECT COUNT(*) FROM ""keyword"" AS k WHERE (k.keyword in ('superhero',
                    'sequel',
                    'second-part',
                    'marvel-comics',
                    'based-on-comic',
                    'tv-special',
                    'fight',
                    'violence'))","SELECT * FROM ""keyword"" AS k WHERE (k.keyword in ('superhero',
                    'sequel',
                    'second-part',
                    'marvel-comics',
                    'based-on-comic',
                    'tv-special',
                    'fight',
                    'violence'))",C:\Users\vanya\Documents\DATA_SYS_LAB\test44\final_benchmarks\test42_100k_exportpatch\queries\job_exact\20a.sql
duckdb,job_exact,20a,kind_type,kt,1,1,1,1.0,exact,False,False,"SELECT COUNT(*) FROM ""kind_type"" AS kt WHERE (kt.kind = 'movie')","SELECT * FROM ""kind_type"" AS kt WHERE (kt.kind = 'movie')",C:\Users\vanya\Documents\DATA_SYS_LAB\test44\final_benchmarks\test42_100k_exportpatch\queries\job_exact\20a.sql
postgres,job_exact,20a,kind_type,kt,1,1,1,1.0,exact,False,False,"SELECT COUNT(*) FROM ""kind_type"" AS kt WHERE (kt.kind = 'movie')","SELECT * FROM ""kind_type"" AS kt WHERE (kt.kind = 'movie')",C:\Users\vanya\Documents\DATA_SYS_LAB\test44\final_benchmarks\test42_100k_exportpatch\queries\job_exact\20a.sql
duckdb,job_exact,20a,title,t,1,251455,50291,5.0,under,False,False,"SELECT COUNT(*) FROM ""title"" AS t WHERE (t.production_year > 1950)","SELECT * FROM ""title"" AS t WHERE (t.production_year > 1950)",C:\Users\vanya\Documents\DATA_SYS_LAB\test44\final_benchmarks\test42_100k_exportpatch\queries\job_exact\20a.sql
postgres,job_exact,20a,title,t,1,251455,251455,1.0,exact,False,False,"SELECT COUNT(*) FROM ""title"" AS t WHERE (t.production_year > 1950)","SELECT * FROM ""title"" AS t WHERE (t.production_year > 1950)",C:\Users\vanya\Documents\DATA_SYS_LAB\test44\final_benchmarks\test42_100k_exportpatch\queries\job_exact\20a.sql
duckdb,job_exact,20b,comp_cast_type,cct1,1,1,1,1.0,exact,False,False,"SELECT COUNT(*) FROM ""comp_cast_type"" AS cct1 WHERE (cct1.kind = 'cast')","SELECT * FROM ""comp_cast_type"" AS cct1 WHERE (cct1.kind = 'cast')",C:\Users\vanya\Documents\DATA_SYS_LAB\test44\final_benchmarks\test42_100k_exportpatch\queries\job_exact\20b.sql
postgres,job_exact,20b,comp_cast_type,cct1,1,1,1,1.0,exact,False,False,"SELECT COUNT(*) FROM ""comp_cast_type"" AS cct1 WHERE (cct1.kind = 'cast')","SELECT * FROM ""comp_cast_type"" AS cct1 WHERE (cct1.kind = 'cast')",C:\Users\vanya\Documents\DATA_SYS_LAB\test44\final_benchmarks\test42_100k_exportpatch\queries\job_exact\20b.sql
duckdb,job_exact,20b,comp_cast_type,cct2,1,2,1,2.0,under,False,False,"SELECT COUNT(*) FROM ""comp_cast_type"" AS cct2 WHERE (cct2.kind like '%complete%')","SELECT * FROM ""comp_cast_type"" AS cct2 WHERE (cct2.kind like '%complete%')",C:\Users\vanya\Documents\DATA_SYS_LAB\test44\final_benchmarks\test42_100k_exportpatch\queries\job_exact\20b.sql
postgres,job_exact,20b,comp_cast_type,cct2,1,2,1,2.0,under,False,False,"SELECT COUNT(*) FROM ""comp_cast_type"" AS cct2 WHERE (cct2.kind like '%complete%')","SELECT * FROM ""comp_cast_type"" AS cct2 WHERE (cct2.kind like '%complete%')",C:\Users\vanya\Documents\DATA_SYS_LAB\test44\final_benchmarks\test42_100k_exportpatch\queries\job_exact\20b.sql
duckdb,job_exact,20b,char_name,chn,2,15077,150811,10.002719373880746,over,False,False,"SELECT COUNT(*) FROM ""char_name"" AS chn WHERE (chn.name not like '%Professor%') AND (chn.name like '%Shadow%'
       OR chn.name like '%Colonel%')","SELECT * FROM ""char_name"" AS chn WHERE (chn.name not like '%Professor%') AND (chn.name like '%Shadow%'
       OR chn.name like '%Colonel%')",C:\Users\vanya\Documents\DATA_SYS_LAB\test44\final_benchmarks\test42_100k_exportpatch\queries\job_exact\20b.sql
postgres,job_exact,20b,char_name,chn,2,15077,15306,1.0151886980168467,over,False,False,"SELECT COUNT(*) FROM ""char_name"" AS chn WHERE (chn.name not like '%Professor%') AND (chn.name like '%Shadow%'
       OR chn.name like '%Colonel%')","SELECT * FROM ""char_name"" AS chn WHERE (chn.name not like '%Professor%') AND (chn.name like '%Shadow%'
       OR chn.name like '%Colonel%')",C:\Users\vanya\Documents\DATA_SYS_LAB\test44\final_benchmarks\test42_100k_exportpatch\queries\job_exact\20b.sql
duckdb,job_exact,20b,keyword,k,1,3,2283,761.0,over,False,True,"SELECT COUNT(*) FROM ""keyword"" AS k WHERE (k.keyword IN ('murder', 'fight', 'violence', 'blood', 'twist-ending', 'tv-special'))","SELECT * FROM ""keyword"" AS k WHERE (k.keyword IN ('murder', 'fight', 'violence', 'blood', 'twist-ending', 'tv-special'))",C:\Users\vanya\Documents\DATA_SYS_LAB\test44\final_benchmarks\test42_100k_exportpatch\queries\job_exact\20b.sql
postgres,job_exact,20b,keyword,k,1,3,6,2.0,over,False,True,"SELECT COUNT(*) FROM ""keyword"" AS k WHERE (k.keyword IN ('murder', 'fight', 'violence', 'blood', 'twist-ending', 'tv-special'))","SELECT * FROM ""keyword"" AS k WHERE (k.keyword IN ('murder', 'fight', 'violence', 'blood', 'twist-ending', 'tv-special'))",C:\Users\vanya\Documents\DATA_SYS_LAB\test44\final_benchmarks\test42_100k_exportpatch\queries\job_exact\20b.sql
duckdb,job_exact,20b,kind_type,kt,1,1,1,1.0,exact,False,False,"SELECT COUNT(*) FROM ""kind_type"" AS kt WHERE (kt.kind = 'movie')","SELECT * FROM ""kind_type"" AS kt WHERE (kt.kind = 'movie')",C:\Users\vanya\Documents\DATA_SYS_LAB\test44\final_benchmarks\test42_100k_exportpatch\queries\job_exact\20b.sql
postgres,job_exact,20b,kind_type,kt,1,1,1,1.0,exact,False,False,"SELECT COUNT(*) FROM ""kind_type"" AS kt WHERE (kt.kind = 'movie')","SELECT * FROM ""kind_type"" AS kt WHERE (kt.kind = 'movie')",C:\Users\vanya\Documents\DATA_SYS_LAB\test44\final_benchmarks\test42_100k_exportpatch\queries\job_exact\20b.sql
duckdb,job_exact,20b,name,n,1,219305,48000,4.568854166666667,under,False,False,"SELECT COUNT(*) FROM ""name"" AS n WHERE (n.name LIKE '%a%')","SELECT * FROM ""name"" AS n WHERE (n.name LIKE '%a%')",C:\Users\vanya\Documents\DATA_SYS_LAB\test44\final_benchmarks\test42_100k_exportpatch\queries\job_exact\20b.sql
postgres,job_exact,20b,name,n,1,219305,206061,1.0642722300677954,under,False,False,"SELECT COUNT(*) FROM ""name"" AS n WHERE (n.name LIKE '%a%')","SELECT * FROM ""name"" AS n WHERE (n.name LIKE '%a%')",C:\Users\vanya\Documents\DATA_SYS_LAB\test44\final_benchmarks\test42_100k_exportpatch\queries\job_exact\20b.sql
duckdb,job_exact,20b,title,t,1,249934,50291,4.9697560199638104,under,False,False,"SELECT COUNT(*) FROM ""title"" AS t WHERE (t.production_year > 2000)","SELECT * FROM ""title"" AS t WHERE (t.production_year > 2000)",C:\Users\vanya\Documents\DATA_SYS_LAB\test44\final_benchmarks\test42_100k_exportpatch\queries\job_exact\20b.sql
postgres,job_exact,20b,title,t,1,249934,250030,1.0003841014027703,over,False,False,"SELECT COUNT(*) FROM ""title"" AS t WHERE (t.production_year > 2000)","SELECT * FROM ""title"" AS t WHERE (t.production_year > 2000)",C:\Users\vanya\Documents\DATA_SYS_LAB\test44\final_benchmarks\test42_100k_exportpatch\queries\job_exact\20b.sql
duckdb,job_exact,20c,comp_cast_type,cct1,1,1,1,1.0,exact,False,False,"SELECT COUNT(*) FROM ""comp_cast_type"" AS cct1 WHERE (cct1.kind = 'cast')","SELECT * FROM ""comp_cast_type"" AS cct1 WHERE (cct1.kind = 'cast')",C:\Users\vanya\Documents\DATA_SYS_LAB\test44\final_benchmarks\test42_100k_exportpatch\queries\job_exact\20c.sql
postgres,job_exact,20c,comp_cast_type,cct1,1,1,1,1.0,exact,False,False,"SELECT COUNT(*) FROM ""comp_cast_type"" AS cct1 WHERE (cct1.kind = 'cast')","SELECT * FROM ""comp_cast_type"" AS cct1 WHERE (cct1.kind = 'cast')",C:\Users\vanya\Documents\DATA_SYS_LAB\test44\final_benchmarks\test42_100k_exportpatch\queries\job_exact\20c.sql
duckdb,job_exact,20c,comp_cast_type,cct2,1,2,1,2.0,under,False,False,"SELECT COUNT(*) FROM ""comp_cast_type"" AS cct2 WHERE (cct2.kind like '%complete%')","SELECT * FROM ""comp_cast_type"" AS cct2 WHERE (cct2.kind like '%complete%')",C:\Users\vanya\Documents\DATA_SYS_LAB\test44\final_benchmarks\test42_100k_exportpatch\queries\job_exact\20c.sql
postgres,job_exact,20c,comp_cast_type,cct2,1,2,1,2.0,under,False,False,"SELECT COUNT(*) FROM ""comp_cast_type"" AS cct2 WHERE (cct2.kind like '%complete%')","SELECT * FROM ""comp_cast_type"" AS cct2 WHERE (cct2.kind like '%complete%')",C:\Users\vanya\Documents\DATA_SYS_LAB\test44\final_benchmarks\test42_100k_exportpatch\queries\job_exact\20c.sql
duckdb,job_exact,20c,char_name,chn,2,20853,150811,7.232100896753464,over,False,False,"SELECT COUNT(*) FROM ""char_name"" AS chn WHERE (chn.name IS NOT NULL) AND (chn.name like '%man%'
       OR chn.name like '%Man%')","SELECT * FROM ""char_name"" AS chn WHERE (chn.name IS NOT NULL) AND (chn.name like '%man%'
       OR chn.name like '%Man%')",C:\Users\vanya\Documents\DATA_SYS_LAB\test44\final_benchmarks\test42_100k_exportpatch\queries\job_exact\20c.sql
postgres,job_exact,20c,char_name,chn,2,20853,151,138.09933774834437,under,False,False,"SELECT COUNT(*) FROM ""char_name"" AS chn WHERE (chn.name IS NOT NULL) AND (chn.name like '%man%'
       OR chn.name like '%Man%')","SELECT * FROM ""char_name"" AS chn WHERE (chn.name IS NOT NULL) AND (chn.name like '%man%'
       OR chn.name like '%Man%')",C:\Users\vanya\Documents\DATA_SYS_LAB\test44\final_benchmarks\test42_100k_exportpatch\queries\job_exact\20c.sql
duckdb,job_exact,20c,keyword,k,1,2,2283,1141.5,over,False,False,"SELECT COUNT(*) FROM ""keyword"" AS k WHERE (k.keyword in ('superhero',
                    'blood',
                    'twist-ending',
                    'tv-special',
                    'fight',
                    'violence',
                    'magnet',
                    'web',
                    'claw',
                    'laser'))","SELECT * FROM ""keyword"" AS k WHERE (k.keyword in ('superhero',
                    'blood',
                    'twist-ending',
                    'tv-special',
                    'fight',
                    'violence',
                    'magnet',
                    'web',
                    'claw',
                    'laser'))",C:\Users\vanya\Documents\DATA_SYS_LAB\test44\final_benchmarks\test42_100k_exportpatch\queries\job_exact\20c.sql
postgres,job_exact,20c,keyword,k,1,2,10,5.0,over,False,False,"SELECT COUNT(*) FROM ""keyword"" AS k WHERE (k.keyword in ('superhero',
                    'blood',
                    'twist-ending',
                    'tv-special',
                    'fight',
                    'violence',
                    'magnet',
                    'web',
                    'claw',
                    'laser'))","SELECT * FROM ""keyword"" AS k WHERE (k.keyword in ('superhero',
                    'blood',
                    'twist-ending',
                    'tv-special',
                    'fight',
                    'violence',
                    'magnet',
                    'web',
                    'claw',
                    'laser'))",C:\Users\vanya\Documents\DATA_SYS_LAB\test44\final_benchmarks\test42_100k_exportpatch\queries\job_exact\20c.sql
duckdb,job_exact,20c,kind_type,kt,1,1,1,1.0,exact,False,False,"SELECT COUNT(*) FROM ""kind_type"" AS kt WHERE (kt.kind = 'movie')","SELECT * FROM ""kind_type"" AS kt WHERE (kt.kind = 'movie')",C:\Users\vanya\Documents\DATA_SYS_LAB\test44\final_benchmarks\test42_100k_exportpatch\queries\job_exact\20c.sql
postgres,job_exact,20c,kind_type,kt,1,1,1,1.0,exact,False,False,"SELECT COUNT(*) FROM ""kind_type"" AS kt WHERE (kt.kind = 'movie')","SELECT * FROM ""kind_type"" AS kt WHERE (kt.kind = 'movie')",C:\Users\vanya\Documents\DATA_SYS_LAB\test44\final_benchmarks\test42_100k_exportpatch\queries\job_exact\20c.sql
duckdb,job_exact,20c,title,t,1,249934,50291,4.9697560199638104,under,False,False,"SELECT COUNT(*) FROM ""title"" AS t WHERE (t.production_year > 2000)","SELECT * FROM ""title"" AS t WHERE (t.production_year > 2000)",C:\Users\vanya\Documents\DATA_SYS_LAB\test44\final_benchmarks\test42_100k_exportpatch\queries\job_exact\20c.sql
postgres,job_exact,20c,title,t,1,249934,250030,1.0003841014027703,over,False,False,"SELECT COUNT(*) FROM ""title"" AS t WHERE (t.production_year > 2000)","SELECT * FROM ""title"" AS t WHERE (t.production_year > 2000)",C:\Users\vanya\Documents\DATA_SYS_LAB\test44\final_benchmarks\test42_100k_exportpatch\queries\job_exact\20c.sql
duckdb,job_exact,21a,company_name,cn,2,1,1800,1800.0,over,False,False,"SELECT COUNT(*) FROM ""company_name"" AS cn WHERE (cn.country_code !='[pl]') AND (cn.name LIKE '%Omni Group%'
       OR cn.name LIKE '%Omni Group%')","SELECT * FROM ""company_name"" AS cn WHERE (cn.country_code !='[pl]') AND (cn.name LIKE '%Omni Group%'
       OR cn.name LIKE '%Omni Group%')",C:\Users\vanya\Documents\DATA_SYS_LAB\test44\final_benchmarks\test42_100k_exportpatch\queries\job_exact\21a.sql
postgres,job_exact,21a,company_name,cn,2,1,1,1.0,exact,False,False,"SELECT COUNT(*) FROM ""company_name"" AS cn WHERE (cn.country_code !='[pl]') AND (cn.name LIKE '%Omni Group%'
       OR cn.name LIKE '%Omni Group%')","SELECT * FROM ""company_name"" AS cn WHERE (cn.country_code !='[pl]') AND (cn.name LIKE '%Omni Group%'
       OR cn.name LIKE '%Omni Group%')",C:\Users\vanya\Documents\DATA_SYS_LAB\test44\final_benchmarks\test42_100k_exportpatch\queries\job_exact\21a.sql
duckdb,job_exact,21a,company_type,ct,1,1,1,1.0,exact,False,False,"SELECT COUNT(*) FROM ""company_type"" AS ct WHERE (ct.kind ='production companies')","SELECT * FROM ""company_type"" AS ct WHERE (ct.kind ='production companies')",C:\Users\vanya\Documents\DATA_SYS_LAB\test44\final_benchmarks\test42_100k_exportpatch\queries\job_exact\21a.sql
postgres,job_exact,21a,company_type,ct,1,1,1,1.0,exact,False,False,"SELECT COUNT(*) FROM ""company_type"" AS ct WHERE (ct.kind ='production companies')","SELECT * FROM ""company_type"" AS ct WHERE (ct.kind ='production companies')",C:\Users\vanya\Documents\DATA_SYS_LAB\test44\final_benchmarks\test42_100k_exportpatch\queries\job_exact\21a.sql
duckdb,job_exact,21a,keyword,k,1,1,1,1.0,exact,False,False,"SELECT COUNT(*) FROM ""keyword"" AS k WHERE (k.keyword ='arthouse-sensibility-adventurous-hidden treasure')","SELECT * FROM ""keyword"" AS k WHERE (k.keyword ='arthouse-sensibility-adventurous-hidden treasure')",C:\Users\vanya\Documents\DATA_SYS_LAB\test44\final_benchmarks\test42_100k_exportpatch\queries\job_exact\21a.sql
postgres,job_exact,21a,keyword,k,1,1,1,1.0,exact,False,False,"SELECT COUNT(*) FROM ""keyword"" AS k WHERE (k.keyword ='arthouse-sensibility-adventurous-hidden treasure')","SELECT * FROM ""keyword"" AS k WHERE (k.keyword ='arthouse-sensibility-adventurous-hidden treasure')",C:\Users\vanya\Documents\DATA_SYS_LAB\test44\final_benchmarks\test42_100k_exportpatch\queries\job_exact\21a.sql
duckdb,job_exact,21a,link_type,lt,1,1,3,3.0,over,False,False,"SELECT COUNT(*) FROM ""link_type"" AS lt WHERE (lt.link LIKE '%follows%')","SELECT * FROM ""link_type"" AS lt WHERE (lt.link LIKE '%follows%')",C:\Users\vanya\Documents\DATA_SYS_LAB\test44\final_benchmarks\test42_100k_exportpatch\queries\job_exact\21a.sql
postgres,job_exact,21a,link_type,lt,1,1,1,1.0,exact,False,False,"SELECT COUNT(*) FROM ""link_type"" AS lt WHERE (lt.link LIKE '%follows%')","SELECT * FROM ""link_type"" AS lt WHERE (lt.link LIKE '%follows%')",C:\Users\vanya\Documents\DATA_SYS_LAB\test44\final_benchmarks\test42_100k_exportpatch\queries\job_exact\21a.sql
duckdb,job_exact,21a,movie_companies,mc,1,189716,89517,2.1193292894087157,under,False,False,"SELECT COUNT(*) FROM ""movie_companies"" AS mc WHERE (mc.note IS NULL)","SELECT * FROM ""movie_companies"" AS mc WHERE (mc.note IS NULL)",C:\Users\vanya\Documents\DATA_SYS_LAB\test44\final_benchmarks\test42_100k_exportpatch\queries\job_exact\21a.sql
postgres,job_exact,21a,movie_companies,mc,1,189716,188687,1.005453475862142,under,False,False,"SELECT COUNT(*) FROM ""movie_companies"" AS mc WHERE (mc.note IS NULL)","SELECT * FROM ""movie_companies"" AS mc WHERE (mc.note IS NULL)",C:\Users\vanya\Documents\DATA_SYS_LAB\test44\final_benchmarks\test42_100k_exportpatch\queries\job_exact\21a.sql
duckdb,job_exact,21a,movie_info,mi,1,28654,496434,17.32512040203811,over,False,False,"SELECT COUNT(*) FROM ""movie_info"" AS mi WHERE (mi.info IN ('Adventure',
                  'Norway',
                  'Germany',
                  'Denmark',
                  'Swedish',
                  'Denish',
                  'Norwegian',
                  'German'))","SELECT * FROM ""movie_info"" AS mi WHERE (mi.info IN ('Adventure',
                  'Norway',
                  'Germany',
                  'Denmark',
                  'Swedish',
                  'Denish',
                  'Norwegian',
                  'German'))",C:\Users\vanya\Documents\DATA_SYS_LAB\test44\final_benchmarks\test42_100k_exportpatch\queries\job_exact\21a.sql
postgres,job_exact,21a,movie_info,mi,1,28654,22748,1.2596272199753824,under,False,False,"SELECT COUNT(*) FROM ""movie_info"" AS mi WHERE (mi.info IN ('Adventure',
                  'Norway',
                  'Germany',
                  'Denmark',
                  'Swedish',
                  'Denish',
                  'Norwegian',
                  'German'))","SELECT * FROM ""movie_info"" AS mi WHERE (mi.info IN ('Adventure',
                  'Norway',
                  'Germany',
                  'Denmark',
                  'Swedish',
                  'Denish',
                  'Norwegian',
                  'German'))",C:\Users\vanya\Documents\DATA_SYS_LAB\test44\final_benchmarks\test42_100k_exportpatch\queries\job_exact\21a.sql
duckdb,job_exact,21b,company_name,cn,2,1,1800,1800.0,over,False,False,"SELECT COUNT(*) FROM ""company_name"" AS cn WHERE (cn.country_code !='[pl]') AND (cn.name LIKE '%Omni Group%'
       OR cn.name LIKE '%Omni Group%')","SELECT * FROM ""company_name"" AS cn WHERE (cn.country_code !='[pl]') AND (cn.name LIKE '%Omni Group%'
       OR cn.name LIKE '%Omni Group%')",C:\Users\vanya\Documents\DATA_SYS_LAB\test44\final_benchmarks\test42_100k_exportpatch\queries\job_exact\21b.sql
postgres,job_exact,21b,company_name,cn,2,1,1,1.0,exact,False,False,"SELECT COUNT(*) FROM ""company_name"" AS cn WHERE (cn.country_code !='[pl]') AND (cn.name LIKE '%Omni Group%'
       OR cn.name LIKE '%Omni Group%')","SELECT * FROM ""company_name"" AS cn WHERE (cn.country_code !='[pl]') AND (cn.name LIKE '%Omni Group%'
       OR cn.name LIKE '%Omni Group%')",C:\Users\vanya\Documents\DATA_SYS_LAB\test44\final_benchmarks\test42_100k_exportpatch\queries\job_exact\21b.sql
duckdb,job_exact,21b,company_type,ct,1,1,1,1.0,exact,False,False,"SELECT COUNT(*) FROM ""company_type"" AS ct WHERE (ct.kind ='production companies')","SELECT * FROM ""company_type"" AS ct WHERE (ct.kind ='production companies')",C:\Users\vanya\Documents\DATA_SYS_LAB\test44\final_benchmarks\test42_100k_exportpatch\queries\job_exact\21b.sql
postgres,job_exact,21b,company_type,ct,1,1,1,1.0,exact,False,False,"SELECT COUNT(*) FROM ""company_type"" AS ct WHERE (ct.kind ='production companies')","SELECT * FROM ""company_type"" AS ct WHERE (ct.kind ='production companies')",C:\Users\vanya\Documents\DATA_SYS_LAB\test44\final_benchmarks\test42_100k_exportpatch\queries\job_exact\21b.sql
duckdb,job_exact,21b,keyword,k,1,1,1,1.0,exact,False,False,"SELECT COUNT(*) FROM ""keyword"" AS k WHERE (k.keyword ='arthouse-sensibility-adventurous-hidden treasure')","SELECT * FROM ""keyword"" AS k WHERE (k.keyword ='arthouse-sensibility-adventurous-hidden treasure')",C:\Users\vanya\Documents\DATA_SYS_LAB\test44\final_benchmarks\test42_100k_exportpatch\queries\job_exact\21b.sql
postgres,job_exact,21b,keyword,k,1,1,1,1.0,exact,False,False,"SELECT COUNT(*) FROM ""keyword"" AS k WHERE (k.keyword ='arthouse-sensibility-adventurous-hidden treasure')","SELECT * FROM ""keyword"" AS k WHERE (k.keyword ='arthouse-sensibility-adventurous-hidden treasure')",C:\Users\vanya\Documents\DATA_SYS_LAB\test44\final_benchmarks\test42_100k_exportpatch\queries\job_exact\21b.sql
duckdb,job_exact,21b,link_type,lt,1,1,3,3.0,over,False,False,"SELECT COUNT(*) FROM ""link_type"" AS lt WHERE (lt.link LIKE '%follows%')","SELECT * FROM ""link_type"" AS lt WHERE (lt.link LIKE '%follows%')",C:\Users\vanya\Documents\DATA_SYS_LAB\test44\final_benchmarks\test42_100k_exportpatch\queries\job_exact\21b.sql
postgres,job_exact,21b,link_type,lt,1,1,1,1.0,exact,False,False,"SELECT COUNT(*) FROM ""link_type"" AS lt WHERE (lt.link LIKE '%follows%')","SELECT * FROM ""link_type"" AS lt WHERE (lt.link LIKE '%follows%')",C:\Users\vanya\Documents\DATA_SYS_LAB\test44\final_benchmarks\test42_100k_exportpatch\queries\job_exact\21b.sql
duckdb,job_exact,21b,movie_companies,mc,1,189716,89517,2.1193292894087157,under,False,False,"SELECT COUNT(*) FROM ""movie_companies"" AS mc WHERE (mc.note IS NULL)","SELECT * FROM ""movie_companies"" AS mc WHERE (mc.note IS NULL)",C:\Users\vanya\Documents\DATA_SYS_LAB\test44\final_benchmarks\test42_100k_exportpatch\queries\job_exact\21b.sql
postgres,job_exact,21b,movie_companies,mc,1,189716,188687,1.005453475862142,under,False,False,"SELECT COUNT(*) FROM ""movie_companies"" AS mc WHERE (mc.note IS NULL)","SELECT * FROM ""movie_companies"" AS mc WHERE (mc.note IS NULL)",C:\Users\vanya\Documents\DATA_SYS_LAB\test44\final_benchmarks\test42_100k_exportpatch\queries\job_exact\21b.sql
duckdb,job_exact,21b,movie_info,mi,1,11817,496434,42.01015486164001,over,False,False,"SELECT COUNT(*) FROM ""movie_info"" AS mi WHERE (mi.info IN ('Korean',
                  'German'))","SELECT * FROM ""movie_info"" AS mi WHERE (mi.info IN ('Korean',
                  'German'))",C:\Users\vanya\Documents\DATA_SYS_LAB\test44\final_benchmarks\test42_100k_exportpatch\queries\job_exact\21b.sql
postgres,job_exact,21b,movie_info,mi,1,11817,10839,1.0902297259894824,under,False,False,"SELECT COUNT(*) FROM ""movie_info"" AS mi WHERE (mi.info IN ('Korean',
                  'German'))","SELECT * FROM ""movie_info"" AS mi WHERE (mi.info IN ('Korean',
                  'German'))",C:\Users\vanya\Documents\DATA_SYS_LAB\test44\final_benchmarks\test42_100k_exportpatch\queries\job_exact\21b.sql
duckdb,job_exact,21c,company_name,cn,2,439,1800,4.100227790432802,over,False,False,"SELECT COUNT(*) FROM ""company_name"" AS cn WHERE (cn.country_code !='[pl]') AND (cn.name LIKE '%Film%'
       OR cn.name LIKE '%Warner%')","SELECT * FROM ""company_name"" AS cn WHERE (cn.country_code !='[pl]') AND (cn.name LIKE '%Film%'
       OR cn.name LIKE '%Warner%')",C:\Users\vanya\Documents\DATA_SYS_LAB\test44\final_benchmarks\test42_100k_exportpatch\queries\job_exact\21c.sql
postgres,job_exact,21c,company_name,cn,2,439,181,2.425414364640884,under,False,False,"SELECT COUNT(*) FROM ""company_name"" AS cn WHERE (cn.country_code !='[pl]') AND (cn.name LIKE '%Film%'
       OR cn.name LIKE '%Warner%')","SELECT * FROM ""company_name"" AS cn WHERE (cn.country_code !='[pl]') AND (cn.name LIKE '%Film%'
       OR cn.name LIKE '%Warner%')",C:\Users\vanya\Documents\DATA_SYS_LAB\test44\final_benchmarks\test42_100k_exportpatch\queries\job_exact\21c.sql
duckdb,job_exact,21c,company_type,ct,1,1,1,1.0,exact,False,False,"SELECT COUNT(*) FROM ""company_type"" AS ct WHERE (ct.kind ='production companies')","SELECT * FROM ""company_type"" AS ct WHERE (ct.kind ='production companies')",C:\Users\vanya\Documents\DATA_SYS_LAB\test44\final_benchmarks\test42_100k_exportpatch\queries\job_exact\21c.sql
postgres,job_exact,21c,company_type,ct,1,1,1,1.0,exact,False,False,"SELECT COUNT(*) FROM ""company_type"" AS ct WHERE (ct.kind ='production companies')","SELECT * FROM ""company_type"" AS ct WHERE (ct.kind ='production companies')",C:\Users\vanya\Documents\DATA_SYS_LAB\test44\final_benchmarks\test42_100k_exportpatch\queries\job_exact\21c.sql
duckdb,job_exact,21c,keyword,k,1,1,1,1.0,exact,False,False,"SELECT COUNT(*) FROM ""keyword"" AS k WHERE (k.keyword ='sequel')","SELECT * FROM ""keyword"" AS k WHERE (k.keyword ='sequel')",C:\Users\vanya\Documents\DATA_SYS_LAB\test44\final_benchmarks\test42_100k_exportpatch\queries\job_exact\21c.sql
postgres,job_exact,21c,keyword,k,1,1,1,1.0,exact,False,False,"SELECT COUNT(*) FROM ""keyword"" AS k WHERE (k.keyword ='sequel')","SELECT * FROM ""keyword"" AS k WHERE (k.keyword ='sequel')",C:\Users\vanya\Documents\DATA_SYS_LAB\test44\final_benchmarks\test42_100k_exportpatch\queries\job_exact\21c.sql
duckdb,job_exact,21c,link_type,lt,1,2,3,1.5,over,False,False,"SELECT COUNT(*) FROM ""link_type"" AS lt WHERE (lt.link LIKE '%follow%')","SELECT * FROM ""link_type"" AS lt WHERE (lt.link LIKE '%follow%')",C:\Users\vanya\Documents\DATA_SYS_LAB\test44\final_benchmarks\test42_100k_exportpatch\queries\job_exact\21c.sql
postgres,job_exact,21c,link_type,lt,1,2,1,2.0,under,False,False,"SELECT COUNT(*) FROM ""link_type"" AS lt WHERE (lt.link LIKE '%follow%')","SELECT * FROM ""link_type"" AS lt WHERE (lt.link LIKE '%follow%')",C:\Users\vanya\Documents\DATA_SYS_LAB\test44\final_benchmarks\test42_100k_exportpatch\queries\job_exact\21c.sql
duckdb,job_exact,21c,movie_companies,mc,1,189716,89517,2.1193292894087157,under,False,False,"SELECT COUNT(*) FROM ""movie_companies"" AS mc WHERE (mc.note IS NULL)","SELECT * FROM ""movie_companies"" AS mc WHERE (mc.note IS NULL)",C:\Users\vanya\Documents\DATA_SYS_LAB\test44\final_benchmarks\test42_100k_exportpatch\queries\job_exact\21c.sql
postgres,job_exact,21c,movie_companies,mc,1,189716,188687,1.005453475862142,under,False,False,"SELECT COUNT(*) FROM ""movie_companies"" AS mc WHERE (mc.note IS NULL)","SELECT * FROM ""movie_companies"" AS mc WHERE (mc.note IS NULL)",C:\Users\vanya\Documents\DATA_SYS_LAB\test44\final_benchmarks\test42_100k_exportpatch\queries\job_exact\21c.sql
duckdb,job_exact,21c,movie_info,mi,1,77808,496434,6.380243676742752,over,False,False,"SELECT COUNT(*) FROM ""movie_info"" AS mi WHERE (mi.info IN ('Sweden',
                  'Norway',
                  'Germany',
                  'Denmark',
                  'Swedish',
                  'Denish',
                  'Norwegian',
                  'German',
                  'English'))","SELECT * FROM ""movie_info"" AS mi WHERE (mi.info IN ('Sweden',
                  'Norway',
                  'Germany',
                  'Denmark',
                  'Swedish',
                  'Denish',
                  'Norwegian',
                  'German',
                  'English'))",C:\Users\vanya\Documents\DATA_SYS_LAB\test44\final_benchmarks\test42_100k_exportpatch\queries\job_exact\21c.sql
postgres,job_exact,21c,movie_info,mi,1,77808,72226,1.0772851881593886,under,False,False,"SELECT COUNT(*) FROM ""movie_info"" AS mi WHERE (mi.info IN ('Sweden',
                  'Norway',
                  'Germany',
                  'Denmark',
                  'Swedish',
                  'Denish',
                  'Norwegian',
                  'German',
                  'English'))","SELECT * FROM ""movie_info"" AS mi WHERE (mi.info IN ('Sweden',
                  'Norway',
                  'Germany',
                  'Denmark',
                  'Swedish',
                  'Denish',
                  'Norwegian',
                  'German',
                  'English'))",C:\Users\vanya\Documents\DATA_SYS_LAB\test44\final_benchmarks\test42_100k_exportpatch\queries\job_exact\21c.sql
duckdb,job_exact,22a,company_name,cn,1,4725,1800,2.625,under,False,False,"SELECT COUNT(*) FROM ""company_name"" AS cn WHERE (cn.country_code != '[us]')","SELECT * FROM ""company_name"" AS cn WHERE (cn.country_code != '[us]')",C:\Users\vanya\Documents\DATA_SYS_LAB\test44\final_benchmarks\test42_100k_exportpatch\queries\job_exact\22a.sql
postgres,job_exact,22a,company_name,cn,1,4725,4725,1.0,exact,False,False,"SELECT COUNT(*) FROM ""company_name"" AS cn WHERE (cn.country_code != '[us]')","SELECT * FROM ""company_name"" AS cn WHERE (cn.country_code != '[us]')",C:\Users\vanya\Documents\DATA_SYS_LAB\test44\final_benchmarks\test42_100k_exportpatch\queries\job_exact\22a.sql
duckdb,job_exact,22a,info_type,it1,1,1,2,2.0,over,False,False,"SELECT COUNT(*) FROM ""info_type"" AS it1 WHERE (it1.info = 'color info')","SELECT * FROM ""info_type"" AS it1 WHERE (it1.info = 'color info')",C:\Users\vanya\Documents\DATA_SYS_LAB\test44\final_benchmarks\test42_100k_exportpatch\queries\job_exact\22a.sql
postgres,job_exact,22a,info_type,it1,1,1,1,1.0,exact,False,False,"SELECT COUNT(*) FROM ""info_type"" AS it1 WHERE (it1.info = 'color info')","SELECT * FROM ""info_type"" AS it1 WHERE (it1.info = 'color info')",C:\Users\vanya\Documents\DATA_SYS_LAB\test44\final_benchmarks\test42_100k_exportpatch\queries\job_exact\22a.sql
duckdb,job_exact,22a,info_type,it2,1,1,2,2.0,over,False,False,"SELECT COUNT(*) FROM ""info_type"" AS it2 WHERE (it2.info = 'rating')","SELECT * FROM ""info_type"" AS it2 WHERE (it2.info = 'rating')",C:\Users\vanya\Documents\DATA_SYS_LAB\test44\final_benchmarks\test42_100k_exportpatch\queries\job_exact\22a.sql
postgres,job_exact,22a,info_type,it2,1,1,1,1.0,exact,False,False,"SELECT COUNT(*) FROM ""info_type"" AS it2 WHERE (it2.info = 'rating')","SELECT * FROM ""info_type"" AS it2 WHERE (it2.info = 'rating')",C:\Users\vanya\Documents\DATA_SYS_LAB\test44\final_benchmarks\test42_100k_exportpatch\queries\job_exact\22a.sql
duckdb,job_exact,22a,keyword,k,1,4,2283,570.75,over,False,False,"SELECT COUNT(*) FROM ""keyword"" AS k WHERE (k.keyword in ('posthumous-release-medical-emergency-cold case',
                    'murder-in-title',
                    'blood',
                    'violence'))","SELECT * FROM ""keyword"" AS k WHERE (k.keyword in ('posthumous-release-medical-emergency-cold case',
                    'murder-in-title',
                    'blood',
                    'violence'))",C:\Users\vanya\Documents\DATA_SYS_LAB\test44\final_benchmarks\test42_100k_exportpatch\queries\job_exact\22a.sql
postgres,job_exact,22a,keyword,k,1,4,4,1.0,exact,False,False,"SELECT COUNT(*) FROM ""keyword"" AS k WHERE (k.keyword in ('posthumous-release-medical-emergency-cold case',
                    'murder-in-title',
                    'blood',
                    'violence'))","SELECT * FROM ""keyword"" AS k WHERE (k.keyword in ('posthumous-release-medical-emergency-cold case',
                    'murder-in-title',
                    'blood',
                    'violence'))",C:\Users\vanya\Documents\DATA_SYS_LAB\test44\final_benchmarks\test42_100k_exportpatch\queries\job_exact\22a.sql
duckdb,job_exact,22a,kind_type,kt,1,2,1,2.0,under,False,False,"SELECT COUNT(*) FROM ""kind_type"" AS kt WHERE (kt.kind in ('movie',
                  'episode'))","SELECT * FROM ""kind_type"" AS kt WHERE (kt.kind in ('movie',
                  'episode'))",C:\Users\vanya\Documents\DATA_SYS_LAB\test44\final_benchmarks\test42_100k_exportpatch\queries\job_exact\22a.sql
postgres,job_exact,22a,kind_type,kt,1,2,2,1.0,exact,False,False,"SELECT COUNT(*) FROM ""kind_type"" AS kt WHERE (kt.kind in ('movie',
                  'episode'))","SELECT * FROM ""kind_type"" AS kt WHERE (kt.kind in ('movie',
                  'episode'))",C:\Users\vanya\Documents\DATA_SYS_LAB\test44\final_benchmarks\test42_100k_exportpatch\queries\job_exact\22a.sql
duckdb,job_exact,22a,movie_companies,mc,2,87934,89517,1.0180021379671116,over,False,False,"SELECT COUNT(*) FROM ""movie_companies"" AS mc WHERE (mc.note not like '%(USA)%') AND (mc.note like '%(co-production)%')","SELECT * FROM ""movie_companies"" AS mc WHERE (mc.note not like '%(USA)%') AND (mc.note like '%(co-production)%')",C:\Users\vanya\Documents\DATA_SYS_LAB\test44\final_benchmarks\test42_100k_exportpatch\queries\job_exact\22a.sql
postgres,job_exact,22a,movie_companies,mc,2,87934,49021,1.7938026560045695,under,False,False,"SELECT COUNT(*) FROM ""movie_companies"" AS mc WHERE (mc.note not like '%(USA)%') AND (mc.note like '%(co-production)%')","SELECT * FROM ""movie_companies"" AS mc WHERE (mc.note not like '%(USA)%') AND (mc.note like '%(co-production)%')",C:\Users\vanya\Documents\DATA_SYS_LAB\test44\final_benchmarks\test42_100k_exportpatch\queries\job_exact\22a.sql
duckdb,job_exact,22a,movie_info,mi,1,117464,496434,4.226265068446502,over,False,False,"SELECT COUNT(*) FROM ""movie_info"" AS mi WHERE (mi.info IN ('Color',
                  'German',
                  'USA',
                  'American'))","SELECT * FROM ""movie_info"" AS mi WHERE (mi.info IN ('Color',
                  'German',
                  'USA',
                  'American'))",C:\Users\vanya\Documents\DATA_SYS_LAB\test44\final_benchmarks\test42_100k_exportpatch\queries\job_exact\22a.sql
postgres,job_exact,22a,movie_info,mi,1,117464,117389,1.0006389014302874,under,False,False,"SELECT COUNT(*) FROM ""movie_info"" AS mi WHERE (mi.info IN ('Color',
                  'German',
                  'USA',
                  'American'))","SELECT * FROM ""movie_info"" AS mi WHERE (mi.info IN ('Color',
                  'German',
                  'USA',
                  'American'))",C:\Users\vanya\Documents\DATA_SYS_LAB\test44\final_benchmarks\test42_100k_exportpatch\queries\job_exact\22a.sql
duckdb,job_exact,22a,movie_info_idx,mi_idx,1,230356,100634,2.2890474392352487,under,False,False,"SELECT COUNT(*) FROM ""movie_info_idx"" AS mi_idx WHERE (mi_idx.info < '8.7')","SELECT * FROM ""movie_info_idx"" AS mi_idx WHERE (mi_idx.info < '8.7')",C:\Users\vanya\Documents\DATA_SYS_LAB\test44\final_benchmarks\test42_100k_exportpatch\queries\job_exact\22a.sql
postgres,job_exact,22a,movie_info_idx,mi_idx,1,475954,475433,1.001095843157711,under,False,False,"SELECT COUNT(*) FROM ""movie_info_idx"" AS mi_idx WHERE (mi_idx.info < '8.7')","SELECT * FROM ""movie_info_idx"" AS mi_idx WHERE (mi_idx.info < '8.7')",C:\Users\vanya\Documents\DATA_SYS_LAB\test44\final_benchmarks\test42_100k_exportpatch\queries\job_exact\22a.sql
duckdb,job_exact,22a,title,t,1,251455,50291,5.0,under,False,False,"SELECT COUNT(*) FROM ""title"" AS t WHERE (t.production_year > 1999)","SELECT * FROM ""title"" AS t WHERE (t.production_year > 1999)",C:\Users\vanya\Documents\DATA_SYS_LAB\test44\final_benchmarks\test42_100k_exportpatch\queries\job_exact\22a.sql
postgres,job_exact,22a,title,t,1,251455,251455,1.0,exact,False,False,"SELECT COUNT(*) FROM ""title"" AS t WHERE (t.production_year > 1999)","SELECT * FROM ""title"" AS t WHERE (t.production_year > 1999)",C:\Users\vanya\Documents\DATA_SYS_LAB\test44\final_benchmarks\test42_100k_exportpatch\queries\job_exact\22a.sql
duckdb,job_exact,22b,company_name,cn,1,4725,1800,2.625,under,False,False,"SELECT COUNT(*) FROM ""company_name"" AS cn WHERE (cn.country_code != '[us]')","SELECT * FROM ""company_name"" AS cn WHERE (cn.country_code != '[us]')",C:\Users\vanya\Documents\DATA_SYS_LAB\test44\final_benchmarks\test42_100k_exportpatch\queries\job_exact\22b.sql
postgres,job_exact,22b,company_name,cn,1,4725,4725,1.0,exact,False,False,"SELECT COUNT(*) FROM ""company_name"" AS cn WHERE (cn.country_code != '[us]')","SELECT * FROM ""company_name"" AS cn WHERE (cn.country_code != '[us]')",C:\Users\vanya\Documents\DATA_SYS_LAB\test44\final_benchmarks\test42_100k_exportpatch\queries\job_exact\22b.sql
duckdb,job_exact,22b,info_type,it1,1,1,2,2.0,over,False,False,"SELECT COUNT(*) FROM ""info_type"" AS it1 WHERE (it1.info = 'color info')","SELECT * FROM ""info_type"" AS it1 WHERE (it1.info = 'color info')",C:\Users\vanya\Documents\DATA_SYS_LAB\test44\final_benchmarks\test42_100k_exportpatch\queries\job_exact\22b.sql
postgres,job_exact,22b,info_type,it1,1,1,1,1.0,exact,False,False,"SELECT COUNT(*) FROM ""info_type"" AS it1 WHERE (it1.info = 'color info')","SELECT * FROM ""info_type"" AS it1 WHERE (it1.info = 'color info')",C:\Users\vanya\Documents\DATA_SYS_LAB\test44\final_benchmarks\test42_100k_exportpatch\queries\job_exact\22b.sql
duckdb,job_exact,22b,info_type,it2,1,1,2,2.0,over,False,False,"SELECT COUNT(*) FROM ""info_type"" AS it2 WHERE (it2.info = 'rating')","SELECT * FROM ""info_type"" AS it2 WHERE (it2.info = 'rating')",C:\Users\vanya\Documents\DATA_SYS_LAB\test44\final_benchmarks\test42_100k_exportpatch\queries\job_exact\22b.sql
postgres,job_exact,22b,info_type,it2,1,1,1,1.0,exact,False,False,"SELECT COUNT(*) FROM ""info_type"" AS it2 WHERE (it2.info = 'rating')","SELECT * FROM ""info_type"" AS it2 WHERE (it2.info = 'rating')",C:\Users\vanya\Documents\DATA_SYS_LAB\test44\final_benchmarks\test42_100k_exportpatch\queries\job_exact\22b.sql
duckdb,job_exact,22b,keyword,k,1,4,2283,570.75,over,False,False,"SELECT COUNT(*) FROM ""keyword"" AS k WHERE (k.keyword in ('posthumous-release-medical-emergency-cold case',
                    'murder-in-title',
                    'blood',
                    'violence'))","SELECT * FROM ""keyword"" AS k WHERE (k.keyword in ('posthumous-release-medical-emergency-cold case',
                    'murder-in-title',
                    'blood',
                    'violence'))",C:\Users\vanya\Documents\DATA_SYS_LAB\test44\final_benchmarks\test42_100k_exportpatch\queries\job_exact\22b.sql
postgres,job_exact,22b,keyword,k,1,4,4,1.0,exact,False,False,"SELECT COUNT(*) FROM ""keyword"" AS k WHERE (k.keyword in ('posthumous-release-medical-emergency-cold case',
                    'murder-in-title',
                    'blood',
                    'violence'))","SELECT * FROM ""keyword"" AS k WHERE (k.keyword in ('posthumous-release-medical-emergency-cold case',
                    'murder-in-title',
                    'blood',
                    'violence'))",C:\Users\vanya\Documents\DATA_SYS_LAB\test44\final_benchmarks\test42_100k_exportpatch\queries\job_exact\22b.sql
duckdb,job_exact,22b,kind_type,kt,1,2,1,2.0,under,False,False,"SELECT COUNT(*) FROM ""kind_type"" AS kt WHERE (kt.kind in ('movie',
                  'episode'))","SELECT * FROM ""kind_type"" AS kt WHERE (kt.kind in ('movie',
                  'episode'))",C:\Users\vanya\Documents\DATA_SYS_LAB\test44\final_benchmarks\test42_100k_exportpatch\queries\job_exact\22b.sql
postgres,job_exact,22b,kind_type,kt,1,2,2,1.0,exact,False,False,"SELECT COUNT(*) FROM ""kind_type"" AS kt WHERE (kt.kind in ('movie',
                  'episode'))","SELECT * FROM ""kind_type"" AS kt WHERE (kt.kind in ('movie',
                  'episode'))",C:\Users\vanya\Documents\DATA_SYS_LAB\test44\final_benchmarks\test42_100k_exportpatch\queries\job_exact\22b.sql
duckdb,job_exact,22b,movie_companies,mc,2,87934,89517,1.0180021379671116,over,False,False,"SELECT COUNT(*) FROM ""movie_companies"" AS mc WHERE (mc.note not like '%(USA)%') AND (mc.note like '%(co-production)%')","SELECT * FROM ""movie_companies"" AS mc WHERE (mc.note not like '%(USA)%') AND (mc.note like '%(co-production)%')",C:\Users\vanya\Documents\DATA_SYS_LAB\test44\final_benchmarks\test42_100k_exportpatch\queries\job_exact\22b.sql
postgres,job_exact,22b,movie_companies,mc,2,87934,49021,1.7938026560045695,under,False,False,"SELECT COUNT(*) FROM ""movie_companies"" AS mc WHERE (mc.note not like '%(USA)%') AND (mc.note like '%(co-production)%')","SELECT * FROM ""movie_companies"" AS mc WHERE (mc.note not like '%(USA)%') AND (mc.note like '%(co-production)%')",C:\Users\vanya\Documents\DATA_SYS_LAB\test44\final_benchmarks\test42_100k_exportpatch\queries\job_exact\22b.sql
duckdb,job_exact,22b,movie_info,mi,1,117464,496434,4.226265068446502,over,False,False,"SELECT COUNT(*) FROM ""movie_info"" AS mi WHERE (mi.info IN ('Color',
                  'German',
                  'USA',
                  'American'))","SELECT * FROM ""movie_info"" AS mi WHERE (mi.info IN ('Color',
                  'German',
                  'USA',
                  'American'))",C:\Users\vanya\Documents\DATA_SYS_LAB\test44\final_benchmarks\test42_100k_exportpatch\queries\job_exact\22b.sql
postgres,job_exact,22b,movie_info,mi,1,117464,117389,1.0006389014302874,under,False,False,"SELECT COUNT(*) FROM ""movie_info"" AS mi WHERE (mi.info IN ('Color',
                  'German',
                  'USA',
                  'American'))","SELECT * FROM ""movie_info"" AS mi WHERE (mi.info IN ('Color',
                  'German',
                  'USA',
                  'American'))",C:\Users\vanya\Documents\DATA_SYS_LAB\test44\final_benchmarks\test42_100k_exportpatch\queries\job_exact\22b.sql
duckdb,job_exact,22b,movie_info_idx,mi_idx,1,230356,100634,2.2890474392352487,under,False,False,"SELECT COUNT(*) FROM ""movie_info_idx"" AS mi_idx WHERE (mi_idx.info < '8.7')","SELECT * FROM ""movie_info_idx"" AS mi_idx WHERE (mi_idx.info < '8.7')",C:\Users\vanya\Documents\DATA_SYS_LAB\test44\final_benchmarks\test42_100k_exportpatch\queries\job_exact\22b.sql
postgres,job_exact,22b,movie_info_idx,mi_idx,1,475954,475433,1.001095843157711,under,False,False,"SELECT COUNT(*) FROM ""movie_info_idx"" AS mi_idx WHERE (mi_idx.info < '8.7')","SELECT * FROM ""movie_info_idx"" AS mi_idx WHERE (mi_idx.info < '8.7')",C:\Users\vanya\Documents\DATA_SYS_LAB\test44\final_benchmarks\test42_100k_exportpatch\queries\job_exact\22b.sql
duckdb,job_exact,22b,title,t,1,251455,50291,5.0,under,False,False,"SELECT COUNT(*) FROM ""title"" AS t WHERE (t.production_year > 1999)","SELECT * FROM ""title"" AS t WHERE (t.production_year > 1999)",C:\Users\vanya\Documents\DATA_SYS_LAB\test44\final_benchmarks\test42_100k_exportpatch\queries\job_exact\22b.sql
postgres,job_exact,22b,title,t,1,251455,251455,1.0,exact,False,False,"SELECT COUNT(*) FROM ""title"" AS t WHERE (t.production_year > 1999)","SELECT * FROM ""title"" AS t WHERE (t.production_year > 1999)",C:\Users\vanya\Documents\DATA_SYS_LAB\test44\final_benchmarks\test42_100k_exportpatch\queries\job_exact\22b.sql
duckdb,job_exact,22c,company_name,cn,1,4725,1800,2.625,under,False,False,"SELECT COUNT(*) FROM ""company_name"" AS cn WHERE (cn.country_code != '[us]')","SELECT * FROM ""company_name"" AS cn WHERE (cn.country_code != '[us]')",C:\Users\vanya\Documents\DATA_SYS_LAB\test44\final_benchmarks\test42_100k_exportpatch\queries\job_exact\22c.sql
postgres,job_exact,22c,company_name,cn,1,4725,4725,1.0,exact,False,False,"SELECT COUNT(*) FROM ""company_name"" AS cn WHERE (cn.country_code != '[us]')","SELECT * FROM ""company_name"" AS cn WHERE (cn.country_code != '[us]')",C:\Users\vanya\Documents\DATA_SYS_LAB\test44\final_benchmarks\test42_100k_exportpatch\queries\job_exact\22c.sql
duckdb,job_exact,22c,info_type,it1,1,1,2,2.0,over,False,False,"SELECT COUNT(*) FROM ""info_type"" AS it1 WHERE (it1.info = 'color info')","SELECT * FROM ""info_type"" AS it1 WHERE (it1.info = 'color info')",C:\Users\vanya\Documents\DATA_SYS_LAB\test44\final_benchmarks\test42_100k_exportpatch\queries\job_exact\22c.sql
postgres,job_exact,22c,info_type,it1,1,1,1,1.0,exact,False,False,"SELECT COUNT(*) FROM ""info_type"" AS it1 WHERE (it1.info = 'color info')","SELECT * FROM ""info_type"" AS it1 WHERE (it1.info = 'color info')",C:\Users\vanya\Documents\DATA_SYS_LAB\test44\final_benchmarks\test42_100k_exportpatch\queries\job_exact\22c.sql
duckdb,job_exact,22c,info_type,it2,1,1,2,2.0,over,False,False,"SELECT COUNT(*) FROM ""info_type"" AS it2 WHERE (it2.info = 'rating')","SELECT * FROM ""info_type"" AS it2 WHERE (it2.info = 'rating')",C:\Users\vanya\Documents\DATA_SYS_LAB\test44\final_benchmarks\test42_100k_exportpatch\queries\job_exact\22c.sql
postgres,job_exact,22c,info_type,it2,1,1,1,1.0,exact,False,False,"SELECT COUNT(*) FROM ""info_type"" AS it2 WHERE (it2.info = 'rating')","SELECT * FROM ""info_type"" AS it2 WHERE (it2.info = 'rating')",C:\Users\vanya\Documents\DATA_SYS_LAB\test44\final_benchmarks\test42_100k_exportpatch\queries\job_exact\22c.sql
duckdb,job_exact,22c,keyword,k,1,4,2283,570.75,over,False,False,"SELECT COUNT(*) FROM ""keyword"" AS k WHERE (k.keyword in ('posthumous-release-medical-emergency-cold case',
                    'murder-in-title',
                    'blood',
                    'violence'))","SELECT * FROM ""keyword"" AS k WHERE (k.keyword in ('posthumous-release-medical-emergency-cold case',
                    'murder-in-title',
                    'blood',
                    'violence'))",C:\Users\vanya\Documents\DATA_SYS_LAB\test44\final_benchmarks\test42_100k_exportpatch\queries\job_exact\22c.sql
postgres,job_exact,22c,keyword,k,1,4,4,1.0,exact,False,False,"SELECT COUNT(*) FROM ""keyword"" AS k WHERE (k.keyword in ('posthumous-release-medical-emergency-cold case',
                    'murder-in-title',
                    'blood',
                    'violence'))","SELECT * FROM ""keyword"" AS k WHERE (k.keyword in ('posthumous-release-medical-emergency-cold case',
                    'murder-in-title',
                    'blood',
                    'violence'))",C:\Users\vanya\Documents\DATA_SYS_LAB\test44\final_benchmarks\test42_100k_exportpatch\queries\job_exact\22c.sql
duckdb,job_exact,22c,kind_type,kt,1,2,1,2.0,under,False,False,"SELECT COUNT(*) FROM ""kind_type"" AS kt WHERE (kt.kind in ('movie',
                  'episode'))","SELECT * FROM ""kind_type"" AS kt WHERE (kt.kind in ('movie',
                  'episode'))",C:\Users\vanya\Documents\DATA_SYS_LAB\test44\final_benchmarks\test42_100k_exportpatch\queries\job_exact\22c.sql
postgres,job_exact,22c,kind_type,kt,1,2,2,1.0,exact,False,False,"SELECT COUNT(*) FROM ""kind_type"" AS kt WHERE (kt.kind in ('movie',
                  'episode'))","SELECT * FROM ""kind_type"" AS kt WHERE (kt.kind in ('movie',
                  'episode'))",C:\Users\vanya\Documents\DATA_SYS_LAB\test44\final_benchmarks\test42_100k_exportpatch\queries\job_exact\22c.sql
duckdb,job_exact,22c,movie_companies,mc,2,87934,89517,1.0180021379671116,over,False,False,"SELECT COUNT(*) FROM ""movie_companies"" AS mc WHERE (mc.note not like '%(USA)%') AND (mc.note like '%(co-production)%')","SELECT * FROM ""movie_companies"" AS mc WHERE (mc.note not like '%(USA)%') AND (mc.note like '%(co-production)%')",C:\Users\vanya\Documents\DATA_SYS_LAB\test44\final_benchmarks\test42_100k_exportpatch\queries\job_exact\22c.sql
postgres,job_exact,22c,movie_companies,mc,2,87934,49021,1.7938026560045695,under,False,False,"SELECT COUNT(*) FROM ""movie_companies"" AS mc WHERE (mc.note not like '%(USA)%') AND (mc.note like '%(co-production)%')","SELECT * FROM ""movie_companies"" AS mc WHERE (mc.note not like '%(USA)%') AND (mc.note like '%(co-production)%')",C:\Users\vanya\Documents\DATA_SYS_LAB\test44\final_benchmarks\test42_100k_exportpatch\queries\job_exact\22c.sql
duckdb,job_exact,22c,movie_info,mi,1,129186,496434,3.8427848218847243,over,False,False,"SELECT COUNT(*) FROM ""movie_info"" AS mi WHERE (mi.info IN ('Color',
                  'Norway',
                  'Germany',
                  'Denmark',
                  'Swedish',
                  'Danish',
                  'Norwegian',
                  'German',
                  'USA',
                  'American'))","SELECT * FROM ""movie_info"" AS mi WHERE (mi.info IN ('Color',
                  'Norway',
                  'Germany',
                  'Denmark',
                  'Swedish',
                  'Danish',
                  'Norwegian',
                  'German',
                  'USA',
                  'American'))",C:\Users\vanya\Documents\DATA_SYS_LAB\test44\final_benchmarks\test42_100k_exportpatch\queries\job_exact\22c.sql
postgres,job_exact,22c,movie_info,mi,1,129186,121024,1.0674411686938128,under,False,False,"SELECT COUNT(*) FROM ""movie_info"" AS mi WHERE (mi.info IN ('Color',
                  'Norway',
                  'Germany',
                  'Denmark',
                  'Swedish',
                  'Danish',
                  'Norwegian',
                  'German',
                  'USA',
                  'American'))","SELECT * FROM ""movie_info"" AS mi WHERE (mi.info IN ('Color',
                  'Norway',
                  'Germany',
                  'Denmark',
                  'Swedish',
                  'Danish',
                  'Norwegian',
                  'German',
                  'USA',
                  'American'))",C:\Users\vanya\Documents\DATA_SYS_LAB\test44\final_benchmarks\test42_100k_exportpatch\queries\job_exact\22c.sql
duckdb,job_exact,22c,movie_info_idx,mi_idx,1,230356,100634,2.2890474392352487,under,False,False,"SELECT COUNT(*) FROM ""movie_info_idx"" AS mi_idx WHERE (mi_idx.info < '8.7')","SELECT * FROM ""movie_info_idx"" AS mi_idx WHERE (mi_idx.info < '8.7')",C:\Users\vanya\Documents\DATA_SYS_LAB\test44\final_benchmarks\test42_100k_exportpatch\queries\job_exact\22c.sql
postgres,job_exact,22c,movie_info_idx,mi_idx,1,475954,475433,1.001095843157711,under,False,False,"SELECT COUNT(*) FROM ""movie_info_idx"" AS mi_idx WHERE (mi_idx.info < '8.7')","SELECT * FROM ""movie_info_idx"" AS mi_idx WHERE (mi_idx.info < '8.7')",C:\Users\vanya\Documents\DATA_SYS_LAB\test44\final_benchmarks\test42_100k_exportpatch\queries\job_exact\22c.sql
duckdb,job_exact,22c,title,t,1,251455,50291,5.0,under,False,False,"SELECT COUNT(*) FROM ""title"" AS t WHERE (t.production_year > 1999)","SELECT * FROM ""title"" AS t WHERE (t.production_year > 1999)",C:\Users\vanya\Documents\DATA_SYS_LAB\test44\final_benchmarks\test42_100k_exportpatch\queries\job_exact\22c.sql
postgres,job_exact,22c,title,t,1,251455,251455,1.0,exact,False,False,"SELECT COUNT(*) FROM ""title"" AS t WHERE (t.production_year > 1999)","SELECT * FROM ""title"" AS t WHERE (t.production_year > 1999)",C:\Users\vanya\Documents\DATA_SYS_LAB\test44\final_benchmarks\test42_100k_exportpatch\queries\job_exact\22c.sql
duckdb,job_exact,22d,company_name,cn,1,4725,1800,2.625,under,False,False,"SELECT COUNT(*) FROM ""company_name"" AS cn WHERE (cn.country_code != '[us]')","SELECT * FROM ""company_name"" AS cn WHERE (cn.country_code != '[us]')",C:\Users\vanya\Documents\DATA_SYS_LAB\test44\final_benchmarks\test42_100k_exportpatch\queries\job_exact\22d.sql
postgres,job_exact,22d,company_name,cn,1,4725,4725,1.0,exact,False,False,"SELECT COUNT(*) FROM ""company_name"" AS cn WHERE (cn.country_code != '[us]')","SELECT * FROM ""company_name"" AS cn WHERE (cn.country_code != '[us]')",C:\Users\vanya\Documents\DATA_SYS_LAB\test44\final_benchmarks\test42_100k_exportpatch\queries\job_exact\22d.sql
duckdb,job_exact,22d,info_type,it1,1,1,2,2.0,over,False,False,"SELECT COUNT(*) FROM ""info_type"" AS it1 WHERE (it1.info = 'color info')","SELECT * FROM ""info_type"" AS it1 WHERE (it1.info = 'color info')",C:\Users\vanya\Documents\DATA_SYS_LAB\test44\final_benchmarks\test42_100k_exportpatch\queries\job_exact\22d.sql
postgres,job_exact,22d,info_type,it1,1,1,1,1.0,exact,False,False,"SELECT COUNT(*) FROM ""info_type"" AS it1 WHERE (it1.info = 'color info')","SELECT * FROM ""info_type"" AS it1 WHERE (it1.info = 'color info')",C:\Users\vanya\Documents\DATA_SYS_LAB\test44\final_benchmarks\test42_100k_exportpatch\queries\job_exact\22d.sql
duckdb,job_exact,22d,info_type,it2,1,1,2,2.0,over,False,False,"SELECT COUNT(*) FROM ""info_type"" AS it2 WHERE (it2.info = 'rating')","SELECT * FROM ""info_type"" AS it2 WHERE (it2.info = 'rating')",C:\Users\vanya\Documents\DATA_SYS_LAB\test44\final_benchmarks\test42_100k_exportpatch\queries\job_exact\22d.sql
postgres,job_exact,22d,info_type,it2,1,1,1,1.0,exact,False,False,"SELECT COUNT(*) FROM ""info_type"" AS it2 WHERE (it2.info = 'rating')","SELECT * FROM ""info_type"" AS it2 WHERE (it2.info = 'rating')",C:\Users\vanya\Documents\DATA_SYS_LAB\test44\final_benchmarks\test42_100k_exportpatch\queries\job_exact\22d.sql
duckdb,job_exact,22d,keyword,k,1,4,2283,570.75,over,False,False,"SELECT COUNT(*) FROM ""keyword"" AS k WHERE (k.keyword in ('posthumous-release-medical-emergency-cold case',
                    'murder-in-title',
                    'blood',
                    'violence'))","SELECT * FROM ""keyword"" AS k WHERE (k.keyword in ('posthumous-release-medical-emergency-cold case',
                    'murder-in-title',
                    'blood',
                    'violence'))",C:\Users\vanya\Documents\DATA_SYS_LAB\test44\final_benchmarks\test42_100k_exportpatch\queries\job_exact\22d.sql
postgres,job_exact,22d,keyword,k,1,4,4,1.0,exact,False,False,"SELECT COUNT(*) FROM ""keyword"" AS k WHERE (k.keyword in ('posthumous-release-medical-emergency-cold case',
                    'murder-in-title',
                    'blood',
                    'violence'))","SELECT * FROM ""keyword"" AS k WHERE (k.keyword in ('posthumous-release-medical-emergency-cold case',
                    'murder-in-title',
                    'blood',
                    'violence'))",C:\Users\vanya\Documents\DATA_SYS_LAB\test44\final_benchmarks\test42_100k_exportpatch\queries\job_exact\22d.sql
duckdb,job_exact,22d,kind_type,kt,1,2,1,2.0,under,False,False,"SELECT COUNT(*) FROM ""kind_type"" AS kt WHERE (kt.kind in ('movie',
                  'episode'))","SELECT * FROM ""kind_type"" AS kt WHERE (kt.kind in ('movie',
                  'episode'))",C:\Users\vanya\Documents\DATA_SYS_LAB\test44\final_benchmarks\test42_100k_exportpatch\queries\job_exact\22d.sql
postgres,job_exact,22d,kind_type,kt,1,2,2,1.0,exact,False,False,"SELECT COUNT(*) FROM ""kind_type"" AS kt WHERE (kt.kind in ('movie',
                  'episode'))","SELECT * FROM ""kind_type"" AS kt WHERE (kt.kind in ('movie',
                  'episode'))",C:\Users\vanya\Documents\DATA_SYS_LAB\test44\final_benchmarks\test42_100k_exportpatch\queries\job_exact\22d.sql
duckdb,job_exact,22d,movie_info,mi,1,129186,496434,3.8427848218847243,over,False,False,"SELECT COUNT(*) FROM ""movie_info"" AS mi WHERE (mi.info IN ('Color',
                  'Norway',
                  'Germany',
                  'Denmark',
                  'Swedish',
                  'Danish',
                  'Norwegian',
                  'German',
                  'USA',
                  'American'))","SELECT * FROM ""movie_info"" AS mi WHERE (mi.info IN ('Color',
                  'Norway',
                  'Germany',
                  'Denmark',
                  'Swedish',
                  'Danish',
                  'Norwegian',
                  'German',
                  'USA',
                  'American'))",C:\Users\vanya\Documents\DATA_SYS_LAB\test44\final_benchmarks\test42_100k_exportpatch\queries\job_exact\22d.sql
postgres,job_exact,22d,movie_info,mi,1,129186,121024,1.0674411686938128,under,False,False,"SELECT COUNT(*) FROM ""movie_info"" AS mi WHERE (mi.info IN ('Color',
                  'Norway',
                  'Germany',
                  'Denmark',
                  'Swedish',
                  'Danish',
                  'Norwegian',
                  'German',
                  'USA',
                  'American'))","SELECT * FROM ""movie_info"" AS mi WHERE (mi.info IN ('Color',
                  'Norway',
                  'Germany',
                  'Denmark',
                  'Swedish',
                  'Danish',
                  'Norwegian',
                  'German',
                  'USA',
                  'American'))",C:\Users\vanya\Documents\DATA_SYS_LAB\test44\final_benchmarks\test42_100k_exportpatch\queries\job_exact\22d.sql
duckdb,job_exact,22d,movie_info_idx,mi_idx,1,230356,100634,2.2890474392352487,under,False,False,"SELECT COUNT(*) FROM ""movie_info_idx"" AS mi_idx WHERE (mi_idx.info < '8.7')","SELECT * FROM ""movie_info_idx"" AS mi_idx WHERE (mi_idx.info < '8.7')",C:\Users\vanya\Documents\DATA_SYS_LAB\test44\final_benchmarks\test42_100k_exportpatch\queries\job_exact\22d.sql
postgres,job_exact,22d,movie_info_idx,mi_idx,1,475954,475433,1.001095843157711,under,False,False,"SELECT COUNT(*) FROM ""movie_info_idx"" AS mi_idx WHERE (mi_idx.info < '8.7')","SELECT * FROM ""movie_info_idx"" AS mi_idx WHERE (mi_idx.info < '8.7')",C:\Users\vanya\Documents\DATA_SYS_LAB\test44\final_benchmarks\test42_100k_exportpatch\queries\job_exact\22d.sql
duckdb,job_exact,22d,title,t,1,251455,50291,5.0,under,False,False,"SELECT COUNT(*) FROM ""title"" AS t WHERE (t.production_year > 1999)","SELECT * FROM ""title"" AS t WHERE (t.production_year > 1999)",C:\Users\vanya\Documents\DATA_SYS_LAB\test44\final_benchmarks\test42_100k_exportpatch\queries\job_exact\22d.sql
postgres,job_exact,22d,title,t,1,251455,251455,1.0,exact,False,False,"SELECT COUNT(*) FROM ""title"" AS t WHERE (t.production_year > 1999)","SELECT * FROM ""title"" AS t WHERE (t.production_year > 1999)",C:\Users\vanya\Documents\DATA_SYS_LAB\test44\final_benchmarks\test42_100k_exportpatch\queries\job_exact\22d.sql
duckdb,job_exact,23a,comp_cast_type,cct1,1,1,1,1.0,exact,False,False,"SELECT COUNT(*) FROM ""comp_cast_type"" AS cct1 WHERE (cct1.kind = 'complete+verified')","SELECT * FROM ""comp_cast_type"" AS cct1 WHERE (cct1.kind = 'complete+verified')",C:\Users\vanya\Documents\DATA_SYS_LAB\test44\final_benchmarks\test42_100k_exportpatch\queries\job_exact\23a.sql
postgres,job_exact,23a,comp_cast_type,cct1,1,1,1,1.0,exact,False,False,"SELECT COUNT(*) FROM ""comp_cast_type"" AS cct1 WHERE (cct1.kind = 'complete+verified')","SELECT * FROM ""comp_cast_type"" AS cct1 WHERE (cct1.kind = 'complete+verified')",C:\Users\vanya\Documents\DATA_SYS_LAB\test44\final_benchmarks\test42_100k_exportpatch\queries\job_exact\23a.sql
duckdb,job_exact,23a,company_name,cn,1,4275,180,23.75,under,False,False,"SELECT COUNT(*) FROM ""company_name"" AS cn WHERE (cn.country_code = '[us]')","SELECT * FROM ""company_name"" AS cn WHERE (cn.country_code = '[us]')",C:\Users\vanya\Documents\DATA_SYS_LAB\test44\final_benchmarks\test42_100k_exportpatch\queries\job_exact\23a.sql
postgres,job_exact,23a,company_name,cn,1,4275,4275,1.0,exact,False,False,"SELECT COUNT(*) FROM ""company_name"" AS cn WHERE (cn.country_code = '[us]')","SELECT * FROM ""company_name"" AS cn WHERE (cn.country_code = '[us]')",C:\Users\vanya\Documents\DATA_SYS_LAB\test44\final_benchmarks\test42_100k_exportpatch\queries\job_exact\23a.sql
duckdb,job_exact,23a,info_type,it1,1,1,2,2.0,over,False,False,"SELECT COUNT(*) FROM ""info_type"" AS it1 WHERE (it1.info = 'release dates')","SELECT * FROM ""info_type"" AS it1 WHERE (it1.info = 'release dates')",C:\Users\vanya\Documents\DATA_SYS_LAB\test44\final_benchmarks\test42_100k_exportpatch\queries\job_exact\23a.sql
postgres,job_exact,23a,info_type,it1,1,1,1,1.0,exact,False,False,"SELECT COUNT(*) FROM ""info_type"" AS it1 WHERE (it1.info = 'release dates')","SELECT * FROM ""info_type"" AS it1 WHERE (it1.info = 'release dates')",C:\Users\vanya\Documents\DATA_SYS_LAB\test44\final_benchmarks\test42_100k_exportpatch\queries\job_exact\23a.sql
duckdb,job_exact,23a,kind_type,kt,1,1,1,1.0,exact,False,False,"SELECT COUNT(*) FROM ""kind_type"" AS kt WHERE (kt.kind in ('movie'))","SELECT * FROM ""kind_type"" AS kt WHERE (kt.kind in ('movie'))",C:\Users\vanya\Documents\DATA_SYS_LAB\test44\final_benchmarks\test42_100k_exportpatch\queries\job_exact\23a.sql
postgres,job_exact,23a,kind_type,kt,1,1,1,1.0,exact,False,False,"SELECT COUNT(*) FROM ""kind_type"" AS kt WHERE (kt.kind in ('movie'))","SELECT * FROM ""kind_type"" AS kt WHERE (kt.kind in ('movie'))",C:\Users\vanya\Documents\DATA_SYS_LAB\test44\final_benchmarks\test42_100k_exportpatch\queries\job_exact\23a.sql
duckdb,job_exact,23a,movie_info,mi,3,36690,496434,13.530498773507768,over,False,False,"SELECT COUNT(*) FROM ""movie_info"" AS mi WHERE (mi.note like '%internet%') AND (mi.info IS NOT NULL) AND (mi.info like 'Global:%201%'
       OR mi.info like 'Global:%202%')","SELECT * FROM ""movie_info"" AS mi WHERE (mi.note like '%internet%') AND (mi.info IS NOT NULL) AND (mi.info like 'Global:%201%'
       OR mi.info like 'Global:%202%')",C:\Users\vanya\Documents\DATA_SYS_LAB\test44\final_benchmarks\test42_100k_exportpatch\queries\job_exact\23a.sql
postgres,job_exact,23a,movie_info,mi,3,36690,1554,23.61003861003861,under,False,False,"SELECT COUNT(*) FROM ""movie_info"" AS mi WHERE (mi.note like '%internet%') AND (mi.info IS NOT NULL) AND (mi.info like 'Global:%201%'
       OR mi.info like 'Global:%202%')","SELECT * FROM ""movie_info"" AS mi WHERE (mi.note like '%internet%') AND (mi.info IS NOT NULL) AND (mi.info like 'Global:%201%'
       OR mi.info like 'Global:%202%')",C:\Users\vanya\Documents\DATA_SYS_LAB\test44\final_benchmarks\test42_100k_exportpatch\queries\job_exact\23a.sql
duckdb,job_exact,23a,title,t,1,249934,50291,4.9697560199638104,under,False,False,"SELECT COUNT(*) FROM ""title"" AS t WHERE (t.production_year > 2000)","SELECT * FROM ""title"" AS t WHERE (t.production_year > 2000)",C:\Users\vanya\Documents\DATA_SYS_LAB\test44\final_benchmarks\test42_100k_exportpatch\queries\job_exact\23a.sql
postgres,job_exact,23a,title,t,1,249934,250030,1.0003841014027703,over,False,False,"SELECT COUNT(*) FROM ""title"" AS t WHERE (t.production_year > 2000)","SELECT * FROM ""title"" AS t WHERE (t.production_year > 2000)",C:\Users\vanya\Documents\DATA_SYS_LAB\test44\final_benchmarks\test42_100k_exportpatch\queries\job_exact\23a.sql
duckdb,job_exact,23b,comp_cast_type,cct1,1,1,1,1.0,exact,False,False,"SELECT COUNT(*) FROM ""comp_cast_type"" AS cct1 WHERE (cct1.kind = 'complete+verified')","SELECT * FROM ""comp_cast_type"" AS cct1 WHERE (cct1.kind = 'complete+verified')",C:\Users\vanya\Documents\DATA_SYS_LAB\test44\final_benchmarks\test42_100k_exportpatch\queries\job_exact\23b.sql
postgres,job_exact,23b,comp_cast_type,cct1,1,1,1,1.0,exact,False,False,"SELECT COUNT(*) FROM ""comp_cast_type"" AS cct1 WHERE (cct1.kind = 'complete+verified')","SELECT * FROM ""comp_cast_type"" AS cct1 WHERE (cct1.kind = 'complete+verified')",C:\Users\vanya\Documents\DATA_SYS_LAB\test44\final_benchmarks\test42_100k_exportpatch\queries\job_exact\23b.sql
duckdb,job_exact,23b,company_name,cn,1,4275,180,23.75,under,False,False,"SELECT COUNT(*) FROM ""company_name"" AS cn WHERE (cn.country_code = '[us]')","SELECT * FROM ""company_name"" AS cn WHERE (cn.country_code = '[us]')",C:\Users\vanya\Documents\DATA_SYS_LAB\test44\final_benchmarks\test42_100k_exportpatch\queries\job_exact\23b.sql
postgres,job_exact,23b,company_name,cn,1,4275,4275,1.0,exact,False,False,"SELECT COUNT(*) FROM ""company_name"" AS cn WHERE (cn.country_code = '[us]')","SELECT * FROM ""company_name"" AS cn WHERE (cn.country_code = '[us]')",C:\Users\vanya\Documents\DATA_SYS_LAB\test44\final_benchmarks\test42_100k_exportpatch\queries\job_exact\23b.sql
duckdb,job_exact,23b,info_type,it1,1,1,2,2.0,over,False,False,"SELECT COUNT(*) FROM ""info_type"" AS it1 WHERE (it1.info = 'release dates')","SELECT * FROM ""info_type"" AS it1 WHERE (it1.info = 'release dates')",C:\Users\vanya\Documents\DATA_SYS_LAB\test44\final_benchmarks\test42_100k_exportpatch\queries\job_exact\23b.sql
postgres,job_exact,23b,info_type,it1,1,1,1,1.0,exact,False,False,"SELECT COUNT(*) FROM ""info_type"" AS it1 WHERE (it1.info = 'release dates')","SELECT * FROM ""info_type"" AS it1 WHERE (it1.info = 'release dates')",C:\Users\vanya\Documents\DATA_SYS_LAB\test44\final_benchmarks\test42_100k_exportpatch\queries\job_exact\23b.sql
duckdb,job_exact,23b,keyword,k,1,2,2283,1141.5,over,False,False,"SELECT COUNT(*) FROM ""keyword"" AS k WHERE (k.keyword in ('murder',
                    'fight',
                    'violence',
                    'dignity'))","SELECT * FROM ""keyword"" AS k WHERE (k.keyword in ('murder',
                    'fight',
                    'violence',
                    'dignity'))",C:\Users\vanya\Documents\DATA_SYS_LAB\test44\final_benchmarks\test42_100k_exportpatch\queries\job_exact\23b.sql
postgres,job_exact,23b,keyword,k,1,2,4,2.0,over,False,False,"SELECT COUNT(*) FROM ""keyword"" AS k WHERE (k.keyword in ('murder',
                    'fight',
                    'violence',
                    'dignity'))","SELECT * FROM ""keyword"" AS k WHERE (k.keyword in ('murder',
                    'fight',
                    'violence',
                    'dignity'))",C:\Users\vanya\Documents\DATA_SYS_LAB\test44\final_benchmarks\test42_100k_exportpatch\queries\job_exact\23b.sql
duckdb,job_exact,23b,kind_type,kt,1,1,1,1.0,exact,False,False,"SELECT COUNT(*) FROM ""kind_type"" AS kt WHERE (kt.kind in ('movie'))","SELECT * FROM ""kind_type"" AS kt WHERE (kt.kind in ('movie'))",C:\Users\vanya\Documents\DATA_SYS_LAB\test44\final_benchmarks\test42_100k_exportpatch\queries\job_exact\23b.sql
postgres,job_exact,23b,kind_type,kt,1,1,1,1.0,exact,False,False,"SELECT COUNT(*) FROM ""kind_type"" AS kt WHERE (kt.kind in ('movie'))","SELECT * FROM ""kind_type"" AS kt WHERE (kt.kind in ('movie'))",C:\Users\vanya\Documents\DATA_SYS_LAB\test44\final_benchmarks\test42_100k_exportpatch\queries\job_exact\23b.sql
duckdb,job_exact,23b,movie_info,mi,2,18589,99286,5.341115713594061,over,False,False,"SELECT COUNT(*) FROM ""movie_info"" AS mi WHERE (mi.note like '%internet%') AND (mi.info like 'Global:%201%')","SELECT * FROM ""movie_info"" AS mi WHERE (mi.note like '%internet%') AND (mi.info like 'Global:%201%')",C:\Users\vanya\Documents\DATA_SYS_LAB\test44\final_benchmarks\test42_100k_exportpatch\queries\job_exact\23b.sql
postgres,job_exact,23b,movie_info,mi,2,18589,1040,17.87403846153846,under,False,False,"SELECT COUNT(*) FROM ""movie_info"" AS mi WHERE (mi.note like '%internet%') AND (mi.info like 'Global:%201%')","SELECT * FROM ""movie_info"" AS mi WHERE (mi.note like '%internet%') AND (mi.info like 'Global:%201%')",C:\Users\vanya\Documents\DATA_SYS_LAB\test44\final_benchmarks\test42_100k_exportpatch\queries\job_exact\23b.sql
duckdb,job_exact,23b,title,t,1,249934,50291,4.9697560199638104,under,False,False,"SELECT COUNT(*) FROM ""title"" AS t WHERE (t.production_year > 2000)","SELECT * FROM ""title"" AS t WHERE (t.production_year > 2000)",C:\Users\vanya\Documents\DATA_SYS_LAB\test44\final_benchmarks\test42_100k_exportpatch\queries\job_exact\23b.sql
postgres,job_exact,23b,title,t,1,249934,250030,1.0003841014027703,over,False,False,"SELECT COUNT(*) FROM ""title"" AS t WHERE (t.production_year > 2000)","SELECT * FROM ""title"" AS t WHERE (t.production_year > 2000)",C:\Users\vanya\Documents\DATA_SYS_LAB\test44\final_benchmarks\test42_100k_exportpatch\queries\job_exact\23b.sql
duckdb,job_exact,23c,comp_cast_type,cct1,1,1,1,1.0,exact,False,False,"SELECT COUNT(*) FROM ""comp_cast_type"" AS cct1 WHERE (cct1.kind = 'complete+verified')","SELECT * FROM ""comp_cast_type"" AS cct1 WHERE (cct1.kind = 'complete+verified')",C:\Users\vanya\Documents\DATA_SYS_LAB\test44\final_benchmarks\test42_100k_exportpatch\queries\job_exact\23c.sql
postgres,job_exact,23c,comp_cast_type,cct1,1,1,1,1.0,exact,False,False,"SELECT COUNT(*) FROM ""comp_cast_type"" AS cct1 WHERE (cct1.kind = 'complete+verified')","SELECT * FROM ""comp_cast_type"" AS cct1 WHERE (cct1.kind = 'complete+verified')",C:\Users\vanya\Documents\DATA_SYS_LAB\test44\final_benchmarks\test42_100k_exportpatch\queries\job_exact\23c.sql
duckdb,job_exact,23c,company_name,cn,1,4275,180,23.75,under,False,False,"SELECT COUNT(*) FROM ""company_name"" AS cn WHERE (cn.country_code = '[us]')","SELECT * FROM ""company_name"" AS cn WHERE (cn.country_code = '[us]')",C:\Users\vanya\Documents\DATA_SYS_LAB\test44\final_benchmarks\test42_100k_exportpatch\queries\job_exact\23c.sql
postgres,job_exact,23c,company_name,cn,1,4275,4275,1.0,exact,False,False,"SELECT COUNT(*) FROM ""company_name"" AS cn WHERE (cn.country_code = '[us]')","SELECT * FROM ""company_name"" AS cn WHERE (cn.country_code = '[us]')",C:\Users\vanya\Documents\DATA_SYS_LAB\test44\final_benchmarks\test42_100k_exportpatch\queries\job_exact\23c.sql
duckdb,job_exact,23c,info_type,it1,1,1,2,2.0,over,False,False,"SELECT COUNT(*) FROM ""info_type"" AS it1 WHERE (it1.info = 'release dates')","SELECT * FROM ""info_type"" AS it1 WHERE (it1.info = 'release dates')",C:\Users\vanya\Documents\DATA_SYS_LAB\test44\final_benchmarks\test42_100k_exportpatch\queries\job_exact\23c.sql
postgres,job_exact,23c,info_type,it1,1,1,1,1.0,exact,False,False,"SELECT COUNT(*) FROM ""info_type"" AS it1 WHERE (it1.info = 'release dates')","SELECT * FROM ""info_type"" AS it1 WHERE (it1.info = 'release dates')",C:\Users\vanya\Documents\DATA_SYS_LAB\test44\final_benchmarks\test42_100k_exportpatch\queries\job_exact\23c.sql
duckdb,job_exact,23c,kind_type,kt,1,4,1,4.0,under,False,False,"SELECT COUNT(*) FROM ""kind_type"" AS kt WHERE (kt.kind in ('movie',
                  'tv series',
                  'episode',
                  'video game'))","SELECT * FROM ""kind_type"" AS kt WHERE (kt.kind in ('movie',
                  'tv series',
                  'episode',
                  'video game'))",C:\Users\vanya\Documents\DATA_SYS_LAB\test44\final_benchmarks\test42_100k_exportpatch\queries\job_exact\23c.sql
postgres,job_exact,23c,kind_type,kt,1,4,4,1.0,exact,False,False,"SELECT COUNT(*) FROM ""kind_type"" AS kt WHERE (kt.kind in ('movie',
                  'tv series',
                  'episode',
                  'video game'))","SELECT * FROM ""kind_type"" AS kt WHERE (kt.kind in ('movie',
                  'tv series',
                  'episode',
                  'video game'))",C:\Users\vanya\Documents\DATA_SYS_LAB\test44\final_benchmarks\test42_100k_exportpatch\queries\job_exact\23c.sql
duckdb,job_exact,23c,movie_info,mi,3,36690,496434,13.530498773507768,over,False,False,"SELECT COUNT(*) FROM ""movie_info"" AS mi WHERE (mi.note like '%internet%') AND (mi.info IS NOT NULL) AND (mi.info like 'Global:%201%'
       OR mi.info like 'Global:%202%')","SELECT * FROM ""movie_info"" AS mi WHERE (mi.note like '%internet%') AND (mi.info IS NOT NULL) AND (mi.info like 'Global:%201%'
       OR mi.info like 'Global:%202%')",C:\Users\vanya\Documents\DATA_SYS_LAB\test44\final_benchmarks\test42_100k_exportpatch\queries\job_exact\23c.sql
postgres,job_exact,23c,movie_info,mi,3,36690,1554,23.61003861003861,under,False,False,"SELECT COUNT(*) FROM ""movie_info"" AS mi WHERE (mi.note like '%internet%') AND (mi.info IS NOT NULL) AND (mi.info like 'Global:%201%'
       OR mi.info like 'Global:%202%')","SELECT * FROM ""movie_info"" AS mi WHERE (mi.note like '%internet%') AND (mi.info IS NOT NULL) AND (mi.info like 'Global:%201%'
       OR mi.info like 'Global:%202%')",C:\Users\vanya\Documents\DATA_SYS_LAB\test44\final_benchmarks\test42_100k_exportpatch\queries\job_exact\23c.sql
duckdb,job_exact,23c,title,t,1,241478,50291,4.801614603010479,under,False,False,"SELECT COUNT(*) FROM ""title"" AS t WHERE (t.production_year > 2005)","SELECT * FROM ""title"" AS t WHERE (t.production_year > 2005)",C:\Users\vanya\Documents\DATA_SYS_LAB\test44\final_benchmarks\test42_100k_exportpatch\queries\job_exact\23c.sql
postgres,job_exact,23c,title,t,1,241478,241514,1.0001490819039416,over,False,False,"SELECT COUNT(*) FROM ""title"" AS t WHERE (t.production_year > 2005)","SELECT * FROM ""title"" AS t WHERE (t.production_year > 2005)",C:\Users\vanya\Documents\DATA_SYS_LAB\test44\final_benchmarks\test42_100k_exportpatch\queries\job_exact\23c.sql
duckdb,job_exact,24a,cast_info,ci,1,25892,560392,21.6434419898038,over,False,False,"SELECT COUNT(*) FROM ""cast_info"" AS ci WHERE (ci.note in ('(as Det. J. Tremblay)',
                  '(voice: Japanese version)',
                  '(voice) (uncredited)',
                  '(voice: English version)'))","SELECT * FROM ""cast_info"" AS ci WHERE (ci.note in ('(as Det. J. Tremblay)',
                  '(voice: Japanese version)',
                  '(voice) (uncredited)',
                  '(voice: English version)'))",C:\Users\vanya\Documents\DATA_SYS_LAB\test44\final_benchmarks\test42_100k_exportpatch\queries\job_exact\24a.sql
postgres,job_exact,24a,cast_info,ci,1,25892,26053,1.0062181368762553,over,False,False,"SELECT COUNT(*) FROM ""cast_info"" AS ci WHERE (ci.note in ('(as Det. J. Tremblay)',
                  '(voice: Japanese version)',
                  '(voice) (uncredited)',
                  '(voice: English version)'))","SELECT * FROM ""cast_info"" AS ci WHERE (ci.note in ('(as Det. J. Tremblay)',
                  '(voice: Japanese version)',
                  '(voice) (uncredited)',
                  '(voice: English version)'))",C:\Users\vanya\Documents\DATA_SYS_LAB\test44\final_benchmarks\test42_100k_exportpatch\queries\job_exact\24a.sql
duckdb,job_exact,24a,company_name,cn,1,4275,180,23.75,under,False,False,"SELECT COUNT(*) FROM ""company_name"" AS cn WHERE (cn.country_code ='[us]')","SELECT * FROM ""company_name"" AS cn WHERE (cn.country_code ='[us]')",C:\Users\vanya\Documents\DATA_SYS_LAB\test44\final_benchmarks\test42_100k_exportpatch\queries\job_exact\24a.sql
postgres,job_exact,24a,company_name,cn,1,4275,4275,1.0,exact,False,False,"SELECT COUNT(*) FROM ""company_name"" AS cn WHERE (cn.country_code ='[us]')","SELECT * FROM ""company_name"" AS cn WHERE (cn.country_code ='[us]')",C:\Users\vanya\Documents\DATA_SYS_LAB\test44\final_benchmarks\test42_100k_exportpatch\queries\job_exact\24a.sql
duckdb,job_exact,24a,info_type,it,1,1,2,2.0,over,False,False,"SELECT COUNT(*) FROM ""info_type"" AS it WHERE (it.info = 'release dates')","SELECT * FROM ""info_type"" AS it WHERE (it.info = 'release dates')",C:\Users\vanya\Documents\DATA_SYS_LAB\test44\final_benchmarks\test42_100k_exportpatch\queries\job_exact\24a.sql
postgres,job_exact,24a,info_type,it,1,1,1,1.0,exact,False,False,"SELECT COUNT(*) FROM ""info_type"" AS it WHERE (it.info = 'release dates')","SELECT * FROM ""info_type"" AS it WHERE (it.info = 'release dates')",C:\Users\vanya\Documents\DATA_SYS_LAB\test44\final_benchmarks\test42_100k_exportpatch\queries\job_exact\24a.sql
duckdb,job_exact,24a,keyword,k,1,3,2283,761.0,over,False,False,"SELECT COUNT(*) FROM ""keyword"" AS k WHERE (k.keyword in ('menacing-espionage',
                    'martial-arts',
                    'hand-to-hand-combat'))","SELECT * FROM ""keyword"" AS k WHERE (k.keyword in ('menacing-espionage',
                    'martial-arts',
                    'hand-to-hand-combat'))",C:\Users\vanya\Documents\DATA_SYS_LAB\test44\final_benchmarks\test42_100k_exportpatch\queries\job_exact\24a.sql
postgres,job_exact,24a,keyword,k,1,3,3,1.0,exact,False,False,"SELECT COUNT(*) FROM ""keyword"" AS k WHERE (k.keyword in ('menacing-espionage',
                    'martial-arts',
                    'hand-to-hand-combat'))","SELECT * FROM ""keyword"" AS k WHERE (k.keyword in ('menacing-espionage',
                    'martial-arts',
                    'hand-to-hand-combat'))",C:\Users\vanya\Documents\DATA_SYS_LAB\test44\final_benchmarks\test42_100k_exportpatch\queries\job_exact\24a.sql
duckdb,job_exact,24a,movie_info,mi,2,8,496434,62054.25,over,False,False,"SELECT COUNT(*) FROM ""movie_info"" AS mi WHERE (mi.info IS NOT NULL) AND (mi.info like 'Asia:20 February 2002%'
       OR mi.info like 'Asia:20 February 2002%')","SELECT * FROM ""movie_info"" AS mi WHERE (mi.info IS NOT NULL) AND (mi.info like 'Asia:20 February 2002%'
       OR mi.info like 'Asia:20 February 2002%')",C:\Users\vanya\Documents\DATA_SYS_LAB\test44\final_benchmarks\test42_100k_exportpatch\queries\job_exact\24a.sql
postgres,job_exact,24a,movie_info,mi,2,8,133,16.625,over,False,False,"SELECT COUNT(*) FROM ""movie_info"" AS mi WHERE (mi.info IS NOT NULL) AND (mi.info like 'Asia:20 February 2002%'
       OR mi.info like 'Asia:20 February 2002%')","SELECT * FROM ""movie_info"" AS mi WHERE (mi.info IS NOT NULL) AND (mi.info like 'Asia:20 February 2002%'
       OR mi.info like 'Asia:20 February 2002%')",C:\Users\vanya\Documents\DATA_SYS_LAB\test44\final_benchmarks\test42_100k_exportpatch\queries\job_exact\24a.sql
duckdb,job_exact,24a,name,n,2,1,120000,120000.0,over,False,False,"SELECT COUNT(*) FROM ""name"" AS n WHERE (n.gender ='f') AND (n.name like '%Hye-jin Seo%')","SELECT * FROM ""name"" AS n WHERE (n.gender ='f') AND (n.name like '%Hye-jin Seo%')",C:\Users\vanya\Documents\DATA_SYS_LAB\test44\final_benchmarks\test42_100k_exportpatch\queries\job_exact\24a.sql
postgres,job_exact,24a,name,n,2,1,11,11.0,over,False,False,"SELECT COUNT(*) FROM ""name"" AS n WHERE (n.gender ='f') AND (n.name like '%Hye-jin Seo%')","SELECT * FROM ""name"" AS n WHERE (n.gender ='f') AND (n.name like '%Hye-jin Seo%')",C:\Users\vanya\Documents\DATA_SYS_LAB\test44\final_benchmarks\test42_100k_exportpatch\queries\job_exact\24a.sql
duckdb,job_exact,24a,role_type,rt,1,1,1,1.0,exact,False,False,"SELECT COUNT(*) FROM ""role_type"" AS rt WHERE (rt.role ='actress')","SELECT * FROM ""role_type"" AS rt WHERE (rt.role ='actress')",C:\Users\vanya\Documents\DATA_SYS_LAB\test44\final_benchmarks\test42_100k_exportpatch\queries\job_exact\24a.sql
postgres,job_exact,24a,role_type,rt,1,1,1,1.0,exact,False,False,"SELECT COUNT(*) FROM ""role_type"" AS rt WHERE (rt.role ='actress')","SELECT * FROM ""role_type"" AS rt WHERE (rt.role ='actress')",C:\Users\vanya\Documents\DATA_SYS_LAB\test44\final_benchmarks\test42_100k_exportpatch\queries\job_exact\24a.sql
duckdb,job_exact,24a,title,t,1,248414,50291,4.939531924201149,under,False,False,"SELECT COUNT(*) FROM ""title"" AS t WHERE (t.production_year > 2001)","SELECT * FROM ""title"" AS t WHERE (t.production_year > 2001)",C:\Users\vanya\Documents\DATA_SYS_LAB\test44\final_benchmarks\test42_100k_exportpatch\queries\job_exact\24a.sql
postgres,job_exact,24a,title,t,1,248414,248496,1.0003300941170787,over,False,False,"SELECT COUNT(*) FROM ""title"" AS t WHERE (t.production_year > 2001)","SELECT * FROM ""title"" AS t WHERE (t.production_year > 2001)",C:\Users\vanya\Documents\DATA_SYS_LAB\test44\final_benchmarks\test42_100k_exportpatch\queries\job_exact\24a.sql
duckdb,job_exact,24b,cast_info,ci,1,25892,560392,21.6434419898038,over,False,False,"SELECT COUNT(*) FROM ""cast_info"" AS ci WHERE (ci.note in ('(as Det. J. Tremblay)',
                  '(voice: Japanese version)',
                  '(voice) (uncredited)',
                  '(voice: English version)'))","SELECT * FROM ""cast_info"" AS ci WHERE (ci.note in ('(as Det. J. Tremblay)',
                  '(voice: Japanese version)',
                  '(voice) (uncredited)',
                  '(voice: English version)'))",C:\Users\vanya\Documents\DATA_SYS_LAB\test44\final_benchmarks\test42_100k_exportpatch\queries\job_exact\24b.sql
postgres,job_exact,24b,cast_info,ci,1,25892,26053,1.0062181368762553,over,False,False,"SELECT COUNT(*) FROM ""cast_info"" AS ci WHERE (ci.note in ('(as Det. J. Tremblay)',
                  '(voice: Japanese version)',
                  '(voice) (uncredited)',
                  '(voice: English version)'))","SELECT * FROM ""cast_info"" AS ci WHERE (ci.note in ('(as Det. J. Tremblay)',
                  '(voice: Japanese version)',
                  '(voice) (uncredited)',
                  '(voice: English version)'))",C:\Users\vanya\Documents\DATA_SYS_LAB\test44\final_benchmarks\test42_100k_exportpatch\queries\job_exact\24b.sql
duckdb,job_exact,24b,company_name,cn,2,1,1,1.0,exact,False,False,"SELECT COUNT(*) FROM ""company_name"" AS cn WHERE (cn.country_code ='[us]') AND (cn.name = 'Quartz Productions')","SELECT * FROM ""company_name"" AS cn WHERE (cn.country_code ='[us]') AND (cn.name = 'Quartz Productions')",C:\Users\vanya\Documents\DATA_SYS_LAB\test44\final_benchmarks\test42_100k_exportpatch\queries\job_exact\24b.sql
postgres,job_exact,24b,company_name,cn,2,1,1,1.0,exact,False,False,"SELECT COUNT(*) FROM ""company_name"" AS cn WHERE (cn.country_code ='[us]') AND (cn.name = 'Quartz Productions')","SELECT * FROM ""company_name"" AS cn WHERE (cn.country_code ='[us]') AND (cn.name = 'Quartz Productions')",C:\Users\vanya\Documents\DATA_SYS_LAB\test44\final_benchmarks\test42_100k_exportpatch\queries\job_exact\24b.sql
duckdb,job_exact,24b,info_type,it,1,1,2,2.0,over,False,False,"SELECT COUNT(*) FROM ""info_type"" AS it WHERE (it.info = 'release dates')","SELECT * FROM ""info_type"" AS it WHERE (it.info = 'release dates')",C:\Users\vanya\Documents\DATA_SYS_LAB\test44\final_benchmarks\test42_100k_exportpatch\queries\job_exact\24b.sql
postgres,job_exact,24b,info_type,it,1,1,1,1.0,exact,False,False,"SELECT COUNT(*) FROM ""info_type"" AS it WHERE (it.info = 'release dates')","SELECT * FROM ""info_type"" AS it WHERE (it.info = 'release dates')",C:\Users\vanya\Documents\DATA_SYS_LAB\test44\final_benchmarks\test42_100k_exportpatch\queries\job_exact\24b.sql
duckdb,job_exact,24b,keyword,k,1,4,2283,570.75,over,False,False,"SELECT COUNT(*) FROM ""keyword"" AS k WHERE (k.keyword in ('menacing-espionage',
                    'martial-arts',
                    'hand-to-hand-combat',
                    'computer-animated-movie'))","SELECT * FROM ""keyword"" AS k WHERE (k.keyword in ('menacing-espionage',
                    'martial-arts',
                    'hand-to-hand-combat',
                    'computer-animated-movie'))",C:\Users\vanya\Documents\DATA_SYS_LAB\test44\final_benchmarks\test42_100k_exportpatch\queries\job_exact\24b.sql
postgres,job_exact,24b,keyword,k,1,4,4,1.0,exact,False,False,"SELECT COUNT(*) FROM ""keyword"" AS k WHERE (k.keyword in ('menacing-espionage',
                    'martial-arts',
                    'hand-to-hand-combat',
                    'computer-animated-movie'))","SELECT * FROM ""keyword"" AS k WHERE (k.keyword in ('menacing-espionage',
                    'martial-arts',
                    'hand-to-hand-combat',
                    'computer-animated-movie'))",C:\Users\vanya\Documents\DATA_SYS_LAB\test44\final_benchmarks\test42_100k_exportpatch\queries\job_exact\24b.sql
duckdb,job_exact,24b,movie_info,mi,2,8,496434,62054.25,over,False,False,"SELECT COUNT(*) FROM ""movie_info"" AS mi WHERE (mi.info IS NOT NULL) AND (mi.info like 'Asia:20 February 2002%'
       OR mi.info like 'Asia:20 February 2002%')","SELECT * FROM ""movie_info"" AS mi WHERE (mi.info IS NOT NULL) AND (mi.info like 'Asia:20 February 2002%'
       OR mi.info like 'Asia:20 February 2002%')",C:\Users\vanya\Documents\DATA_SYS_LAB\test44\final_benchmarks\test42_100k_exportpatch\queries\job_exact\24b.sql
postgres,job_exact,24b,movie_info,mi,2,8,133,16.625,over,False,False,"SELECT COUNT(*) FROM ""movie_info"" AS mi WHERE (mi.info IS NOT NULL) AND (mi.info like 'Asia:20 February 2002%'
       OR mi.info like 'Asia:20 February 2002%')","SELECT * FROM ""movie_info"" AS mi WHERE (mi.info IS NOT NULL) AND (mi.info like 'Asia:20 February 2002%'
       OR mi.info like 'Asia:20 February 2002%')",C:\Users\vanya\Documents\DATA_SYS_LAB\test44\final_benchmarks\test42_100k_exportpatch\queries\job_exact\24b.sql
duckdb,job_exact,24b,name,n,2,1,120000,120000.0,over,False,False,"SELECT COUNT(*) FROM ""name"" AS n WHERE (n.gender ='f') AND (n.name like '%Hye-jin Seo%')","SELECT * FROM ""name"" AS n WHERE (n.gender ='f') AND (n.name like '%Hye-jin Seo%')",C:\Users\vanya\Documents\DATA_SYS_LAB\test44\final_benchmarks\test42_100k_exportpatch\queries\job_exact\24b.sql
postgres,job_exact,24b,name,n,2,1,11,11.0,over,False,False,"SELECT COUNT(*) FROM ""name"" AS n WHERE (n.gender ='f') AND (n.name like '%Hye-jin Seo%')","SELECT * FROM ""name"" AS n WHERE (n.gender ='f') AND (n.name like '%Hye-jin Seo%')",C:\Users\vanya\Documents\DATA_SYS_LAB\test44\final_benchmarks\test42_100k_exportpatch\queries\job_exact\24b.sql
duckdb,job_exact,24b,role_type,rt,1,1,1,1.0,exact,False,False,"SELECT COUNT(*) FROM ""role_type"" AS rt WHERE (rt.role ='actress')","SELECT * FROM ""role_type"" AS rt WHERE (rt.role ='actress')",C:\Users\vanya\Documents\DATA_SYS_LAB\test44\final_benchmarks\test42_100k_exportpatch\queries\job_exact\24b.sql
postgres,job_exact,24b,role_type,rt,1,1,1,1.0,exact,False,False,"SELECT COUNT(*) FROM ""role_type"" AS rt WHERE (rt.role ='actress')","SELECT * FROM ""role_type"" AS rt WHERE (rt.role ='actress')",C:\Users\vanya\Documents\DATA_SYS_LAB\test44\final_benchmarks\test42_100k_exportpatch\queries\job_exact\24b.sql
duckdb,job_exact,24b,title,t,2,1,50291,50291.0,over,False,False,"SELECT COUNT(*) FROM ""title"" AS t WHERE (t.production_year > 2001) AND (t.title like 'The Last Night Nexus%')","SELECT * FROM ""title"" AS t WHERE (t.production_year > 2001) AND (t.title like 'The Last Night Nexus%')",C:\Users\vanya\Documents\DATA_SYS_LAB\test44\final_benchmarks\test42_100k_exportpatch\queries\job_exact\24b.sql
postgres,job_exact,24b,title,t,2,1,10,10.0,over,False,False,"SELECT COUNT(*) FROM ""title"" AS t WHERE (t.production_year > 2001) AND (t.title like 'The Last Night Nexus%')","SELECT * FROM ""title"" AS t WHERE (t.production_year > 2001) AND (t.title like 'The Last Night Nexus%')",C:\Users\vanya\Documents\DATA_SYS_LAB\test44\final_benchmarks\test42_100k_exportpatch\queries\job_exact\24b.sql
duckdb,job_exact,25a,cast_info,ci,1,151634,560392,3.695688302095836,over,False,True,"SELECT COUNT(*) FROM ""cast_info"" AS ci WHERE (ci.note IN ('(story)', '(head writer)', '(written by)', '(story editor)'))","SELECT * FROM ""cast_info"" AS ci WHERE (ci.note IN ('(story)', '(head writer)', '(written by)', '(story editor)'))",C:\Users\vanya\Documents\DATA_SYS_LAB\test44\final_benchmarks\test42_100k_exportpatch\queries\job_exact\25a.sql
postgres,job_exact,25a,cast_info,ci,1,151634,150559,1.0071400580503325,under,False,True,"SELECT COUNT(*) FROM ""cast_info"" AS ci WHERE (ci.note IN ('(story)', '(head writer)', '(written by)', '(story editor)'))","SELECT * FROM ""cast_info"" AS ci WHERE (ci.note IN ('(story)', '(head writer)', '(written by)', '(story editor)'))",C:\Users\vanya\Documents\DATA_SYS_LAB\test44\final_benchmarks\test42_100k_exportpatch\queries\job_exact\25a.sql
duckdb,job_exact,25a,info_type,it1,1,1,2,2.0,over,False,False,"SELECT COUNT(*) FROM ""info_type"" AS it1 WHERE (it1.info = 'color info')","SELECT * FROM ""info_type"" AS it1 WHERE (it1.info = 'color info')",C:\Users\vanya\Documents\DATA_SYS_LAB\test44\final_benchmarks\test42_100k_exportpatch\queries\job_exact\25a.sql
postgres,job_exact,25a,info_type,it1,1,1,1,1.0,exact,False,False,"SELECT COUNT(*) FROM ""info_type"" AS it1 WHERE (it1.info = 'color info')","SELECT * FROM ""info_type"" AS it1 WHERE (it1.info = 'color info')",C:\Users\vanya\Documents\DATA_SYS_LAB\test44\final_benchmarks\test42_100k_exportpatch\queries\job_exact\25a.sql
duckdb,job_exact,25a,info_type,it2,1,1,2,2.0,over,False,False,"SELECT COUNT(*) FROM ""info_type"" AS it2 WHERE (it2.info = 'votes')","SELECT * FROM ""info_type"" AS it2 WHERE (it2.info = 'votes')",C:\Users\vanya\Documents\DATA_SYS_LAB\test44\final_benchmarks\test42_100k_exportpatch\queries\job_exact\25a.sql
postgres,job_exact,25a,info_type,it2,1,1,1,1.0,exact,False,False,"SELECT COUNT(*) FROM ""info_type"" AS it2 WHERE (it2.info = 'votes')","SELECT * FROM ""info_type"" AS it2 WHERE (it2.info = 'votes')",C:\Users\vanya\Documents\DATA_SYS_LAB\test44\final_benchmarks\test42_100k_exportpatch\queries\job_exact\25a.sql
duckdb,job_exact,25a,keyword,k,1,5,2283,456.6,over,False,False,"SELECT COUNT(*) FROM ""keyword"" AS k WHERE (k.keyword in ('posthumous-release-medical-emergency-cold case',
                    'blood',
                    'gore',
                    'death',
                    'female-nudity'))","SELECT * FROM ""keyword"" AS k WHERE (k.keyword in ('posthumous-release-medical-emergency-cold case',
                    'blood',
                    'gore',
                    'death',
                    'female-nudity'))",C:\Users\vanya\Documents\DATA_SYS_LAB\test44\final_benchmarks\test42_100k_exportpatch\queries\job_exact\25a.sql
postgres,job_exact,25a,keyword,k,1,5,5,1.0,exact,False,False,"SELECT COUNT(*) FROM ""keyword"" AS k WHERE (k.keyword in ('posthumous-release-medical-emergency-cold case',
                    'blood',
                    'gore',
                    'death',
                    'female-nudity'))","SELECT * FROM ""keyword"" AS k WHERE (k.keyword in ('posthumous-release-medical-emergency-cold case',
                    'blood',
                    'gore',
                    'death',
                    'female-nudity'))",C:\Users\vanya\Documents\DATA_SYS_LAB\test44\final_benchmarks\test42_100k_exportpatch\queries\job_exact\25a.sql
duckdb,job_exact,25a,movie_info,mi,1,100000,17,5882.35294117647,under,False,False,"SELECT COUNT(*) FROM ""movie_info"" AS mi WHERE (mi.info = 'Color')","SELECT * FROM ""movie_info"" AS mi WHERE (mi.info = 'Color')",C:\Users\vanya\Documents\DATA_SYS_LAB\test44\final_benchmarks\test42_100k_exportpatch\queries\job_exact\25a.sql
postgres,job_exact,25a,movie_info,mi,1,100000,100031,1.00031,over,False,False,"SELECT COUNT(*) FROM ""movie_info"" AS mi WHERE (mi.info = 'Color')","SELECT * FROM ""movie_info"" AS mi WHERE (mi.info = 'Color')",C:\Users\vanya\Documents\DATA_SYS_LAB\test44\final_benchmarks\test42_100k_exportpatch\queries\job_exact\25a.sql
duckdb,job_exact,25a,name,n,1,124894,120000,1.0407833333333334,under,False,False,"SELECT COUNT(*) FROM ""name"" AS n WHERE (n.gender = 'm')","SELECT * FROM ""name"" AS n WHERE (n.gender = 'm')",C:\Users\vanya\Documents\DATA_SYS_LAB\test44\final_benchmarks\test42_100k_exportpatch\queries\job_exact\25a.sql
postgres,job_exact,25a,name,n,1,124894,125088,1.0015533172129967,over,False,False,"SELECT COUNT(*) FROM ""name"" AS n WHERE (n.gender = 'm')","SELECT * FROM ""name"" AS n WHERE (n.gender = 'm')",C:\Users\vanya\Documents\DATA_SYS_LAB\test44\final_benchmarks\test42_100k_exportpatch\queries\job_exact\25a.sql
duckdb,job_exact,25b,cast_info,ci,1,151634,560392,3.695688302095836,over,False,True,"SELECT COUNT(*) FROM ""cast_info"" AS ci WHERE (ci.note IN ('(story)', '(head writer)', '(written by)', '(story editor)'))","SELECT * FROM ""cast_info"" AS ci WHERE (ci.note IN ('(story)', '(head writer)', '(written by)', '(story editor)'))",C:\Users\vanya\Documents\DATA_SYS_LAB\test44\final_benchmarks\test42_100k_exportpatch\queries\job_exact\25b.sql
postgres,job_exact,25b,cast_info,ci,1,151634,150559,1.0071400580503325,under,False,True,"SELECT COUNT(*) FROM ""cast_info"" AS ci WHERE (ci.note IN ('(story)', '(head writer)', '(written by)', '(story editor)'))","SELECT * FROM ""cast_info"" AS ci WHERE (ci.note IN ('(story)', '(head writer)', '(written by)', '(story editor)'))",C:\Users\vanya\Documents\DATA_SYS_LAB\test44\final_benchmarks\test42_100k_exportpatch\queries\job_exact\25b.sql
duckdb,job_exact,25b,info_type,it1,1,1,2,2.0,over,False,False,"SELECT COUNT(*) FROM ""info_type"" AS it1 WHERE (it1.info = 'genres')","SELECT * FROM ""info_type"" AS it1 WHERE (it1.info = 'genres')",C:\Users\vanya\Documents\DATA_SYS_LAB\test44\final_benchmarks\test42_100k_exportpatch\queries\job_exact\25b.sql
postgres,job_exact,25b,info_type,it1,1,1,1,1.0,exact,False,False,"SELECT COUNT(*) FROM ""info_type"" AS it1 WHERE (it1.info = 'genres')","SELECT * FROM ""info_type"" AS it1 WHERE (it1.info = 'genres')",C:\Users\vanya\Documents\DATA_SYS_LAB\test44\final_benchmarks\test42_100k_exportpatch\queries\job_exact\25b.sql
duckdb,job_exact,25b,info_type,it2,1,1,2,2.0,over,False,False,"SELECT COUNT(*) FROM ""info_type"" AS it2 WHERE (it2.info = 'votes')","SELECT * FROM ""info_type"" AS it2 WHERE (it2.info = 'votes')",C:\Users\vanya\Documents\DATA_SYS_LAB\test44\final_benchmarks\test42_100k_exportpatch\queries\job_exact\25b.sql
postgres,job_exact,25b,info_type,it2,1,1,1,1.0,exact,False,False,"SELECT COUNT(*) FROM ""info_type"" AS it2 WHERE (it2.info = 'votes')","SELECT * FROM ""info_type"" AS it2 WHERE (it2.info = 'votes')",C:\Users\vanya\Documents\DATA_SYS_LAB\test44\final_benchmarks\test42_100k_exportpatch\queries\job_exact\25b.sql
duckdb,job_exact,25b,keyword,k,1,5,2283,456.6,over,False,False,"SELECT COUNT(*) FROM ""keyword"" AS k WHERE (k.keyword in ('posthumous-release-medical-emergency-cold case',
                    'blood',
                    'gore',
                    'death',
                    'female-nudity'))","SELECT * FROM ""keyword"" AS k WHERE (k.keyword in ('posthumous-release-medical-emergency-cold case',
                    'blood',
                    'gore',
                    'death',
                    'female-nudity'))",C:\Users\vanya\Documents\DATA_SYS_LAB\test44\final_benchmarks\test42_100k_exportpatch\queries\job_exact\25b.sql
postgres,job_exact,25b,keyword,k,1,5,5,1.0,exact,False,False,"SELECT COUNT(*) FROM ""keyword"" AS k WHERE (k.keyword in ('posthumous-release-medical-emergency-cold case',
                    'blood',
                    'gore',
                    'death',
                    'female-nudity'))","SELECT * FROM ""keyword"" AS k WHERE (k.keyword in ('posthumous-release-medical-emergency-cold case',
                    'blood',
                    'gore',
                    'death',
                    'female-nudity'))",C:\Users\vanya\Documents\DATA_SYS_LAB\test44\final_benchmarks\test42_100k_exportpatch\queries\job_exact\25b.sql
duckdb,job_exact,25b,movie_info,mi,1,9175,17,539.7058823529412,under,False,False,"SELECT COUNT(*) FROM ""movie_info"" AS mi WHERE (mi.info = 'Mystery')","SELECT * FROM ""movie_info"" AS mi WHERE (mi.info = 'Mystery')",C:\Users\vanya\Documents\DATA_SYS_LAB\test44\final_benchmarks\test42_100k_exportpatch\queries\job_exact\25b.sql
postgres,job_exact,25b,movie_info,mi,1,9175,9350,1.0190735694822888,over,False,False,"SELECT COUNT(*) FROM ""movie_info"" AS mi WHERE (mi.info = 'Mystery')","SELECT * FROM ""movie_info"" AS mi WHERE (mi.info = 'Mystery')",C:\Users\vanya\Documents\DATA_SYS_LAB\test44\final_benchmarks\test42_100k_exportpatch\queries\job_exact\25b.sql
duckdb,job_exact,25b,name,n,1,124894,120000,1.0407833333333334,under,False,False,"SELECT COUNT(*) FROM ""name"" AS n WHERE (n.gender = 'm')","SELECT * FROM ""name"" AS n WHERE (n.gender = 'm')",C:\Users\vanya\Documents\DATA_SYS_LAB\test44\final_benchmarks\test42_100k_exportpatch\queries\job_exact\25b.sql
postgres,job_exact,25b,name,n,1,124894,125088,1.0015533172129967,over,False,False,"SELECT COUNT(*) FROM ""name"" AS n WHERE (n.gender = 'm')","SELECT * FROM ""name"" AS n WHERE (n.gender = 'm')",C:\Users\vanya\Documents\DATA_SYS_LAB\test44\final_benchmarks\test42_100k_exportpatch\queries\job_exact\25b.sql
duckdb,job_exact,25b,title,t,2,1,50291,50291.0,over,False,False,"SELECT COUNT(*) FROM ""title"" AS t WHERE (t.production_year > 1999) AND (t.title like 'Silence at Zone: Endgame%')","SELECT * FROM ""title"" AS t WHERE (t.production_year > 1999) AND (t.title like 'Silence at Zone: Endgame%')",C:\Users\vanya\Documents\DATA_SYS_LAB\test44\final_benchmarks\test42_100k_exportpatch\queries\job_exact\25b.sql
postgres,job_exact,25b,title,t,2,1,10,10.0,over,False,False,"SELECT COUNT(*) FROM ""title"" AS t WHERE (t.production_year > 1999) AND (t.title like 'Silence at Zone: Endgame%')","SELECT * FROM ""title"" AS t WHERE (t.production_year > 1999) AND (t.title like 'Silence at Zone: Endgame%')",C:\Users\vanya\Documents\DATA_SYS_LAB\test44\final_benchmarks\test42_100k_exportpatch\queries\job_exact\25b.sql
duckdb,job_exact,25c,cast_info,ci,1,190030,560392,2.9489659527443037,over,False,False,"SELECT COUNT(*) FROM ""cast_info"" AS ci WHERE (ci.note in ('(writer)',
                  '(head writer)',
                  '(written by)',
                  '(story)',
                  '(story editor)'))","SELECT * FROM ""cast_info"" AS ci WHERE (ci.note in ('(writer)',
                  '(head writer)',
                  '(written by)',
                  '(story)',
                  '(story editor)'))",C:\Users\vanya\Documents\DATA_SYS_LAB\test44\final_benchmarks\test42_100k_exportpatch\queries\job_exact\25c.sql
postgres,job_exact,25c,cast_info,ci,1,190030,184930,1.0275780024874277,under,False,False,"SELECT COUNT(*) FROM ""cast_info"" AS ci WHERE (ci.note in ('(writer)',
                  '(head writer)',
                  '(written by)',
                  '(story)',
                  '(story editor)'))","SELECT * FROM ""cast_info"" AS ci WHERE (ci.note in ('(writer)',
                  '(head writer)',
                  '(written by)',
                  '(story)',
                  '(story editor)'))",C:\Users\vanya\Documents\DATA_SYS_LAB\test44\final_benchmarks\test42_100k_exportpatch\queries\job_exact\25c.sql
duckdb,job_exact,25c,info_type,it1,1,1,2,2.0,over,False,False,"SELECT COUNT(*) FROM ""info_type"" AS it1 WHERE (it1.info = 'genres')","SELECT * FROM ""info_type"" AS it1 WHERE (it1.info = 'genres')",C:\Users\vanya\Documents\DATA_SYS_LAB\test44\final_benchmarks\test42_100k_exportpatch\queries\job_exact\25c.sql
postgres,job_exact,25c,info_type,it1,1,1,1,1.0,exact,False,False,"SELECT COUNT(*) FROM ""info_type"" AS it1 WHERE (it1.info = 'genres')","SELECT * FROM ""info_type"" AS it1 WHERE (it1.info = 'genres')",C:\Users\vanya\Documents\DATA_SYS_LAB\test44\final_benchmarks\test42_100k_exportpatch\queries\job_exact\25c.sql
duckdb,job_exact,25c,info_type,it2,1,1,2,2.0,over,False,False,"SELECT COUNT(*) FROM ""info_type"" AS it2 WHERE (it2.info = 'votes')","SELECT * FROM ""info_type"" AS it2 WHERE (it2.info = 'votes')",C:\Users\vanya\Documents\DATA_SYS_LAB\test44\final_benchmarks\test42_100k_exportpatch\queries\job_exact\25c.sql
postgres,job_exact,25c,info_type,it2,1,1,1,1.0,exact,False,False,"SELECT COUNT(*) FROM ""info_type"" AS it2 WHERE (it2.info = 'votes')","SELECT * FROM ""info_type"" AS it2 WHERE (it2.info = 'votes')",C:\Users\vanya\Documents\DATA_SYS_LAB\test44\final_benchmarks\test42_100k_exportpatch\queries\job_exact\25c.sql
duckdb,job_exact,25c,keyword,k,1,7,2283,326.14285714285717,over,False,False,"SELECT COUNT(*) FROM ""keyword"" AS k WHERE (k.keyword in ('murder',
                    'violence',
                    'blood',
                    'gore',
                    'death',
                    'female-nudity',
                    'hospital'))","SELECT * FROM ""keyword"" AS k WHERE (k.keyword in ('murder',
                    'violence',
                    'blood',
                    'gore',
                    'death',
                    'female-nudity',
                    'hospital'))",C:\Users\vanya\Documents\DATA_SYS_LAB\test44\final_benchmarks\test42_100k_exportpatch\queries\job_exact\25c.sql
postgres,job_exact,25c,keyword,k,1,7,7,1.0,exact,False,False,"SELECT COUNT(*) FROM ""keyword"" AS k WHERE (k.keyword in ('murder',
                    'violence',
                    'blood',
                    'gore',
                    'death',
                    'female-nudity',
                    'hospital'))","SELECT * FROM ""keyword"" AS k WHERE (k.keyword in ('murder',
                    'violence',
                    'blood',
                    'gore',
                    'death',
                    'female-nudity',
                    'hospital'))",C:\Users\vanya\Documents\DATA_SYS_LAB\test44\final_benchmarks\test42_100k_exportpatch\queries\job_exact\25c.sql
duckdb,job_exact,25c,movie_info,mi,1,75758,496434,6.5528921038042185,over,False,False,"SELECT COUNT(*) FROM ""movie_info"" AS mi WHERE (mi.info in ('Horror',
                  'Action',
                  'Sci-Fi',
                  'Thriller',
                  'Crime',
                  'War'))","SELECT * FROM ""movie_info"" AS mi WHERE (mi.info in ('Horror',
                  'Action',
                  'Sci-Fi',
                  'Thriller',
                  'Crime',
                  'War'))",C:\Users\vanya\Documents\DATA_SYS_LAB\test44\final_benchmarks\test42_100k_exportpatch\queries\job_exact\25c.sql
postgres,job_exact,25c,movie_info,mi,1,75758,74382,1.018499099244441,under,False,False,"SELECT COUNT(*) FROM ""movie_info"" AS mi WHERE (mi.info in ('Horror',
                  'Action',
                  'Sci-Fi',
                  'Thriller',
                  'Crime',
                  'War'))","SELECT * FROM ""movie_info"" AS mi WHERE (mi.info in ('Horror',
                  'Action',
                  'Sci-Fi',
                  'Thriller',
                  'Crime',
                  'War'))",C:\Users\vanya\Documents\DATA_SYS_LAB\test44\final_benchmarks\test42_100k_exportpatch\queries\job_exact\25c.sql
duckdb,job_exact,25c,name,n,1,124894,120000,1.0407833333333334,under,False,False,"SELECT COUNT(*) FROM ""name"" AS n WHERE (n.gender = 'm')","SELECT * FROM ""name"" AS n WHERE (n.gender = 'm')",C:\Users\vanya\Documents\DATA_SYS_LAB\test44\final_benchmarks\test42_100k_exportpatch\queries\job_exact\25c.sql
postgres,job_exact,25c,name,n,1,124894,125088,1.0015533172129967,over,False,False,"SELECT COUNT(*) FROM ""name"" AS n WHERE (n.gender = 'm')","SELECT * FROM ""name"" AS n WHERE (n.gender = 'm')",C:\Users\vanya\Documents\DATA_SYS_LAB\test44\final_benchmarks\test42_100k_exportpatch\queries\job_exact\25c.sql
duckdb,job_exact,26a,comp_cast_type,cct1,1,1,1,1.0,exact,False,False,"SELECT COUNT(*) FROM ""comp_cast_type"" AS cct1 WHERE (cct1.kind = 'cast')","SELECT * FROM ""comp_cast_type"" AS cct1 WHERE (cct1.kind = 'cast')",C:\Users\vanya\Documents\DATA_SYS_LAB\test44\final_benchmarks\test42_100k_exportpatch\queries\job_exact\26a.sql
postgres,job_exact,26a,comp_cast_type,cct1,1,1,1,1.0,exact,False,False,"SELECT COUNT(*) FROM ""comp_cast_type"" AS cct1 WHERE (cct1.kind = 'cast')","SELECT * FROM ""comp_cast_type"" AS cct1 WHERE (cct1.kind = 'cast')",C:\Users\vanya\Documents\DATA_SYS_LAB\test44\final_benchmarks\test42_100k_exportpatch\queries\job_exact\26a.sql
duckdb,job_exact,26a,comp_cast_type,cct2,1,2,1,2.0,under,False,False,"SELECT COUNT(*) FROM ""comp_cast_type"" AS cct2 WHERE (cct2.kind like '%complete%')","SELECT * FROM ""comp_cast_type"" AS cct2 WHERE (cct2.kind like '%complete%')",C:\Users\vanya\Documents\DATA_SYS_LAB\test44\final_benchmarks\test42_100k_exportpatch\queries\job_exact\26a.sql
postgres,job_exact,26a,comp_cast_type,cct2,1,2,1,2.0,under,False,False,"SELECT COUNT(*) FROM ""comp_cast_type"" AS cct2 WHERE (cct2.kind like '%complete%')","SELECT * FROM ""comp_cast_type"" AS cct2 WHERE (cct2.kind like '%complete%')",C:\Users\vanya\Documents\DATA_SYS_LAB\test44\final_benchmarks\test42_100k_exportpatch\queries\job_exact\26a.sql
duckdb,job_exact,26a,char_name,chn,2,20853,150811,7.232100896753464,over,False,False,"SELECT COUNT(*) FROM ""char_name"" AS chn WHERE (chn.name IS NOT NULL) AND (chn.name like '%man%'
       OR chn.name like '%Man%')","SELECT * FROM ""char_name"" AS chn WHERE (chn.name IS NOT NULL) AND (chn.name like '%man%'
       OR chn.name like '%Man%')",C:\Users\vanya\Documents\DATA_SYS_LAB\test44\final_benchmarks\test42_100k_exportpatch\queries\job_exact\26a.sql
postgres,job_exact,26a,char_name,chn,2,20853,151,138.09933774834437,under,False,False,"SELECT COUNT(*) FROM ""char_name"" AS chn WHERE (chn.name IS NOT NULL) AND (chn.name like '%man%'
       OR chn.name like '%Man%')","SELECT * FROM ""char_name"" AS chn WHERE (chn.name IS NOT NULL) AND (chn.name like '%man%'
       OR chn.name like '%Man%')",C:\Users\vanya\Documents\DATA_SYS_LAB\test44\final_benchmarks\test42_100k_exportpatch\queries\job_exact\26a.sql
duckdb,job_exact,26a,info_type,it2,1,1,2,2.0,over,False,False,"SELECT COUNT(*) FROM ""info_type"" AS it2 WHERE (it2.info = 'rating')","SELECT * FROM ""info_type"" AS it2 WHERE (it2.info = 'rating')",C:\Users\vanya\Documents\DATA_SYS_LAB\test44\final_benchmarks\test42_100k_exportpatch\queries\job_exact\26a.sql
postgres,job_exact,26a,info_type,it2,1,1,1,1.0,exact,False,False,"SELECT COUNT(*) FROM ""info_type"" AS it2 WHERE (it2.info = 'rating')","SELECT * FROM ""info_type"" AS it2 WHERE (it2.info = 'rating')",C:\Users\vanya\Documents\DATA_SYS_LAB\test44\final_benchmarks\test42_100k_exportpatch\queries\job_exact\26a.sql
duckdb,job_exact,26a,keyword,k,1,2,2283,1141.5,over,False,False,"SELECT COUNT(*) FROM ""keyword"" AS k WHERE (k.keyword in ('superhero',
                    'blood',
                    'twist-ending',
                    'tv-special',
                    'fight',
                    'violence',
                    'magnet',
                    'web',
                    'claw',
                    'laser'))","SELECT * FROM ""keyword"" AS k WHERE (k.keyword in ('superhero',
                    'blood',
                    'twist-ending',
                    'tv-special',
                    'fight',
                    'violence',
                    'magnet',
                    'web',
                    'claw',
                    'laser'))",C:\Users\vanya\Documents\DATA_SYS_LAB\test44\final_benchmarks\test42_100k_exportpatch\queries\job_exact\26a.sql
postgres,job_exact,26a,keyword,k,1,2,10,5.0,over,False,False,"SELECT COUNT(*) FROM ""keyword"" AS k WHERE (k.keyword in ('superhero',
                    'blood',
                    'twist-ending',
                    'tv-special',
                    'fight',
                    'violence',
                    'magnet',
                    'web',
                    'claw',
                    'laser'))","SELECT * FROM ""keyword"" AS k WHERE (k.keyword in ('superhero',
                    'blood',
                    'twist-ending',
                    'tv-special',
                    'fight',
                    'violence',
                    'magnet',
                    'web',
                    'claw',
                    'laser'))",C:\Users\vanya\Documents\DATA_SYS_LAB\test44\final_benchmarks\test42_100k_exportpatch\queries\job_exact\26a.sql
duckdb,job_exact,26a,kind_type,kt,1,1,1,1.0,exact,False,False,"SELECT COUNT(*) FROM ""kind_type"" AS kt WHERE (kt.kind = 'movie')","SELECT * FROM ""kind_type"" AS kt WHERE (kt.kind = 'movie')",C:\Users\vanya\Documents\DATA_SYS_LAB\test44\final_benchmarks\test42_100k_exportpatch\queries\job_exact\26a.sql
postgres,job_exact,26a,kind_type,kt,1,1,1,1.0,exact,False,False,"SELECT COUNT(*) FROM ""kind_type"" AS kt WHERE (kt.kind = 'movie')","SELECT * FROM ""kind_type"" AS kt WHERE (kt.kind = 'movie')",C:\Users\vanya\Documents\DATA_SYS_LAB\test44\final_benchmarks\test42_100k_exportpatch\queries\job_exact\26a.sql
duckdb,job_exact,26a,movie_info_idx,mi_idx,1,350039,100634,3.478337341256434,under,False,False,"SELECT COUNT(*) FROM ""movie_info_idx"" AS mi_idx WHERE (mi_idx.info > '7.0')","SELECT * FROM ""movie_info_idx"" AS mi_idx WHERE (mi_idx.info > '7.0')",C:\Users\vanya\Documents\DATA_SYS_LAB\test44\final_benchmarks\test42_100k_exportpatch\queries\job_exact\26a.sql
postgres,job_exact,26a,movie_info_idx,mi_idx,1,109650,111285,1.0149110807113544,over,False,False,"SELECT COUNT(*) FROM ""movie_info_idx"" AS mi_idx WHERE (mi_idx.info > '7.0')","SELECT * FROM ""movie_info_idx"" AS mi_idx WHERE (mi_idx.info > '7.0')",C:\Users\vanya\Documents\DATA_SYS_LAB\test44\final_benchmarks\test42_100k_exportpatch\queries\job_exact\26a.sql
duckdb,job_exact,26a,title,t,1,249934,50291,4.9697560199638104,under,False,False,"SELECT COUNT(*) FROM ""title"" AS t WHERE (t.production_year > 2000)","SELECT * FROM ""title"" AS t WHERE (t.production_year > 2000)",C:\Users\vanya\Documents\DATA_SYS_LAB\test44\final_benchmarks\test42_100k_exportpatch\queries\job_exact\26a.sql
postgres,job_exact,26a,title,t,1,249934,250030,1.0003841014027703,over,False,False,"SELECT COUNT(*) FROM ""title"" AS t WHERE (t.production_year > 2000)","SELECT * FROM ""title"" AS t WHERE (t.production_year > 2000)",C:\Users\vanya\Documents\DATA_SYS_LAB\test44\final_benchmarks\test42_100k_exportpatch\queries\job_exact\26a.sql
duckdb,job_exact,26b,comp_cast_type,cct1,1,1,1,1.0,exact,False,False,"SELECT COUNT(*) FROM ""comp_cast_type"" AS cct1 WHERE (cct1.kind = 'cast')","SELECT * FROM ""comp_cast_type"" AS cct1 WHERE (cct1.kind = 'cast')",C:\Users\vanya\Documents\DATA_SYS_LAB\test44\final_benchmarks\test42_100k_exportpatch\queries\job_exact\26b.sql
postgres,job_exact,26b,comp_cast_type,cct1,1,1,1,1.0,exact,False,False,"SELECT COUNT(*) FROM ""comp_cast_type"" AS cct1 WHERE (cct1.kind = 'cast')","SELECT * FROM ""comp_cast_type"" AS cct1 WHERE (cct1.kind = 'cast')",C:\Users\vanya\Documents\DATA_SYS_LAB\test44\final_benchmarks\test42_100k_exportpatch\queries\job_exact\26b.sql
duckdb,job_exact,26b,comp_cast_type,cct2,1,2,1,2.0,under,False,False,"SELECT COUNT(*) FROM ""comp_cast_type"" AS cct2 WHERE (cct2.kind like '%complete%')","SELECT * FROM ""comp_cast_type"" AS cct2 WHERE (cct2.kind like '%complete%')",C:\Users\vanya\Documents\DATA_SYS_LAB\test44\final_benchmarks\test42_100k_exportpatch\queries\job_exact\26b.sql
postgres,job_exact,26b,comp_cast_type,cct2,1,2,1,2.0,under,False,False,"SELECT COUNT(*) FROM ""comp_cast_type"" AS cct2 WHERE (cct2.kind like '%complete%')","SELECT * FROM ""comp_cast_type"" AS cct2 WHERE (cct2.kind like '%complete%')",C:\Users\vanya\Documents\DATA_SYS_LAB\test44\final_benchmarks\test42_100k_exportpatch\queries\job_exact\26b.sql
duckdb,job_exact,26b,char_name,chn,2,20853,150811,7.232100896753464,over,False,False,"SELECT COUNT(*) FROM ""char_name"" AS chn WHERE (chn.name IS NOT NULL) AND (chn.name like '%man%'
       OR chn.name like '%Man%')","SELECT * FROM ""char_name"" AS chn WHERE (chn.name IS NOT NULL) AND (chn.name like '%man%'
       OR chn.name like '%Man%')",C:\Users\vanya\Documents\DATA_SYS_LAB\test44\final_benchmarks\test42_100k_exportpatch\queries\job_exact\26b.sql
postgres,job_exact,26b,char_name,chn,2,20853,151,138.09933774834437,under,False,False,"SELECT COUNT(*) FROM ""char_name"" AS chn WHERE (chn.name IS NOT NULL) AND (chn.name like '%man%'
       OR chn.name like '%Man%')","SELECT * FROM ""char_name"" AS chn WHERE (chn.name IS NOT NULL) AND (chn.name like '%man%'
       OR chn.name like '%Man%')",C:\Users\vanya\Documents\DATA_SYS_LAB\test44\final_benchmarks\test42_100k_exportpatch\queries\job_exact\26b.sql
duckdb,job_exact,26b,info_type,it2,1,1,2,2.0,over,False,False,"SELECT COUNT(*) FROM ""info_type"" AS it2 WHERE (it2.info = 'rating')","SELECT * FROM ""info_type"" AS it2 WHERE (it2.info = 'rating')",C:\Users\vanya\Documents\DATA_SYS_LAB\test44\final_benchmarks\test42_100k_exportpatch\queries\job_exact\26b.sql
postgres,job_exact,26b,info_type,it2,1,1,1,1.0,exact,False,False,"SELECT COUNT(*) FROM ""info_type"" AS it2 WHERE (it2.info = 'rating')","SELECT * FROM ""info_type"" AS it2 WHERE (it2.info = 'rating')",C:\Users\vanya\Documents\DATA_SYS_LAB\test44\final_benchmarks\test42_100k_exportpatch\queries\job_exact\26b.sql
duckdb,job_exact,26b,keyword,k,1,1,2283,2283.0,over,False,False,"SELECT COUNT(*) FROM ""keyword"" AS k WHERE (k.keyword in ('superhero',
                    'blood',
                    'twist-ending',
                    'fight'))","SELECT * FROM ""keyword"" AS k WHERE (k.keyword in ('superhero',
                    'blood',
                    'twist-ending',
                    'fight'))",C:\Users\vanya\Documents\DATA_SYS_LAB\test44\final_benchmarks\test42_100k_exportpatch\queries\job_exact\26b.sql
postgres,job_exact,26b,keyword,k,1,1,4,4.0,over,False,False,"SELECT COUNT(*) FROM ""keyword"" AS k WHERE (k.keyword in ('superhero',
                    'blood',
                    'twist-ending',
                    'fight'))","SELECT * FROM ""keyword"" AS k WHERE (k.keyword in ('superhero',
                    'blood',
                    'twist-ending',
                    'fight'))",C:\Users\vanya\Documents\DATA_SYS_LAB\test44\final_benchmarks\test42_100k_exportpatch\queries\job_exact\26b.sql
duckdb,job_exact,26b,kind_type,kt,1,1,1,1.0,exact,False,False,"SELECT COUNT(*) FROM ""kind_type"" AS kt WHERE (kt.kind = 'movie')","SELECT * FROM ""kind_type"" AS kt WHERE (kt.kind = 'movie')",C:\Users\vanya\Documents\DATA_SYS_LAB\test44\final_benchmarks\test42_100k_exportpatch\queries\job_exact\26b.sql
postgres,job_exact,26b,kind_type,kt,1,1,1,1.0,exact,False,False,"SELECT COUNT(*) FROM ""kind_type"" AS kt WHERE (kt.kind = 'movie')","SELECT * FROM ""kind_type"" AS kt WHERE (kt.kind = 'movie')",C:\Users\vanya\Documents\DATA_SYS_LAB\test44\final_benchmarks\test42_100k_exportpatch\queries\job_exact\26b.sql
duckdb,job_exact,26b,movie_info_idx,mi_idx,1,293522,100634,2.916727944829779,under,False,False,"SELECT COUNT(*) FROM ""movie_info_idx"" AS mi_idx WHERE (mi_idx.info > '8.0')","SELECT * FROM ""movie_info_idx"" AS mi_idx WHERE (mi_idx.info > '8.0')",C:\Users\vanya\Documents\DATA_SYS_LAB\test44\final_benchmarks\test42_100k_exportpatch\queries\job_exact\26b.sql
postgres,job_exact,26b,movie_info_idx,mi_idx,1,47924,48921,1.0208037726400134,over,False,False,"SELECT COUNT(*) FROM ""movie_info_idx"" AS mi_idx WHERE (mi_idx.info > '8.0')","SELECT * FROM ""movie_info_idx"" AS mi_idx WHERE (mi_idx.info > '8.0')",C:\Users\vanya\Documents\DATA_SYS_LAB\test44\final_benchmarks\test42_100k_exportpatch\queries\job_exact\26b.sql
duckdb,job_exact,26b,title,t,1,241478,50291,4.801614603010479,under,False,False,"SELECT COUNT(*) FROM ""title"" AS t WHERE (t.production_year > 2005)","SELECT * FROM ""title"" AS t WHERE (t.production_year > 2005)",C:\Users\vanya\Documents\DATA_SYS_LAB\test44\final_benchmarks\test42_100k_exportpatch\queries\job_exact\26b.sql
postgres,job_exact,26b,title,t,1,241478,241514,1.0001490819039416,over,False,False,"SELECT COUNT(*) FROM ""title"" AS t WHERE (t.production_year > 2005)","SELECT * FROM ""title"" AS t WHERE (t.production_year > 2005)",C:\Users\vanya\Documents\DATA_SYS_LAB\test44\final_benchmarks\test42_100k_exportpatch\queries\job_exact\26b.sql
duckdb,job_exact,26c,comp_cast_type,cct1,1,1,1,1.0,exact,False,False,"SELECT COUNT(*) FROM ""comp_cast_type"" AS cct1 WHERE (cct1.kind = 'cast')","SELECT * FROM ""comp_cast_type"" AS cct1 WHERE (cct1.kind = 'cast')",C:\Users\vanya\Documents\DATA_SYS_LAB\test44\final_benchmarks\test42_100k_exportpatch\queries\job_exact\26c.sql
postgres,job_exact,26c,comp_cast_type,cct1,1,1,1,1.0,exact,False,False,"SELECT COUNT(*) FROM ""comp_cast_type"" AS cct1 WHERE (cct1.kind = 'cast')","SELECT * FROM ""comp_cast_type"" AS cct1 WHERE (cct1.kind = 'cast')",C:\Users\vanya\Documents\DATA_SYS_LAB\test44\final_benchmarks\test42_100k_exportpatch\queries\job_exact\26c.sql
duckdb,job_exact,26c,comp_cast_type,cct2,1,2,1,2.0,under,False,False,"SELECT COUNT(*) FROM ""comp_cast_type"" AS cct2 WHERE (cct2.kind like '%complete%')","SELECT * FROM ""comp_cast_type"" AS cct2 WHERE (cct2.kind like '%complete%')",C:\Users\vanya\Documents\DATA_SYS_LAB\test44\final_benchmarks\test42_100k_exportpatch\queries\job_exact\26c.sql
postgres,job_exact,26c,comp_cast_type,cct2,1,2,1,2.0,under,False,False,"SELECT COUNT(*) FROM ""comp_cast_type"" AS cct2 WHERE (cct2.kind like '%complete%')","SELECT * FROM ""comp_cast_type"" AS cct2 WHERE (cct2.kind like '%complete%')",C:\Users\vanya\Documents\DATA_SYS_LAB\test44\final_benchmarks\test42_100k_exportpatch\queries\job_exact\26c.sql
duckdb,job_exact,26c,char_name,chn,2,20853,150811,7.232100896753464,over,False,False,"SELECT COUNT(*) FROM ""char_name"" AS chn WHERE (chn.name IS NOT NULL) AND (chn.name like '%man%'
       OR chn.name like '%Man%')","SELECT * FROM ""char_name"" AS chn WHERE (chn.name IS NOT NULL) AND (chn.name like '%man%'
       OR chn.name like '%Man%')",C:\Users\vanya\Documents\DATA_SYS_LAB\test44\final_benchmarks\test42_100k_exportpatch\queries\job_exact\26c.sql
postgres,job_exact,26c,char_name,chn,2,20853,151,138.09933774834437,under,False,False,"SELECT COUNT(*) FROM ""char_name"" AS chn WHERE (chn.name IS NOT NULL) AND (chn.name like '%man%'
       OR chn.name like '%Man%')","SELECT * FROM ""char_name"" AS chn WHERE (chn.name IS NOT NULL) AND (chn.name like '%man%'
       OR chn.name like '%Man%')",C:\Users\vanya\Documents\DATA_SYS_LAB\test44\final_benchmarks\test42_100k_exportpatch\queries\job_exact\26c.sql
duckdb,job_exact,26c,info_type,it2,1,1,2,2.0,over,False,False,"SELECT COUNT(*) FROM ""info_type"" AS it2 WHERE (it2.info = 'rating')","SELECT * FROM ""info_type"" AS it2 WHERE (it2.info = 'rating')",C:\Users\vanya\Documents\DATA_SYS_LAB\test44\final_benchmarks\test42_100k_exportpatch\queries\job_exact\26c.sql
postgres,job_exact,26c,info_type,it2,1,1,1,1.0,exact,False,False,"SELECT COUNT(*) FROM ""info_type"" AS it2 WHERE (it2.info = 'rating')","SELECT * FROM ""info_type"" AS it2 WHERE (it2.info = 'rating')",C:\Users\vanya\Documents\DATA_SYS_LAB\test44\final_benchmarks\test42_100k_exportpatch\queries\job_exact\26c.sql
duckdb,job_exact,26c,keyword,k,1,2,2283,1141.5,over,False,False,"SELECT COUNT(*) FROM ""keyword"" AS k WHERE (k.keyword in ('superhero',
                    'blood',
                    'twist-ending',
                    'tv-special',
                    'fight',
                    'violence',
                    'magnet',
                    'web',
                    'claw',
                    'laser'))","SELECT * FROM ""keyword"" AS k WHERE (k.keyword in ('superhero',
                    'blood',
                    'twist-ending',
                    'tv-special',
                    'fight',
                    'violence',
                    'magnet',
                    'web',
                    'claw',
                    'laser'))",C:\Users\vanya\Documents\DATA_SYS_LAB\test44\final_benchmarks\test42_100k_exportpatch\queries\job_exact\26c.sql
postgres,job_exact,26c,keyword,k,1,2,10,5.0,over,False,False,"SELECT COUNT(*) FROM ""keyword"" AS k WHERE (k.keyword in ('superhero',
                    'blood',
                    'twist-ending',
                    'tv-special',
                    'fight',
                    'violence',
                    'magnet',
                    'web',
                    'claw',
                    'laser'))","SELECT * FROM ""keyword"" AS k WHERE (k.keyword in ('superhero',
                    'blood',
                    'twist-ending',
                    'tv-special',
                    'fight',
                    'violence',
                    'magnet',
                    'web',
                    'claw',
                    'laser'))",C:\Users\vanya\Documents\DATA_SYS_LAB\test44\final_benchmarks\test42_100k_exportpatch\queries\job_exact\26c.sql
duckdb,job_exact,26c,kind_type,kt,1,1,1,1.0,exact,False,False,"SELECT COUNT(*) FROM ""kind_type"" AS kt WHERE (kt.kind = 'movie')","SELECT * FROM ""kind_type"" AS kt WHERE (kt.kind = 'movie')",C:\Users\vanya\Documents\DATA_SYS_LAB\test44\final_benchmarks\test42_100k_exportpatch\queries\job_exact\26c.sql
postgres,job_exact,26c,kind_type,kt,1,1,1,1.0,exact,False,False,"SELECT COUNT(*) FROM ""kind_type"" AS kt WHERE (kt.kind = 'movie')","SELECT * FROM ""kind_type"" AS kt WHERE (kt.kind = 'movie')",C:\Users\vanya\Documents\DATA_SYS_LAB\test44\final_benchmarks\test42_100k_exportpatch\queries\job_exact\26c.sql
duckdb,job_exact,26c,title,t,1,249934,50291,4.9697560199638104,under,False,False,"SELECT COUNT(*) FROM ""title"" AS t WHERE (t.production_year > 2000)","SELECT * FROM ""title"" AS t WHERE (t.production_year > 2000)",C:\Users\vanya\Documents\DATA_SYS_LAB\test44\final_benchmarks\test42_100k_exportpatch\queries\job_exact\26c.sql
postgres,job_exact,26c,title,t,1,249934,250030,1.0003841014027703,over,False,False,"SELECT COUNT(*) FROM ""title"" AS t WHERE (t.production_year > 2000)","SELECT * FROM ""title"" AS t WHERE (t.production_year > 2000)",C:\Users\vanya\Documents\DATA_SYS_LAB\test44\final_benchmarks\test42_100k_exportpatch\queries\job_exact\26c.sql
duckdb,job_exact,27a,comp_cast_type,cct1,1,2,1,2.0,under,False,False,"SELECT COUNT(*) FROM ""comp_cast_type"" AS cct1 WHERE (cct1.kind in ('cast',
                    'crew'))","SELECT * FROM ""comp_cast_type"" AS cct1 WHERE (cct1.kind in ('cast',
                    'crew'))",C:\Users\vanya\Documents\DATA_SYS_LAB\test44\final_benchmarks\test42_100k_exportpatch\queries\job_exact\27a.sql
postgres,job_exact,27a,comp_cast_type,cct1,1,2,2,1.0,exact,False,False,"SELECT COUNT(*) FROM ""comp_cast_type"" AS cct1 WHERE (cct1.kind in ('cast',
                    'crew'))","SELECT * FROM ""comp_cast_type"" AS cct1 WHERE (cct1.kind in ('cast',
                    'crew'))",C:\Users\vanya\Documents\DATA_SYS_LAB\test44\final_benchmarks\test42_100k_exportpatch\queries\job_exact\27a.sql
duckdb,job_exact,27a,comp_cast_type,cct2,1,1,1,1.0,exact,False,False,"SELECT COUNT(*) FROM ""comp_cast_type"" AS cct2 WHERE (cct2.kind = 'complete+verified')","SELECT * FROM ""comp_cast_type"" AS cct2 WHERE (cct2.kind = 'complete+verified')",C:\Users\vanya\Documents\DATA_SYS_LAB\test44\final_benchmarks\test42_100k_exportpatch\queries\job_exact\27a.sql
postgres,job_exact,27a,comp_cast_type,cct2,1,1,1,1.0,exact,False,False,"SELECT COUNT(*) FROM ""comp_cast_type"" AS cct2 WHERE (cct2.kind = 'complete+verified')","SELECT * FROM ""comp_cast_type"" AS cct2 WHERE (cct2.kind = 'complete+verified')",C:\Users\vanya\Documents\DATA_SYS_LAB\test44\final_benchmarks\test42_100k_exportpatch\queries\job_exact\27a.sql
duckdb,job_exact,27a,company_name,cn,2,1,1800,1800.0,over,False,False,"SELECT COUNT(*) FROM ""company_name"" AS cn WHERE (cn.country_code !='[pl]') AND (cn.name LIKE '%Omni Group%'
       OR cn.name LIKE '%Omni Group%')","SELECT * FROM ""company_name"" AS cn WHERE (cn.country_code !='[pl]') AND (cn.name LIKE '%Omni Group%'
       OR cn.name LIKE '%Omni Group%')",C:\Users\vanya\Documents\DATA_SYS_LAB\test44\final_benchmarks\test42_100k_exportpatch\queries\job_exact\27a.sql
postgres,job_exact,27a,company_name,cn,2,1,1,1.0,exact,False,False,"SELECT COUNT(*) FROM ""company_name"" AS cn WHERE (cn.country_code !='[pl]') AND (cn.name LIKE '%Omni Group%'
       OR cn.name LIKE '%Omni Group%')","SELECT * FROM ""company_name"" AS cn WHERE (cn.country_code !='[pl]') AND (cn.name LIKE '%Omni Group%'
       OR cn.name LIKE '%Omni Group%')",C:\Users\vanya\Documents\DATA_SYS_LAB\test44\final_benchmarks\test42_100k_exportpatch\queries\job_exact\27a.sql
duckdb,job_exact,27a,company_type,ct,1,1,1,1.0,exact,False,False,"SELECT COUNT(*) FROM ""company_type"" AS ct WHERE (ct.kind ='production companies')","SELECT * FROM ""company_type"" AS ct WHERE (ct.kind ='production companies')",C:\Users\vanya\Documents\DATA_SYS_LAB\test44\final_benchmarks\test42_100k_exportpatch\queries\job_exact\27a.sql
postgres,job_exact,27a,company_type,ct,1,1,1,1.0,exact,False,False,"SELECT COUNT(*) FROM ""company_type"" AS ct WHERE (ct.kind ='production companies')","SELECT * FROM ""company_type"" AS ct WHERE (ct.kind ='production companies')",C:\Users\vanya\Documents\DATA_SYS_LAB\test44\final_benchmarks\test42_100k_exportpatch\queries\job_exact\27a.sql
duckdb,job_exact,27a,keyword,k,1,1,1,1.0,exact,False,False,"SELECT COUNT(*) FROM ""keyword"" AS k WHERE (k.keyword ='arthouse-sensibility-adventurous-hidden treasure')","SELECT * FROM ""keyword"" AS k WHERE (k.keyword ='arthouse-sensibility-adventurous-hidden treasure')",C:\Users\vanya\Documents\DATA_SYS_LAB\test44\final_benchmarks\test42_100k_exportpatch\queries\job_exact\27a.sql
postgres,job_exact,27a,keyword,k,1,1,1,1.0,exact,False,False,"SELECT COUNT(*) FROM ""keyword"" AS k WHERE (k.keyword ='arthouse-sensibility-adventurous-hidden treasure')","SELECT * FROM ""keyword"" AS k WHERE (k.keyword ='arthouse-sensibility-adventurous-hidden treasure')",C:\Users\vanya\Documents\DATA_SYS_LAB\test44\final_benchmarks\test42_100k_exportpatch\queries\job_exact\27a.sql
duckdb,job_exact,27a,link_type,lt,1,1,3,3.0,over,False,False,"SELECT COUNT(*) FROM ""link_type"" AS lt WHERE (lt.link LIKE '%follows%')","SELECT * FROM ""link_type"" AS lt WHERE (lt.link LIKE '%follows%')",C:\Users\vanya\Documents\DATA_SYS_LAB\test44\final_benchmarks\test42_100k_exportpatch\queries\job_exact\27a.sql
postgres,job_exact,27a,link_type,lt,1,1,1,1.0,exact,False,False,"SELECT COUNT(*) FROM ""link_type"" AS lt WHERE (lt.link LIKE '%follows%')","SELECT * FROM ""link_type"" AS lt WHERE (lt.link LIKE '%follows%')",C:\Users\vanya\Documents\DATA_SYS_LAB\test44\final_benchmarks\test42_100k_exportpatch\queries\job_exact\27a.sql
duckdb,job_exact,27a,movie_companies,mc,1,189716,89517,2.1193292894087157,under,False,False,"SELECT COUNT(*) FROM ""movie_companies"" AS mc WHERE (mc.note IS NULL)","SELECT * FROM ""movie_companies"" AS mc WHERE (mc.note IS NULL)",C:\Users\vanya\Documents\DATA_SYS_LAB\test44\final_benchmarks\test42_100k_exportpatch\queries\job_exact\27a.sql
postgres,job_exact,27a,movie_companies,mc,1,189716,188687,1.005453475862142,under,False,False,"SELECT COUNT(*) FROM ""movie_companies"" AS mc WHERE (mc.note IS NULL)","SELECT * FROM ""movie_companies"" AS mc WHERE (mc.note IS NULL)",C:\Users\vanya\Documents\DATA_SYS_LAB\test44\final_benchmarks\test42_100k_exportpatch\queries\job_exact\27a.sql
duckdb,job_exact,27a,movie_info,mi,1,23854,496434,20.811352393728516,over,False,False,"SELECT COUNT(*) FROM ""movie_info"" AS mi WHERE (mi.info IN ('Adventure',
                  'Germany',
                  'Swedish',
                  'German'))","SELECT * FROM ""movie_info"" AS mi WHERE (mi.info IN ('Adventure',
                  'Germany',
                  'Swedish',
                  'German'))",C:\Users\vanya\Documents\DATA_SYS_LAB\test44\final_benchmarks\test42_100k_exportpatch\queries\job_exact\27a.sql
postgres,job_exact,27a,movie_info,mi,1,23854,22487,1.0607906790590118,under,False,False,"SELECT COUNT(*) FROM ""movie_info"" AS mi WHERE (mi.info IN ('Adventure',
                  'Germany',
                  'Swedish',
                  'German'))","SELECT * FROM ""movie_info"" AS mi WHERE (mi.info IN ('Adventure',
                  'Germany',
                  'Swedish',
                  'German'))",C:\Users\vanya\Documents\DATA_SYS_LAB\test44\final_benchmarks\test42_100k_exportpatch\queries\job_exact\27a.sql
duckdb,job_exact,27b,comp_cast_type,cct1,1,2,1,2.0,under,False,False,"SELECT COUNT(*) FROM ""comp_cast_type"" AS cct1 WHERE (cct1.kind in ('cast',
                    'crew'))","SELECT * FROM ""comp_cast_type"" AS cct1 WHERE (cct1.kind in ('cast',
                    'crew'))",C:\Users\vanya\Documents\DATA_SYS_LAB\test44\final_benchmarks\test42_100k_exportpatch\queries\job_exact\27b.sql
postgres,job_exact,27b,comp_cast_type,cct1,1,2,2,1.0,exact,False,False,"SELECT COUNT(*) FROM ""comp_cast_type"" AS cct1 WHERE (cct1.kind in ('cast',
                    'crew'))","SELECT * FROM ""comp_cast_type"" AS cct1 WHERE (cct1.kind in ('cast',
                    'crew'))",C:\Users\vanya\Documents\DATA_SYS_LAB\test44\final_benchmarks\test42_100k_exportpatch\queries\job_exact\27b.sql
duckdb,job_exact,27b,comp_cast_type,cct2,1,1,1,1.0,exact,False,False,"SELECT COUNT(*) FROM ""comp_cast_type"" AS cct2 WHERE (cct2.kind = 'complete+verified')","SELECT * FROM ""comp_cast_type"" AS cct2 WHERE (cct2.kind = 'complete+verified')",C:\Users\vanya\Documents\DATA_SYS_LAB\test44\final_benchmarks\test42_100k_exportpatch\queries\job_exact\27b.sql
postgres,job_exact,27b,comp_cast_type,cct2,1,1,1,1.0,exact,False,False,"SELECT COUNT(*) FROM ""comp_cast_type"" AS cct2 WHERE (cct2.kind = 'complete+verified')","SELECT * FROM ""comp_cast_type"" AS cct2 WHERE (cct2.kind = 'complete+verified')",C:\Users\vanya\Documents\DATA_SYS_LAB\test44\final_benchmarks\test42_100k_exportpatch\queries\job_exact\27b.sql
duckdb,job_exact,27b,company_name,cn,2,1,1800,1800.0,over,False,False,"SELECT COUNT(*) FROM ""company_name"" AS cn WHERE (cn.country_code !='[pl]') AND (cn.name LIKE '%Omni Group%'
       OR cn.name LIKE '%Omni Group%')","SELECT * FROM ""company_name"" AS cn WHERE (cn.country_code !='[pl]') AND (cn.name LIKE '%Omni Group%'
       OR cn.name LIKE '%Omni Group%')",C:\Users\vanya\Documents\DATA_SYS_LAB\test44\final_benchmarks\test42_100k_exportpatch\queries\job_exact\27b.sql
postgres,job_exact,27b,company_name,cn,2,1,1,1.0,exact,False,False,"SELECT COUNT(*) FROM ""company_name"" AS cn WHERE (cn.country_code !='[pl]') AND (cn.name LIKE '%Omni Group%'
       OR cn.name LIKE '%Omni Group%')","SELECT * FROM ""company_name"" AS cn WHERE (cn.country_code !='[pl]') AND (cn.name LIKE '%Omni Group%'
       OR cn.name LIKE '%Omni Group%')",C:\Users\vanya\Documents\DATA_SYS_LAB\test44\final_benchmarks\test42_100k_exportpatch\queries\job_exact\27b.sql
duckdb,job_exact,27b,company_type,ct,1,1,1,1.0,exact,False,False,"SELECT COUNT(*) FROM ""company_type"" AS ct WHERE (ct.kind ='production companies')","SELECT * FROM ""company_type"" AS ct WHERE (ct.kind ='production companies')",C:\Users\vanya\Documents\DATA_SYS_LAB\test44\final_benchmarks\test42_100k_exportpatch\queries\job_exact\27b.sql
postgres,job_exact,27b,company_type,ct,1,1,1,1.0,exact,False,False,"SELECT COUNT(*) FROM ""company_type"" AS ct WHERE (ct.kind ='production companies')","SELECT * FROM ""company_type"" AS ct WHERE (ct.kind ='production companies')",C:\Users\vanya\Documents\DATA_SYS_LAB\test44\final_benchmarks\test42_100k_exportpatch\queries\job_exact\27b.sql
duckdb,job_exact,27b,keyword,k,1,1,1,1.0,exact,False,False,"SELECT COUNT(*) FROM ""keyword"" AS k WHERE (k.keyword ='arthouse-sensibility-adventurous-hidden treasure')","SELECT * FROM ""keyword"" AS k WHERE (k.keyword ='arthouse-sensibility-adventurous-hidden treasure')",C:\Users\vanya\Documents\DATA_SYS_LAB\test44\final_benchmarks\test42_100k_exportpatch\queries\job_exact\27b.sql
postgres,job_exact,27b,keyword,k,1,1,1,1.0,exact,False,False,"SELECT COUNT(*) FROM ""keyword"" AS k WHERE (k.keyword ='arthouse-sensibility-adventurous-hidden treasure')","SELECT * FROM ""keyword"" AS k WHERE (k.keyword ='arthouse-sensibility-adventurous-hidden treasure')",C:\Users\vanya\Documents\DATA_SYS_LAB\test44\final_benchmarks\test42_100k_exportpatch\queries\job_exact\27b.sql
duckdb,job_exact,27b,link_type,lt,1,1,3,3.0,over,False,False,"SELECT COUNT(*) FROM ""link_type"" AS lt WHERE (lt.link LIKE '%follows%')","SELECT * FROM ""link_type"" AS lt WHERE (lt.link LIKE '%follows%')",C:\Users\vanya\Documents\DATA_SYS_LAB\test44\final_benchmarks\test42_100k_exportpatch\queries\job_exact\27b.sql
postgres,job_exact,27b,link_type,lt,1,1,1,1.0,exact,False,False,"SELECT COUNT(*) FROM ""link_type"" AS lt WHERE (lt.link LIKE '%follows%')","SELECT * FROM ""link_type"" AS lt WHERE (lt.link LIKE '%follows%')",C:\Users\vanya\Documents\DATA_SYS_LAB\test44\final_benchmarks\test42_100k_exportpatch\queries\job_exact\27b.sql
duckdb,job_exact,27b,movie_companies,mc,1,189716,89517,2.1193292894087157,under,False,False,"SELECT COUNT(*) FROM ""movie_companies"" AS mc WHERE (mc.note IS NULL)","SELECT * FROM ""movie_companies"" AS mc WHERE (mc.note IS NULL)",C:\Users\vanya\Documents\DATA_SYS_LAB\test44\final_benchmarks\test42_100k_exportpatch\queries\job_exact\27b.sql
postgres,job_exact,27b,movie_companies,mc,1,189716,188687,1.005453475862142,under,False,False,"SELECT COUNT(*) FROM ""movie_companies"" AS mc WHERE (mc.note IS NULL)","SELECT * FROM ""movie_companies"" AS mc WHERE (mc.note IS NULL)",C:\Users\vanya\Documents\DATA_SYS_LAB\test44\final_benchmarks\test42_100k_exportpatch\queries\job_exact\27b.sql
duckdb,job_exact,27b,movie_info,mi,1,23854,496434,20.811352393728516,over,False,False,"SELECT COUNT(*) FROM ""movie_info"" AS mi WHERE (mi.info IN ('Adventure',
                  'Germany',
                  'Swedish',
                  'German'))","SELECT * FROM ""movie_info"" AS mi WHERE (mi.info IN ('Adventure',
                  'Germany',
                  'Swedish',
                  'German'))",C:\Users\vanya\Documents\DATA_SYS_LAB\test44\final_benchmarks\test42_100k_exportpatch\queries\job_exact\27b.sql
postgres,job_exact,27b,movie_info,mi,1,23854,22487,1.0607906790590118,under,False,False,"SELECT COUNT(*) FROM ""movie_info"" AS mi WHERE (mi.info IN ('Adventure',
                  'Germany',
                  'Swedish',
                  'German'))","SELECT * FROM ""movie_info"" AS mi WHERE (mi.info IN ('Adventure',
                  'Germany',
                  'Swedish',
                  'German'))",C:\Users\vanya\Documents\DATA_SYS_LAB\test44\final_benchmarks\test42_100k_exportpatch\queries\job_exact\27b.sql
duckdb,job_exact,27b,title,t,1,1521,3224,2.1196581196581197,over,False,False,"SELECT COUNT(*) FROM ""title"" AS t WHERE (t.production_year = 2000)","SELECT * FROM ""title"" AS t WHERE (t.production_year = 2000)",C:\Users\vanya\Documents\DATA_SYS_LAB\test44\final_benchmarks\test42_100k_exportpatch\queries\job_exact\27b.sql
postgres,job_exact,27b,title,t,1,1521,1425,1.0673684210526315,under,False,False,"SELECT COUNT(*) FROM ""title"" AS t WHERE (t.production_year = 2000)","SELECT * FROM ""title"" AS t WHERE (t.production_year = 2000)",C:\Users\vanya\Documents\DATA_SYS_LAB\test44\final_benchmarks\test42_100k_exportpatch\queries\job_exact\27b.sql
duckdb,job_exact,27c,comp_cast_type,cct1,1,1,1,1.0,exact,False,False,"SELECT COUNT(*) FROM ""comp_cast_type"" AS cct1 WHERE (cct1.kind = 'cast')","SELECT * FROM ""comp_cast_type"" AS cct1 WHERE (cct1.kind = 'cast')",C:\Users\vanya\Documents\DATA_SYS_LAB\test44\final_benchmarks\test42_100k_exportpatch\queries\job_exact\27c.sql
postgres,job_exact,27c,comp_cast_type,cct1,1,1,1,1.0,exact,False,False,"SELECT COUNT(*) FROM ""comp_cast_type"" AS cct1 WHERE (cct1.kind = 'cast')","SELECT * FROM ""comp_cast_type"" AS cct1 WHERE (cct1.kind = 'cast')",C:\Users\vanya\Documents\DATA_SYS_LAB\test44\final_benchmarks\test42_100k_exportpatch\queries\job_exact\27c.sql
duckdb,job_exact,27c,comp_cast_type,cct2,1,2,1,2.0,under,False,False,"SELECT COUNT(*) FROM ""comp_cast_type"" AS cct2 WHERE (cct2.kind like 'complete%')","SELECT * FROM ""comp_cast_type"" AS cct2 WHERE (cct2.kind like 'complete%')",C:\Users\vanya\Documents\DATA_SYS_LAB\test44\final_benchmarks\test42_100k_exportpatch\queries\job_exact\27c.sql
postgres,job_exact,27c,comp_cast_type,cct2,1,2,1,2.0,under,False,False,"SELECT COUNT(*) FROM ""comp_cast_type"" AS cct2 WHERE (cct2.kind like 'complete%')","SELECT * FROM ""comp_cast_type"" AS cct2 WHERE (cct2.kind like 'complete%')",C:\Users\vanya\Documents\DATA_SYS_LAB\test44\final_benchmarks\test42_100k_exportpatch\queries\job_exact\27c.sql
duckdb,job_exact,27c,company_name,cn,2,439,1800,4.100227790432802,over,False,False,"SELECT COUNT(*) FROM ""company_name"" AS cn WHERE (cn.country_code !='[pl]') AND (cn.name LIKE '%Film%'
       OR cn.name LIKE '%Warner%')","SELECT * FROM ""company_name"" AS cn WHERE (cn.country_code !='[pl]') AND (cn.name LIKE '%Film%'
       OR cn.name LIKE '%Warner%')",C:\Users\vanya\Documents\DATA_SYS_LAB\test44\final_benchmarks\test42_100k_exportpatch\queries\job_exact\27c.sql
postgres,job_exact,27c,company_name,cn,2,439,181,2.425414364640884,under,False,False,"SELECT COUNT(*) FROM ""company_name"" AS cn WHERE (cn.country_code !='[pl]') AND (cn.name LIKE '%Film%'
       OR cn.name LIKE '%Warner%')","SELECT * FROM ""company_name"" AS cn WHERE (cn.country_code !='[pl]') AND (cn.name LIKE '%Film%'
       OR cn.name LIKE '%Warner%')",C:\Users\vanya\Documents\DATA_SYS_LAB\test44\final_benchmarks\test42_100k_exportpatch\queries\job_exact\27c.sql
duckdb,job_exact,27c,company_type,ct,1,1,1,1.0,exact,False,False,"SELECT COUNT(*) FROM ""company_type"" AS ct WHERE (ct.kind ='production companies')","SELECT * FROM ""company_type"" AS ct WHERE (ct.kind ='production companies')",C:\Users\vanya\Documents\DATA_SYS_LAB\test44\final_benchmarks\test42_100k_exportpatch\queries\job_exact\27c.sql
postgres,job_exact,27c,company_type,ct,1,1,1,1.0,exact,False,False,"SELECT COUNT(*) FROM ""company_type"" AS ct WHERE (ct.kind ='production companies')","SELECT * FROM ""company_type"" AS ct WHERE (ct.kind ='production companies')",C:\Users\vanya\Documents\DATA_SYS_LAB\test44\final_benchmarks\test42_100k_exportpatch\queries\job_exact\27c.sql
duckdb,job_exact,27c,keyword,k,1,1,1,1.0,exact,False,False,"SELECT COUNT(*) FROM ""keyword"" AS k WHERE (k.keyword ='sequel')","SELECT * FROM ""keyword"" AS k WHERE (k.keyword ='sequel')",C:\Users\vanya\Documents\DATA_SYS_LAB\test44\final_benchmarks\test42_100k_exportpatch\queries\job_exact\27c.sql
postgres,job_exact,27c,keyword,k,1,1,1,1.0,exact,False,False,"SELECT COUNT(*) FROM ""keyword"" AS k WHERE (k.keyword ='sequel')","SELECT * FROM ""keyword"" AS k WHERE (k.keyword ='sequel')",C:\Users\vanya\Documents\DATA_SYS_LAB\test44\final_benchmarks\test42_100k_exportpatch\queries\job_exact\27c.sql
duckdb,job_exact,27c,link_type,lt,1,2,3,1.5,over,False,False,"SELECT COUNT(*) FROM ""link_type"" AS lt WHERE (lt.link LIKE '%follow%')","SELECT * FROM ""link_type"" AS lt WHERE (lt.link LIKE '%follow%')",C:\Users\vanya\Documents\DATA_SYS_LAB\test44\final_benchmarks\test42_100k_exportpatch\queries\job_exact\27c.sql
postgres,job_exact,27c,link_type,lt,1,2,1,2.0,under,False,False,"SELECT COUNT(*) FROM ""link_type"" AS lt WHERE (lt.link LIKE '%follow%')","SELECT * FROM ""link_type"" AS lt WHERE (lt.link LIKE '%follow%')",C:\Users\vanya\Documents\DATA_SYS_LAB\test44\final_benchmarks\test42_100k_exportpatch\queries\job_exact\27c.sql
duckdb,job_exact,27c,movie_companies,mc,1,189716,89517,2.1193292894087157,under,False,False,"SELECT COUNT(*) FROM ""movie_companies"" AS mc WHERE (mc.note IS NULL)","SELECT * FROM ""movie_companies"" AS mc WHERE (mc.note IS NULL)",C:\Users\vanya\Documents\DATA_SYS_LAB\test44\final_benchmarks\test42_100k_exportpatch\queries\job_exact\27c.sql
postgres,job_exact,27c,movie_companies,mc,1,189716,188687,1.005453475862142,under,False,False,"SELECT COUNT(*) FROM ""movie_companies"" AS mc WHERE (mc.note IS NULL)","SELECT * FROM ""movie_companies"" AS mc WHERE (mc.note IS NULL)",C:\Users\vanya\Documents\DATA_SYS_LAB\test44\final_benchmarks\test42_100k_exportpatch\queries\job_exact\27c.sql
duckdb,job_exact,27c,movie_info,mi,1,77808,496434,6.380243676742752,over,False,False,"SELECT COUNT(*) FROM ""movie_info"" AS mi WHERE (mi.info IN ('Sweden',
                  'Norway',
                  'Germany',
                  'Denmark',
                  'Swedish',
                  'Denish',
                  'Norwegian',
                  'German',
                  'English'))","SELECT * FROM ""movie_info"" AS mi WHERE (mi.info IN ('Sweden',
                  'Norway',
                  'Germany',
                  'Denmark',
                  'Swedish',
                  'Denish',
                  'Norwegian',
                  'German',
                  'English'))",C:\Users\vanya\Documents\DATA_SYS_LAB\test44\final_benchmarks\test42_100k_exportpatch\queries\job_exact\27c.sql
postgres,job_exact,27c,movie_info,mi,1,77808,72226,1.0772851881593886,under,False,False,"SELECT COUNT(*) FROM ""movie_info"" AS mi WHERE (mi.info IN ('Sweden',
                  'Norway',
                  'Germany',
                  'Denmark',
                  'Swedish',
                  'Denish',
                  'Norwegian',
                  'German',
                  'English'))","SELECT * FROM ""movie_info"" AS mi WHERE (mi.info IN ('Sweden',
                  'Norway',
                  'Germany',
                  'Denmark',
                  'Swedish',
                  'Denish',
                  'Norwegian',
                  'German',
                  'English'))",C:\Users\vanya\Documents\DATA_SYS_LAB\test44\final_benchmarks\test42_100k_exportpatch\queries\job_exact\27c.sql
duckdb,job_exact,28a,comp_cast_type,cct1,1,1,1,1.0,exact,False,False,"SELECT COUNT(*) FROM ""comp_cast_type"" AS cct1 WHERE (cct1.kind = 'cast')","SELECT * FROM ""comp_cast_type"" AS cct1 WHERE (cct1.kind = 'cast')",C:\Users\vanya\Documents\DATA_SYS_LAB\test44\final_benchmarks\test42_100k_exportpatch\queries\job_exact\28a.sql
postgres,job_exact,28a,comp_cast_type,cct1,1,1,1,1.0,exact,False,False,"SELECT COUNT(*) FROM ""comp_cast_type"" AS cct1 WHERE (cct1.kind = 'cast')","SELECT * FROM ""comp_cast_type"" AS cct1 WHERE (cct1.kind = 'cast')",C:\Users\vanya\Documents\DATA_SYS_LAB\test44\final_benchmarks\test42_100k_exportpatch\queries\job_exact\28a.sql
duckdb,job_exact,28a,comp_cast_type,cct2,1,3,1,3.0,under,False,False,"SELECT COUNT(*) FROM ""comp_cast_type"" AS cct2 WHERE (cct2.kind != 'complete')","SELECT * FROM ""comp_cast_type"" AS cct2 WHERE (cct2.kind != 'complete')",C:\Users\vanya\Documents\DATA_SYS_LAB\test44\final_benchmarks\test42_100k_exportpatch\queries\job_exact\28a.sql
postgres,job_exact,28a,comp_cast_type,cct2,1,3,3,1.0,exact,False,False,"SELECT COUNT(*) FROM ""comp_cast_type"" AS cct2 WHERE (cct2.kind != 'complete')","SELECT * FROM ""comp_cast_type"" AS cct2 WHERE (cct2.kind != 'complete')",C:\Users\vanya\Documents\DATA_SYS_LAB\test44\final_benchmarks\test42_100k_exportpatch\queries\job_exact\28a.sql
duckdb,job_exact,28a,company_name,cn,1,4725,1800,2.625,under,False,False,"SELECT COUNT(*) FROM ""company_name"" AS cn WHERE (cn.country_code != '[us]')","SELECT * FROM ""company_name"" AS cn WHERE (cn.country_code != '[us]')",C:\Users\vanya\Documents\DATA_SYS_LAB\test44\final_benchmarks\test42_100k_exportpatch\queries\job_exact\28a.sql
postgres,job_exact,28a,company_name,cn,1,4725,4725,1.0,exact,False,False,"SELECT COUNT(*) FROM ""company_name"" AS cn WHERE (cn.country_code != '[us]')","SELECT * FROM ""company_name"" AS cn WHERE (cn.country_code != '[us]')",C:\Users\vanya\Documents\DATA_SYS_LAB\test44\final_benchmarks\test42_100k_exportpatch\queries\job_exact\28a.sql
duckdb,job_exact,28a,info_type,it1,1,1,2,2.0,over,False,False,"SELECT COUNT(*) FROM ""info_type"" AS it1 WHERE (it1.info = 'color info')","SELECT * FROM ""info_type"" AS it1 WHERE (it1.info = 'color info')",C:\Users\vanya\Documents\DATA_SYS_LAB\test44\final_benchmarks\test42_100k_exportpatch\queries\job_exact\28a.sql
postgres,job_exact,28a,info_type,it1,1,1,1,1.0,exact,False,False,"SELECT COUNT(*) FROM ""info_type"" AS it1 WHERE (it1.info = 'color info')","SELECT * FROM ""info_type"" AS it1 WHERE (it1.info = 'color info')",C:\Users\vanya\Documents\DATA_SYS_LAB\test44\final_benchmarks\test42_100k_exportpatch\queries\job_exact\28a.sql
duckdb,job_exact,28a,info_type,it2,1,1,2,2.0,over,False,False,"SELECT COUNT(*) FROM ""info_type"" AS it2 WHERE (it2.info = 'rating')","SELECT * FROM ""info_type"" AS it2 WHERE (it2.info = 'rating')",C:\Users\vanya\Documents\DATA_SYS_LAB\test44\final_benchmarks\test42_100k_exportpatch\queries\job_exact\28a.sql
postgres,job_exact,28a,info_type,it2,1,1,1,1.0,exact,False,False,"SELECT COUNT(*) FROM ""info_type"" AS it2 WHERE (it2.info = 'rating')","SELECT * FROM ""info_type"" AS it2 WHERE (it2.info = 'rating')",C:\Users\vanya\Documents\DATA_SYS_LAB\test44\final_benchmarks\test42_100k_exportpatch\queries\job_exact\28a.sql
duckdb,job_exact,28a,keyword,k,1,4,2283,570.75,over,False,False,"SELECT COUNT(*) FROM ""keyword"" AS k WHERE (k.keyword in ('posthumous-release-medical-emergency-cold case',
                    'murder-in-title',
                    'blood',
                    'violence'))","SELECT * FROM ""keyword"" AS k WHERE (k.keyword in ('posthumous-release-medical-emergency-cold case',
                    'murder-in-title',
                    'blood',
                    'violence'))",C:\Users\vanya\Documents\DATA_SYS_LAB\test44\final_benchmarks\test42_100k_exportpatch\queries\job_exact\28a.sql
postgres,job_exact,28a,keyword,k,1,4,4,1.0,exact,False,False,"SELECT COUNT(*) FROM ""keyword"" AS k WHERE (k.keyword in ('posthumous-release-medical-emergency-cold case',
                    'murder-in-title',
                    'blood',
                    'violence'))","SELECT * FROM ""keyword"" AS k WHERE (k.keyword in ('posthumous-release-medical-emergency-cold case',
                    'murder-in-title',
                    'blood',
                    'violence'))",C:\Users\vanya\Documents\DATA_SYS_LAB\test44\final_benchmarks\test42_100k_exportpatch\queries\job_exact\28a.sql
duckdb,job_exact,28a,kind_type,kt,1,2,1,2.0,under,False,False,"SELECT COUNT(*) FROM ""kind_type"" AS kt WHERE (kt.kind in ('movie',
                  'episode'))","SELECT * FROM ""kind_type"" AS kt WHERE (kt.kind in ('movie',
                  'episode'))",C:\Users\vanya\Documents\DATA_SYS_LAB\test44\final_benchmarks\test42_100k_exportpatch\queries\job_exact\28a.sql
postgres,job_exact,28a,kind_type,kt,1,2,2,1.0,exact,False,False,"SELECT COUNT(*) FROM ""kind_type"" AS kt WHERE (kt.kind in ('movie',
                  'episode'))","SELECT * FROM ""kind_type"" AS kt WHERE (kt.kind in ('movie',
                  'episode'))",C:\Users\vanya\Documents\DATA_SYS_LAB\test44\final_benchmarks\test42_100k_exportpatch\queries\job_exact\28a.sql
duckdb,job_exact,28a,movie_companies,mc,2,87934,89517,1.0180021379671116,over,False,False,"SELECT COUNT(*) FROM ""movie_companies"" AS mc WHERE (mc.note not like '%(USA)%') AND (mc.note like '%(co-production)%')","SELECT * FROM ""movie_companies"" AS mc WHERE (mc.note not like '%(USA)%') AND (mc.note like '%(co-production)%')",C:\Users\vanya\Documents\DATA_SYS_LAB\test44\final_benchmarks\test42_100k_exportpatch\queries\job_exact\28a.sql
postgres,job_exact,28a,movie_companies,mc,2,87934,49021,1.7938026560045695,under,False,False,"SELECT COUNT(*) FROM ""movie_companies"" AS mc WHERE (mc.note not like '%(USA)%') AND (mc.note like '%(co-production)%')","SELECT * FROM ""movie_companies"" AS mc WHERE (mc.note not like '%(USA)%') AND (mc.note like '%(co-production)%')",C:\Users\vanya\Documents\DATA_SYS_LAB\test44\final_benchmarks\test42_100k_exportpatch\queries\job_exact\28a.sql
duckdb,job_exact,28a,movie_info,mi,1,129186,496434,3.8427848218847243,over,False,False,"SELECT COUNT(*) FROM ""movie_info"" AS mi WHERE (mi.info IN ('Color',
                  'Norway',
                  'Germany',
                  'Denmark',
                  'Swedish',
                  'Danish',
                  'Norwegian',
                  'German',
                  'USA',
                  'American'))","SELECT * FROM ""movie_info"" AS mi WHERE (mi.info IN ('Color',
                  'Norway',
                  'Germany',
                  'Denmark',
                  'Swedish',
                  'Danish',
                  'Norwegian',
                  'German',
                  'USA',
                  'American'))",C:\Users\vanya\Documents\DATA_SYS_LAB\test44\final_benchmarks\test42_100k_exportpatch\queries\job_exact\28a.sql
postgres,job_exact,28a,movie_info,mi,1,129186,121024,1.0674411686938128,under,False,False,"SELECT COUNT(*) FROM ""movie_info"" AS mi WHERE (mi.info IN ('Color',
                  'Norway',
                  'Germany',
                  'Denmark',
                  'Swedish',
                  'Danish',
                  'Norwegian',
                  'German',
                  'USA',
                  'American'))","SELECT * FROM ""movie_info"" AS mi WHERE (mi.info IN ('Color',
                  'Norway',
                  'Germany',
                  'Denmark',
                  'Swedish',
                  'Danish',
                  'Norwegian',
                  'German',
                  'USA',
                  'American'))",C:\Users\vanya\Documents\DATA_SYS_LAB\test44\final_benchmarks\test42_100k_exportpatch\queries\job_exact\28a.sql
duckdb,job_exact,28a,movie_info_idx,mi_idx,1,230356,100634,2.2890474392352487,under,False,False,"SELECT COUNT(*) FROM ""movie_info_idx"" AS mi_idx WHERE (mi_idx.info < '8.7')","SELECT * FROM ""movie_info_idx"" AS mi_idx WHERE (mi_idx.info < '8.7')",C:\Users\vanya\Documents\DATA_SYS_LAB\test44\final_benchmarks\test42_100k_exportpatch\queries\job_exact\28a.sql
postgres,job_exact,28a,movie_info_idx,mi_idx,1,475954,475433,1.001095843157711,under,False,False,"SELECT COUNT(*) FROM ""movie_info_idx"" AS mi_idx WHERE (mi_idx.info < '8.7')","SELECT * FROM ""movie_info_idx"" AS mi_idx WHERE (mi_idx.info < '8.7')",C:\Users\vanya\Documents\DATA_SYS_LAB\test44\final_benchmarks\test42_100k_exportpatch\queries\job_exact\28a.sql
duckdb,job_exact,28a,title,t,1,251455,50291,5.0,under,False,False,"SELECT COUNT(*) FROM ""title"" AS t WHERE (t.production_year > 1999)","SELECT * FROM ""title"" AS t WHERE (t.production_year > 1999)",C:\Users\vanya\Documents\DATA_SYS_LAB\test44\final_benchmarks\test42_100k_exportpatch\queries\job_exact\28a.sql
postgres,job_exact,28a,title,t,1,251455,251455,1.0,exact,False,False,"SELECT COUNT(*) FROM ""title"" AS t WHERE (t.production_year > 1999)","SELECT * FROM ""title"" AS t WHERE (t.production_year > 1999)",C:\Users\vanya\Documents\DATA_SYS_LAB\test44\final_benchmarks\test42_100k_exportpatch\queries\job_exact\28a.sql
duckdb,job_exact,28b,comp_cast_type,cct1,1,1,1,1.0,exact,False,False,"SELECT COUNT(*) FROM ""comp_cast_type"" AS cct1 WHERE (cct1.kind = 'cast')","SELECT * FROM ""comp_cast_type"" AS cct1 WHERE (cct1.kind = 'cast')",C:\Users\vanya\Documents\DATA_SYS_LAB\test44\final_benchmarks\test42_100k_exportpatch\queries\job_exact\28b.sql
postgres,job_exact,28b,comp_cast_type,cct1,1,1,1,1.0,exact,False,False,"SELECT COUNT(*) FROM ""comp_cast_type"" AS cct1 WHERE (cct1.kind = 'cast')","SELECT * FROM ""comp_cast_type"" AS cct1 WHERE (cct1.kind = 'cast')",C:\Users\vanya\Documents\DATA_SYS_LAB\test44\final_benchmarks\test42_100k_exportpatch\queries\job_exact\28b.sql
duckdb,job_exact,28b,comp_cast_type,cct2,1,3,1,3.0,under,False,False,"SELECT COUNT(*) FROM ""comp_cast_type"" AS cct2 WHERE (cct2.kind != 'complete')","SELECT * FROM ""comp_cast_type"" AS cct2 WHERE (cct2.kind != 'complete')",C:\Users\vanya\Documents\DATA_SYS_LAB\test44\final_benchmarks\test42_100k_exportpatch\queries\job_exact\28b.sql
postgres,job_exact,28b,comp_cast_type,cct2,1,3,3,1.0,exact,False,False,"SELECT COUNT(*) FROM ""comp_cast_type"" AS cct2 WHERE (cct2.kind != 'complete')","SELECT * FROM ""comp_cast_type"" AS cct2 WHERE (cct2.kind != 'complete')",C:\Users\vanya\Documents\DATA_SYS_LAB\test44\final_benchmarks\test42_100k_exportpatch\queries\job_exact\28b.sql
duckdb,job_exact,28b,company_name,cn,1,4725,1800,2.625,under,False,False,"SELECT COUNT(*) FROM ""company_name"" AS cn WHERE (cn.country_code != '[us]')","SELECT * FROM ""company_name"" AS cn WHERE (cn.country_code != '[us]')",C:\Users\vanya\Documents\DATA_SYS_LAB\test44\final_benchmarks\test42_100k_exportpatch\queries\job_exact\28b.sql
postgres,job_exact,28b,company_name,cn,1,4725,4725,1.0,exact,False,False,"SELECT COUNT(*) FROM ""company_name"" AS cn WHERE (cn.country_code != '[us]')","SELECT * FROM ""company_name"" AS cn WHERE (cn.country_code != '[us]')",C:\Users\vanya\Documents\DATA_SYS_LAB\test44\final_benchmarks\test42_100k_exportpatch\queries\job_exact\28b.sql
duckdb,job_exact,28b,info_type,it1,1,1,2,2.0,over,False,False,"SELECT COUNT(*) FROM ""info_type"" AS it1 WHERE (it1.info = 'color info')","SELECT * FROM ""info_type"" AS it1 WHERE (it1.info = 'color info')",C:\Users\vanya\Documents\DATA_SYS_LAB\test44\final_benchmarks\test42_100k_exportpatch\queries\job_exact\28b.sql
postgres,job_exact,28b,info_type,it1,1,1,1,1.0,exact,False,False,"SELECT COUNT(*) FROM ""info_type"" AS it1 WHERE (it1.info = 'color info')","SELECT * FROM ""info_type"" AS it1 WHERE (it1.info = 'color info')",C:\Users\vanya\Documents\DATA_SYS_LAB\test44\final_benchmarks\test42_100k_exportpatch\queries\job_exact\28b.sql
duckdb,job_exact,28b,info_type,it2,1,1,2,2.0,over,False,False,"SELECT COUNT(*) FROM ""info_type"" AS it2 WHERE (it2.info = 'rating')","SELECT * FROM ""info_type"" AS it2 WHERE (it2.info = 'rating')",C:\Users\vanya\Documents\DATA_SYS_LAB\test44\final_benchmarks\test42_100k_exportpatch\queries\job_exact\28b.sql
postgres,job_exact,28b,info_type,it2,1,1,1,1.0,exact,False,False,"SELECT COUNT(*) FROM ""info_type"" AS it2 WHERE (it2.info = 'rating')","SELECT * FROM ""info_type"" AS it2 WHERE (it2.info = 'rating')",C:\Users\vanya\Documents\DATA_SYS_LAB\test44\final_benchmarks\test42_100k_exportpatch\queries\job_exact\28b.sql
duckdb,job_exact,28b,keyword,k,1,4,2283,570.75,over,False,False,"SELECT COUNT(*) FROM ""keyword"" AS k WHERE (k.keyword in ('fourth-wall-breaking-clash-of-cultures-red herring',
                    'murder-in-title',
                    'blood',
                    'violence'))","SELECT * FROM ""keyword"" AS k WHERE (k.keyword in ('fourth-wall-breaking-clash-of-cultures-red herring',
                    'murder-in-title',
                    'blood',
                    'violence'))",C:\Users\vanya\Documents\DATA_SYS_LAB\test44\final_benchmarks\test42_100k_exportpatch\queries\job_exact\28b.sql
postgres,job_exact,28b,keyword,k,1,4,4,1.0,exact,False,False,"SELECT COUNT(*) FROM ""keyword"" AS k WHERE (k.keyword in ('fourth-wall-breaking-clash-of-cultures-red herring',
                    'murder-in-title',
                    'blood',
                    'violence'))","SELECT * FROM ""keyword"" AS k WHERE (k.keyword in ('fourth-wall-breaking-clash-of-cultures-red herring',
                    'murder-in-title',
                    'blood',
                    'violence'))",C:\Users\vanya\Documents\DATA_SYS_LAB\test44\final_benchmarks\test42_100k_exportpatch\queries\job_exact\28b.sql
duckdb,job_exact,28b,kind_type,kt,1,2,1,2.0,under,False,False,"SELECT COUNT(*) FROM ""kind_type"" AS kt WHERE (kt.kind in ('movie',
                  'episode'))","SELECT * FROM ""kind_type"" AS kt WHERE (kt.kind in ('movie',
                  'episode'))",C:\Users\vanya\Documents\DATA_SYS_LAB\test44\final_benchmarks\test42_100k_exportpatch\queries\job_exact\28b.sql
postgres,job_exact,28b,kind_type,kt,1,2,2,1.0,exact,False,False,"SELECT COUNT(*) FROM ""kind_type"" AS kt WHERE (kt.kind in ('movie',
                  'episode'))","SELECT * FROM ""kind_type"" AS kt WHERE (kt.kind in ('movie',
                  'episode'))",C:\Users\vanya\Documents\DATA_SYS_LAB\test44\final_benchmarks\test42_100k_exportpatch\queries\job_exact\28b.sql
duckdb,job_exact,28b,movie_companies,mc,2,87934,89517,1.0180021379671116,over,False,False,"SELECT COUNT(*) FROM ""movie_companies"" AS mc WHERE (mc.note not like '%(USA)%') AND (mc.note like '%(co-production)%')","SELECT * FROM ""movie_companies"" AS mc WHERE (mc.note not like '%(USA)%') AND (mc.note like '%(co-production)%')",C:\Users\vanya\Documents\DATA_SYS_LAB\test44\final_benchmarks\test42_100k_exportpatch\queries\job_exact\28b.sql
postgres,job_exact,28b,movie_companies,mc,2,87934,49021,1.7938026560045695,under,False,False,"SELECT COUNT(*) FROM ""movie_companies"" AS mc WHERE (mc.note not like '%(USA)%') AND (mc.note like '%(co-production)%')","SELECT * FROM ""movie_companies"" AS mc WHERE (mc.note not like '%(USA)%') AND (mc.note like '%(co-production)%')",C:\Users\vanya\Documents\DATA_SYS_LAB\test44\final_benchmarks\test42_100k_exportpatch\queries\job_exact\28b.sql
duckdb,job_exact,28b,movie_info,mi,1,111093,496434,4.468634387405147,over,False,False,"SELECT COUNT(*) FROM ""movie_info"" AS mi WHERE (mi.info IN ('Color',
                  'Germany',
                  'Swedish',
                  'German'))","SELECT * FROM ""movie_info"" AS mi WHERE (mi.info IN ('Color',
                  'Germany',
                  'Swedish',
                  'German'))",C:\Users\vanya\Documents\DATA_SYS_LAB\test44\final_benchmarks\test42_100k_exportpatch\queries\job_exact\28b.sql
postgres,job_exact,28b,movie_info,mi,1,111093,109115,1.0181276634743162,under,False,False,"SELECT COUNT(*) FROM ""movie_info"" AS mi WHERE (mi.info IN ('Color',
                  'Germany',
                  'Swedish',
                  'German'))","SELECT * FROM ""movie_info"" AS mi WHERE (mi.info IN ('Color',
                  'Germany',
                  'Swedish',
                  'German'))",C:\Users\vanya\Documents\DATA_SYS_LAB\test44\final_benchmarks\test42_100k_exportpatch\queries\job_exact\28b.sql
duckdb,job_exact,28b,movie_info_idx,mi_idx,1,275512,100634,2.73776258520977,under,False,False,"SELECT COUNT(*) FROM ""movie_info_idx"" AS mi_idx WHERE (mi_idx.info > '8.5')","SELECT * FROM ""movie_info_idx"" AS mi_idx WHERE (mi_idx.info > '8.5')",C:\Users\vanya\Documents\DATA_SYS_LAB\test44\final_benchmarks\test42_100k_exportpatch\queries\job_exact\28b.sql
postgres,job_exact,28b,movie_info_idx,mi_idx,1,29914,30485,1.0190880524169286,over,False,False,"SELECT COUNT(*) FROM ""movie_info_idx"" AS mi_idx WHERE (mi_idx.info > '8.5')","SELECT * FROM ""movie_info_idx"" AS mi_idx WHERE (mi_idx.info > '8.5')",C:\Users\vanya\Documents\DATA_SYS_LAB\test44\final_benchmarks\test42_100k_exportpatch\queries\job_exact\28b.sql
duckdb,job_exact,28b,title,t,1,251455,50291,5.0,under,False,False,"SELECT COUNT(*) FROM ""title"" AS t WHERE (t.production_year > 1999)","SELECT * FROM ""title"" AS t WHERE (t.production_year > 1999)",C:\Users\vanya\Documents\DATA_SYS_LAB\test44\final_benchmarks\test42_100k_exportpatch\queries\job_exact\28b.sql
postgres,job_exact,28b,title,t,1,251455,251455,1.0,exact,False,False,"SELECT COUNT(*) FROM ""title"" AS t WHERE (t.production_year > 1999)","SELECT * FROM ""title"" AS t WHERE (t.production_year > 1999)",C:\Users\vanya\Documents\DATA_SYS_LAB\test44\final_benchmarks\test42_100k_exportpatch\queries\job_exact\28b.sql
duckdb,job_exact,28c,comp_cast_type,cct1,1,1,1,1.0,exact,False,False,"SELECT COUNT(*) FROM ""comp_cast_type"" AS cct1 WHERE (cct1.kind = 'cast')","SELECT * FROM ""comp_cast_type"" AS cct1 WHERE (cct1.kind = 'cast')",C:\Users\vanya\Documents\DATA_SYS_LAB\test44\final_benchmarks\test42_100k_exportpatch\queries\job_exact\28c.sql
postgres,job_exact,28c,comp_cast_type,cct1,1,1,1,1.0,exact,False,False,"SELECT COUNT(*) FROM ""comp_cast_type"" AS cct1 WHERE (cct1.kind = 'cast')","SELECT * FROM ""comp_cast_type"" AS cct1 WHERE (cct1.kind = 'cast')",C:\Users\vanya\Documents\DATA_SYS_LAB\test44\final_benchmarks\test42_100k_exportpatch\queries\job_exact\28c.sql
duckdb,job_exact,28c,comp_cast_type,cct2,1,1,1,1.0,exact,False,False,"SELECT COUNT(*) FROM ""comp_cast_type"" AS cct2 WHERE (cct2.kind = 'complete+verified')","SELECT * FROM ""comp_cast_type"" AS cct2 WHERE (cct2.kind = 'complete+verified')",C:\Users\vanya\Documents\DATA_SYS_LAB\test44\final_benchmarks\test42_100k_exportpatch\queries\job_exact\28c.sql
postgres,job_exact,28c,comp_cast_type,cct2,1,1,1,1.0,exact,False,False,"SELECT COUNT(*) FROM ""comp_cast_type"" AS cct2 WHERE (cct2.kind = 'complete+verified')","SELECT * FROM ""comp_cast_type"" AS cct2 WHERE (cct2.kind = 'complete+verified')",C:\Users\vanya\Documents\DATA_SYS_LAB\test44\final_benchmarks\test42_100k_exportpatch\queries\job_exact\28c.sql
duckdb,job_exact,28c,company_name,cn,1,4725,1800,2.625,under,False,False,"SELECT COUNT(*) FROM ""company_name"" AS cn WHERE (cn.country_code != '[us]')","SELECT * FROM ""company_name"" AS cn WHERE (cn.country_code != '[us]')",C:\Users\vanya\Documents\DATA_SYS_LAB\test44\final_benchmarks\test42_100k_exportpatch\queries\job_exact\28c.sql
postgres,job_exact,28c,company_name,cn,1,4725,4725,1.0,exact,False,False,"SELECT COUNT(*) FROM ""company_name"" AS cn WHERE (cn.country_code != '[us]')","SELECT * FROM ""company_name"" AS cn WHERE (cn.country_code != '[us]')",C:\Users\vanya\Documents\DATA_SYS_LAB\test44\final_benchmarks\test42_100k_exportpatch\queries\job_exact\28c.sql
duckdb,job_exact,28c,info_type,it1,1,1,2,2.0,over,False,False,"SELECT COUNT(*) FROM ""info_type"" AS it1 WHERE (it1.info = 'color info')","SELECT * FROM ""info_type"" AS it1 WHERE (it1.info = 'color info')",C:\Users\vanya\Documents\DATA_SYS_LAB\test44\final_benchmarks\test42_100k_exportpatch\queries\job_exact\28c.sql
postgres,job_exact,28c,info_type,it1,1,1,1,1.0,exact,False,False,"SELECT COUNT(*) FROM ""info_type"" AS it1 WHERE (it1.info = 'color info')","SELECT * FROM ""info_type"" AS it1 WHERE (it1.info = 'color info')",C:\Users\vanya\Documents\DATA_SYS_LAB\test44\final_benchmarks\test42_100k_exportpatch\queries\job_exact\28c.sql
duckdb,job_exact,28c,info_type,it2,1,1,2,2.0,over,False,False,"SELECT COUNT(*) FROM ""info_type"" AS it2 WHERE (it2.info = 'rating')","SELECT * FROM ""info_type"" AS it2 WHERE (it2.info = 'rating')",C:\Users\vanya\Documents\DATA_SYS_LAB\test44\final_benchmarks\test42_100k_exportpatch\queries\job_exact\28c.sql
postgres,job_exact,28c,info_type,it2,1,1,1,1.0,exact,False,False,"SELECT COUNT(*) FROM ""info_type"" AS it2 WHERE (it2.info = 'rating')","SELECT * FROM ""info_type"" AS it2 WHERE (it2.info = 'rating')",C:\Users\vanya\Documents\DATA_SYS_LAB\test44\final_benchmarks\test42_100k_exportpatch\queries\job_exact\28c.sql
duckdb,job_exact,28c,keyword,k,1,4,2283,570.75,over,False,False,"SELECT COUNT(*) FROM ""keyword"" AS k WHERE (k.keyword in ('posthumous-release-medical-emergency-cold case',
                    'murder-in-title',
                    'blood',
                    'violence'))","SELECT * FROM ""keyword"" AS k WHERE (k.keyword in ('posthumous-release-medical-emergency-cold case',
                    'murder-in-title',
                    'blood',
                    'violence'))",C:\Users\vanya\Documents\DATA_SYS_LAB\test44\final_benchmarks\test42_100k_exportpatch\queries\job_exact\28c.sql
postgres,job_exact,28c,keyword,k,1,4,4,1.0,exact,False,False,"SELECT COUNT(*) FROM ""keyword"" AS k WHERE (k.keyword in ('posthumous-release-medical-emergency-cold case',
                    'murder-in-title',
                    'blood',
                    'violence'))","SELECT * FROM ""keyword"" AS k WHERE (k.keyword in ('posthumous-release-medical-emergency-cold case',
                    'murder-in-title',
                    'blood',
                    'violence'))",C:\Users\vanya\Documents\DATA_SYS_LAB\test44\final_benchmarks\test42_100k_exportpatch\queries\job_exact\28c.sql
duckdb,job_exact,28c,kind_type,kt,1,2,1,2.0,under,False,False,"SELECT COUNT(*) FROM ""kind_type"" AS kt WHERE (kt.kind in ('movie',
                  'episode'))","SELECT * FROM ""kind_type"" AS kt WHERE (kt.kind in ('movie',
                  'episode'))",C:\Users\vanya\Documents\DATA_SYS_LAB\test44\final_benchmarks\test42_100k_exportpatch\queries\job_exact\28c.sql
postgres,job_exact,28c,kind_type,kt,1,2,2,1.0,exact,False,False,"SELECT COUNT(*) FROM ""kind_type"" AS kt WHERE (kt.kind in ('movie',
                  'episode'))","SELECT * FROM ""kind_type"" AS kt WHERE (kt.kind in ('movie',
                  'episode'))",C:\Users\vanya\Documents\DATA_SYS_LAB\test44\final_benchmarks\test42_100k_exportpatch\queries\job_exact\28c.sql
duckdb,job_exact,28c,movie_companies,mc,2,87934,89517,1.0180021379671116,over,False,False,"SELECT COUNT(*) FROM ""movie_companies"" AS mc WHERE (mc.note not like '%(USA)%') AND (mc.note like '%(co-production)%')","SELECT * FROM ""movie_companies"" AS mc WHERE (mc.note not like '%(USA)%') AND (mc.note like '%(co-production)%')",C:\Users\vanya\Documents\DATA_SYS_LAB\test44\final_benchmarks\test42_100k_exportpatch\queries\job_exact\28c.sql
postgres,job_exact,28c,movie_companies,mc,2,87934,49021,1.7938026560045695,under,False,False,"SELECT COUNT(*) FROM ""movie_companies"" AS mc WHERE (mc.note not like '%(USA)%') AND (mc.note like '%(co-production)%')","SELECT * FROM ""movie_companies"" AS mc WHERE (mc.note not like '%(USA)%') AND (mc.note like '%(co-production)%')",C:\Users\vanya\Documents\DATA_SYS_LAB\test44\final_benchmarks\test42_100k_exportpatch\queries\job_exact\28c.sql
duckdb,job_exact,28c,movie_info,mi,1,129186,496434,3.8427848218847243,over,False,False,"SELECT COUNT(*) FROM ""movie_info"" AS mi WHERE (mi.info IN ('Color',
                  'Norway',
                  'Germany',
                  'Denmark',
                  'Swedish',
                  'Danish',
                  'Norwegian',
                  'German',
                  'USA',
                  'American'))","SELECT * FROM ""movie_info"" AS mi WHERE (mi.info IN ('Color',
                  'Norway',
                  'Germany',
                  'Denmark',
                  'Swedish',
                  'Danish',
                  'Norwegian',
                  'German',
                  'USA',
                  'American'))",C:\Users\vanya\Documents\DATA_SYS_LAB\test44\final_benchmarks\test42_100k_exportpatch\queries\job_exact\28c.sql
postgres,job_exact,28c,movie_info,mi,1,129186,121024,1.0674411686938128,under,False,False,"SELECT COUNT(*) FROM ""movie_info"" AS mi WHERE (mi.info IN ('Color',
                  'Norway',
                  'Germany',
                  'Denmark',
                  'Swedish',
                  'Danish',
                  'Norwegian',
                  'German',
                  'USA',
                  'American'))","SELECT * FROM ""movie_info"" AS mi WHERE (mi.info IN ('Color',
                  'Norway',
                  'Germany',
                  'Denmark',
                  'Swedish',
                  'Danish',
                  'Norwegian',
                  'German',
                  'USA',
                  'American'))",C:\Users\vanya\Documents\DATA_SYS_LAB\test44\final_benchmarks\test42_100k_exportpatch\queries\job_exact\28c.sql
duckdb,job_exact,28c,movie_info_idx,mi_idx,1,230356,100634,2.2890474392352487,under,False,False,"SELECT COUNT(*) FROM ""movie_info_idx"" AS mi_idx WHERE (mi_idx.info < '8.7')","SELECT * FROM ""movie_info_idx"" AS mi_idx WHERE (mi_idx.info < '8.7')",C:\Users\vanya\Documents\DATA_SYS_LAB\test44\final_benchmarks\test42_100k_exportpatch\queries\job_exact\28c.sql
postgres,job_exact,28c,movie_info_idx,mi_idx,1,475954,475433,1.001095843157711,under,False,False,"SELECT COUNT(*) FROM ""movie_info_idx"" AS mi_idx WHERE (mi_idx.info < '8.7')","SELECT * FROM ""movie_info_idx"" AS mi_idx WHERE (mi_idx.info < '8.7')",C:\Users\vanya\Documents\DATA_SYS_LAB\test44\final_benchmarks\test42_100k_exportpatch\queries\job_exact\28c.sql
duckdb,job_exact,28c,title,t,1,251455,50291,5.0,under,False,False,"SELECT COUNT(*) FROM ""title"" AS t WHERE (t.production_year > 1999)","SELECT * FROM ""title"" AS t WHERE (t.production_year > 1999)",C:\Users\vanya\Documents\DATA_SYS_LAB\test44\final_benchmarks\test42_100k_exportpatch\queries\job_exact\28c.sql
postgres,job_exact,28c,title,t,1,251455,251455,1.0,exact,False,False,"SELECT COUNT(*) FROM ""title"" AS t WHERE (t.production_year > 1999)","SELECT * FROM ""title"" AS t WHERE (t.production_year > 1999)",C:\Users\vanya\Documents\DATA_SYS_LAB\test44\final_benchmarks\test42_100k_exportpatch\queries\job_exact\28c.sql
duckdb,job_exact,29a,comp_cast_type,cct1,1,1,1,1.0,exact,False,False,"SELECT COUNT(*) FROM ""comp_cast_type"" AS cct1 WHERE (cct1.kind ='cast')","SELECT * FROM ""comp_cast_type"" AS cct1 WHERE (cct1.kind ='cast')",C:\Users\vanya\Documents\DATA_SYS_LAB\test44\final_benchmarks\test42_100k_exportpatch\queries\job_exact\29a.sql
postgres,job_exact,29a,comp_cast_type,cct1,1,1,1,1.0,exact,False,False,"SELECT COUNT(*) FROM ""comp_cast_type"" AS cct1 WHERE (cct1.kind ='cast')","SELECT * FROM ""comp_cast_type"" AS cct1 WHERE (cct1.kind ='cast')",C:\Users\vanya\Documents\DATA_SYS_LAB\test44\final_benchmarks\test42_100k_exportpatch\queries\job_exact\29a.sql
duckdb,job_exact,29a,comp_cast_type,cct2,1,1,1,1.0,exact,False,False,"SELECT COUNT(*) FROM ""comp_cast_type"" AS cct2 WHERE (cct2.kind ='complete')","SELECT * FROM ""comp_cast_type"" AS cct2 WHERE (cct2.kind ='complete')",C:\Users\vanya\Documents\DATA_SYS_LAB\test44\final_benchmarks\test42_100k_exportpatch\queries\job_exact\29a.sql
postgres,job_exact,29a,comp_cast_type,cct2,1,1,1,1.0,exact,False,False,"SELECT COUNT(*) FROM ""comp_cast_type"" AS cct2 WHERE (cct2.kind ='complete')","SELECT * FROM ""comp_cast_type"" AS cct2 WHERE (cct2.kind ='complete')",C:\Users\vanya\Documents\DATA_SYS_LAB\test44\final_benchmarks\test42_100k_exportpatch\queries\job_exact\29a.sql
duckdb,job_exact,29a,char_name,chn,1,1,1,1.0,exact,False,False,"SELECT COUNT(*) FROM ""char_name"" AS chn WHERE (chn.name = 'Det. J. Tremblay')","SELECT * FROM ""char_name"" AS chn WHERE (chn.name = 'Det. J. Tremblay')",C:\Users\vanya\Documents\DATA_SYS_LAB\test44\final_benchmarks\test42_100k_exportpatch\queries\job_exact\29a.sql
postgres,job_exact,29a,char_name,chn,1,1,1,1.0,exact,False,False,"SELECT COUNT(*) FROM ""char_name"" AS chn WHERE (chn.name = 'Det. J. Tremblay')","SELECT * FROM ""char_name"" AS chn WHERE (chn.name = 'Det. J. Tremblay')",C:\Users\vanya\Documents\DATA_SYS_LAB\test44\final_benchmarks\test42_100k_exportpatch\queries\job_exact\29a.sql
duckdb,job_exact,29a,cast_info,ci,1,1,845,845.0,over,False,True,"SELECT COUNT(*) FROM ""cast_info"" AS ci WHERE (ci.note = '(as Det. J. Tremblay)')","SELECT * FROM ""cast_info"" AS ci WHERE (ci.note = '(as Det. J. Tremblay)')",C:\Users\vanya\Documents\DATA_SYS_LAB\test44\final_benchmarks\test42_100k_exportpatch\queries\job_exact\29a.sql
postgres,job_exact,29a,cast_info,ci,1,1,91,91.0,over,False,True,"SELECT COUNT(*) FROM ""cast_info"" AS ci WHERE (ci.note = '(as Det. J. Tremblay)')","SELECT * FROM ""cast_info"" AS ci WHERE (ci.note = '(as Det. J. Tremblay)')",C:\Users\vanya\Documents\DATA_SYS_LAB\test44\final_benchmarks\test42_100k_exportpatch\queries\job_exact\29a.sql
duckdb,job_exact,29a,company_name,cn,1,4275,180,23.75,under,False,False,"SELECT COUNT(*) FROM ""company_name"" AS cn WHERE (cn.country_code ='[us]')","SELECT * FROM ""company_name"" AS cn WHERE (cn.country_code ='[us]')",C:\Users\vanya\Documents\DATA_SYS_LAB\test44\final_benchmarks\test42_100k_exportpatch\queries\job_exact\29a.sql
postgres,job_exact,29a,company_name,cn,1,4275,4275,1.0,exact,False,False,"SELECT COUNT(*) FROM ""company_name"" AS cn WHERE (cn.country_code ='[us]')","SELECT * FROM ""company_name"" AS cn WHERE (cn.country_code ='[us]')",C:\Users\vanya\Documents\DATA_SYS_LAB\test44\final_benchmarks\test42_100k_exportpatch\queries\job_exact\29a.sql
duckdb,job_exact,29a,info_type,it,1,1,2,2.0,over,False,False,"SELECT COUNT(*) FROM ""info_type"" AS it WHERE (it.info = 'release dates')","SELECT * FROM ""info_type"" AS it WHERE (it.info = 'release dates')",C:\Users\vanya\Documents\DATA_SYS_LAB\test44\final_benchmarks\test42_100k_exportpatch\queries\job_exact\29a.sql
postgres,job_exact,29a,info_type,it,1,1,1,1.0,exact,False,False,"SELECT COUNT(*) FROM ""info_type"" AS it WHERE (it.info = 'release dates')","SELECT * FROM ""info_type"" AS it WHERE (it.info = 'release dates')",C:\Users\vanya\Documents\DATA_SYS_LAB\test44\final_benchmarks\test42_100k_exportpatch\queries\job_exact\29a.sql
duckdb,job_exact,29a,info_type,it3,1,1,2,2.0,over,False,False,"SELECT COUNT(*) FROM ""info_type"" AS it3 WHERE (it3.info = 'nationality')","SELECT * FROM ""info_type"" AS it3 WHERE (it3.info = 'nationality')",C:\Users\vanya\Documents\DATA_SYS_LAB\test44\final_benchmarks\test42_100k_exportpatch\queries\job_exact\29a.sql
postgres,job_exact,29a,info_type,it3,1,1,1,1.0,exact,False,False,"SELECT COUNT(*) FROM ""info_type"" AS it3 WHERE (it3.info = 'nationality')","SELECT * FROM ""info_type"" AS it3 WHERE (it3.info = 'nationality')",C:\Users\vanya\Documents\DATA_SYS_LAB\test44\final_benchmarks\test42_100k_exportpatch\queries\job_exact\29a.sql
duckdb,job_exact,29a,keyword,k,1,1,1,1.0,exact,False,False,"SELECT COUNT(*) FROM ""keyword"" AS k WHERE (k.keyword = 'menacing-espionage')","SELECT * FROM ""keyword"" AS k WHERE (k.keyword = 'menacing-espionage')",C:\Users\vanya\Documents\DATA_SYS_LAB\test44\final_benchmarks\test42_100k_exportpatch\queries\job_exact\29a.sql
postgres,job_exact,29a,keyword,k,1,1,1,1.0,exact,False,False,"SELECT COUNT(*) FROM ""keyword"" AS k WHERE (k.keyword = 'menacing-espionage')","SELECT * FROM ""keyword"" AS k WHERE (k.keyword = 'menacing-espionage')",C:\Users\vanya\Documents\DATA_SYS_LAB\test44\final_benchmarks\test42_100k_exportpatch\queries\job_exact\29a.sql
duckdb,job_exact,29a,movie_info,mi,2,17,496434,29202.0,over,False,False,"SELECT COUNT(*) FROM ""movie_info"" AS mi WHERE (mi.info IS NOT NULL) AND (mi.info like 'Asia:20 February 2002%'
       OR mi.info like 'North America:9 February 2002%')","SELECT * FROM ""movie_info"" AS mi WHERE (mi.info IS NOT NULL) AND (mi.info like 'Asia:20 February 2002%'
       OR mi.info like 'North America:9 February 2002%')",C:\Users\vanya\Documents\DATA_SYS_LAB\test44\final_benchmarks\test42_100k_exportpatch\queries\job_exact\29a.sql
postgres,job_exact,29a,movie_info,mi,2,17,267,15.705882352941176,over,False,False,"SELECT COUNT(*) FROM ""movie_info"" AS mi WHERE (mi.info IS NOT NULL) AND (mi.info like 'Asia:20 February 2002%'
       OR mi.info like 'North America:9 February 2002%')","SELECT * FROM ""movie_info"" AS mi WHERE (mi.info IS NOT NULL) AND (mi.info like 'Asia:20 February 2002%'
       OR mi.info like 'North America:9 February 2002%')",C:\Users\vanya\Documents\DATA_SYS_LAB\test44\final_benchmarks\test42_100k_exportpatch\queries\job_exact\29a.sql
duckdb,job_exact,29a,name,n,2,1,120000,120000.0,over,False,False,"SELECT COUNT(*) FROM ""name"" AS n WHERE (n.gender ='f') AND (n.name like '%Hye-jin Seo%')","SELECT * FROM ""name"" AS n WHERE (n.gender ='f') AND (n.name like '%Hye-jin Seo%')",C:\Users\vanya\Documents\DATA_SYS_LAB\test44\final_benchmarks\test42_100k_exportpatch\queries\job_exact\29a.sql
postgres,job_exact,29a,name,n,2,1,11,11.0,over,False,False,"SELECT COUNT(*) FROM ""name"" AS n WHERE (n.gender ='f') AND (n.name like '%Hye-jin Seo%')","SELECT * FROM ""name"" AS n WHERE (n.gender ='f') AND (n.name like '%Hye-jin Seo%')",C:\Users\vanya\Documents\DATA_SYS_LAB\test44\final_benchmarks\test42_100k_exportpatch\queries\job_exact\29a.sql
duckdb,job_exact,29a,role_type,rt,1,1,1,1.0,exact,False,False,"SELECT COUNT(*) FROM ""role_type"" AS rt WHERE (rt.role ='actress')","SELECT * FROM ""role_type"" AS rt WHERE (rt.role ='actress')",C:\Users\vanya\Documents\DATA_SYS_LAB\test44\final_benchmarks\test42_100k_exportpatch\queries\job_exact\29a.sql
postgres,job_exact,29a,role_type,rt,1,1,1,1.0,exact,False,False,"SELECT COUNT(*) FROM ""role_type"" AS rt WHERE (rt.role ='actress')","SELECT * FROM ""role_type"" AS rt WHERE (rt.role ='actress')",C:\Users\vanya\Documents\DATA_SYS_LAB\test44\final_benchmarks\test42_100k_exportpatch\queries\job_exact\29a.sql
duckdb,job_exact,29a,title,t,1,1,11,11.0,over,False,False,"SELECT COUNT(*) FROM ""title"" AS t WHERE (t.title = 'The Last Night Nexus')","SELECT * FROM ""title"" AS t WHERE (t.title = 'The Last Night Nexus')",C:\Users\vanya\Documents\DATA_SYS_LAB\test44\final_benchmarks\test42_100k_exportpatch\queries\job_exact\29a.sql
postgres,job_exact,29a,title,t,1,1,5,5.0,over,False,False,"SELECT COUNT(*) FROM ""title"" AS t WHERE (t.title = 'The Last Night Nexus')","SELECT * FROM ""title"" AS t WHERE (t.title = 'The Last Night Nexus')",C:\Users\vanya\Documents\DATA_SYS_LAB\test44\final_benchmarks\test42_100k_exportpatch\queries\job_exact\29a.sql
duckdb,job_exact,29b,comp_cast_type,cct1,1,1,1,1.0,exact,False,False,"SELECT COUNT(*) FROM ""comp_cast_type"" AS cct1 WHERE (cct1.kind ='cast')","SELECT * FROM ""comp_cast_type"" AS cct1 WHERE (cct1.kind ='cast')",C:\Users\vanya\Documents\DATA_SYS_LAB\test44\final_benchmarks\test42_100k_exportpatch\queries\job_exact\29b.sql
postgres,job_exact,29b,comp_cast_type,cct1,1,1,1,1.0,exact,False,False,"SELECT COUNT(*) FROM ""comp_cast_type"" AS cct1 WHERE (cct1.kind ='cast')","SELECT * FROM ""comp_cast_type"" AS cct1 WHERE (cct1.kind ='cast')",C:\Users\vanya\Documents\DATA_SYS_LAB\test44\final_benchmarks\test42_100k_exportpatch\queries\job_exact\29b.sql
duckdb,job_exact,29b,comp_cast_type,cct2,1,1,1,1.0,exact,False,False,"SELECT COUNT(*) FROM ""comp_cast_type"" AS cct2 WHERE (cct2.kind ='complete')","SELECT * FROM ""comp_cast_type"" AS cct2 WHERE (cct2.kind ='complete')",C:\Users\vanya\Documents\DATA_SYS_LAB\test44\final_benchmarks\test42_100k_exportpatch\queries\job_exact\29b.sql
postgres,job_exact,29b,comp_cast_type,cct2,1,1,1,1.0,exact,False,False,"SELECT COUNT(*) FROM ""comp_cast_type"" AS cct2 WHERE (cct2.kind ='complete')","SELECT * FROM ""comp_cast_type"" AS cct2 WHERE (cct2.kind ='complete')",C:\Users\vanya\Documents\DATA_SYS_LAB\test44\final_benchmarks\test42_100k_exportpatch\queries\job_exact\29b.sql
duckdb,job_exact,29b,char_name,chn,1,1,1,1.0,exact,False,False,"SELECT COUNT(*) FROM ""char_name"" AS chn WHERE (chn.name = 'Det. J. Tremblay')","SELECT * FROM ""char_name"" AS chn WHERE (chn.name = 'Det. J. Tremblay')",C:\Users\vanya\Documents\DATA_SYS_LAB\test44\final_benchmarks\test42_100k_exportpatch\queries\job_exact\29b.sql
postgres,job_exact,29b,char_name,chn,1,1,1,1.0,exact,False,False,"SELECT COUNT(*) FROM ""char_name"" AS chn WHERE (chn.name = 'Det. J. Tremblay')","SELECT * FROM ""char_name"" AS chn WHERE (chn.name = 'Det. J. Tremblay')",C:\Users\vanya\Documents\DATA_SYS_LAB\test44\final_benchmarks\test42_100k_exportpatch\queries\job_exact\29b.sql
duckdb,job_exact,29b,cast_info,ci,1,1,845,845.0,over,False,True,"SELECT COUNT(*) FROM ""cast_info"" AS ci WHERE (ci.note = '(as Det. J. Tremblay)')","SELECT * FROM ""cast_info"" AS ci WHERE (ci.note = '(as Det. J. Tremblay)')",C:\Users\vanya\Documents\DATA_SYS_LAB\test44\final_benchmarks\test42_100k_exportpatch\queries\job_exact\29b.sql
postgres,job_exact,29b,cast_info,ci,1,1,91,91.0,over,False,True,"SELECT COUNT(*) FROM ""cast_info"" AS ci WHERE (ci.note = '(as Det. J. Tremblay)')","SELECT * FROM ""cast_info"" AS ci WHERE (ci.note = '(as Det. J. Tremblay)')",C:\Users\vanya\Documents\DATA_SYS_LAB\test44\final_benchmarks\test42_100k_exportpatch\queries\job_exact\29b.sql
duckdb,job_exact,29b,company_name,cn,1,4275,180,23.75,under,False,False,"SELECT COUNT(*) FROM ""company_name"" AS cn WHERE (cn.country_code ='[us]')","SELECT * FROM ""company_name"" AS cn WHERE (cn.country_code ='[us]')",C:\Users\vanya\Documents\DATA_SYS_LAB\test44\final_benchmarks\test42_100k_exportpatch\queries\job_exact\29b.sql
postgres,job_exact,29b,company_name,cn,1,4275,4275,1.0,exact,False,False,"SELECT COUNT(*) FROM ""company_name"" AS cn WHERE (cn.country_code ='[us]')","SELECT * FROM ""company_name"" AS cn WHERE (cn.country_code ='[us]')",C:\Users\vanya\Documents\DATA_SYS_LAB\test44\final_benchmarks\test42_100k_exportpatch\queries\job_exact\29b.sql
duckdb,job_exact,29b,info_type,it,1,1,2,2.0,over,False,False,"SELECT COUNT(*) FROM ""info_type"" AS it WHERE (it.info = 'release dates')","SELECT * FROM ""info_type"" AS it WHERE (it.info = 'release dates')",C:\Users\vanya\Documents\DATA_SYS_LAB\test44\final_benchmarks\test42_100k_exportpatch\queries\job_exact\29b.sql
postgres,job_exact,29b,info_type,it,1,1,1,1.0,exact,False,False,"SELECT COUNT(*) FROM ""info_type"" AS it WHERE (it.info = 'release dates')","SELECT * FROM ""info_type"" AS it WHERE (it.info = 'release dates')",C:\Users\vanya\Documents\DATA_SYS_LAB\test44\final_benchmarks\test42_100k_exportpatch\queries\job_exact\29b.sql
duckdb,job_exact,29b,info_type,it3,1,1,2,2.0,over,False,False,"SELECT COUNT(*) FROM ""info_type"" AS it3 WHERE (it3.info = 'nationality')","SELECT * FROM ""info_type"" AS it3 WHERE (it3.info = 'nationality')",C:\Users\vanya\Documents\DATA_SYS_LAB\test44\final_benchmarks\test42_100k_exportpatch\queries\job_exact\29b.sql
postgres,job_exact,29b,info_type,it3,1,1,1,1.0,exact,False,False,"SELECT COUNT(*) FROM ""info_type"" AS it3 WHERE (it3.info = 'nationality')","SELECT * FROM ""info_type"" AS it3 WHERE (it3.info = 'nationality')",C:\Users\vanya\Documents\DATA_SYS_LAB\test44\final_benchmarks\test42_100k_exportpatch\queries\job_exact\29b.sql
duckdb,job_exact,29b,keyword,k,1,1,1,1.0,exact,False,False,"SELECT COUNT(*) FROM ""keyword"" AS k WHERE (k.keyword = 'menacing-espionage')","SELECT * FROM ""keyword"" AS k WHERE (k.keyword = 'menacing-espionage')",C:\Users\vanya\Documents\DATA_SYS_LAB\test44\final_benchmarks\test42_100k_exportpatch\queries\job_exact\29b.sql
postgres,job_exact,29b,keyword,k,1,1,1,1.0,exact,False,False,"SELECT COUNT(*) FROM ""keyword"" AS k WHERE (k.keyword = 'menacing-espionage')","SELECT * FROM ""keyword"" AS k WHERE (k.keyword = 'menacing-espionage')",C:\Users\vanya\Documents\DATA_SYS_LAB\test44\final_benchmarks\test42_100k_exportpatch\queries\job_exact\29b.sql
duckdb,job_exact,29b,movie_info,mi,1,9,496434,55159.333333333336,over,False,False,"SELECT COUNT(*) FROM ""movie_info"" AS mi WHERE (mi.info like 'North America:9 February 2002%')","SELECT * FROM ""movie_info"" AS mi WHERE (mi.info like 'North America:9 February 2002%')",C:\Users\vanya\Documents\DATA_SYS_LAB\test44\final_benchmarks\test42_100k_exportpatch\queries\job_exact\29b.sql
postgres,job_exact,29b,movie_info,mi,1,9,133,14.777777777777779,over,False,False,"SELECT COUNT(*) FROM ""movie_info"" AS mi WHERE (mi.info like 'North America:9 February 2002%')","SELECT * FROM ""movie_info"" AS mi WHERE (mi.info like 'North America:9 February 2002%')",C:\Users\vanya\Documents\DATA_SYS_LAB\test44\final_benchmarks\test42_100k_exportpatch\queries\job_exact\29b.sql
duckdb,job_exact,29b,name,n,2,1,120000,120000.0,over,False,False,"SELECT COUNT(*) FROM ""name"" AS n WHERE (n.gender ='f') AND (n.name like '%Hye-jin Seo%')","SELECT * FROM ""name"" AS n WHERE (n.gender ='f') AND (n.name like '%Hye-jin Seo%')",C:\Users\vanya\Documents\DATA_SYS_LAB\test44\final_benchmarks\test42_100k_exportpatch\queries\job_exact\29b.sql
postgres,job_exact,29b,name,n,2,1,11,11.0,over,False,False,"SELECT COUNT(*) FROM ""name"" AS n WHERE (n.gender ='f') AND (n.name like '%Hye-jin Seo%')","SELECT * FROM ""name"" AS n WHERE (n.gender ='f') AND (n.name like '%Hye-jin Seo%')",C:\Users\vanya\Documents\DATA_SYS_LAB\test44\final_benchmarks\test42_100k_exportpatch\queries\job_exact\29b.sql
duckdb,job_exact,29b,role_type,rt,1,1,1,1.0,exact,False,False,"SELECT COUNT(*) FROM ""role_type"" AS rt WHERE (rt.role ='actress')","SELECT * FROM ""role_type"" AS rt WHERE (rt.role ='actress')",C:\Users\vanya\Documents\DATA_SYS_LAB\test44\final_benchmarks\test42_100k_exportpatch\queries\job_exact\29b.sql
postgres,job_exact,29b,role_type,rt,1,1,1,1.0,exact,False,False,"SELECT COUNT(*) FROM ""role_type"" AS rt WHERE (rt.role ='actress')","SELECT * FROM ""role_type"" AS rt WHERE (rt.role ='actress')",C:\Users\vanya\Documents\DATA_SYS_LAB\test44\final_benchmarks\test42_100k_exportpatch\queries\job_exact\29b.sql
duckdb,job_exact,29b,title,t,1,1,11,11.0,over,False,False,"SELECT COUNT(*) FROM ""title"" AS t WHERE (t.title = 'The Last Night Nexus')","SELECT * FROM ""title"" AS t WHERE (t.title = 'The Last Night Nexus')",C:\Users\vanya\Documents\DATA_SYS_LAB\test44\final_benchmarks\test42_100k_exportpatch\queries\job_exact\29b.sql
postgres,job_exact,29b,title,t,1,1,5,5.0,over,False,False,"SELECT COUNT(*) FROM ""title"" AS t WHERE (t.title = 'The Last Night Nexus')","SELECT * FROM ""title"" AS t WHERE (t.title = 'The Last Night Nexus')",C:\Users\vanya\Documents\DATA_SYS_LAB\test44\final_benchmarks\test42_100k_exportpatch\queries\job_exact\29b.sql
duckdb,job_exact,29c,comp_cast_type,cct1,1,1,1,1.0,exact,False,False,"SELECT COUNT(*) FROM ""comp_cast_type"" AS cct1 WHERE (cct1.kind ='cast')","SELECT * FROM ""comp_cast_type"" AS cct1 WHERE (cct1.kind ='cast')",C:\Users\vanya\Documents\DATA_SYS_LAB\test44\final_benchmarks\test42_100k_exportpatch\queries\job_exact\29c.sql
postgres,job_exact,29c,comp_cast_type,cct1,1,1,1,1.0,exact,False,False,"SELECT COUNT(*) FROM ""comp_cast_type"" AS cct1 WHERE (cct1.kind ='cast')","SELECT * FROM ""comp_cast_type"" AS cct1 WHERE (cct1.kind ='cast')",C:\Users\vanya\Documents\DATA_SYS_LAB\test44\final_benchmarks\test42_100k_exportpatch\queries\job_exact\29c.sql
duckdb,job_exact,29c,comp_cast_type,cct2,1,1,1,1.0,exact,False,False,"SELECT COUNT(*) FROM ""comp_cast_type"" AS cct2 WHERE (cct2.kind ='complete')","SELECT * FROM ""comp_cast_type"" AS cct2 WHERE (cct2.kind ='complete')",C:\Users\vanya\Documents\DATA_SYS_LAB\test44\final_benchmarks\test42_100k_exportpatch\queries\job_exact\29c.sql
postgres,job_exact,29c,comp_cast_type,cct2,1,1,1,1.0,exact,False,False,"SELECT COUNT(*) FROM ""comp_cast_type"" AS cct2 WHERE (cct2.kind ='complete')","SELECT * FROM ""comp_cast_type"" AS cct2 WHERE (cct2.kind ='complete')",C:\Users\vanya\Documents\DATA_SYS_LAB\test44\final_benchmarks\test42_100k_exportpatch\queries\job_exact\29c.sql
duckdb,job_exact,29c,cast_info,ci,1,1,845,845.0,over,False,True,"SELECT COUNT(*) FROM ""cast_info"" AS ci WHERE (ci.note = '(as Det. J. Tremblay)')","SELECT * FROM ""cast_info"" AS ci WHERE (ci.note = '(as Det. J. Tremblay)')",C:\Users\vanya\Documents\DATA_SYS_LAB\test44\final_benchmarks\test42_100k_exportpatch\queries\job_exact\29c.sql
postgres,job_exact,29c,cast_info,ci,1,1,91,91.0,over,False,True,"SELECT COUNT(*) FROM ""cast_info"" AS ci WHERE (ci.note = '(as Det. J. Tremblay)')","SELECT * FROM ""cast_info"" AS ci WHERE (ci.note = '(as Det. J. Tremblay)')",C:\Users\vanya\Documents\DATA_SYS_LAB\test44\final_benchmarks\test42_100k_exportpatch\queries\job_exact\29c.sql
duckdb,job_exact,29c,company_name,cn,1,4275,180,23.75,under,False,False,"SELECT COUNT(*) FROM ""company_name"" AS cn WHERE (cn.country_code ='[us]')","SELECT * FROM ""company_name"" AS cn WHERE (cn.country_code ='[us]')",C:\Users\vanya\Documents\DATA_SYS_LAB\test44\final_benchmarks\test42_100k_exportpatch\queries\job_exact\29c.sql
postgres,job_exact,29c,company_name,cn,1,4275,4275,1.0,exact,False,False,"SELECT COUNT(*) FROM ""company_name"" AS cn WHERE (cn.country_code ='[us]')","SELECT * FROM ""company_name"" AS cn WHERE (cn.country_code ='[us]')",C:\Users\vanya\Documents\DATA_SYS_LAB\test44\final_benchmarks\test42_100k_exportpatch\queries\job_exact\29c.sql
duckdb,job_exact,29c,info_type,it,1,1,2,2.0,over,False,False,"SELECT COUNT(*) FROM ""info_type"" AS it WHERE (it.info = 'release dates')","SELECT * FROM ""info_type"" AS it WHERE (it.info = 'release dates')",C:\Users\vanya\Documents\DATA_SYS_LAB\test44\final_benchmarks\test42_100k_exportpatch\queries\job_exact\29c.sql
postgres,job_exact,29c,info_type,it,1,1,1,1.0,exact,False,False,"SELECT COUNT(*) FROM ""info_type"" AS it WHERE (it.info = 'release dates')","SELECT * FROM ""info_type"" AS it WHERE (it.info = 'release dates')",C:\Users\vanya\Documents\DATA_SYS_LAB\test44\final_benchmarks\test42_100k_exportpatch\queries\job_exact\29c.sql
duckdb,job_exact,29c,info_type,it3,1,1,2,2.0,over,False,False,"SELECT COUNT(*) FROM ""info_type"" AS it3 WHERE (it3.info = 'nationality')","SELECT * FROM ""info_type"" AS it3 WHERE (it3.info = 'nationality')",C:\Users\vanya\Documents\DATA_SYS_LAB\test44\final_benchmarks\test42_100k_exportpatch\queries\job_exact\29c.sql
postgres,job_exact,29c,info_type,it3,1,1,1,1.0,exact,False,False,"SELECT COUNT(*) FROM ""info_type"" AS it3 WHERE (it3.info = 'nationality')","SELECT * FROM ""info_type"" AS it3 WHERE (it3.info = 'nationality')",C:\Users\vanya\Documents\DATA_SYS_LAB\test44\final_benchmarks\test42_100k_exportpatch\queries\job_exact\29c.sql
duckdb,job_exact,29c,keyword,k,1,1,1,1.0,exact,False,False,"SELECT COUNT(*) FROM ""keyword"" AS k WHERE (k.keyword = 'menacing-espionage')","SELECT * FROM ""keyword"" AS k WHERE (k.keyword = 'menacing-espionage')",C:\Users\vanya\Documents\DATA_SYS_LAB\test44\final_benchmarks\test42_100k_exportpatch\queries\job_exact\29c.sql
postgres,job_exact,29c,keyword,k,1,1,1,1.0,exact,False,False,"SELECT COUNT(*) FROM ""keyword"" AS k WHERE (k.keyword = 'menacing-espionage')","SELECT * FROM ""keyword"" AS k WHERE (k.keyword = 'menacing-espionage')",C:\Users\vanya\Documents\DATA_SYS_LAB\test44\final_benchmarks\test42_100k_exportpatch\queries\job_exact\29c.sql
duckdb,job_exact,29c,movie_info,mi,2,17,496434,29202.0,over,False,False,"SELECT COUNT(*) FROM ""movie_info"" AS mi WHERE (mi.info IS NOT NULL) AND (mi.info like 'Asia:20 February 2002%'
       OR mi.info like 'North America:9 February 2002%')","SELECT * FROM ""movie_info"" AS mi WHERE (mi.info IS NOT NULL) AND (mi.info like 'Asia:20 February 2002%'
       OR mi.info like 'North America:9 February 2002%')",C:\Users\vanya\Documents\DATA_SYS_LAB\test44\final_benchmarks\test42_100k_exportpatch\queries\job_exact\29c.sql
postgres,job_exact,29c,movie_info,mi,2,17,267,15.705882352941176,over,False,False,"SELECT COUNT(*) FROM ""movie_info"" AS mi WHERE (mi.info IS NOT NULL) AND (mi.info like 'Asia:20 February 2002%'
       OR mi.info like 'North America:9 February 2002%')","SELECT * FROM ""movie_info"" AS mi WHERE (mi.info IS NOT NULL) AND (mi.info like 'Asia:20 February 2002%'
       OR mi.info like 'North America:9 February 2002%')",C:\Users\vanya\Documents\DATA_SYS_LAB\test44\final_benchmarks\test42_100k_exportpatch\queries\job_exact\29c.sql
duckdb,job_exact,29c,name,n,2,1,120000,120000.0,over,False,False,"SELECT COUNT(*) FROM ""name"" AS n WHERE (n.gender ='f') AND (n.name like '%Hye-jin Seo%')","SELECT * FROM ""name"" AS n WHERE (n.gender ='f') AND (n.name like '%Hye-jin Seo%')",C:\Users\vanya\Documents\DATA_SYS_LAB\test44\final_benchmarks\test42_100k_exportpatch\queries\job_exact\29c.sql
postgres,job_exact,29c,name,n,2,1,11,11.0,over,False,False,"SELECT COUNT(*) FROM ""name"" AS n WHERE (n.gender ='f') AND (n.name like '%Hye-jin Seo%')","SELECT * FROM ""name"" AS n WHERE (n.gender ='f') AND (n.name like '%Hye-jin Seo%')",C:\Users\vanya\Documents\DATA_SYS_LAB\test44\final_benchmarks\test42_100k_exportpatch\queries\job_exact\29c.sql
duckdb,job_exact,29c,role_type,rt,1,1,1,1.0,exact,False,False,"SELECT COUNT(*) FROM ""role_type"" AS rt WHERE (rt.role ='actress')","SELECT * FROM ""role_type"" AS rt WHERE (rt.role ='actress')",C:\Users\vanya\Documents\DATA_SYS_LAB\test44\final_benchmarks\test42_100k_exportpatch\queries\job_exact\29c.sql
postgres,job_exact,29c,role_type,rt,1,1,1,1.0,exact,False,False,"SELECT COUNT(*) FROM ""role_type"" AS rt WHERE (rt.role ='actress')","SELECT * FROM ""role_type"" AS rt WHERE (rt.role ='actress')",C:\Users\vanya\Documents\DATA_SYS_LAB\test44\final_benchmarks\test42_100k_exportpatch\queries\job_exact\29c.sql
duckdb,job_exact,30a,comp_cast_type,cct1,1,2,1,2.0,under,False,False,"SELECT COUNT(*) FROM ""comp_cast_type"" AS cct1 WHERE (cct1.kind in ('cast',
                    'crew'))","SELECT * FROM ""comp_cast_type"" AS cct1 WHERE (cct1.kind in ('cast',
                    'crew'))",C:\Users\vanya\Documents\DATA_SYS_LAB\test44\final_benchmarks\test42_100k_exportpatch\queries\job_exact\30a.sql
postgres,job_exact,30a,comp_cast_type,cct1,1,2,2,1.0,exact,False,False,"SELECT COUNT(*) FROM ""comp_cast_type"" AS cct1 WHERE (cct1.kind in ('cast',
                    'crew'))","SELECT * FROM ""comp_cast_type"" AS cct1 WHERE (cct1.kind in ('cast',
                    'crew'))",C:\Users\vanya\Documents\DATA_SYS_LAB\test44\final_benchmarks\test42_100k_exportpatch\queries\job_exact\30a.sql
duckdb,job_exact,30a,comp_cast_type,cct2,1,1,1,1.0,exact,False,False,"SELECT COUNT(*) FROM ""comp_cast_type"" AS cct2 WHERE (cct2.kind ='complete+verified')","SELECT * FROM ""comp_cast_type"" AS cct2 WHERE (cct2.kind ='complete+verified')",C:\Users\vanya\Documents\DATA_SYS_LAB\test44\final_benchmarks\test42_100k_exportpatch\queries\job_exact\30a.sql
postgres,job_exact,30a,comp_cast_type,cct2,1,1,1,1.0,exact,False,False,"SELECT COUNT(*) FROM ""comp_cast_type"" AS cct2 WHERE (cct2.kind ='complete+verified')","SELECT * FROM ""comp_cast_type"" AS cct2 WHERE (cct2.kind ='complete+verified')",C:\Users\vanya\Documents\DATA_SYS_LAB\test44\final_benchmarks\test42_100k_exportpatch\queries\job_exact\30a.sql
duckdb,job_exact,30a,cast_info,ci,1,1,845,845.0,over,False,True,"SELECT COUNT(*) FROM ""cast_info"" AS ci WHERE (ci.note = '(as Ishaan Atharv Nair)')","SELECT * FROM ""cast_info"" AS ci WHERE (ci.note = '(as Ishaan Atharv Nair)')",C:\Users\vanya\Documents\DATA_SYS_LAB\test44\final_benchmarks\test42_100k_exportpatch\queries\job_exact\30a.sql
postgres,job_exact,30a,cast_info,ci,1,1,91,91.0,over,False,True,"SELECT COUNT(*) FROM ""cast_info"" AS ci WHERE (ci.note = '(as Ishaan Atharv Nair)')","SELECT * FROM ""cast_info"" AS ci WHERE (ci.note = '(as Ishaan Atharv Nair)')",C:\Users\vanya\Documents\DATA_SYS_LAB\test44\final_benchmarks\test42_100k_exportpatch\queries\job_exact\30a.sql
duckdb,job_exact,30a,info_type,it1,1,1,2,2.0,over,False,False,"SELECT COUNT(*) FROM ""info_type"" AS it1 WHERE (it1.info = 'genres')","SELECT * FROM ""info_type"" AS it1 WHERE (it1.info = 'genres')",C:\Users\vanya\Documents\DATA_SYS_LAB\test44\final_benchmarks\test42_100k_exportpatch\queries\job_exact\30a.sql
postgres,job_exact,30a,info_type,it1,1,1,1,1.0,exact,False,False,"SELECT COUNT(*) FROM ""info_type"" AS it1 WHERE (it1.info = 'genres')","SELECT * FROM ""info_type"" AS it1 WHERE (it1.info = 'genres')",C:\Users\vanya\Documents\DATA_SYS_LAB\test44\final_benchmarks\test42_100k_exportpatch\queries\job_exact\30a.sql
duckdb,job_exact,30a,info_type,it2,1,1,2,2.0,over,False,False,"SELECT COUNT(*) FROM ""info_type"" AS it2 WHERE (it2.info = 'votes')","SELECT * FROM ""info_type"" AS it2 WHERE (it2.info = 'votes')",C:\Users\vanya\Documents\DATA_SYS_LAB\test44\final_benchmarks\test42_100k_exportpatch\queries\job_exact\30a.sql
postgres,job_exact,30a,info_type,it2,1,1,1,1.0,exact,False,False,"SELECT COUNT(*) FROM ""info_type"" AS it2 WHERE (it2.info = 'votes')","SELECT * FROM ""info_type"" AS it2 WHERE (it2.info = 'votes')",C:\Users\vanya\Documents\DATA_SYS_LAB\test44\final_benchmarks\test42_100k_exportpatch\queries\job_exact\30a.sql
duckdb,job_exact,30a,keyword,k,1,7,2283,326.14285714285717,over,False,False,"SELECT COUNT(*) FROM ""keyword"" AS k WHERE (k.keyword in ('aerial dogfight',
                    'dynamic-psychological-breakdown-combat training',
                    'cult-following-space-colonization-assassination attempt',
                    'practical-effects-heavy-psychological-breakdown-tactical infiltration',
                    'daring-mythological quest',
                    'explosive-war-torn region-undercover operative',
                    'visceral-hostile territory-heist sequence'))","SELECT * FROM ""keyword"" AS k WHERE (k.keyword in ('aerial dogfight',
                    'dynamic-psychological-breakdown-combat training',
                    'cult-following-space-colonization-assassination attempt',
                    'practical-effects-heavy-psychological-breakdown-tactical infiltration',
                    'daring-mythological quest',
                    'explosive-war-torn region-undercover operative',
                    'visceral-hostile territory-heist sequence'))",C:\Users\vanya\Documents\DATA_SYS_LAB\test44\final_benchmarks\test42_100k_exportpatch\queries\job_exact\30a.sql
postgres,job_exact,30a,keyword,k,1,7,7,1.0,exact,False,False,"SELECT COUNT(*) FROM ""keyword"" AS k WHERE (k.keyword in ('aerial dogfight',
                    'dynamic-psychological-breakdown-combat training',
                    'cult-following-space-colonization-assassination attempt',
                    'practical-effects-heavy-psychological-breakdown-tactical infiltration',
                    'daring-mythological quest',
                    'explosive-war-torn region-undercover operative',
                    'visceral-hostile territory-heist sequence'))","SELECT * FROM ""keyword"" AS k WHERE (k.keyword in ('aerial dogfight',
                    'dynamic-psychological-breakdown-combat training',
                    'cult-following-space-colonization-assassination attempt',
                    'practical-effects-heavy-psychological-breakdown-tactical infiltration',
                    'daring-mythological quest',
                    'explosive-war-torn region-undercover operative',
                    'visceral-hostile territory-heist sequence'))",C:\Users\vanya\Documents\DATA_SYS_LAB\test44\final_benchmarks\test42_100k_exportpatch\queries\job_exact\30a.sql
duckdb,job_exact,30a,movie_info,mi,1,34693,496434,14.309341942178538,over,False,False,"SELECT COUNT(*) FROM ""movie_info"" AS mi WHERE (mi.info in ('Action',
                  'Adventure'))","SELECT * FROM ""movie_info"" AS mi WHERE (mi.info in ('Action',
                  'Adventure'))",C:\Users\vanya\Documents\DATA_SYS_LAB\test44\final_benchmarks\test42_100k_exportpatch\queries\job_exact\30a.sql
postgres,job_exact,30a,movie_info,mi,1,34693,35164,1.0135762257515926,over,False,False,"SELECT COUNT(*) FROM ""movie_info"" AS mi WHERE (mi.info in ('Action',
                  'Adventure'))","SELECT * FROM ""movie_info"" AS mi WHERE (mi.info in ('Action',
                  'Adventure'))",C:\Users\vanya\Documents\DATA_SYS_LAB\test44\final_benchmarks\test42_100k_exportpatch\queries\job_exact\30a.sql
duckdb,job_exact,30a,name,n,1,124894,120000,1.0407833333333334,under,False,False,"SELECT COUNT(*) FROM ""name"" AS n WHERE (n.gender = 'm')","SELECT * FROM ""name"" AS n WHERE (n.gender = 'm')",C:\Users\vanya\Documents\DATA_SYS_LAB\test44\final_benchmarks\test42_100k_exportpatch\queries\job_exact\30a.sql
postgres,job_exact,30a,name,n,1,124894,125088,1.0015533172129967,over,False,False,"SELECT COUNT(*) FROM ""name"" AS n WHERE (n.gender = 'm')","SELECT * FROM ""name"" AS n WHERE (n.gender = 'm')",C:\Users\vanya\Documents\DATA_SYS_LAB\test44\final_benchmarks\test42_100k_exportpatch\queries\job_exact\30a.sql
duckdb,job_exact,30a,title,t,1,249934,50291,4.9697560199638104,under,False,False,"SELECT COUNT(*) FROM ""title"" AS t WHERE (t.production_year > 2000)","SELECT * FROM ""title"" AS t WHERE (t.production_year > 2000)",C:\Users\vanya\Documents\DATA_SYS_LAB\test44\final_benchmarks\test42_100k_exportpatch\queries\job_exact\30a.sql
postgres,job_exact,30a,title,t,1,249934,250030,1.0003841014027703,over,False,False,"SELECT COUNT(*) FROM ""title"" AS t WHERE (t.production_year > 2000)","SELECT * FROM ""title"" AS t WHERE (t.production_year > 2000)",C:\Users\vanya\Documents\DATA_SYS_LAB\test44\final_benchmarks\test42_100k_exportpatch\queries\job_exact\30a.sql
duckdb,job_exact,30b,comp_cast_type,cct1,1,2,1,2.0,under,False,False,"SELECT COUNT(*) FROM ""comp_cast_type"" AS cct1 WHERE (cct1.kind in ('cast',
                    'crew'))","SELECT * FROM ""comp_cast_type"" AS cct1 WHERE (cct1.kind in ('cast',
                    'crew'))",C:\Users\vanya\Documents\DATA_SYS_LAB\test44\final_benchmarks\test42_100k_exportpatch\queries\job_exact\30b.sql
postgres,job_exact,30b,comp_cast_type,cct1,1,2,2,1.0,exact,False,False,"SELECT COUNT(*) FROM ""comp_cast_type"" AS cct1 WHERE (cct1.kind in ('cast',
                    'crew'))","SELECT * FROM ""comp_cast_type"" AS cct1 WHERE (cct1.kind in ('cast',
                    'crew'))",C:\Users\vanya\Documents\DATA_SYS_LAB\test44\final_benchmarks\test42_100k_exportpatch\queries\job_exact\30b.sql
duckdb,job_exact,30b,comp_cast_type,cct2,1,1,1,1.0,exact,False,False,"SELECT COUNT(*) FROM ""comp_cast_type"" AS cct2 WHERE (cct2.kind ='complete+verified')","SELECT * FROM ""comp_cast_type"" AS cct2 WHERE (cct2.kind ='complete+verified')",C:\Users\vanya\Documents\DATA_SYS_LAB\test44\final_benchmarks\test42_100k_exportpatch\queries\job_exact\30b.sql
postgres,job_exact,30b,comp_cast_type,cct2,1,1,1,1.0,exact,False,False,"SELECT COUNT(*) FROM ""comp_cast_type"" AS cct2 WHERE (cct2.kind ='complete+verified')","SELECT * FROM ""comp_cast_type"" AS cct2 WHERE (cct2.kind ='complete+verified')",C:\Users\vanya\Documents\DATA_SYS_LAB\test44\final_benchmarks\test42_100k_exportpatch\queries\job_exact\30b.sql
duckdb,job_exact,30b,cast_info,ci,1,1,845,845.0,over,False,True,"SELECT COUNT(*) FROM ""cast_info"" AS ci WHERE (ci.note = '(as Ishaan Atharv Nair)')","SELECT * FROM ""cast_info"" AS ci WHERE (ci.note = '(as Ishaan Atharv Nair)')",C:\Users\vanya\Documents\DATA_SYS_LAB\test44\final_benchmarks\test42_100k_exportpatch\queries\job_exact\30b.sql
postgres,job_exact,30b,cast_info,ci,1,1,91,91.0,over,False,True,"SELECT COUNT(*) FROM ""cast_info"" AS ci WHERE (ci.note = '(as Ishaan Atharv Nair)')","SELECT * FROM ""cast_info"" AS ci WHERE (ci.note = '(as Ishaan Atharv Nair)')",C:\Users\vanya\Documents\DATA_SYS_LAB\test44\final_benchmarks\test42_100k_exportpatch\queries\job_exact\30b.sql
duckdb,job_exact,30b,info_type,it1,1,1,2,2.0,over,False,False,"SELECT COUNT(*) FROM ""info_type"" AS it1 WHERE (it1.info = 'genres')","SELECT * FROM ""info_type"" AS it1 WHERE (it1.info = 'genres')",C:\Users\vanya\Documents\DATA_SYS_LAB\test44\final_benchmarks\test42_100k_exportpatch\queries\job_exact\30b.sql
postgres,job_exact,30b,info_type,it1,1,1,1,1.0,exact,False,False,"SELECT COUNT(*) FROM ""info_type"" AS it1 WHERE (it1.info = 'genres')","SELECT * FROM ""info_type"" AS it1 WHERE (it1.info = 'genres')",C:\Users\vanya\Documents\DATA_SYS_LAB\test44\final_benchmarks\test42_100k_exportpatch\queries\job_exact\30b.sql
duckdb,job_exact,30b,info_type,it2,1,1,2,2.0,over,False,False,"SELECT COUNT(*) FROM ""info_type"" AS it2 WHERE (it2.info = 'votes')","SELECT * FROM ""info_type"" AS it2 WHERE (it2.info = 'votes')",C:\Users\vanya\Documents\DATA_SYS_LAB\test44\final_benchmarks\test42_100k_exportpatch\queries\job_exact\30b.sql
postgres,job_exact,30b,info_type,it2,1,1,1,1.0,exact,False,False,"SELECT COUNT(*) FROM ""info_type"" AS it2 WHERE (it2.info = 'votes')","SELECT * FROM ""info_type"" AS it2 WHERE (it2.info = 'votes')",C:\Users\vanya\Documents\DATA_SYS_LAB\test44\final_benchmarks\test42_100k_exportpatch\queries\job_exact\30b.sql
duckdb,job_exact,30b,keyword,k,1,7,2283,326.14285714285717,over,False,False,"SELECT COUNT(*) FROM ""keyword"" AS k WHERE (k.keyword in ('aerial dogfight',
                    'dynamic-psychological-breakdown-combat training',
                    'cult-following-space-colonization-assassination attempt',
                    'practical-effects-heavy-psychological-breakdown-tactical infiltration',
                    'daring-mythological quest',
                    'explosive-war-torn region-undercover operative',
                    'visceral-hostile territory-heist sequence'))","SELECT * FROM ""keyword"" AS k WHERE (k.keyword in ('aerial dogfight',
                    'dynamic-psychological-breakdown-combat training',
                    'cult-following-space-colonization-assassination attempt',
                    'practical-effects-heavy-psychological-breakdown-tactical infiltration',
                    'daring-mythological quest',
                    'explosive-war-torn region-undercover operative',
                    'visceral-hostile territory-heist sequence'))",C:\Users\vanya\Documents\DATA_SYS_LAB\test44\final_benchmarks\test42_100k_exportpatch\queries\job_exact\30b.sql
postgres,job_exact,30b,keyword,k,1,7,7,1.0,exact,False,False,"SELECT COUNT(*) FROM ""keyword"" AS k WHERE (k.keyword in ('aerial dogfight',
                    'dynamic-psychological-breakdown-combat training',
                    'cult-following-space-colonization-assassination attempt',
                    'practical-effects-heavy-psychological-breakdown-tactical infiltration',
                    'daring-mythological quest',
                    'explosive-war-torn region-undercover operative',
                    'visceral-hostile territory-heist sequence'))","SELECT * FROM ""keyword"" AS k WHERE (k.keyword in ('aerial dogfight',
                    'dynamic-psychological-breakdown-combat training',
                    'cult-following-space-colonization-assassination attempt',
                    'practical-effects-heavy-psychological-breakdown-tactical infiltration',
                    'daring-mythological quest',
                    'explosive-war-torn region-undercover operative',
                    'visceral-hostile territory-heist sequence'))",C:\Users\vanya\Documents\DATA_SYS_LAB\test44\final_benchmarks\test42_100k_exportpatch\queries\job_exact\30b.sql
duckdb,job_exact,30b,movie_info,mi,1,34693,496434,14.309341942178538,over,False,False,"SELECT COUNT(*) FROM ""movie_info"" AS mi WHERE (mi.info in ('Action',
                  'Adventure'))","SELECT * FROM ""movie_info"" AS mi WHERE (mi.info in ('Action',
                  'Adventure'))",C:\Users\vanya\Documents\DATA_SYS_LAB\test44\final_benchmarks\test42_100k_exportpatch\queries\job_exact\30b.sql
postgres,job_exact,30b,movie_info,mi,1,34693,35164,1.0135762257515926,over,False,False,"SELECT COUNT(*) FROM ""movie_info"" AS mi WHERE (mi.info in ('Action',
                  'Adventure'))","SELECT * FROM ""movie_info"" AS mi WHERE (mi.info in ('Action',
                  'Adventure'))",C:\Users\vanya\Documents\DATA_SYS_LAB\test44\final_benchmarks\test42_100k_exportpatch\queries\job_exact\30b.sql
duckdb,job_exact,30b,name,n,1,124894,120000,1.0407833333333334,under,False,False,"SELECT COUNT(*) FROM ""name"" AS n WHERE (n.gender = 'm')","SELECT * FROM ""name"" AS n WHERE (n.gender = 'm')",C:\Users\vanya\Documents\DATA_SYS_LAB\test44\final_benchmarks\test42_100k_exportpatch\queries\job_exact\30b.sql
postgres,job_exact,30b,name,n,1,124894,125088,1.0015533172129967,over,False,False,"SELECT COUNT(*) FROM ""name"" AS n WHERE (n.gender = 'm')","SELECT * FROM ""name"" AS n WHERE (n.gender = 'm')",C:\Users\vanya\Documents\DATA_SYS_LAB\test44\final_benchmarks\test42_100k_exportpatch\queries\job_exact\30b.sql
duckdb,job_exact,30b,title,t,2,2808,50291,17.909900284900285,over,False,False,"SELECT COUNT(*) FROM ""title"" AS t WHERE (t.production_year > 2000) AND (t.title like '%Escape%'
       OR t.title like '%Plains%'
       OR t.title like 'Escape%')","SELECT * FROM ""title"" AS t WHERE (t.production_year > 2000) AND (t.title like '%Escape%'
       OR t.title like '%Plains%'
       OR t.title like 'Escape%')",C:\Users\vanya\Documents\DATA_SYS_LAB\test44\final_benchmarks\test42_100k_exportpatch\queries\job_exact\30b.sql
postgres,job_exact,30b,title,t,2,2808,3027,1.077991452991453,over,False,False,"SELECT COUNT(*) FROM ""title"" AS t WHERE (t.production_year > 2000) AND (t.title like '%Escape%'
       OR t.title like '%Plains%'
       OR t.title like 'Escape%')","SELECT * FROM ""title"" AS t WHERE (t.production_year > 2000) AND (t.title like '%Escape%'
       OR t.title like '%Plains%'
       OR t.title like 'Escape%')",C:\Users\vanya\Documents\DATA_SYS_LAB\test44\final_benchmarks\test42_100k_exportpatch\queries\job_exact\30b.sql
duckdb,job_exact,30c,comp_cast_type,cct1,1,1,1,1.0,exact,False,False,"SELECT COUNT(*) FROM ""comp_cast_type"" AS cct1 WHERE (cct1.kind = 'cast')","SELECT * FROM ""comp_cast_type"" AS cct1 WHERE (cct1.kind = 'cast')",C:\Users\vanya\Documents\DATA_SYS_LAB\test44\final_benchmarks\test42_100k_exportpatch\queries\job_exact\30c.sql
postgres,job_exact,30c,comp_cast_type,cct1,1,1,1,1.0,exact,False,False,"SELECT COUNT(*) FROM ""comp_cast_type"" AS cct1 WHERE (cct1.kind = 'cast')","SELECT * FROM ""comp_cast_type"" AS cct1 WHERE (cct1.kind = 'cast')",C:\Users\vanya\Documents\DATA_SYS_LAB\test44\final_benchmarks\test42_100k_exportpatch\queries\job_exact\30c.sql
duckdb,job_exact,30c,comp_cast_type,cct2,1,1,1,1.0,exact,False,False,"SELECT COUNT(*) FROM ""comp_cast_type"" AS cct2 WHERE (cct2.kind ='complete+verified')","SELECT * FROM ""comp_cast_type"" AS cct2 WHERE (cct2.kind ='complete+verified')",C:\Users\vanya\Documents\DATA_SYS_LAB\test44\final_benchmarks\test42_100k_exportpatch\queries\job_exact\30c.sql
postgres,job_exact,30c,comp_cast_type,cct2,1,1,1,1.0,exact,False,False,"SELECT COUNT(*) FROM ""comp_cast_type"" AS cct2 WHERE (cct2.kind ='complete+verified')","SELECT * FROM ""comp_cast_type"" AS cct2 WHERE (cct2.kind ='complete+verified')",C:\Users\vanya\Documents\DATA_SYS_LAB\test44\final_benchmarks\test42_100k_exportpatch\queries\job_exact\30c.sql
duckdb,job_exact,30c,cast_info,ci,1,1,845,845.0,over,False,True,"SELECT COUNT(*) FROM ""cast_info"" AS ci WHERE (ci.note = '(as Ishaan Atharv Nair)')","SELECT * FROM ""cast_info"" AS ci WHERE (ci.note = '(as Ishaan Atharv Nair)')",C:\Users\vanya\Documents\DATA_SYS_LAB\test44\final_benchmarks\test42_100k_exportpatch\queries\job_exact\30c.sql
postgres,job_exact,30c,cast_info,ci,1,1,91,91.0,over,False,True,"SELECT COUNT(*) FROM ""cast_info"" AS ci WHERE (ci.note = '(as Ishaan Atharv Nair)')","SELECT * FROM ""cast_info"" AS ci WHERE (ci.note = '(as Ishaan Atharv Nair)')",C:\Users\vanya\Documents\DATA_SYS_LAB\test44\final_benchmarks\test42_100k_exportpatch\queries\job_exact\30c.sql
duckdb,job_exact,30c,info_type,it1,1,1,2,2.0,over,False,False,"SELECT COUNT(*) FROM ""info_type"" AS it1 WHERE (it1.info = 'genres')","SELECT * FROM ""info_type"" AS it1 WHERE (it1.info = 'genres')",C:\Users\vanya\Documents\DATA_SYS_LAB\test44\final_benchmarks\test42_100k_exportpatch\queries\job_exact\30c.sql
postgres,job_exact,30c,info_type,it1,1,1,1,1.0,exact,False,False,"SELECT COUNT(*) FROM ""info_type"" AS it1 WHERE (it1.info = 'genres')","SELECT * FROM ""info_type"" AS it1 WHERE (it1.info = 'genres')",C:\Users\vanya\Documents\DATA_SYS_LAB\test44\final_benchmarks\test42_100k_exportpatch\queries\job_exact\30c.sql
duckdb,job_exact,30c,info_type,it2,1,1,2,2.0,over,False,False,"SELECT COUNT(*) FROM ""info_type"" AS it2 WHERE (it2.info = 'votes')","SELECT * FROM ""info_type"" AS it2 WHERE (it2.info = 'votes')",C:\Users\vanya\Documents\DATA_SYS_LAB\test44\final_benchmarks\test42_100k_exportpatch\queries\job_exact\30c.sql
postgres,job_exact,30c,info_type,it2,1,1,1,1.0,exact,False,False,"SELECT COUNT(*) FROM ""info_type"" AS it2 WHERE (it2.info = 'votes')","SELECT * FROM ""info_type"" AS it2 WHERE (it2.info = 'votes')",C:\Users\vanya\Documents\DATA_SYS_LAB\test44\final_benchmarks\test42_100k_exportpatch\queries\job_exact\30c.sql
duckdb,job_exact,30c,keyword,k,1,7,2283,326.14285714285717,over,False,False,"SELECT COUNT(*) FROM ""keyword"" AS k WHERE (k.keyword in ('aerial dogfight',
                    'dynamic-psychological-breakdown-combat training',
                    'cult-following-space-colonization-assassination attempt',
                    'practical-effects-heavy-psychological-breakdown-tactical infiltration',
                    'daring-mythological quest',
                    'explosive-war-torn region-undercover operative',
                    'visceral-hostile territory-heist sequence'))","SELECT * FROM ""keyword"" AS k WHERE (k.keyword in ('aerial dogfight',
                    'dynamic-psychological-breakdown-combat training',
                    'cult-following-space-colonization-assassination attempt',
                    'practical-effects-heavy-psychological-breakdown-tactical infiltration',
                    'daring-mythological quest',
                    'explosive-war-torn region-undercover operative',
                    'visceral-hostile territory-heist sequence'))",C:\Users\vanya\Documents\DATA_SYS_LAB\test44\final_benchmarks\test42_100k_exportpatch\queries\job_exact\30c.sql
postgres,job_exact,30c,keyword,k,1,7,7,1.0,exact,False,False,"SELECT COUNT(*) FROM ""keyword"" AS k WHERE (k.keyword in ('aerial dogfight',
                    'dynamic-psychological-breakdown-combat training',
                    'cult-following-space-colonization-assassination attempt',
                    'practical-effects-heavy-psychological-breakdown-tactical infiltration',
                    'daring-mythological quest',
                    'explosive-war-torn region-undercover operative',
                    'visceral-hostile territory-heist sequence'))","SELECT * FROM ""keyword"" AS k WHERE (k.keyword in ('aerial dogfight',
                    'dynamic-psychological-breakdown-combat training',
                    'cult-following-space-colonization-assassination attempt',
                    'practical-effects-heavy-psychological-breakdown-tactical infiltration',
                    'daring-mythological quest',
                    'explosive-war-torn region-undercover operative',
                    'visceral-hostile territory-heist sequence'))",C:\Users\vanya\Documents\DATA_SYS_LAB\test44\final_benchmarks\test42_100k_exportpatch\queries\job_exact\30c.sql
duckdb,job_exact,30c,movie_info,mi,1,120235,496434,4.128864307398012,over,False,False,"SELECT COUNT(*) FROM ""movie_info"" AS mi WHERE (mi.info in ('Action',
                  'Adventure',
                  'Thriller',
                  'Drama',
                  'Comedy',
                  'Sci-Fi'))","SELECT * FROM ""movie_info"" AS mi WHERE (mi.info in ('Action',
                  'Adventure',
                  'Thriller',
                  'Drama',
                  'Comedy',
                  'Sci-Fi'))",C:\Users\vanya\Documents\DATA_SYS_LAB\test44\final_benchmarks\test42_100k_exportpatch\queries\job_exact\30c.sql
postgres,job_exact,30c,movie_info,mi,1,120235,119641,1.0049648531857809,under,False,False,"SELECT COUNT(*) FROM ""movie_info"" AS mi WHERE (mi.info in ('Action',
                  'Adventure',
                  'Thriller',
                  'Drama',
                  'Comedy',
                  'Sci-Fi'))","SELECT * FROM ""movie_info"" AS mi WHERE (mi.info in ('Action',
                  'Adventure',
                  'Thriller',
                  'Drama',
                  'Comedy',
                  'Sci-Fi'))",C:\Users\vanya\Documents\DATA_SYS_LAB\test44\final_benchmarks\test42_100k_exportpatch\queries\job_exact\30c.sql
duckdb,job_exact,30c,name,n,1,124894,120000,1.0407833333333334,under,False,False,"SELECT COUNT(*) FROM ""name"" AS n WHERE (n.gender = 'm')","SELECT * FROM ""name"" AS n WHERE (n.gender = 'm')",C:\Users\vanya\Documents\DATA_SYS_LAB\test44\final_benchmarks\test42_100k_exportpatch\queries\job_exact\30c.sql
postgres,job_exact,30c,name,n,1,124894,125088,1.0015533172129967,over,False,False,"SELECT COUNT(*) FROM ""name"" AS n WHERE (n.gender = 'm')","SELECT * FROM ""name"" AS n WHERE (n.gender = 'm')",C:\Users\vanya\Documents\DATA_SYS_LAB\test44\final_benchmarks\test42_100k_exportpatch\queries\job_exact\30c.sql
duckdb,job_exact,31a,cast_info,ci,1,1,845,845.0,over,False,True,"SELECT COUNT(*) FROM ""cast_info"" AS ci WHERE (ci.note = '(as Dmitry J. Stepanov)')","SELECT * FROM ""cast_info"" AS ci WHERE (ci.note = '(as Dmitry J. Stepanov)')",C:\Users\vanya\Documents\DATA_SYS_LAB\test44\final_benchmarks\test42_100k_exportpatch\queries\job_exact\31a.sql
postgres,job_exact,31a,cast_info,ci,1,1,91,91.0,over,False,True,"SELECT COUNT(*) FROM ""cast_info"" AS ci WHERE (ci.note = '(as Dmitry J. Stepanov)')","SELECT * FROM ""cast_info"" AS ci WHERE (ci.note = '(as Dmitry J. Stepanov)')",C:\Users\vanya\Documents\DATA_SYS_LAB\test44\final_benchmarks\test42_100k_exportpatch\queries\job_exact\31a.sql
duckdb,job_exact,31a,company_name,cn,1,8,1800,225.0,over,False,False,"SELECT COUNT(*) FROM ""company_name"" AS cn WHERE (cn.name like 'Deep Echo%')","SELECT * FROM ""company_name"" AS cn WHERE (cn.name like 'Deep Echo%')",C:\Users\vanya\Documents\DATA_SYS_LAB\test44\final_benchmarks\test42_100k_exportpatch\queries\job_exact\31a.sql
postgres,job_exact,31a,company_name,cn,1,8,1,8.0,under,False,False,"SELECT COUNT(*) FROM ""company_name"" AS cn WHERE (cn.name like 'Deep Echo%')","SELECT * FROM ""company_name"" AS cn WHERE (cn.name like 'Deep Echo%')",C:\Users\vanya\Documents\DATA_SYS_LAB\test44\final_benchmarks\test42_100k_exportpatch\queries\job_exact\31a.sql
duckdb,job_exact,31a,info_type,it1,1,1,2,2.0,over,False,False,"SELECT COUNT(*) FROM ""info_type"" AS it1 WHERE (it1.info = 'genres')","SELECT * FROM ""info_type"" AS it1 WHERE (it1.info = 'genres')",C:\Users\vanya\Documents\DATA_SYS_LAB\test44\final_benchmarks\test42_100k_exportpatch\queries\job_exact\31a.sql
postgres,job_exact,31a,info_type,it1,1,1,1,1.0,exact,False,False,"SELECT COUNT(*) FROM ""info_type"" AS it1 WHERE (it1.info = 'genres')","SELECT * FROM ""info_type"" AS it1 WHERE (it1.info = 'genres')",C:\Users\vanya\Documents\DATA_SYS_LAB\test44\final_benchmarks\test42_100k_exportpatch\queries\job_exact\31a.sql
duckdb,job_exact,31a,info_type,it2,1,1,2,2.0,over,False,False,"SELECT COUNT(*) FROM ""info_type"" AS it2 WHERE (it2.info = 'votes')","SELECT * FROM ""info_type"" AS it2 WHERE (it2.info = 'votes')",C:\Users\vanya\Documents\DATA_SYS_LAB\test44\final_benchmarks\test42_100k_exportpatch\queries\job_exact\31a.sql
postgres,job_exact,31a,info_type,it2,1,1,1,1.0,exact,False,False,"SELECT COUNT(*) FROM ""info_type"" AS it2 WHERE (it2.info = 'votes')","SELECT * FROM ""info_type"" AS it2 WHERE (it2.info = 'votes')",C:\Users\vanya\Documents\DATA_SYS_LAB\test44\final_benchmarks\test42_100k_exportpatch\queries\job_exact\31a.sql
duckdb,job_exact,31a,keyword,k,1,7,2283,326.14285714285717,over,False,False,"SELECT COUNT(*) FROM ""keyword"" AS k WHERE (k.keyword in ('vulnerable-period-piece',
                    'breakout-performance-earnest-psychological-study',
                    'addiction-recovery',
                    'introspective-isolated-community-period-piece',
                    'tragedy',
                    'melancholic-isolated-community-social-realism',
                    'love triangle-metropolitan'))","SELECT * FROM ""keyword"" AS k WHERE (k.keyword in ('vulnerable-period-piece',
                    'breakout-performance-earnest-psychological-study',
                    'addiction-recovery',
                    'introspective-isolated-community-period-piece',
                    'tragedy',
                    'melancholic-isolated-community-social-realism',
                    'love triangle-metropolitan'))",C:\Users\vanya\Documents\DATA_SYS_LAB\test44\final_benchmarks\test42_100k_exportpatch\queries\job_exact\31a.sql
postgres,job_exact,31a,keyword,k,1,7,7,1.0,exact,False,False,"SELECT COUNT(*) FROM ""keyword"" AS k WHERE (k.keyword in ('vulnerable-period-piece',
                    'breakout-performance-earnest-psychological-study',
                    'addiction-recovery',
                    'introspective-isolated-community-period-piece',
                    'tragedy',
                    'melancholic-isolated-community-social-realism',
                    'love triangle-metropolitan'))","SELECT * FROM ""keyword"" AS k WHERE (k.keyword in ('vulnerable-period-piece',
                    'breakout-performance-earnest-psychological-study',
                    'addiction-recovery',
                    'introspective-isolated-community-period-piece',
                    'tragedy',
                    'melancholic-isolated-community-social-realism',
                    'love triangle-metropolitan'))",C:\Users\vanya\Documents\DATA_SYS_LAB\test44\final_benchmarks\test42_100k_exportpatch\queries\job_exact\31a.sql
duckdb,job_exact,31a,movie_info,mi,1,59687,496434,8.317288521788663,over,False,False,"SELECT COUNT(*) FROM ""movie_info"" AS mi WHERE (mi.info in ('Drama',
                  'Comedy'))","SELECT * FROM ""movie_info"" AS mi WHERE (mi.info in ('Drama',
                  'Comedy'))",C:\Users\vanya\Documents\DATA_SYS_LAB\test44\final_benchmarks\test42_100k_exportpatch\queries\job_exact\31a.sql
postgres,job_exact,31a,movie_info,mi,1,59687,59241,1.0075285697405514,under,False,False,"SELECT COUNT(*) FROM ""movie_info"" AS mi WHERE (mi.info in ('Drama',
                  'Comedy'))","SELECT * FROM ""movie_info"" AS mi WHERE (mi.info in ('Drama',
                  'Comedy'))",C:\Users\vanya\Documents\DATA_SYS_LAB\test44\final_benchmarks\test42_100k_exportpatch\queries\job_exact\31a.sql
duckdb,job_exact,31a,name,n,1,124894,120000,1.0407833333333334,under,False,False,"SELECT COUNT(*) FROM ""name"" AS n WHERE (n.gender = 'm')","SELECT * FROM ""name"" AS n WHERE (n.gender = 'm')",C:\Users\vanya\Documents\DATA_SYS_LAB\test44\final_benchmarks\test42_100k_exportpatch\queries\job_exact\31a.sql
postgres,job_exact,31a,name,n,1,124894,125088,1.0015533172129967,over,False,False,"SELECT COUNT(*) FROM ""name"" AS n WHERE (n.gender = 'm')","SELECT * FROM ""name"" AS n WHERE (n.gender = 'm')",C:\Users\vanya\Documents\DATA_SYS_LAB\test44\final_benchmarks\test42_100k_exportpatch\queries\job_exact\31a.sql
duckdb,job_exact,31b,cast_info,ci,1,1,845,845.0,over,False,True,"SELECT COUNT(*) FROM ""cast_info"" AS ci WHERE (ci.note = '(as Dmitry J. Stepanov)')","SELECT * FROM ""cast_info"" AS ci WHERE (ci.note = '(as Dmitry J. Stepanov)')",C:\Users\vanya\Documents\DATA_SYS_LAB\test44\final_benchmarks\test42_100k_exportpatch\queries\job_exact\31b.sql
postgres,job_exact,31b,cast_info,ci,1,1,91,91.0,over,False,True,"SELECT COUNT(*) FROM ""cast_info"" AS ci WHERE (ci.note = '(as Dmitry J. Stepanov)')","SELECT * FROM ""cast_info"" AS ci WHERE (ci.note = '(as Dmitry J. Stepanov)')",C:\Users\vanya\Documents\DATA_SYS_LAB\test44\final_benchmarks\test42_100k_exportpatch\queries\job_exact\31b.sql
duckdb,job_exact,31b,company_name,cn,1,8,1800,225.0,over,False,False,"SELECT COUNT(*) FROM ""company_name"" AS cn WHERE (cn.name like 'Deep Echo%')","SELECT * FROM ""company_name"" AS cn WHERE (cn.name like 'Deep Echo%')",C:\Users\vanya\Documents\DATA_SYS_LAB\test44\final_benchmarks\test42_100k_exportpatch\queries\job_exact\31b.sql
postgres,job_exact,31b,company_name,cn,1,8,1,8.0,under,False,False,"SELECT COUNT(*) FROM ""company_name"" AS cn WHERE (cn.name like 'Deep Echo%')","SELECT * FROM ""company_name"" AS cn WHERE (cn.name like 'Deep Echo%')",C:\Users\vanya\Documents\DATA_SYS_LAB\test44\final_benchmarks\test42_100k_exportpatch\queries\job_exact\31b.sql
duckdb,job_exact,31b,info_type,it1,1,1,2,2.0,over,False,False,"SELECT COUNT(*) FROM ""info_type"" AS it1 WHERE (it1.info = 'genres')","SELECT * FROM ""info_type"" AS it1 WHERE (it1.info = 'genres')",C:\Users\vanya\Documents\DATA_SYS_LAB\test44\final_benchmarks\test42_100k_exportpatch\queries\job_exact\31b.sql
postgres,job_exact,31b,info_type,it1,1,1,1,1.0,exact,False,False,"SELECT COUNT(*) FROM ""info_type"" AS it1 WHERE (it1.info = 'genres')","SELECT * FROM ""info_type"" AS it1 WHERE (it1.info = 'genres')",C:\Users\vanya\Documents\DATA_SYS_LAB\test44\final_benchmarks\test42_100k_exportpatch\queries\job_exact\31b.sql
duckdb,job_exact,31b,info_type,it2,1,1,2,2.0,over,False,False,"SELECT COUNT(*) FROM ""info_type"" AS it2 WHERE (it2.info = 'votes')","SELECT * FROM ""info_type"" AS it2 WHERE (it2.info = 'votes')",C:\Users\vanya\Documents\DATA_SYS_LAB\test44\final_benchmarks\test42_100k_exportpatch\queries\job_exact\31b.sql
postgres,job_exact,31b,info_type,it2,1,1,1,1.0,exact,False,False,"SELECT COUNT(*) FROM ""info_type"" AS it2 WHERE (it2.info = 'votes')","SELECT * FROM ""info_type"" AS it2 WHERE (it2.info = 'votes')",C:\Users\vanya\Documents\DATA_SYS_LAB\test44\final_benchmarks\test42_100k_exportpatch\queries\job_exact\31b.sql
duckdb,job_exact,31b,keyword,k,1,7,2283,326.14285714285717,over,False,False,"SELECT COUNT(*) FROM ""keyword"" AS k WHERE (k.keyword in ('vulnerable-period-piece',
                    'breakout-performance-earnest-psychological-study',
                    'addiction-recovery',
                    'introspective-isolated-community-period-piece',
                    'tragedy',
                    'melancholic-isolated-community-social-realism',
                    'love triangle-metropolitan'))","SELECT * FROM ""keyword"" AS k WHERE (k.keyword in ('vulnerable-period-piece',
                    'breakout-performance-earnest-psychological-study',
                    'addiction-recovery',
                    'introspective-isolated-community-period-piece',
                    'tragedy',
                    'melancholic-isolated-community-social-realism',
                    'love triangle-metropolitan'))",C:\Users\vanya\Documents\DATA_SYS_LAB\test44\final_benchmarks\test42_100k_exportpatch\queries\job_exact\31b.sql
postgres,job_exact,31b,keyword,k,1,7,7,1.0,exact,False,False,"SELECT COUNT(*) FROM ""keyword"" AS k WHERE (k.keyword in ('vulnerable-period-piece',
                    'breakout-performance-earnest-psychological-study',
                    'addiction-recovery',
                    'introspective-isolated-community-period-piece',
                    'tragedy',
                    'melancholic-isolated-community-social-realism',
                    'love triangle-metropolitan'))","SELECT * FROM ""keyword"" AS k WHERE (k.keyword in ('vulnerable-period-piece',
                    'breakout-performance-earnest-psychological-study',
                    'addiction-recovery',
                    'introspective-isolated-community-period-piece',
                    'tragedy',
                    'melancholic-isolated-community-social-realism',
                    'love triangle-metropolitan'))",C:\Users\vanya\Documents\DATA_SYS_LAB\test44\final_benchmarks\test42_100k_exportpatch\queries\job_exact\31b.sql
duckdb,job_exact,31b,movie_companies,mc,1,10051,89517,8.90627798229032,over,False,False,"SELECT COUNT(*) FROM ""movie_companies"" AS mc WHERE (mc.note like '%(VHS)%')","SELECT * FROM ""movie_companies"" AS mc WHERE (mc.note like '%(VHS)%')",C:\Users\vanya\Documents\DATA_SYS_LAB\test44\final_benchmarks\test42_100k_exportpatch\queries\job_exact\31b.sql
postgres,job_exact,31b,movie_companies,mc,1,10051,13567,1.3498159387125659,over,False,False,"SELECT COUNT(*) FROM ""movie_companies"" AS mc WHERE (mc.note like '%(VHS)%')","SELECT * FROM ""movie_companies"" AS mc WHERE (mc.note like '%(VHS)%')",C:\Users\vanya\Documents\DATA_SYS_LAB\test44\final_benchmarks\test42_100k_exportpatch\queries\job_exact\31b.sql
duckdb,job_exact,31b,movie_info,mi,1,59687,496434,8.317288521788663,over,False,False,"SELECT COUNT(*) FROM ""movie_info"" AS mi WHERE (mi.info in ('Drama',
                  'Comedy'))","SELECT * FROM ""movie_info"" AS mi WHERE (mi.info in ('Drama',
                  'Comedy'))",C:\Users\vanya\Documents\DATA_SYS_LAB\test44\final_benchmarks\test42_100k_exportpatch\queries\job_exact\31b.sql
postgres,job_exact,31b,movie_info,mi,1,59687,59241,1.0075285697405514,under,False,False,"SELECT COUNT(*) FROM ""movie_info"" AS mi WHERE (mi.info in ('Drama',
                  'Comedy'))","SELECT * FROM ""movie_info"" AS mi WHERE (mi.info in ('Drama',
                  'Comedy'))",C:\Users\vanya\Documents\DATA_SYS_LAB\test44\final_benchmarks\test42_100k_exportpatch\queries\job_exact\31b.sql
duckdb,job_exact,31b,name,n,1,124894,120000,1.0407833333333334,under,False,False,"SELECT COUNT(*) FROM ""name"" AS n WHERE (n.gender = 'm')","SELECT * FROM ""name"" AS n WHERE (n.gender = 'm')",C:\Users\vanya\Documents\DATA_SYS_LAB\test44\final_benchmarks\test42_100k_exportpatch\queries\job_exact\31b.sql
postgres,job_exact,31b,name,n,1,124894,125088,1.0015533172129967,over,False,False,"SELECT COUNT(*) FROM ""name"" AS n WHERE (n.gender = 'm')","SELECT * FROM ""name"" AS n WHERE (n.gender = 'm')",C:\Users\vanya\Documents\DATA_SYS_LAB\test44\final_benchmarks\test42_100k_exportpatch\queries\job_exact\31b.sql
duckdb,job_exact,31b,title,t,2,3160,50291,15.91487341772152,over,False,False,"SELECT COUNT(*) FROM ""title"" AS t WHERE (t.production_year > 2000) AND (t.title like '%Golden%'
       OR t.title like '%Blade%'
       OR t.title like 'The Golden%')","SELECT * FROM ""title"" AS t WHERE (t.production_year > 2000) AND (t.title like '%Golden%'
       OR t.title like '%Blade%'
       OR t.title like 'The Golden%')",C:\Users\vanya\Documents\DATA_SYS_LAB\test44\final_benchmarks\test42_100k_exportpatch\queries\job_exact\31b.sql
postgres,job_exact,31b,title,t,2,3160,4014,1.2702531645569621,over,False,False,"SELECT COUNT(*) FROM ""title"" AS t WHERE (t.production_year > 2000) AND (t.title like '%Golden%'
       OR t.title like '%Blade%'
       OR t.title like 'The Golden%')","SELECT * FROM ""title"" AS t WHERE (t.production_year > 2000) AND (t.title like '%Golden%'
       OR t.title like '%Blade%'
       OR t.title like 'The Golden%')",C:\Users\vanya\Documents\DATA_SYS_LAB\test44\final_benchmarks\test42_100k_exportpatch\queries\job_exact\31b.sql
duckdb,job_exact,31c,cast_info,ci,1,1,845,845.0,over,False,True,"SELECT COUNT(*) FROM ""cast_info"" AS ci WHERE (ci.note = '(as Dmitry J. Stepanov)')","SELECT * FROM ""cast_info"" AS ci WHERE (ci.note = '(as Dmitry J. Stepanov)')",C:\Users\vanya\Documents\DATA_SYS_LAB\test44\final_benchmarks\test42_100k_exportpatch\queries\job_exact\31c.sql
postgres,job_exact,31c,cast_info,ci,1,1,91,91.0,over,False,True,"SELECT COUNT(*) FROM ""cast_info"" AS ci WHERE (ci.note = '(as Dmitry J. Stepanov)')","SELECT * FROM ""cast_info"" AS ci WHERE (ci.note = '(as Dmitry J. Stepanov)')",C:\Users\vanya\Documents\DATA_SYS_LAB\test44\final_benchmarks\test42_100k_exportpatch\queries\job_exact\31c.sql
duckdb,job_exact,31c,company_name,cn,1,8,1800,225.0,over,False,False,"SELECT COUNT(*) FROM ""company_name"" AS cn WHERE (cn.name like 'Deep Echo%')","SELECT * FROM ""company_name"" AS cn WHERE (cn.name like 'Deep Echo%')",C:\Users\vanya\Documents\DATA_SYS_LAB\test44\final_benchmarks\test42_100k_exportpatch\queries\job_exact\31c.sql
postgres,job_exact,31c,company_name,cn,1,8,1,8.0,under,False,False,"SELECT COUNT(*) FROM ""company_name"" AS cn WHERE (cn.name like 'Deep Echo%')","SELECT * FROM ""company_name"" AS cn WHERE (cn.name like 'Deep Echo%')",C:\Users\vanya\Documents\DATA_SYS_LAB\test44\final_benchmarks\test42_100k_exportpatch\queries\job_exact\31c.sql
duckdb,job_exact,31c,info_type,it1,1,1,2,2.0,over,False,False,"SELECT COUNT(*) FROM ""info_type"" AS it1 WHERE (it1.info = 'genres')","SELECT * FROM ""info_type"" AS it1 WHERE (it1.info = 'genres')",C:\Users\vanya\Documents\DATA_SYS_LAB\test44\final_benchmarks\test42_100k_exportpatch\queries\job_exact\31c.sql
postgres,job_exact,31c,info_type,it1,1,1,1,1.0,exact,False,False,"SELECT COUNT(*) FROM ""info_type"" AS it1 WHERE (it1.info = 'genres')","SELECT * FROM ""info_type"" AS it1 WHERE (it1.info = 'genres')",C:\Users\vanya\Documents\DATA_SYS_LAB\test44\final_benchmarks\test42_100k_exportpatch\queries\job_exact\31c.sql
duckdb,job_exact,31c,info_type,it2,1,1,2,2.0,over,False,False,"SELECT COUNT(*) FROM ""info_type"" AS it2 WHERE (it2.info = 'votes')","SELECT * FROM ""info_type"" AS it2 WHERE (it2.info = 'votes')",C:\Users\vanya\Documents\DATA_SYS_LAB\test44\final_benchmarks\test42_100k_exportpatch\queries\job_exact\31c.sql
postgres,job_exact,31c,info_type,it2,1,1,1,1.0,exact,False,False,"SELECT COUNT(*) FROM ""info_type"" AS it2 WHERE (it2.info = 'votes')","SELECT * FROM ""info_type"" AS it2 WHERE (it2.info = 'votes')",C:\Users\vanya\Documents\DATA_SYS_LAB\test44\final_benchmarks\test42_100k_exportpatch\queries\job_exact\31c.sql
duckdb,job_exact,31c,keyword,k,1,7,2283,326.14285714285717,over,False,False,"SELECT COUNT(*) FROM ""keyword"" AS k WHERE (k.keyword in ('vulnerable-period-piece',
                    'breakout-performance-earnest-psychological-study',
                    'addiction-recovery',
                    'introspective-isolated-community-period-piece',
                    'tragedy',
                    'melancholic-isolated-community-social-realism',
                    'love triangle-metropolitan'))","SELECT * FROM ""keyword"" AS k WHERE (k.keyword in ('vulnerable-period-piece',
                    'breakout-performance-earnest-psychological-study',
                    'addiction-recovery',
                    'introspective-isolated-community-period-piece',
                    'tragedy',
                    'melancholic-isolated-community-social-realism',
                    'love triangle-metropolitan'))",C:\Users\vanya\Documents\DATA_SYS_LAB\test44\final_benchmarks\test42_100k_exportpatch\queries\job_exact\31c.sql
postgres,job_exact,31c,keyword,k,1,7,7,1.0,exact,False,False,"SELECT COUNT(*) FROM ""keyword"" AS k WHERE (k.keyword in ('vulnerable-period-piece',
                    'breakout-performance-earnest-psychological-study',
                    'addiction-recovery',
                    'introspective-isolated-community-period-piece',
                    'tragedy',
                    'melancholic-isolated-community-social-realism',
                    'love triangle-metropolitan'))","SELECT * FROM ""keyword"" AS k WHERE (k.keyword in ('vulnerable-period-piece',
                    'breakout-performance-earnest-psychological-study',
                    'addiction-recovery',
                    'introspective-isolated-community-period-piece',
                    'tragedy',
                    'melancholic-isolated-community-social-realism',
                    'love triangle-metropolitan'))",C:\Users\vanya\Documents\DATA_SYS_LAB\test44\final_benchmarks\test42_100k_exportpatch\queries\job_exact\31c.sql
duckdb,job_exact,31c,movie_info,mi,1,117738,496434,4.216429699842022,over,False,False,"SELECT COUNT(*) FROM ""movie_info"" AS mi WHERE (mi.info in ('Drama',
                  'Comedy',
                  'Thriller',
                  'Action',
                  'Romance',
                  'Mystery'))","SELECT * FROM ""movie_info"" AS mi WHERE (mi.info in ('Drama',
                  'Comedy',
                  'Thriller',
                  'Action',
                  'Romance',
                  'Mystery'))",C:\Users\vanya\Documents\DATA_SYS_LAB\test44\final_benchmarks\test42_100k_exportpatch\queries\job_exact\31c.sql
postgres,job_exact,31c,movie_info,mi,1,117738,117158,1.0049505795592277,under,False,False,"SELECT COUNT(*) FROM ""movie_info"" AS mi WHERE (mi.info in ('Drama',
                  'Comedy',
                  'Thriller',
                  'Action',
                  'Romance',
                  'Mystery'))","SELECT * FROM ""movie_info"" AS mi WHERE (mi.info in ('Drama',
                  'Comedy',
                  'Thriller',
                  'Action',
                  'Romance',
                  'Mystery'))",C:\Users\vanya\Documents\DATA_SYS_LAB\test44\final_benchmarks\test42_100k_exportpatch\queries\job_exact\31c.sql
duckdb,job_exact,32a,keyword,k,1,1,1,1.0,exact,False,False,"SELECT COUNT(*) FROM ""keyword"" AS k WHERE (k.keyword ='stunt choreography')","SELECT * FROM ""keyword"" AS k WHERE (k.keyword ='stunt choreography')",C:\Users\vanya\Documents\DATA_SYS_LAB\test44\final_benchmarks\test42_100k_exportpatch\queries\job_exact\32a.sql
postgres,job_exact,32a,keyword,k,1,1,1,1.0,exact,False,False,"SELECT COUNT(*) FROM ""keyword"" AS k WHERE (k.keyword ='stunt choreography')","SELECT * FROM ""keyword"" AS k WHERE (k.keyword ='stunt choreography')",C:\Users\vanya\Documents\DATA_SYS_LAB\test44\final_benchmarks\test42_100k_exportpatch\queries\job_exact\32a.sql
duckdb,job_exact,32b,keyword,k,1,1,1,1.0,exact,False,False,"SELECT COUNT(*) FROM ""keyword"" AS k WHERE (k.keyword ='stunt choreography')","SELECT * FROM ""keyword"" AS k WHERE (k.keyword ='stunt choreography')",C:\Users\vanya\Documents\DATA_SYS_LAB\test44\final_benchmarks\test42_100k_exportpatch\queries\job_exact\32b.sql
postgres,job_exact,32b,keyword,k,1,1,1,1.0,exact,False,False,"SELECT COUNT(*) FROM ""keyword"" AS k WHERE (k.keyword ='stunt choreography')","SELECT * FROM ""keyword"" AS k WHERE (k.keyword ='stunt choreography')",C:\Users\vanya\Documents\DATA_SYS_LAB\test44\final_benchmarks\test42_100k_exportpatch\queries\job_exact\32b.sql
duckdb,job_exact,33a,company_name,cn1,1,4275,180,23.75,under,False,False,"SELECT COUNT(*) FROM ""company_name"" AS cn1 WHERE (cn1.country_code = '[us]')","SELECT * FROM ""company_name"" AS cn1 WHERE (cn1.country_code = '[us]')",C:\Users\vanya\Documents\DATA_SYS_LAB\test44\final_benchmarks\test42_100k_exportpatch\queries\job_exact\33a.sql
postgres,job_exact,33a,company_name,cn1,1,4275,4275,1.0,exact,False,False,"SELECT COUNT(*) FROM ""company_name"" AS cn1 WHERE (cn1.country_code = '[us]')","SELECT * FROM ""company_name"" AS cn1 WHERE (cn1.country_code = '[us]')",C:\Users\vanya\Documents\DATA_SYS_LAB\test44\final_benchmarks\test42_100k_exportpatch\queries\job_exact\33a.sql
duckdb,job_exact,33a,info_type,it1,1,1,2,2.0,over,False,False,"SELECT COUNT(*) FROM ""info_type"" AS it1 WHERE (it1.info = 'rating')","SELECT * FROM ""info_type"" AS it1 WHERE (it1.info = 'rating')",C:\Users\vanya\Documents\DATA_SYS_LAB\test44\final_benchmarks\test42_100k_exportpatch\queries\job_exact\33a.sql
postgres,job_exact,33a,info_type,it1,1,1,1,1.0,exact,False,False,"SELECT COUNT(*) FROM ""info_type"" AS it1 WHERE (it1.info = 'rating')","SELECT * FROM ""info_type"" AS it1 WHERE (it1.info = 'rating')",C:\Users\vanya\Documents\DATA_SYS_LAB\test44\final_benchmarks\test42_100k_exportpatch\queries\job_exact\33a.sql
duckdb,job_exact,33a,info_type,it2,1,1,2,2.0,over,False,False,"SELECT COUNT(*) FROM ""info_type"" AS it2 WHERE (it2.info = 'rating')","SELECT * FROM ""info_type"" AS it2 WHERE (it2.info = 'rating')",C:\Users\vanya\Documents\DATA_SYS_LAB\test44\final_benchmarks\test42_100k_exportpatch\queries\job_exact\33a.sql
postgres,job_exact,33a,info_type,it2,1,1,1,1.0,exact,False,False,"SELECT COUNT(*) FROM ""info_type"" AS it2 WHERE (it2.info = 'rating')","SELECT * FROM ""info_type"" AS it2 WHERE (it2.info = 'rating')",C:\Users\vanya\Documents\DATA_SYS_LAB\test44\final_benchmarks\test42_100k_exportpatch\queries\job_exact\33a.sql
duckdb,job_exact,33a,kind_type,kt1,1,1,1,1.0,exact,False,False,"SELECT COUNT(*) FROM ""kind_type"" AS kt1 WHERE (kt1.kind in ('movie'))","SELECT * FROM ""kind_type"" AS kt1 WHERE (kt1.kind in ('movie'))",C:\Users\vanya\Documents\DATA_SYS_LAB\test44\final_benchmarks\test42_100k_exportpatch\queries\job_exact\33a.sql
postgres,job_exact,33a,kind_type,kt1,1,1,1,1.0,exact,False,False,"SELECT COUNT(*) FROM ""kind_type"" AS kt1 WHERE (kt1.kind in ('movie'))","SELECT * FROM ""kind_type"" AS kt1 WHERE (kt1.kind in ('movie'))",C:\Users\vanya\Documents\DATA_SYS_LAB\test44\final_benchmarks\test42_100k_exportpatch\queries\job_exact\33a.sql
duckdb,job_exact,33a,kind_type,kt2,1,1,1,1.0,exact,False,False,"SELECT COUNT(*) FROM ""kind_type"" AS kt2 WHERE (kt2.kind in ('movie'))","SELECT * FROM ""kind_type"" AS kt2 WHERE (kt2.kind in ('movie'))",C:\Users\vanya\Documents\DATA_SYS_LAB\test44\final_benchmarks\test42_100k_exportpatch\queries\job_exact\33a.sql
postgres,job_exact,33a,kind_type,kt2,1,1,1,1.0,exact,False,False,"SELECT COUNT(*) FROM ""kind_type"" AS kt2 WHERE (kt2.kind in ('movie'))","SELECT * FROM ""kind_type"" AS kt2 WHERE (kt2.kind in ('movie'))",C:\Users\vanya\Documents\DATA_SYS_LAB\test44\final_benchmarks\test42_100k_exportpatch\queries\job_exact\33a.sql
duckdb,job_exact,33a,link_type,lt,1,3,3,1.0,exact,False,False,"SELECT COUNT(*) FROM ""link_type"" AS lt WHERE (lt.link in ('remake of',
                  'spin off',
                  'features'))","SELECT * FROM ""link_type"" AS lt WHERE (lt.link in ('remake of',
                  'spin off',
                  'features'))",C:\Users\vanya\Documents\DATA_SYS_LAB\test44\final_benchmarks\test42_100k_exportpatch\queries\job_exact\33a.sql
postgres,job_exact,33a,link_type,lt,1,3,3,1.0,exact,False,False,"SELECT COUNT(*) FROM ""link_type"" AS lt WHERE (lt.link in ('remake of',
                  'spin off',
                  'features'))","SELECT * FROM ""link_type"" AS lt WHERE (lt.link in ('remake of',
                  'spin off',
                  'features'))",C:\Users\vanya\Documents\DATA_SYS_LAB\test44\final_benchmarks\test42_100k_exportpatch\queries\job_exact\33a.sql
duckdb,job_exact,33a,movie_info_idx,mi_idx2,1,205052,100634,2.037601605819107,under,False,False,"SELECT COUNT(*) FROM ""movie_info_idx"" AS mi_idx2 WHERE (mi_idx2.info < '8.0')","SELECT * FROM ""movie_info_idx"" AS mi_idx2 WHERE (mi_idx2.info < '8.0')",C:\Users\vanya\Documents\DATA_SYS_LAB\test44\final_benchmarks\test42_100k_exportpatch\queries\job_exact\33a.sql
postgres,job_exact,33a,movie_info_idx,mi_idx2,1,450652,449109,1.0034356915581741,under,False,False,"SELECT COUNT(*) FROM ""movie_info_idx"" AS mi_idx2 WHERE (mi_idx2.info < '8.0')","SELECT * FROM ""movie_info_idx"" AS mi_idx2 WHERE (mi_idx2.info < '8.0')",C:\Users\vanya\Documents\DATA_SYS_LAB\test44\final_benchmarks\test42_100k_exportpatch\queries\job_exact\33a.sql
duckdb,job_exact,33b,company_name,cn1,1,4275,180,23.75,under,False,False,"SELECT COUNT(*) FROM ""company_name"" AS cn1 WHERE (cn1.country_code = '[us]')","SELECT * FROM ""company_name"" AS cn1 WHERE (cn1.country_code = '[us]')",C:\Users\vanya\Documents\DATA_SYS_LAB\test44\final_benchmarks\test42_100k_exportpatch\queries\job_exact\33b.sql
postgres,job_exact,33b,company_name,cn1,1,4275,4275,1.0,exact,False,False,"SELECT COUNT(*) FROM ""company_name"" AS cn1 WHERE (cn1.country_code = '[us]')","SELECT * FROM ""company_name"" AS cn1 WHERE (cn1.country_code = '[us]')",C:\Users\vanya\Documents\DATA_SYS_LAB\test44\final_benchmarks\test42_100k_exportpatch\queries\job_exact\33b.sql
duckdb,job_exact,33b,info_type,it1,1,1,2,2.0,over,False,False,"SELECT COUNT(*) FROM ""info_type"" AS it1 WHERE (it1.info = 'rating')","SELECT * FROM ""info_type"" AS it1 WHERE (it1.info = 'rating')",C:\Users\vanya\Documents\DATA_SYS_LAB\test44\final_benchmarks\test42_100k_exportpatch\queries\job_exact\33b.sql
postgres,job_exact,33b,info_type,it1,1,1,1,1.0,exact,False,False,"SELECT COUNT(*) FROM ""info_type"" AS it1 WHERE (it1.info = 'rating')","SELECT * FROM ""info_type"" AS it1 WHERE (it1.info = 'rating')",C:\Users\vanya\Documents\DATA_SYS_LAB\test44\final_benchmarks\test42_100k_exportpatch\queries\job_exact\33b.sql
duckdb,job_exact,33b,info_type,it2,1,1,2,2.0,over,False,False,"SELECT COUNT(*) FROM ""info_type"" AS it2 WHERE (it2.info = 'rating')","SELECT * FROM ""info_type"" AS it2 WHERE (it2.info = 'rating')",C:\Users\vanya\Documents\DATA_SYS_LAB\test44\final_benchmarks\test42_100k_exportpatch\queries\job_exact\33b.sql
postgres,job_exact,33b,info_type,it2,1,1,1,1.0,exact,False,False,"SELECT COUNT(*) FROM ""info_type"" AS it2 WHERE (it2.info = 'rating')","SELECT * FROM ""info_type"" AS it2 WHERE (it2.info = 'rating')",C:\Users\vanya\Documents\DATA_SYS_LAB\test44\final_benchmarks\test42_100k_exportpatch\queries\job_exact\33b.sql
duckdb,job_exact,33b,kind_type,kt1,1,1,1,1.0,exact,False,False,"SELECT COUNT(*) FROM ""kind_type"" AS kt1 WHERE (kt1.kind in ('movie'))","SELECT * FROM ""kind_type"" AS kt1 WHERE (kt1.kind in ('movie'))",C:\Users\vanya\Documents\DATA_SYS_LAB\test44\final_benchmarks\test42_100k_exportpatch\queries\job_exact\33b.sql
postgres,job_exact,33b,kind_type,kt1,1,1,1,1.0,exact,False,False,"SELECT COUNT(*) FROM ""kind_type"" AS kt1 WHERE (kt1.kind in ('movie'))","SELECT * FROM ""kind_type"" AS kt1 WHERE (kt1.kind in ('movie'))",C:\Users\vanya\Documents\DATA_SYS_LAB\test44\final_benchmarks\test42_100k_exportpatch\queries\job_exact\33b.sql
duckdb,job_exact,33b,kind_type,kt2,1,1,1,1.0,exact,False,False,"SELECT COUNT(*) FROM ""kind_type"" AS kt2 WHERE (kt2.kind in ('movie'))","SELECT * FROM ""kind_type"" AS kt2 WHERE (kt2.kind in ('movie'))",C:\Users\vanya\Documents\DATA_SYS_LAB\test44\final_benchmarks\test42_100k_exportpatch\queries\job_exact\33b.sql
postgres,job_exact,33b,kind_type,kt2,1,1,1,1.0,exact,False,False,"SELECT COUNT(*) FROM ""kind_type"" AS kt2 WHERE (kt2.kind in ('movie'))","SELECT * FROM ""kind_type"" AS kt2 WHERE (kt2.kind in ('movie'))",C:\Users\vanya\Documents\DATA_SYS_LAB\test44\final_benchmarks\test42_100k_exportpatch\queries\job_exact\33b.sql
duckdb,job_exact,33b,link_type,lt,1,1,3,3.0,over,False,False,"SELECT COUNT(*) FROM ""link_type"" AS lt WHERE (lt.link LIKE '%remake%')","SELECT * FROM ""link_type"" AS lt WHERE (lt.link LIKE '%remake%')",C:\Users\vanya\Documents\DATA_SYS_LAB\test44\final_benchmarks\test42_100k_exportpatch\queries\job_exact\33b.sql
postgres,job_exact,33b,link_type,lt,1,1,1,1.0,exact,False,False,"SELECT COUNT(*) FROM ""link_type"" AS lt WHERE (lt.link LIKE '%remake%')","SELECT * FROM ""link_type"" AS lt WHERE (lt.link LIKE '%remake%')",C:\Users\vanya\Documents\DATA_SYS_LAB\test44\final_benchmarks\test42_100k_exportpatch\queries\job_exact\33b.sql
duckdb,job_exact,33b,movie_info_idx,mi_idx2,1,205052,100634,2.037601605819107,under,False,False,"SELECT COUNT(*) FROM ""movie_info_idx"" AS mi_idx2 WHERE (mi_idx2.info < '8.0')","SELECT * FROM ""movie_info_idx"" AS mi_idx2 WHERE (mi_idx2.info < '8.0')",C:\Users\vanya\Documents\DATA_SYS_LAB\test44\final_benchmarks\test42_100k_exportpatch\queries\job_exact\33b.sql
postgres,job_exact,33b,movie_info_idx,mi_idx2,1,450652,449109,1.0034356915581741,under,False,False,"SELECT COUNT(*) FROM ""movie_info_idx"" AS mi_idx2 WHERE (mi_idx2.info < '8.0')","SELECT * FROM ""movie_info_idx"" AS mi_idx2 WHERE (mi_idx2.info < '8.0')",C:\Users\vanya\Documents\DATA_SYS_LAB\test44\final_benchmarks\test42_100k_exportpatch\queries\job_exact\33b.sql
duckdb,job_exact,33b,title,t2,1,1521,3224,2.1196581196581197,over,False,False,"SELECT COUNT(*) FROM ""title"" AS t2 WHERE (t2.production_year = 2000)","SELECT * FROM ""title"" AS t2 WHERE (t2.production_year = 2000)",C:\Users\vanya\Documents\DATA_SYS_LAB\test44\final_benchmarks\test42_100k_exportpatch\queries\job_exact\33b.sql
postgres,job_exact,33b,title,t2,1,1521,1425,1.0673684210526315,under,False,False,"SELECT COUNT(*) FROM ""title"" AS t2 WHERE (t2.production_year = 2000)","SELECT * FROM ""title"" AS t2 WHERE (t2.production_year = 2000)",C:\Users\vanya\Documents\DATA_SYS_LAB\test44\final_benchmarks\test42_100k_exportpatch\queries\job_exact\33b.sql
duckdb,job_exact,33c,company_name,cn1,1,4725,1800,2.625,under,False,False,"SELECT COUNT(*) FROM ""company_name"" AS cn1 WHERE (cn1.country_code != '[us]')","SELECT * FROM ""company_name"" AS cn1 WHERE (cn1.country_code != '[us]')",C:\Users\vanya\Documents\DATA_SYS_LAB\test44\final_benchmarks\test42_100k_exportpatch\queries\job_exact\33c.sql
postgres,job_exact,33c,company_name,cn1,1,4725,4725,1.0,exact,False,False,"SELECT COUNT(*) FROM ""company_name"" AS cn1 WHERE (cn1.country_code != '[us]')","SELECT * FROM ""company_name"" AS cn1 WHERE (cn1.country_code != '[us]')",C:\Users\vanya\Documents\DATA_SYS_LAB\test44\final_benchmarks\test42_100k_exportpatch\queries\job_exact\33c.sql
duckdb,job_exact,33c,info_type,it1,1,1,2,2.0,over,False,False,"SELECT COUNT(*) FROM ""info_type"" AS it1 WHERE (it1.info = 'rating')","SELECT * FROM ""info_type"" AS it1 WHERE (it1.info = 'rating')",C:\Users\vanya\Documents\DATA_SYS_LAB\test44\final_benchmarks\test42_100k_exportpatch\queries\job_exact\33c.sql
postgres,job_exact,33c,info_type,it1,1,1,1,1.0,exact,False,False,"SELECT COUNT(*) FROM ""info_type"" AS it1 WHERE (it1.info = 'rating')","SELECT * FROM ""info_type"" AS it1 WHERE (it1.info = 'rating')",C:\Users\vanya\Documents\DATA_SYS_LAB\test44\final_benchmarks\test42_100k_exportpatch\queries\job_exact\33c.sql
duckdb,job_exact,33c,info_type,it2,1,1,2,2.0,over,False,False,"SELECT COUNT(*) FROM ""info_type"" AS it2 WHERE (it2.info = 'rating')","SELECT * FROM ""info_type"" AS it2 WHERE (it2.info = 'rating')",C:\Users\vanya\Documents\DATA_SYS_LAB\test44\final_benchmarks\test42_100k_exportpatch\queries\job_exact\33c.sql
postgres,job_exact,33c,info_type,it2,1,1,1,1.0,exact,False,False,"SELECT COUNT(*) FROM ""info_type"" AS it2 WHERE (it2.info = 'rating')","SELECT * FROM ""info_type"" AS it2 WHERE (it2.info = 'rating')",C:\Users\vanya\Documents\DATA_SYS_LAB\test44\final_benchmarks\test42_100k_exportpatch\queries\job_exact\33c.sql
duckdb,job_exact,33c,kind_type,kt1,1,1,1,1.0,exact,False,True,"SELECT COUNT(*) FROM ""kind_type"" AS kt1 WHERE (kt1.kind = 'movie')","SELECT * FROM ""kind_type"" AS kt1 WHERE (kt1.kind = 'movie')",C:\Users\vanya\Documents\DATA_SYS_LAB\test44\final_benchmarks\test42_100k_exportpatch\queries\job_exact\33c.sql
postgres,job_exact,33c,kind_type,kt1,1,1,1,1.0,exact,False,True,"SELECT COUNT(*) FROM ""kind_type"" AS kt1 WHERE (kt1.kind = 'movie')","SELECT * FROM ""kind_type"" AS kt1 WHERE (kt1.kind = 'movie')",C:\Users\vanya\Documents\DATA_SYS_LAB\test44\final_benchmarks\test42_100k_exportpatch\queries\job_exact\33c.sql
duckdb,job_exact,33c,kind_type,kt2,1,1,1,1.0,exact,False,True,"SELECT COUNT(*) FROM ""kind_type"" AS kt2 WHERE (kt2.kind = 'movie')","SELECT * FROM ""kind_type"" AS kt2 WHERE (kt2.kind = 'movie')",C:\Users\vanya\Documents\DATA_SYS_LAB\test44\final_benchmarks\test42_100k_exportpatch\queries\job_exact\33c.sql
postgres,job_exact,33c,kind_type,kt2,1,1,1,1.0,exact,False,True,"SELECT COUNT(*) FROM ""kind_type"" AS kt2 WHERE (kt2.kind = 'movie')","SELECT * FROM ""kind_type"" AS kt2 WHERE (kt2.kind = 'movie')",C:\Users\vanya\Documents\DATA_SYS_LAB\test44\final_benchmarks\test42_100k_exportpatch\queries\job_exact\33c.sql
duckdb,job_exact,33c,link_type,lt,1,3,3,1.0,exact,False,False,"SELECT COUNT(*) FROM ""link_type"" AS lt WHERE (lt.link in ('features',
                  'spin off',
                  'remake of'))","SELECT * FROM ""link_type"" AS lt WHERE (lt.link in ('features',
                  'spin off',
                  'remake of'))",C:\Users\vanya\Documents\DATA_SYS_LAB\test44\final_benchmarks\test42_100k_exportpatch\queries\job_exact\33c.sql
postgres,job_exact,33c,link_type,lt,1,3,3,1.0,exact,False,False,"SELECT COUNT(*) FROM ""link_type"" AS lt WHERE (lt.link in ('features',
                  'spin off',
                  'remake of'))","SELECT * FROM ""link_type"" AS lt WHERE (lt.link in ('features',
                  'spin off',
                  'remake of'))",C:\Users\vanya\Documents\DATA_SYS_LAB\test44\final_benchmarks\test42_100k_exportpatch\queries\job_exact\33c.sql
duckdb,job_exact,33c,movie_info_idx,mi_idx2,1,237267,100634,2.3577220422521217,under,False,False,"SELECT COUNT(*) FROM ""movie_info_idx"" AS mi_idx2 WHERE (mi_idx2.info < '9.0')","SELECT * FROM ""movie_info_idx"" AS mi_idx2 WHERE (mi_idx2.info < '9.0')",C:\Users\vanya\Documents\DATA_SYS_LAB\test44\final_benchmarks\test42_100k_exportpatch\queries\job_exact\33c.sql
postgres,job_exact,33c,movie_info_idx,mi_idx2,1,487173,486113,1.0021805629555267,under,False,False,"SELECT COUNT(*) FROM ""movie_info_idx"" AS mi_idx2 WHERE (mi_idx2.info < '9.0')","SELECT * FROM ""movie_info_idx"" AS mi_idx2 WHERE (mi_idx2.info < '9.0')",C:\Users\vanya\Documents\DATA_SYS_LAB\test44\final_benchmarks\test42_100k_exportpatch\queries\job_exact\33c.sql
duckdb,job_complex,01,company_name,cn,2,1,1800,1800.0,over,False,False,"SELECT COUNT(*) FROM ""company_name"" AS cn WHERE (cn.country_code !='[pl]') AND (cn.name LIKE '%High Origin House%' OR cn.name LIKE '%High Origin House%')","SELECT * FROM ""company_name"" AS cn WHERE (cn.country_code !='[pl]') AND (cn.name LIKE '%High Origin House%' OR cn.name LIKE '%High Origin House%')",C:\Users\vanya\Documents\DATA_SYS_LAB\test44\final_benchmarks\test42_100k_exportpatch\queries\job_complex\01.sql
postgres,job_complex,01,company_name,cn,2,1,1,1.0,exact,False,False,"SELECT COUNT(*) FROM ""company_name"" AS cn WHERE (cn.country_code !='[pl]') AND (cn.name LIKE '%High Origin House%' OR cn.name LIKE '%High Origin House%')","SELECT * FROM ""company_name"" AS cn WHERE (cn.country_code !='[pl]') AND (cn.name LIKE '%High Origin House%' OR cn.name LIKE '%High Origin House%')",C:\Users\vanya\Documents\DATA_SYS_LAB\test44\final_benchmarks\test42_100k_exportpatch\queries\job_complex\01.sql
duckdb,job_complex,01,company_type,ct,1,1,1,1.0,exact,False,False,"SELECT COUNT(*) FROM ""company_type"" AS ct WHERE (ct.kind ='production companies')","SELECT * FROM ""company_type"" AS ct WHERE (ct.kind ='production companies')",C:\Users\vanya\Documents\DATA_SYS_LAB\test44\final_benchmarks\test42_100k_exportpatch\queries\job_complex\01.sql
postgres,job_complex,01,company_type,ct,1,1,1,1.0,exact,False,False,"SELECT COUNT(*) FROM ""company_type"" AS ct WHERE (ct.kind ='production companies')","SELECT * FROM ""company_type"" AS ct WHERE (ct.kind ='production companies')",C:\Users\vanya\Documents\DATA_SYS_LAB\test44\final_benchmarks\test42_100k_exportpatch\queries\job_complex\01.sql
duckdb,job_complex,01,keyword,k,1,1,1,1.0,exact,False,False,"SELECT COUNT(*) FROM ""keyword"" AS k WHERE (k.keyword ='uplifting-parent-child-bond')","SELECT * FROM ""keyword"" AS k WHERE (k.keyword ='uplifting-parent-child-bond')",C:\Users\vanya\Documents\DATA_SYS_LAB\test44\final_benchmarks\test42_100k_exportpatch\queries\job_complex\01.sql
postgres,job_complex,01,keyword,k,1,1,1,1.0,exact,False,False,"SELECT COUNT(*) FROM ""keyword"" AS k WHERE (k.keyword ='uplifting-parent-child-bond')","SELECT * FROM ""keyword"" AS k WHERE (k.keyword ='uplifting-parent-child-bond')",C:\Users\vanya\Documents\DATA_SYS_LAB\test44\final_benchmarks\test42_100k_exportpatch\queries\job_complex\01.sql
duckdb,job_complex,01,link_type,lt,1,1,3,3.0,over,False,False,"SELECT COUNT(*) FROM ""link_type"" AS lt WHERE (lt.link LIKE '%references%')","SELECT * FROM ""link_type"" AS lt WHERE (lt.link LIKE '%references%')",C:\Users\vanya\Documents\DATA_SYS_LAB\test44\final_benchmarks\test42_100k_exportpatch\queries\job_complex\01.sql
postgres,job_complex,01,link_type,lt,1,1,1,1.0,exact,False,False,"SELECT COUNT(*) FROM ""link_type"" AS lt WHERE (lt.link LIKE '%references%')","SELECT * FROM ""link_type"" AS lt WHERE (lt.link LIKE '%references%')",C:\Users\vanya\Documents\DATA_SYS_LAB\test44\final_benchmarks\test42_100k_exportpatch\queries\job_complex\01.sql
duckdb,job_complex,01,movie_companies,mc,1,189716,89517,2.1193292894087157,under,False,False,"SELECT COUNT(*) FROM ""movie_companies"" AS mc WHERE (mc.note IS NULL)","SELECT * FROM ""movie_companies"" AS mc WHERE (mc.note IS NULL)",C:\Users\vanya\Documents\DATA_SYS_LAB\test44\final_benchmarks\test42_100k_exportpatch\queries\job_complex\01.sql
postgres,job_complex,01,movie_companies,mc,1,189716,188687,1.005453475862142,under,False,False,"SELECT COUNT(*) FROM ""movie_companies"" AS mc WHERE (mc.note IS NULL)","SELECT * FROM ""movie_companies"" AS mc WHERE (mc.note IS NULL)",C:\Users\vanya\Documents\DATA_SYS_LAB\test44\final_benchmarks\test42_100k_exportpatch\queries\job_complex\01.sql
duckdb,job_complex,01,movie_info,mi,1,14704,496434,33.76183351468988,over,False,False,"SELECT COUNT(*) FROM ""movie_info"" AS mi WHERE (mi.info IN ('Family', 'Norway', 'Germany', 'Denmark'))","SELECT * FROM ""movie_info"" AS mi WHERE (mi.info IN ('Family', 'Norway', 'Germany', 'Denmark'))",C:\Users\vanya\Documents\DATA_SYS_LAB\test44\final_benchmarks\test42_100k_exportpatch\queries\job_complex\01.sql
postgres,job_complex,01,movie_info,mi,1,14704,13038,1.1277803344071176,under,False,False,"SELECT COUNT(*) FROM ""movie_info"" AS mi WHERE (mi.info IN ('Family', 'Norway', 'Germany', 'Denmark'))","SELECT * FROM ""movie_info"" AS mi WHERE (mi.info IN ('Family', 'Norway', 'Germany', 'Denmark'))",C:\Users\vanya\Documents\DATA_SYS_LAB\test44\final_benchmarks\test42_100k_exportpatch\queries\job_complex\01.sql
duckdb,job_complex,02,company_name,cn,2,1,1800,1800.0,over,False,False,"SELECT COUNT(*) FROM ""company_name"" AS cn WHERE (cn.country_code != '[pl]') AND (cn.name LIKE '%High Origin House%' OR cn.name LIKE '%High Origin House%')","SELECT * FROM ""company_name"" AS cn WHERE (cn.country_code != '[pl]') AND (cn.name LIKE '%High Origin House%' OR cn.name LIKE '%High Origin House%')",C:\Users\vanya\Documents\DATA_SYS_LAB\test44\final_benchmarks\test42_100k_exportpatch\queries\job_complex\02.sql
postgres,job_complex,02,company_name,cn,2,1,1,1.0,exact,False,False,"SELECT COUNT(*) FROM ""company_name"" AS cn WHERE (cn.country_code != '[pl]') AND (cn.name LIKE '%High Origin House%' OR cn.name LIKE '%High Origin House%')","SELECT * FROM ""company_name"" AS cn WHERE (cn.country_code != '[pl]') AND (cn.name LIKE '%High Origin House%' OR cn.name LIKE '%High Origin House%')",C:\Users\vanya\Documents\DATA_SYS_LAB\test44\final_benchmarks\test42_100k_exportpatch\queries\job_complex\02.sql
duckdb,job_complex,02,company_type,ct,1,1,1,1.0,exact,False,False,"SELECT COUNT(*) FROM ""company_type"" AS ct WHERE (ct.kind = 'production companies')","SELECT * FROM ""company_type"" AS ct WHERE (ct.kind = 'production companies')",C:\Users\vanya\Documents\DATA_SYS_LAB\test44\final_benchmarks\test42_100k_exportpatch\queries\job_complex\02.sql
postgres,job_complex,02,company_type,ct,1,1,1,1.0,exact,False,False,"SELECT COUNT(*) FROM ""company_type"" AS ct WHERE (ct.kind = 'production companies')","SELECT * FROM ""company_type"" AS ct WHERE (ct.kind = 'production companies')",C:\Users\vanya\Documents\DATA_SYS_LAB\test44\final_benchmarks\test42_100k_exportpatch\queries\job_complex\02.sql
duckdb,job_complex,02,keyword,k,1,1,1,1.0,exact,False,False,"SELECT COUNT(*) FROM ""keyword"" AS k WHERE (k.keyword = 'uplifting-parent-child-bond')","SELECT * FROM ""keyword"" AS k WHERE (k.keyword = 'uplifting-parent-child-bond')",C:\Users\vanya\Documents\DATA_SYS_LAB\test44\final_benchmarks\test42_100k_exportpatch\queries\job_complex\02.sql
postgres,job_complex,02,keyword,k,1,1,1,1.0,exact,False,False,"SELECT COUNT(*) FROM ""keyword"" AS k WHERE (k.keyword = 'uplifting-parent-child-bond')","SELECT * FROM ""keyword"" AS k WHERE (k.keyword = 'uplifting-parent-child-bond')",C:\Users\vanya\Documents\DATA_SYS_LAB\test44\final_benchmarks\test42_100k_exportpatch\queries\job_complex\02.sql
duckdb,job_complex,02,link_type,lt,1,1,3,3.0,over,False,False,"SELECT COUNT(*) FROM ""link_type"" AS lt WHERE (lt.link LIKE '%references%')","SELECT * FROM ""link_type"" AS lt WHERE (lt.link LIKE '%references%')",C:\Users\vanya\Documents\DATA_SYS_LAB\test44\final_benchmarks\test42_100k_exportpatch\queries\job_complex\02.sql
postgres,job_complex,02,link_type,lt,1,1,1,1.0,exact,False,False,"SELECT COUNT(*) FROM ""link_type"" AS lt WHERE (lt.link LIKE '%references%')","SELECT * FROM ""link_type"" AS lt WHERE (lt.link LIKE '%references%')",C:\Users\vanya\Documents\DATA_SYS_LAB\test44\final_benchmarks\test42_100k_exportpatch\queries\job_complex\02.sql
duckdb,job_complex,02,movie_companies,mc,1,189716,89517,2.1193292894087157,under,False,False,"SELECT COUNT(*) FROM ""movie_companies"" AS mc WHERE (mc.note IS NULL)","SELECT * FROM ""movie_companies"" AS mc WHERE (mc.note IS NULL)",C:\Users\vanya\Documents\DATA_SYS_LAB\test44\final_benchmarks\test42_100k_exportpatch\queries\job_complex\02.sql
postgres,job_complex,02,movie_companies,mc,1,189716,188687,1.005453475862142,under,False,False,"SELECT COUNT(*) FROM ""movie_companies"" AS mc WHERE (mc.note IS NULL)","SELECT * FROM ""movie_companies"" AS mc WHERE (mc.note IS NULL)",C:\Users\vanya\Documents\DATA_SYS_LAB\test44\final_benchmarks\test42_100k_exportpatch\queries\job_complex\02.sql
duckdb,job_complex,03,company_name,cn,2,1,1800,1800.0,over,False,False,"SELECT COUNT(*) FROM ""company_name"" AS cn WHERE (cn.country_code !='[pl]') AND (cn.name LIKE '%High Origin House%' OR cn.name LIKE '%High Origin House%')","SELECT * FROM ""company_name"" AS cn WHERE (cn.country_code !='[pl]') AND (cn.name LIKE '%High Origin House%' OR cn.name LIKE '%High Origin House%')",C:\Users\vanya\Documents\DATA_SYS_LAB\test44\final_benchmarks\test42_100k_exportpatch\queries\job_complex\03.sql
postgres,job_complex,03,company_name,cn,2,1,1,1.0,exact,False,False,"SELECT COUNT(*) FROM ""company_name"" AS cn WHERE (cn.country_code !='[pl]') AND (cn.name LIKE '%High Origin House%' OR cn.name LIKE '%High Origin House%')","SELECT * FROM ""company_name"" AS cn WHERE (cn.country_code !='[pl]') AND (cn.name LIKE '%High Origin House%' OR cn.name LIKE '%High Origin House%')",C:\Users\vanya\Documents\DATA_SYS_LAB\test44\final_benchmarks\test42_100k_exportpatch\queries\job_complex\03.sql
duckdb,job_complex,03,company_type,ct,1,1,1,1.0,exact,False,False,"SELECT COUNT(*) FROM ""company_type"" AS ct WHERE (ct.kind ='production companies')","SELECT * FROM ""company_type"" AS ct WHERE (ct.kind ='production companies')",C:\Users\vanya\Documents\DATA_SYS_LAB\test44\final_benchmarks\test42_100k_exportpatch\queries\job_complex\03.sql
postgres,job_complex,03,company_type,ct,1,1,1,1.0,exact,False,False,"SELECT COUNT(*) FROM ""company_type"" AS ct WHERE (ct.kind ='production companies')","SELECT * FROM ""company_type"" AS ct WHERE (ct.kind ='production companies')",C:\Users\vanya\Documents\DATA_SYS_LAB\test44\final_benchmarks\test42_100k_exportpatch\queries\job_complex\03.sql
duckdb,job_complex,03,keyword,k,1,1,1,1.0,exact,False,False,"SELECT COUNT(*) FROM ""keyword"" AS k WHERE (k.keyword ='uplifting-parent-child-bond')","SELECT * FROM ""keyword"" AS k WHERE (k.keyword ='uplifting-parent-child-bond')",C:\Users\vanya\Documents\DATA_SYS_LAB\test44\final_benchmarks\test42_100k_exportpatch\queries\job_complex\03.sql
postgres,job_complex,03,keyword,k,1,1,1,1.0,exact,False,False,"SELECT COUNT(*) FROM ""keyword"" AS k WHERE (k.keyword ='uplifting-parent-child-bond')","SELECT * FROM ""keyword"" AS k WHERE (k.keyword ='uplifting-parent-child-bond')",C:\Users\vanya\Documents\DATA_SYS_LAB\test44\final_benchmarks\test42_100k_exportpatch\queries\job_complex\03.sql
duckdb,job_complex,03,link_type,lt,1,1,3,3.0,over,False,False,"SELECT COUNT(*) FROM ""link_type"" AS lt WHERE (lt.link LIKE '%references%')","SELECT * FROM ""link_type"" AS lt WHERE (lt.link LIKE '%references%')",C:\Users\vanya\Documents\DATA_SYS_LAB\test44\final_benchmarks\test42_100k_exportpatch\queries\job_complex\03.sql
postgres,job_complex,03,link_type,lt,1,1,1,1.0,exact,False,False,"SELECT COUNT(*) FROM ""link_type"" AS lt WHERE (lt.link LIKE '%references%')","SELECT * FROM ""link_type"" AS lt WHERE (lt.link LIKE '%references%')",C:\Users\vanya\Documents\DATA_SYS_LAB\test44\final_benchmarks\test42_100k_exportpatch\queries\job_complex\03.sql
duckdb,job_complex,03,movie_companies,mc,1,189716,89517,2.1193292894087157,under,False,False,"SELECT COUNT(*) FROM ""movie_companies"" AS mc WHERE (mc.note IS NULL)","SELECT * FROM ""movie_companies"" AS mc WHERE (mc.note IS NULL)",C:\Users\vanya\Documents\DATA_SYS_LAB\test44\final_benchmarks\test42_100k_exportpatch\queries\job_complex\03.sql
postgres,job_complex,03,movie_companies,mc,1,189716,188687,1.005453475862142,under,False,False,"SELECT COUNT(*) FROM ""movie_companies"" AS mc WHERE (mc.note IS NULL)","SELECT * FROM ""movie_companies"" AS mc WHERE (mc.note IS NULL)",C:\Users\vanya\Documents\DATA_SYS_LAB\test44\final_benchmarks\test42_100k_exportpatch\queries\job_complex\03.sql
duckdb,job_complex,03,movie_info,mi,1,24484,496434,20.275853618689755,over,False,False,"SELECT COUNT(*) FROM ""movie_info"" AS mi WHERE (mi.info IN ('Family', 'Norway', 'Germany', 'Denmark', 'Swedish', 'Denish', 'Norwegian', 'German'))","SELECT * FROM ""movie_info"" AS mi WHERE (mi.info IN ('Family', 'Norway', 'Germany', 'Denmark', 'Swedish', 'Denish', 'Norwegian', 'German'))",C:\Users\vanya\Documents\DATA_SYS_LAB\test44\final_benchmarks\test42_100k_exportpatch\queries\job_complex\03.sql
postgres,job_complex,03,movie_info,mi,1,24484,18942,1.2925773413578292,under,False,False,"SELECT COUNT(*) FROM ""movie_info"" AS mi WHERE (mi.info IN ('Family', 'Norway', 'Germany', 'Denmark', 'Swedish', 'Denish', 'Norwegian', 'German'))","SELECT * FROM ""movie_info"" AS mi WHERE (mi.info IN ('Family', 'Norway', 'Germany', 'Denmark', 'Swedish', 'Denish', 'Norwegian', 'German'))",C:\Users\vanya\Documents\DATA_SYS_LAB\test44\final_benchmarks\test42_100k_exportpatch\queries\job_complex\03.sql
duckdb,job_complex,04,company_name,cn,2,1,1800,1800.0,over,False,False,"SELECT COUNT(*) FROM ""company_name"" AS cn WHERE (cn.country_code !='[pl]') AND (cn.name LIKE '%High Origin House%' OR cn.name LIKE '%High Origin House%')","SELECT * FROM ""company_name"" AS cn WHERE (cn.country_code !='[pl]') AND (cn.name LIKE '%High Origin House%' OR cn.name LIKE '%High Origin House%')",C:\Users\vanya\Documents\DATA_SYS_LAB\test44\final_benchmarks\test42_100k_exportpatch\queries\job_complex\04.sql
postgres,job_complex,04,company_name,cn,2,1,1,1.0,exact,False,False,"SELECT COUNT(*) FROM ""company_name"" AS cn WHERE (cn.country_code !='[pl]') AND (cn.name LIKE '%High Origin House%' OR cn.name LIKE '%High Origin House%')","SELECT * FROM ""company_name"" AS cn WHERE (cn.country_code !='[pl]') AND (cn.name LIKE '%High Origin House%' OR cn.name LIKE '%High Origin House%')",C:\Users\vanya\Documents\DATA_SYS_LAB\test44\final_benchmarks\test42_100k_exportpatch\queries\job_complex\04.sql
duckdb,job_complex,04,company_type,ct,1,1,1,1.0,exact,False,False,"SELECT COUNT(*) FROM ""company_type"" AS ct WHERE (ct.kind ='production companies')","SELECT * FROM ""company_type"" AS ct WHERE (ct.kind ='production companies')",C:\Users\vanya\Documents\DATA_SYS_LAB\test44\final_benchmarks\test42_100k_exportpatch\queries\job_complex\04.sql
postgres,job_complex,04,company_type,ct,1,1,1,1.0,exact,False,False,"SELECT COUNT(*) FROM ""company_type"" AS ct WHERE (ct.kind ='production companies')","SELECT * FROM ""company_type"" AS ct WHERE (ct.kind ='production companies')",C:\Users\vanya\Documents\DATA_SYS_LAB\test44\final_benchmarks\test42_100k_exportpatch\queries\job_complex\04.sql
duckdb,job_complex,04,keyword,k,1,1,1,1.0,exact,False,False,"SELECT COUNT(*) FROM ""keyword"" AS k WHERE (k.keyword ='uplifting-parent-child-bond')","SELECT * FROM ""keyword"" AS k WHERE (k.keyword ='uplifting-parent-child-bond')",C:\Users\vanya\Documents\DATA_SYS_LAB\test44\final_benchmarks\test42_100k_exportpatch\queries\job_complex\04.sql
postgres,job_complex,04,keyword,k,1,1,1,1.0,exact,False,False,"SELECT COUNT(*) FROM ""keyword"" AS k WHERE (k.keyword ='uplifting-parent-child-bond')","SELECT * FROM ""keyword"" AS k WHERE (k.keyword ='uplifting-parent-child-bond')",C:\Users\vanya\Documents\DATA_SYS_LAB\test44\final_benchmarks\test42_100k_exportpatch\queries\job_complex\04.sql
duckdb,job_complex,04,link_type,lt,1,1,3,3.0,over,False,False,"SELECT COUNT(*) FROM ""link_type"" AS lt WHERE (lt.link LIKE '%references%')","SELECT * FROM ""link_type"" AS lt WHERE (lt.link LIKE '%references%')",C:\Users\vanya\Documents\DATA_SYS_LAB\test44\final_benchmarks\test42_100k_exportpatch\queries\job_complex\04.sql
postgres,job_complex,04,link_type,lt,1,1,1,1.0,exact,False,False,"SELECT COUNT(*) FROM ""link_type"" AS lt WHERE (lt.link LIKE '%references%')","SELECT * FROM ""link_type"" AS lt WHERE (lt.link LIKE '%references%')",C:\Users\vanya\Documents\DATA_SYS_LAB\test44\final_benchmarks\test42_100k_exportpatch\queries\job_complex\04.sql
duckdb,job_complex,04,movie_companies,mc,1,189716,89517,2.1193292894087157,under,False,False,"SELECT COUNT(*) FROM ""movie_companies"" AS mc WHERE (mc.note IS NULL)","SELECT * FROM ""movie_companies"" AS mc WHERE (mc.note IS NULL)",C:\Users\vanya\Documents\DATA_SYS_LAB\test44\final_benchmarks\test42_100k_exportpatch\queries\job_complex\04.sql
postgres,job_complex,04,movie_companies,mc,1,189716,188687,1.005453475862142,under,False,False,"SELECT COUNT(*) FROM ""movie_companies"" AS mc WHERE (mc.note IS NULL)","SELECT * FROM ""movie_companies"" AS mc WHERE (mc.note IS NULL)",C:\Users\vanya\Documents\DATA_SYS_LAB\test44\final_benchmarks\test42_100k_exportpatch\queries\job_complex\04.sql
duckdb,job_complex,04,movie_info,mi,1,24484,496434,20.275853618689755,over,False,False,"SELECT COUNT(*) FROM ""movie_info"" AS mi WHERE (mi.info IN ('Family', 'Norway', 'Germany', 'Denmark', 'Swedish', 'Denish', 'Norwegian', 'German'))","SELECT * FROM ""movie_info"" AS mi WHERE (mi.info IN ('Family', 'Norway', 'Germany', 'Denmark', 'Swedish', 'Denish', 'Norwegian', 'German'))",C:\Users\vanya\Documents\DATA_SYS_LAB\test44\final_benchmarks\test42_100k_exportpatch\queries\job_complex\04.sql
postgres,job_complex,04,movie_info,mi,1,24484,18942,1.2925773413578292,under,False,False,"SELECT COUNT(*) FROM ""movie_info"" AS mi WHERE (mi.info IN ('Family', 'Norway', 'Germany', 'Denmark', 'Swedish', 'Denish', 'Norwegian', 'German'))","SELECT * FROM ""movie_info"" AS mi WHERE (mi.info IN ('Family', 'Norway', 'Germany', 'Denmark', 'Swedish', 'Denish', 'Norwegian', 'German'))",C:\Users\vanya\Documents\DATA_SYS_LAB\test44\final_benchmarks\test42_100k_exportpatch\queries\job_complex\04.sql
duckdb,job_complex,05,comp_cast_type,cct1,1,1,1,1.0,exact,False,False,"SELECT COUNT(*) FROM ""comp_cast_type"" AS cct1 WHERE (cct1.kind = 'crew')","SELECT * FROM ""comp_cast_type"" AS cct1 WHERE (cct1.kind = 'crew')",C:\Users\vanya\Documents\DATA_SYS_LAB\test44\final_benchmarks\test42_100k_exportpatch\queries\job_complex\05.sql
postgres,job_complex,05,comp_cast_type,cct1,1,1,1,1.0,exact,False,False,"SELECT COUNT(*) FROM ""comp_cast_type"" AS cct1 WHERE (cct1.kind = 'crew')","SELECT * FROM ""comp_cast_type"" AS cct1 WHERE (cct1.kind = 'crew')",C:\Users\vanya\Documents\DATA_SYS_LAB\test44\final_benchmarks\test42_100k_exportpatch\queries\job_complex\05.sql
duckdb,job_complex,05,comp_cast_type,cct2,1,3,1,3.0,under,False,False,"SELECT COUNT(*) FROM ""comp_cast_type"" AS cct2 WHERE (cct2.kind != 'complete+verified')","SELECT * FROM ""comp_cast_type"" AS cct2 WHERE (cct2.kind != 'complete+verified')",C:\Users\vanya\Documents\DATA_SYS_LAB\test44\final_benchmarks\test42_100k_exportpatch\queries\job_complex\05.sql
postgres,job_complex,05,comp_cast_type,cct2,1,3,3,1.0,exact,False,False,"SELECT COUNT(*) FROM ""comp_cast_type"" AS cct2 WHERE (cct2.kind != 'complete+verified')","SELECT * FROM ""comp_cast_type"" AS cct2 WHERE (cct2.kind != 'complete+verified')",C:\Users\vanya\Documents\DATA_SYS_LAB\test44\final_benchmarks\test42_100k_exportpatch\queries\job_complex\05.sql
duckdb,job_complex,05,company_name,cn,1,4725,1800,2.625,under,False,False,"SELECT COUNT(*) FROM ""company_name"" AS cn WHERE (cn.country_code != '[us]')","SELECT * FROM ""company_name"" AS cn WHERE (cn.country_code != '[us]')",C:\Users\vanya\Documents\DATA_SYS_LAB\test44\final_benchmarks\test42_100k_exportpatch\queries\job_complex\05.sql
postgres,job_complex,05,company_name,cn,1,4725,4725,1.0,exact,False,False,"SELECT COUNT(*) FROM ""company_name"" AS cn WHERE (cn.country_code != '[us]')","SELECT * FROM ""company_name"" AS cn WHERE (cn.country_code != '[us]')",C:\Users\vanya\Documents\DATA_SYS_LAB\test44\final_benchmarks\test42_100k_exportpatch\queries\job_complex\05.sql
duckdb,job_complex,05,info_type,it1,1,1,2,2.0,over,False,False,"SELECT COUNT(*) FROM ""info_type"" AS it1 WHERE (it1.info = 'countries')","SELECT * FROM ""info_type"" AS it1 WHERE (it1.info = 'countries')",C:\Users\vanya\Documents\DATA_SYS_LAB\test44\final_benchmarks\test42_100k_exportpatch\queries\job_complex\05.sql
postgres,job_complex,05,info_type,it1,1,1,1,1.0,exact,False,False,"SELECT COUNT(*) FROM ""info_type"" AS it1 WHERE (it1.info = 'countries')","SELECT * FROM ""info_type"" AS it1 WHERE (it1.info = 'countries')",C:\Users\vanya\Documents\DATA_SYS_LAB\test44\final_benchmarks\test42_100k_exportpatch\queries\job_complex\05.sql
duckdb,job_complex,05,info_type,it2,1,1,2,2.0,over,False,False,"SELECT COUNT(*) FROM ""info_type"" AS it2 WHERE (it2.info = 'rating')","SELECT * FROM ""info_type"" AS it2 WHERE (it2.info = 'rating')",C:\Users\vanya\Documents\DATA_SYS_LAB\test44\final_benchmarks\test42_100k_exportpatch\queries\job_complex\05.sql
postgres,job_complex,05,info_type,it2,1,1,1,1.0,exact,False,False,"SELECT COUNT(*) FROM ""info_type"" AS it2 WHERE (it2.info = 'rating')","SELECT * FROM ""info_type"" AS it2 WHERE (it2.info = 'rating')",C:\Users\vanya\Documents\DATA_SYS_LAB\test44\final_benchmarks\test42_100k_exportpatch\queries\job_complex\05.sql
duckdb,job_complex,05,keyword,k,1,4,2283,570.75,over,False,False,"SELECT COUNT(*) FROM ""keyword"" AS k WHERE (k.keyword IN ('murder', 'murder-in-title', 'blood', 'violence'))","SELECT * FROM ""keyword"" AS k WHERE (k.keyword IN ('murder', 'murder-in-title', 'blood', 'violence'))",C:\Users\vanya\Documents\DATA_SYS_LAB\test44\final_benchmarks\test42_100k_exportpatch\queries\job_complex\05.sql
postgres,job_complex,05,keyword,k,1,4,4,1.0,exact,False,False,"SELECT COUNT(*) FROM ""keyword"" AS k WHERE (k.keyword IN ('murder', 'murder-in-title', 'blood', 'violence'))","SELECT * FROM ""keyword"" AS k WHERE (k.keyword IN ('murder', 'murder-in-title', 'blood', 'violence'))",C:\Users\vanya\Documents\DATA_SYS_LAB\test44\final_benchmarks\test42_100k_exportpatch\queries\job_complex\05.sql
duckdb,job_complex,05,kind_type,kt,1,2,1,2.0,under,False,False,"SELECT COUNT(*) FROM ""kind_type"" AS kt WHERE (kt.kind IN ('movie', 'episode'))","SELECT * FROM ""kind_type"" AS kt WHERE (kt.kind IN ('movie', 'episode'))",C:\Users\vanya\Documents\DATA_SYS_LAB\test44\final_benchmarks\test42_100k_exportpatch\queries\job_complex\05.sql
postgres,job_complex,05,kind_type,kt,1,2,2,1.0,exact,False,False,"SELECT COUNT(*) FROM ""kind_type"" AS kt WHERE (kt.kind IN ('movie', 'episode'))","SELECT * FROM ""kind_type"" AS kt WHERE (kt.kind IN ('movie', 'episode'))",C:\Users\vanya\Documents\DATA_SYS_LAB\test44\final_benchmarks\test42_100k_exportpatch\queries\job_complex\05.sql
duckdb,job_complex,05,movie_companies,mc,2,8247,89517,10.854492542742815,over,False,False,"SELECT COUNT(*) FROM ""movie_companies"" AS mc WHERE (mc.note NOT LIKE '%(USA)%') AND (mc.note LIKE '%(200%)%')","SELECT * FROM ""movie_companies"" AS mc WHERE (mc.note NOT LIKE '%(USA)%') AND (mc.note LIKE '%(200%)%')",C:\Users\vanya\Documents\DATA_SYS_LAB\test44\final_benchmarks\test42_100k_exportpatch\queries\job_complex\05.sql
postgres,job_complex,05,movie_companies,mc,2,8247,5081,1.6231056878567212,under,False,False,"SELECT COUNT(*) FROM ""movie_companies"" AS mc WHERE (mc.note NOT LIKE '%(USA)%') AND (mc.note LIKE '%(200%)%')","SELECT * FROM ""movie_companies"" AS mc WHERE (mc.note NOT LIKE '%(USA)%') AND (mc.note LIKE '%(200%)%')",C:\Users\vanya\Documents\DATA_SYS_LAB\test44\final_benchmarks\test42_100k_exportpatch\queries\job_complex\05.sql
duckdb,job_complex,05,movie_info,mi,1,7329,496434,67.73557101923863,over,False,False,"SELECT COUNT(*) FROM ""movie_info"" AS mi WHERE (mi.info IN ('Sweden', 'Germany', 'Swedish'))","SELECT * FROM ""movie_info"" AS mi WHERE (mi.info IN ('Sweden', 'Germany', 'Swedish'))",C:\Users\vanya\Documents\DATA_SYS_LAB\test44\final_benchmarks\test42_100k_exportpatch\queries\job_complex\05.sql
postgres,job_complex,05,movie_info,mi,1,7329,5940,1.2338383838383837,under,False,False,"SELECT COUNT(*) FROM ""movie_info"" AS mi WHERE (mi.info IN ('Sweden', 'Germany', 'Swedish'))","SELECT * FROM ""movie_info"" AS mi WHERE (mi.info IN ('Sweden', 'Germany', 'Swedish'))",C:\Users\vanya\Documents\DATA_SYS_LAB\test44\final_benchmarks\test42_100k_exportpatch\queries\job_complex\05.sql
duckdb,job_complex,05,movie_info_idx,mi_idx,1,391891,100634,3.894220641135203,under,False,False,"SELECT COUNT(*) FROM ""movie_info_idx"" AS mi_idx WHERE (mi_idx.info >= '6.5')","SELECT * FROM ""movie_info_idx"" AS mi_idx WHERE (mi_idx.info >= '6.5')",C:\Users\vanya\Documents\DATA_SYS_LAB\test44\final_benchmarks\test42_100k_exportpatch\queries\job_complex\05.sql
postgres,job_complex,05,movie_info_idx,mi_idx,1,157919,159988,1.013101653379264,over,False,False,"SELECT COUNT(*) FROM ""movie_info_idx"" AS mi_idx WHERE (mi_idx.info >= '6.5')","SELECT * FROM ""movie_info_idx"" AS mi_idx WHERE (mi_idx.info >= '6.5')",C:\Users\vanya\Documents\DATA_SYS_LAB\test44\final_benchmarks\test42_100k_exportpatch\queries\job_complex\05.sql
duckdb,job_complex,05,title,t,1,241478,50291,4.801614603010479,under,False,False,"SELECT COUNT(*) FROM ""title"" AS t WHERE (t.production_year > 2005)","SELECT * FROM ""title"" AS t WHERE (t.production_year > 2005)",C:\Users\vanya\Documents\DATA_SYS_LAB\test44\final_benchmarks\test42_100k_exportpatch\queries\job_complex\05.sql
postgres,job_complex,05,title,t,1,241478,241514,1.0001490819039416,over,False,False,"SELECT COUNT(*) FROM ""title"" AS t WHERE (t.production_year > 2005)","SELECT * FROM ""title"" AS t WHERE (t.production_year > 2005)",C:\Users\vanya\Documents\DATA_SYS_LAB\test44\final_benchmarks\test42_100k_exportpatch\queries\job_complex\05.sql
duckdb,job_complex,06,company_name,cn,2,1,1800,1800.0,over,False,False,"SELECT COUNT(*) FROM ""company_name"" AS cn WHERE (cn.country_code !='[pl]') AND (cn.name LIKE '%High Origin House%' OR cn.name LIKE '%High Origin House%')","SELECT * FROM ""company_name"" AS cn WHERE (cn.country_code !='[pl]') AND (cn.name LIKE '%High Origin House%' OR cn.name LIKE '%High Origin House%')",C:\Users\vanya\Documents\DATA_SYS_LAB\test44\final_benchmarks\test42_100k_exportpatch\queries\job_complex\06.sql
postgres,job_complex,06,company_name,cn,2,1,1,1.0,exact,False,False,"SELECT COUNT(*) FROM ""company_name"" AS cn WHERE (cn.country_code !='[pl]') AND (cn.name LIKE '%High Origin House%' OR cn.name LIKE '%High Origin House%')","SELECT * FROM ""company_name"" AS cn WHERE (cn.country_code !='[pl]') AND (cn.name LIKE '%High Origin House%' OR cn.name LIKE '%High Origin House%')",C:\Users\vanya\Documents\DATA_SYS_LAB\test44\final_benchmarks\test42_100k_exportpatch\queries\job_complex\06.sql
duckdb,job_complex,06,company_type,ct,1,1,1,1.0,exact,False,False,"SELECT COUNT(*) FROM ""company_type"" AS ct WHERE (ct.kind ='production companies')","SELECT * FROM ""company_type"" AS ct WHERE (ct.kind ='production companies')",C:\Users\vanya\Documents\DATA_SYS_LAB\test44\final_benchmarks\test42_100k_exportpatch\queries\job_complex\06.sql
postgres,job_complex,06,company_type,ct,1,1,1,1.0,exact,False,False,"SELECT COUNT(*) FROM ""company_type"" AS ct WHERE (ct.kind ='production companies')","SELECT * FROM ""company_type"" AS ct WHERE (ct.kind ='production companies')",C:\Users\vanya\Documents\DATA_SYS_LAB\test44\final_benchmarks\test42_100k_exportpatch\queries\job_complex\06.sql
duckdb,job_complex,06,keyword,k,1,1,1,1.0,exact,False,False,"SELECT COUNT(*) FROM ""keyword"" AS k WHERE (k.keyword ='uplifting-parent-child-bond')","SELECT * FROM ""keyword"" AS k WHERE (k.keyword ='uplifting-parent-child-bond')",C:\Users\vanya\Documents\DATA_SYS_LAB\test44\final_benchmarks\test42_100k_exportpatch\queries\job_complex\06.sql
postgres,job_complex,06,keyword,k,1,1,1,1.0,exact,False,False,"SELECT COUNT(*) FROM ""keyword"" AS k WHERE (k.keyword ='uplifting-parent-child-bond')","SELECT * FROM ""keyword"" AS k WHERE (k.keyword ='uplifting-parent-child-bond')",C:\Users\vanya\Documents\DATA_SYS_LAB\test44\final_benchmarks\test42_100k_exportpatch\queries\job_complex\06.sql
duckdb,job_complex,06,link_type,lt,1,1,3,3.0,over,False,False,"SELECT COUNT(*) FROM ""link_type"" AS lt WHERE (lt.link LIKE '%references%')","SELECT * FROM ""link_type"" AS lt WHERE (lt.link LIKE '%references%')",C:\Users\vanya\Documents\DATA_SYS_LAB\test44\final_benchmarks\test42_100k_exportpatch\queries\job_complex\06.sql
postgres,job_complex,06,link_type,lt,1,1,1,1.0,exact,False,False,"SELECT COUNT(*) FROM ""link_type"" AS lt WHERE (lt.link LIKE '%references%')","SELECT * FROM ""link_type"" AS lt WHERE (lt.link LIKE '%references%')",C:\Users\vanya\Documents\DATA_SYS_LAB\test44\final_benchmarks\test42_100k_exportpatch\queries\job_complex\06.sql
duckdb,job_complex,06,movie_companies,mc,1,189716,89517,2.1193292894087157,under,False,False,"SELECT COUNT(*) FROM ""movie_companies"" AS mc WHERE (mc.note IS NULL)","SELECT * FROM ""movie_companies"" AS mc WHERE (mc.note IS NULL)",C:\Users\vanya\Documents\DATA_SYS_LAB\test44\final_benchmarks\test42_100k_exportpatch\queries\job_complex\06.sql
postgres,job_complex,06,movie_companies,mc,1,189716,188687,1.005453475862142,under,False,False,"SELECT COUNT(*) FROM ""movie_companies"" AS mc WHERE (mc.note IS NULL)","SELECT * FROM ""movie_companies"" AS mc WHERE (mc.note IS NULL)",C:\Users\vanya\Documents\DATA_SYS_LAB\test44\final_benchmarks\test42_100k_exportpatch\queries\job_complex\06.sql
duckdb,job_complex,06,movie_info,mi,1,14630,496434,33.932604237867395,over,False,False,"SELECT COUNT(*) FROM ""movie_info"" AS mi WHERE (mi.info IN ('Family', 'German'))","SELECT * FROM ""movie_info"" AS mi WHERE (mi.info IN ('Family', 'German'))",C:\Users\vanya\Documents\DATA_SYS_LAB\test44\final_benchmarks\test42_100k_exportpatch\queries\job_complex\06.sql
postgres,job_complex,06,movie_info,mi,1,14630,15307,1.0462747778537251,over,False,False,"SELECT COUNT(*) FROM ""movie_info"" AS mi WHERE (mi.info IN ('Family', 'German'))","SELECT * FROM ""movie_info"" AS mi WHERE (mi.info IN ('Family', 'German'))",C:\Users\vanya\Documents\DATA_SYS_LAB\test44\final_benchmarks\test42_100k_exportpatch\queries\job_complex\06.sql
duckdb,job_complex,07,company_name,cn,2,1,1800,1800.0,over,False,False,"SELECT COUNT(*) FROM ""company_name"" AS cn WHERE (cn.country_code !='[pl]') AND (cn.name LIKE '%High Origin House%' OR cn.name LIKE '%High Origin House%')","SELECT * FROM ""company_name"" AS cn WHERE (cn.country_code !='[pl]') AND (cn.name LIKE '%High Origin House%' OR cn.name LIKE '%High Origin House%')",C:\Users\vanya\Documents\DATA_SYS_LAB\test44\final_benchmarks\test42_100k_exportpatch\queries\job_complex\07.sql
postgres,job_complex,07,company_name,cn,2,1,1,1.0,exact,False,False,"SELECT COUNT(*) FROM ""company_name"" AS cn WHERE (cn.country_code !='[pl]') AND (cn.name LIKE '%High Origin House%' OR cn.name LIKE '%High Origin House%')","SELECT * FROM ""company_name"" AS cn WHERE (cn.country_code !='[pl]') AND (cn.name LIKE '%High Origin House%' OR cn.name LIKE '%High Origin House%')",C:\Users\vanya\Documents\DATA_SYS_LAB\test44\final_benchmarks\test42_100k_exportpatch\queries\job_complex\07.sql
duckdb,job_complex,07,company_type,ct,1,1,1,1.0,exact,False,False,"SELECT COUNT(*) FROM ""company_type"" AS ct WHERE (ct.kind ='production companies')","SELECT * FROM ""company_type"" AS ct WHERE (ct.kind ='production companies')",C:\Users\vanya\Documents\DATA_SYS_LAB\test44\final_benchmarks\test42_100k_exportpatch\queries\job_complex\07.sql
postgres,job_complex,07,company_type,ct,1,1,1,1.0,exact,False,False,"SELECT COUNT(*) FROM ""company_type"" AS ct WHERE (ct.kind ='production companies')","SELECT * FROM ""company_type"" AS ct WHERE (ct.kind ='production companies')",C:\Users\vanya\Documents\DATA_SYS_LAB\test44\final_benchmarks\test42_100k_exportpatch\queries\job_complex\07.sql
duckdb,job_complex,07,keyword,k,1,1,1,1.0,exact,False,False,"SELECT COUNT(*) FROM ""keyword"" AS k WHERE (k.keyword ='uplifting-parent-child-bond')","SELECT * FROM ""keyword"" AS k WHERE (k.keyword ='uplifting-parent-child-bond')",C:\Users\vanya\Documents\DATA_SYS_LAB\test44\final_benchmarks\test42_100k_exportpatch\queries\job_complex\07.sql
postgres,job_complex,07,keyword,k,1,1,1,1.0,exact,False,False,"SELECT COUNT(*) FROM ""keyword"" AS k WHERE (k.keyword ='uplifting-parent-child-bond')","SELECT * FROM ""keyword"" AS k WHERE (k.keyword ='uplifting-parent-child-bond')",C:\Users\vanya\Documents\DATA_SYS_LAB\test44\final_benchmarks\test42_100k_exportpatch\queries\job_complex\07.sql
duckdb,job_complex,07,link_type,lt,1,1,3,3.0,over,False,False,"SELECT COUNT(*) FROM ""link_type"" AS lt WHERE (lt.link LIKE '%references%')","SELECT * FROM ""link_type"" AS lt WHERE (lt.link LIKE '%references%')",C:\Users\vanya\Documents\DATA_SYS_LAB\test44\final_benchmarks\test42_100k_exportpatch\queries\job_complex\07.sql
postgres,job_complex,07,link_type,lt,1,1,1,1.0,exact,False,False,"SELECT COUNT(*) FROM ""link_type"" AS lt WHERE (lt.link LIKE '%references%')","SELECT * FROM ""link_type"" AS lt WHERE (lt.link LIKE '%references%')",C:\Users\vanya\Documents\DATA_SYS_LAB\test44\final_benchmarks\test42_100k_exportpatch\queries\job_complex\07.sql
duckdb,job_complex,07,movie_companies,mc,1,189716,89517,2.1193292894087157,under,False,False,"SELECT COUNT(*) FROM ""movie_companies"" AS mc WHERE (mc.note IS NULL)","SELECT * FROM ""movie_companies"" AS mc WHERE (mc.note IS NULL)",C:\Users\vanya\Documents\DATA_SYS_LAB\test44\final_benchmarks\test42_100k_exportpatch\queries\job_complex\07.sql
postgres,job_complex,07,movie_companies,mc,1,189716,188687,1.005453475862142,under,False,False,"SELECT COUNT(*) FROM ""movie_companies"" AS mc WHERE (mc.note IS NULL)","SELECT * FROM ""movie_companies"" AS mc WHERE (mc.note IS NULL)",C:\Users\vanya\Documents\DATA_SYS_LAB\test44\final_benchmarks\test42_100k_exportpatch\queries\job_complex\07.sql
duckdb,job_complex,07,movie_info,mi,1,14630,496434,33.932604237867395,over,False,False,"SELECT COUNT(*) FROM ""movie_info"" AS mi WHERE (mi.info IN ('Family', 'German'))","SELECT * FROM ""movie_info"" AS mi WHERE (mi.info IN ('Family', 'German'))",C:\Users\vanya\Documents\DATA_SYS_LAB\test44\final_benchmarks\test42_100k_exportpatch\queries\job_complex\07.sql
postgres,job_complex,07,movie_info,mi,1,14630,15307,1.0462747778537251,over,False,False,"SELECT COUNT(*) FROM ""movie_info"" AS mi WHERE (mi.info IN ('Family', 'German'))","SELECT * FROM ""movie_info"" AS mi WHERE (mi.info IN ('Family', 'German'))",C:\Users\vanya\Documents\DATA_SYS_LAB\test44\final_benchmarks\test42_100k_exportpatch\queries\job_complex\07.sql
duckdb,job_complex,08,comp_cast_type,cct1,1,2,1,2.0,under,False,False,"SELECT COUNT(*) FROM ""comp_cast_type"" AS cct1 WHERE (cct1.kind IN ('cast', 'crew'))","SELECT * FROM ""comp_cast_type"" AS cct1 WHERE (cct1.kind IN ('cast', 'crew'))",C:\Users\vanya\Documents\DATA_SYS_LAB\test44\final_benchmarks\test42_100k_exportpatch\queries\job_complex\08.sql
postgres,job_complex,08,comp_cast_type,cct1,1,2,2,1.0,exact,False,False,"SELECT COUNT(*) FROM ""comp_cast_type"" AS cct1 WHERE (cct1.kind IN ('cast', 'crew'))","SELECT * FROM ""comp_cast_type"" AS cct1 WHERE (cct1.kind IN ('cast', 'crew'))",C:\Users\vanya\Documents\DATA_SYS_LAB\test44\final_benchmarks\test42_100k_exportpatch\queries\job_complex\08.sql
duckdb,job_complex,08,comp_cast_type,cct2,1,1,1,1.0,exact,False,False,"SELECT COUNT(*) FROM ""comp_cast_type"" AS cct2 WHERE (cct2.kind ='complete+verified')","SELECT * FROM ""comp_cast_type"" AS cct2 WHERE (cct2.kind ='complete+verified')",C:\Users\vanya\Documents\DATA_SYS_LAB\test44\final_benchmarks\test42_100k_exportpatch\queries\job_complex\08.sql
postgres,job_complex,08,comp_cast_type,cct2,1,1,1,1.0,exact,False,False,"SELECT COUNT(*) FROM ""comp_cast_type"" AS cct2 WHERE (cct2.kind ='complete+verified')","SELECT * FROM ""comp_cast_type"" AS cct2 WHERE (cct2.kind ='complete+verified')",C:\Users\vanya\Documents\DATA_SYS_LAB\test44\final_benchmarks\test42_100k_exportpatch\queries\job_complex\08.sql
duckdb,job_complex,08,cast_info,ci,1,151634,560392,3.695688302095836,over,False,True,"SELECT COUNT(*) FROM ""cast_info"" AS ci WHERE (ci.note IN ('(story)', '(head writer)', '(written by)', '(story editor)'))","SELECT * FROM ""cast_info"" AS ci WHERE (ci.note IN ('(story)', '(head writer)', '(written by)', '(story editor)'))",C:\Users\vanya\Documents\DATA_SYS_LAB\test44\final_benchmarks\test42_100k_exportpatch\queries\job_complex\08.sql
postgres,job_complex,08,cast_info,ci,1,151634,150559,1.0071400580503325,under,False,True,"SELECT COUNT(*) FROM ""cast_info"" AS ci WHERE (ci.note IN ('(story)', '(head writer)', '(written by)', '(story editor)'))","SELECT * FROM ""cast_info"" AS ci WHERE (ci.note IN ('(story)', '(head writer)', '(written by)', '(story editor)'))",C:\Users\vanya\Documents\DATA_SYS_LAB\test44\final_benchmarks\test42_100k_exportpatch\queries\job_complex\08.sql
duckdb,job_complex,08,info_type,it1,1,1,2,2.0,over,False,False,"SELECT COUNT(*) FROM ""info_type"" AS it1 WHERE (it1.info = 'trivia')","SELECT * FROM ""info_type"" AS it1 WHERE (it1.info = 'trivia')",C:\Users\vanya\Documents\DATA_SYS_LAB\test44\final_benchmarks\test42_100k_exportpatch\queries\job_complex\08.sql
postgres,job_complex,08,info_type,it1,1,1,1,1.0,exact,False,False,"SELECT COUNT(*) FROM ""info_type"" AS it1 WHERE (it1.info = 'trivia')","SELECT * FROM ""info_type"" AS it1 WHERE (it1.info = 'trivia')",C:\Users\vanya\Documents\DATA_SYS_LAB\test44\final_benchmarks\test42_100k_exportpatch\queries\job_complex\08.sql
duckdb,job_complex,08,info_type,it2,1,1,2,2.0,over,False,False,"SELECT COUNT(*) FROM ""info_type"" AS it2 WHERE (it2.info = 'rating')","SELECT * FROM ""info_type"" AS it2 WHERE (it2.info = 'rating')",C:\Users\vanya\Documents\DATA_SYS_LAB\test44\final_benchmarks\test42_100k_exportpatch\queries\job_complex\08.sql
postgres,job_complex,08,info_type,it2,1,1,1,1.0,exact,False,False,"SELECT COUNT(*) FROM ""info_type"" AS it2 WHERE (it2.info = 'rating')","SELECT * FROM ""info_type"" AS it2 WHERE (it2.info = 'rating')",C:\Users\vanya\Documents\DATA_SYS_LAB\test44\final_benchmarks\test42_100k_exportpatch\queries\job_complex\08.sql
duckdb,job_complex,08,keyword,k,1,7,2283,326.14285714285717,over,False,False,"SELECT COUNT(*) FROM ""keyword"" AS k WHERE (k.keyword IN ('posthumous-release-medical-emergency-cold case', 'violence', 'blood', 'gore', 'death', 'female-nudity', 'hospital'))","SELECT * FROM ""keyword"" AS k WHERE (k.keyword IN ('posthumous-release-medical-emergency-cold case', 'violence', 'blood', 'gore', 'death', 'female-nudity', 'hospital'))",C:\Users\vanya\Documents\DATA_SYS_LAB\test44\final_benchmarks\test42_100k_exportpatch\queries\job_complex\08.sql
postgres,job_complex,08,keyword,k,1,7,7,1.0,exact,False,False,"SELECT COUNT(*) FROM ""keyword"" AS k WHERE (k.keyword IN ('posthumous-release-medical-emergency-cold case', 'violence', 'blood', 'gore', 'death', 'female-nudity', 'hospital'))","SELECT * FROM ""keyword"" AS k WHERE (k.keyword IN ('posthumous-release-medical-emergency-cold case', 'violence', 'blood', 'gore', 'death', 'female-nudity', 'hospital'))",C:\Users\vanya\Documents\DATA_SYS_LAB\test44\final_benchmarks\test42_100k_exportpatch\queries\job_complex\08.sql
duckdb,job_complex,08,movie_info,mi,1,31184,496434,15.919510005130837,over,False,False,"SELECT COUNT(*) FROM ""movie_info"" AS mi WHERE (mi.info IN ('Several scenes were improvised by the cast during filming.', 'Thriller'))","SELECT * FROM ""movie_info"" AS mi WHERE (mi.info IN ('Several scenes were improvised by the cast during filming.', 'Thriller'))",C:\Users\vanya\Documents\DATA_SYS_LAB\test44\final_benchmarks\test42_100k_exportpatch\queries\job_complex\08.sql
postgres,job_complex,08,movie_info,mi,1,31184,29869,1.0440255783588335,under,False,False,"SELECT COUNT(*) FROM ""movie_info"" AS mi WHERE (mi.info IN ('Several scenes were improvised by the cast during filming.', 'Thriller'))","SELECT * FROM ""movie_info"" AS mi WHERE (mi.info IN ('Several scenes were improvised by the cast during filming.', 'Thriller'))",C:\Users\vanya\Documents\DATA_SYS_LAB\test44\final_benchmarks\test42_100k_exportpatch\queries\job_complex\08.sql
duckdb,job_complex,08,name,n,1,107907,120000,1.1120687258472575,over,False,False,"SELECT COUNT(*) FROM ""name"" AS n WHERE (n.gender = 'f')","SELECT * FROM ""name"" AS n WHERE (n.gender = 'f')",C:\Users\vanya\Documents\DATA_SYS_LAB\test44\final_benchmarks\test42_100k_exportpatch\queries\job_complex\08.sql
postgres,job_complex,08,name,n,1,107907,107984,1.0007135774324187,over,False,False,"SELECT COUNT(*) FROM ""name"" AS n WHERE (n.gender = 'f')","SELECT * FROM ""name"" AS n WHERE (n.gender = 'f')",C:\Users\vanya\Documents\DATA_SYS_LAB\test44\final_benchmarks\test42_100k_exportpatch\queries\job_complex\08.sql
duckdb,job_complex,08,title,t,2,1,50291,50291.0,over,False,False,"SELECT COUNT(*) FROM ""title"" AS t WHERE (t.production_year > 1999) AND (t.title LIKE '%Silence at Zone: Endgame%' OR t.title LIKE '%Silence at Zone: Endgame%' OR t.title LIKE 'Silence at Zone: Endgame%')","SELECT * FROM ""title"" AS t WHERE (t.production_year > 1999) AND (t.title LIKE '%Silence at Zone: Endgame%' OR t.title LIKE '%Silence at Zone: Endgame%' OR t.title LIKE 'Silence at Zone: Endgame%')",C:\Users\vanya\Documents\DATA_SYS_LAB\test44\final_benchmarks\test42_100k_exportpatch\queries\job_complex\08.sql
postgres,job_complex,08,title,t,2,1,30,30.0,over,False,False,"SELECT COUNT(*) FROM ""title"" AS t WHERE (t.production_year > 1999) AND (t.title LIKE '%Silence at Zone: Endgame%' OR t.title LIKE '%Silence at Zone: Endgame%' OR t.title LIKE 'Silence at Zone: Endgame%')","SELECT * FROM ""title"" AS t WHERE (t.production_year > 1999) AND (t.title LIKE '%Silence at Zone: Endgame%' OR t.title LIKE '%Silence at Zone: Endgame%' OR t.title LIKE 'Silence at Zone: Endgame%')",C:\Users\vanya\Documents\DATA_SYS_LAB\test44\final_benchmarks\test42_100k_exportpatch\queries\job_complex\08.sql
duckdb,job_complex,09,comp_cast_type,cct1,1,1,1,1.0,exact,False,False,"SELECT COUNT(*) FROM ""comp_cast_type"" AS cct1 WHERE (cct1.kind = 'cast')","SELECT * FROM ""comp_cast_type"" AS cct1 WHERE (cct1.kind = 'cast')",C:\Users\vanya\Documents\DATA_SYS_LAB\test44\final_benchmarks\test42_100k_exportpatch\queries\job_complex\09.sql
postgres,job_complex,09,comp_cast_type,cct1,1,1,1,1.0,exact,False,False,"SELECT COUNT(*) FROM ""comp_cast_type"" AS cct1 WHERE (cct1.kind = 'cast')","SELECT * FROM ""comp_cast_type"" AS cct1 WHERE (cct1.kind = 'cast')",C:\Users\vanya\Documents\DATA_SYS_LAB\test44\final_benchmarks\test42_100k_exportpatch\queries\job_complex\09.sql
duckdb,job_complex,09,comp_cast_type,cct2,1,3,1,3.0,under,False,False,"SELECT COUNT(*) FROM ""comp_cast_type"" AS cct2 WHERE (cct2.kind != 'complete+verified')","SELECT * FROM ""comp_cast_type"" AS cct2 WHERE (cct2.kind != 'complete+verified')",C:\Users\vanya\Documents\DATA_SYS_LAB\test44\final_benchmarks\test42_100k_exportpatch\queries\job_complex\09.sql
postgres,job_complex,09,comp_cast_type,cct2,1,3,3,1.0,exact,False,False,"SELECT COUNT(*) FROM ""comp_cast_type"" AS cct2 WHERE (cct2.kind != 'complete+verified')","SELECT * FROM ""comp_cast_type"" AS cct2 WHERE (cct2.kind != 'complete+verified')",C:\Users\vanya\Documents\DATA_SYS_LAB\test44\final_benchmarks\test42_100k_exportpatch\queries\job_complex\09.sql
duckdb,job_complex,09,company_name,cn,2,4725,360,13.125,under,False,False,"SELECT COUNT(*) FROM ""company_name"" AS cn WHERE (cn.country_code != '[us]') AND (cn.name_pcode_sf = cn.name_pcode_nf)","SELECT * FROM ""company_name"" AS cn WHERE (cn.country_code != '[us]') AND (cn.name_pcode_sf = cn.name_pcode_nf)",C:\Users\vanya\Documents\DATA_SYS_LAB\test44\final_benchmarks\test42_100k_exportpatch\queries\job_complex\09.sql
postgres,job_complex,09,company_name,cn,2,4725,24,196.875,under,False,False,"SELECT COUNT(*) FROM ""company_name"" AS cn WHERE (cn.country_code != '[us]') AND (cn.name_pcode_sf = cn.name_pcode_nf)","SELECT * FROM ""company_name"" AS cn WHERE (cn.country_code != '[us]') AND (cn.name_pcode_sf = cn.name_pcode_nf)",C:\Users\vanya\Documents\DATA_SYS_LAB\test44\final_benchmarks\test42_100k_exportpatch\queries\job_complex\09.sql
duckdb,job_complex,09,info_type,it1,1,1,2,2.0,over,False,False,"SELECT COUNT(*) FROM ""info_type"" AS it1 WHERE (it1.info = 'genres')","SELECT * FROM ""info_type"" AS it1 WHERE (it1.info = 'genres')",C:\Users\vanya\Documents\DATA_SYS_LAB\test44\final_benchmarks\test42_100k_exportpatch\queries\job_complex\09.sql
postgres,job_complex,09,info_type,it1,1,1,1,1.0,exact,False,False,"SELECT COUNT(*) FROM ""info_type"" AS it1 WHERE (it1.info = 'genres')","SELECT * FROM ""info_type"" AS it1 WHERE (it1.info = 'genres')",C:\Users\vanya\Documents\DATA_SYS_LAB\test44\final_benchmarks\test42_100k_exportpatch\queries\job_complex\09.sql
duckdb,job_complex,09,info_type,it2,1,1,2,2.0,over,False,False,"SELECT COUNT(*) FROM ""info_type"" AS it2 WHERE (it2.info = 'rating')","SELECT * FROM ""info_type"" AS it2 WHERE (it2.info = 'rating')",C:\Users\vanya\Documents\DATA_SYS_LAB\test44\final_benchmarks\test42_100k_exportpatch\queries\job_complex\09.sql
postgres,job_complex,09,info_type,it2,1,1,1,1.0,exact,False,False,"SELECT COUNT(*) FROM ""info_type"" AS it2 WHERE (it2.info = 'rating')","SELECT * FROM ""info_type"" AS it2 WHERE (it2.info = 'rating')",C:\Users\vanya\Documents\DATA_SYS_LAB\test44\final_benchmarks\test42_100k_exportpatch\queries\job_complex\09.sql
duckdb,job_complex,09,keyword,k,1,4,2283,570.75,over,False,False,"SELECT COUNT(*) FROM ""keyword"" AS k WHERE (k.keyword IN ('gritty-doping scandal', 'murder-in-title', 'blood', 'violence'))","SELECT * FROM ""keyword"" AS k WHERE (k.keyword IN ('gritty-doping scandal', 'murder-in-title', 'blood', 'violence'))",C:\Users\vanya\Documents\DATA_SYS_LAB\test44\final_benchmarks\test42_100k_exportpatch\queries\job_complex\09.sql
postgres,job_complex,09,keyword,k,1,4,4,1.0,exact,False,False,"SELECT COUNT(*) FROM ""keyword"" AS k WHERE (k.keyword IN ('gritty-doping scandal', 'murder-in-title', 'blood', 'violence'))","SELECT * FROM ""keyword"" AS k WHERE (k.keyword IN ('gritty-doping scandal', 'murder-in-title', 'blood', 'violence'))",C:\Users\vanya\Documents\DATA_SYS_LAB\test44\final_benchmarks\test42_100k_exportpatch\queries\job_complex\09.sql
duckdb,job_complex,09,kind_type,kt,1,2,1,2.0,under,False,False,"SELECT COUNT(*) FROM ""kind_type"" AS kt WHERE (kt.kind IN ('movie', 'episode'))","SELECT * FROM ""kind_type"" AS kt WHERE (kt.kind IN ('movie', 'episode'))",C:\Users\vanya\Documents\DATA_SYS_LAB\test44\final_benchmarks\test42_100k_exportpatch\queries\job_complex\09.sql
postgres,job_complex,09,kind_type,kt,1,2,2,1.0,exact,False,False,"SELECT COUNT(*) FROM ""kind_type"" AS kt WHERE (kt.kind IN ('movie', 'episode'))","SELECT * FROM ""kind_type"" AS kt WHERE (kt.kind IN ('movie', 'episode'))",C:\Users\vanya\Documents\DATA_SYS_LAB\test44\final_benchmarks\test42_100k_exportpatch\queries\job_complex\09.sql
duckdb,job_complex,09,movie_companies,mc,2,87934,89517,1.0180021379671116,over,False,False,"SELECT COUNT(*) FROM ""movie_companies"" AS mc WHERE (mc.note NOT LIKE '%(USA)%') AND (mc.note LIKE '%(co-production)%')","SELECT * FROM ""movie_companies"" AS mc WHERE (mc.note NOT LIKE '%(USA)%') AND (mc.note LIKE '%(co-production)%')",C:\Users\vanya\Documents\DATA_SYS_LAB\test44\final_benchmarks\test42_100k_exportpatch\queries\job_complex\09.sql
postgres,job_complex,09,movie_companies,mc,2,87934,49021,1.7938026560045695,under,False,False,"SELECT COUNT(*) FROM ""movie_companies"" AS mc WHERE (mc.note NOT LIKE '%(USA)%') AND (mc.note LIKE '%(co-production)%')","SELECT * FROM ""movie_companies"" AS mc WHERE (mc.note NOT LIKE '%(USA)%') AND (mc.note LIKE '%(co-production)%')",C:\Users\vanya\Documents\DATA_SYS_LAB\test44\final_benchmarks\test42_100k_exportpatch\queries\job_complex\09.sql
duckdb,job_complex,09,movie_info,mi,1,33696,496434,14.732727920227921,over,False,False,"SELECT COUNT(*) FROM ""movie_info"" AS mi WHERE (mi.info IN ('Sport', 'Norway', 'Germany', 'Denmark', 'Swedish', 'Danish', 'Norwegian', 'German', 'USA', 'American'))","SELECT * FROM ""movie_info"" AS mi WHERE (mi.info IN ('Sport', 'Norway', 'Germany', 'Denmark', 'Swedish', 'Danish', 'Norwegian', 'German', 'USA', 'American'))",C:\Users\vanya\Documents\DATA_SYS_LAB\test44\final_benchmarks\test42_100k_exportpatch\queries\job_complex\09.sql
postgres,job_complex,09,movie_info,mi,1,33696,25709,1.3106694153798282,under,False,False,"SELECT COUNT(*) FROM ""movie_info"" AS mi WHERE (mi.info IN ('Sport', 'Norway', 'Germany', 'Denmark', 'Swedish', 'Danish', 'Norwegian', 'German', 'USA', 'American'))","SELECT * FROM ""movie_info"" AS mi WHERE (mi.info IN ('Sport', 'Norway', 'Germany', 'Denmark', 'Swedish', 'Danish', 'Norwegian', 'German', 'USA', 'American'))",C:\Users\vanya\Documents\DATA_SYS_LAB\test44\final_benchmarks\test42_100k_exportpatch\queries\job_complex\09.sql
duckdb,job_complex,09,movie_info_idx,mi_idx,1,153131,100634,1.5216626587435658,under,False,False,"SELECT COUNT(*) FROM ""movie_info_idx"" AS mi_idx WHERE (mi_idx.info < '7.1')","SELECT * FROM ""movie_info_idx"" AS mi_idx WHERE (mi_idx.info < '7.1')",C:\Users\vanya\Documents\DATA_SYS_LAB\test44\final_benchmarks\test42_100k_exportpatch\queries\job_complex\09.sql
postgres,job_complex,09,movie_info_idx,mi_idx,1,393520,391860,1.004236206808554,under,False,False,"SELECT COUNT(*) FROM ""movie_info_idx"" AS mi_idx WHERE (mi_idx.info < '7.1')","SELECT * FROM ""movie_info_idx"" AS mi_idx WHERE (mi_idx.info < '7.1')",C:\Users\vanya\Documents\DATA_SYS_LAB\test44\final_benchmarks\test42_100k_exportpatch\queries\job_complex\09.sql
duckdb,job_complex,09,title,t,1,222893,50291,4.432065379491361,under,False,False,"SELECT COUNT(*) FROM ""title"" AS t WHERE (t.production_year > 2015)","SELECT * FROM ""title"" AS t WHERE (t.production_year > 2015)",C:\Users\vanya\Documents\DATA_SYS_LAB\test44\final_benchmarks\test42_100k_exportpatch\queries\job_complex\09.sql
postgres,job_complex,09,title,t,1,222893,223284,1.0017542049324115,over,False,False,"SELECT COUNT(*) FROM ""title"" AS t WHERE (t.production_year > 2015)","SELECT * FROM ""title"" AS t WHERE (t.production_year > 2015)",C:\Users\vanya\Documents\DATA_SYS_LAB\test44\final_benchmarks\test42_100k_exportpatch\queries\job_complex\09.sql
duckdb,job_complex,10,cast_info,ci,1,49507,560392,11.319449774779324,over,False,False,"SELECT COUNT(*) FROM ""cast_info"" AS ci WHERE (ci.note IN ('(voice)', '(executive producer)'))","SELECT * FROM ""cast_info"" AS ci WHERE (ci.note IN ('(voice)', '(executive producer)'))",C:\Users\vanya\Documents\DATA_SYS_LAB\test44\final_benchmarks\test42_100k_exportpatch\queries\job_complex\10.sql
postgres,job_complex,10,cast_info,ci,1,49507,50155,1.013089058112994,over,False,False,"SELECT COUNT(*) FROM ""cast_info"" AS ci WHERE (ci.note IN ('(voice)', '(executive producer)'))","SELECT * FROM ""cast_info"" AS ci WHERE (ci.note IN ('(voice)', '(executive producer)'))",C:\Users\vanya\Documents\DATA_SYS_LAB\test44\final_benchmarks\test42_100k_exportpatch\queries\job_complex\10.sql
duckdb,job_complex,10,info_type,it1,1,1,2,2.0,over,False,False,"SELECT COUNT(*) FROM ""info_type"" AS it1 WHERE (it1.info = 'genres')","SELECT * FROM ""info_type"" AS it1 WHERE (it1.info = 'genres')",C:\Users\vanya\Documents\DATA_SYS_LAB\test44\final_benchmarks\test42_100k_exportpatch\queries\job_complex\10.sql
postgres,job_complex,10,info_type,it1,1,1,1,1.0,exact,False,False,"SELECT COUNT(*) FROM ""info_type"" AS it1 WHERE (it1.info = 'genres')","SELECT * FROM ""info_type"" AS it1 WHERE (it1.info = 'genres')",C:\Users\vanya\Documents\DATA_SYS_LAB\test44\final_benchmarks\test42_100k_exportpatch\queries\job_complex\10.sql
duckdb,job_complex,10,info_type,it2,1,1,2,2.0,over,False,False,"SELECT COUNT(*) FROM ""info_type"" AS it2 WHERE (it2.info = 'rating')","SELECT * FROM ""info_type"" AS it2 WHERE (it2.info = 'rating')",C:\Users\vanya\Documents\DATA_SYS_LAB\test44\final_benchmarks\test42_100k_exportpatch\queries\job_complex\10.sql
postgres,job_complex,10,info_type,it2,1,1,1,1.0,exact,False,False,"SELECT COUNT(*) FROM ""info_type"" AS it2 WHERE (it2.info = 'rating')","SELECT * FROM ""info_type"" AS it2 WHERE (it2.info = 'rating')",C:\Users\vanya\Documents\DATA_SYS_LAB\test44\final_benchmarks\test42_100k_exportpatch\queries\job_complex\10.sql
duckdb,job_complex,10,name,n,2,1,120000,120000.0,over,False,False,"SELECT COUNT(*) FROM ""name"" AS n WHERE (n.gender = 'm') AND (n.name LIKE '%Keisuke Hayashi%')","SELECT * FROM ""name"" AS n WHERE (n.gender = 'm') AND (n.name LIKE '%Keisuke Hayashi%')",C:\Users\vanya\Documents\DATA_SYS_LAB\test44\final_benchmarks\test42_100k_exportpatch\queries\job_complex\10.sql
postgres,job_complex,10,name,n,2,1,13,13.0,over,False,False,"SELECT COUNT(*) FROM ""name"" AS n WHERE (n.gender = 'm') AND (n.name LIKE '%Keisuke Hayashi%')","SELECT * FROM ""name"" AS n WHERE (n.gender = 'm') AND (n.name LIKE '%Keisuke Hayashi%')",C:\Users\vanya\Documents\DATA_SYS_LAB\test44\final_benchmarks\test42_100k_exportpatch\queries\job_complex\10.sql
duckdb,job_complex,11,comp_cast_type,cct1,1,1,1,1.0,exact,False,False,"SELECT COUNT(*) FROM ""comp_cast_type"" AS cct1 WHERE (cct1.kind = 'cast')","SELECT * FROM ""comp_cast_type"" AS cct1 WHERE (cct1.kind = 'cast')",C:\Users\vanya\Documents\DATA_SYS_LAB\test44\final_benchmarks\test42_100k_exportpatch\queries\job_complex\11.sql
postgres,job_complex,11,comp_cast_type,cct1,1,1,1,1.0,exact,False,False,"SELECT COUNT(*) FROM ""comp_cast_type"" AS cct1 WHERE (cct1.kind = 'cast')","SELECT * FROM ""comp_cast_type"" AS cct1 WHERE (cct1.kind = 'cast')",C:\Users\vanya\Documents\DATA_SYS_LAB\test44\final_benchmarks\test42_100k_exportpatch\queries\job_complex\11.sql
duckdb,job_complex,11,comp_cast_type,cct2,1,2,1,2.0,under,False,False,"SELECT COUNT(*) FROM ""comp_cast_type"" AS cct2 WHERE (cct2.kind LIKE '%complete%')","SELECT * FROM ""comp_cast_type"" AS cct2 WHERE (cct2.kind LIKE '%complete%')",C:\Users\vanya\Documents\DATA_SYS_LAB\test44\final_benchmarks\test42_100k_exportpatch\queries\job_complex\11.sql
postgres,job_complex,11,comp_cast_type,cct2,1,2,1,2.0,under,False,False,"SELECT COUNT(*) FROM ""comp_cast_type"" AS cct2 WHERE (cct2.kind LIKE '%complete%')","SELECT * FROM ""comp_cast_type"" AS cct2 WHERE (cct2.kind LIKE '%complete%')",C:\Users\vanya\Documents\DATA_SYS_LAB\test44\final_benchmarks\test42_100k_exportpatch\queries\job_complex\11.sql
duckdb,job_complex,11,char_name,chn,2,1,150811,150811.0,over,False,False,"SELECT COUNT(*) FROM ""char_name"" AS chn WHERE (chn.name IS NOT NULL) AND (chn.name LIKE '%Jae ''Viper'' Hong%' OR chn.name LIKE '%Jae ''Viper'' Hong%')","SELECT * FROM ""char_name"" AS chn WHERE (chn.name IS NOT NULL) AND (chn.name LIKE '%Jae ''Viper'' Hong%' OR chn.name LIKE '%Jae ''Viper'' Hong%')",C:\Users\vanya\Documents\DATA_SYS_LAB\test44\final_benchmarks\test42_100k_exportpatch\queries\job_complex\11.sql
postgres,job_complex,11,char_name,chn,2,1,75,75.0,over,False,False,"SELECT COUNT(*) FROM ""char_name"" AS chn WHERE (chn.name IS NOT NULL) AND (chn.name LIKE '%Jae ''Viper'' Hong%' OR chn.name LIKE '%Jae ''Viper'' Hong%')","SELECT * FROM ""char_name"" AS chn WHERE (chn.name IS NOT NULL) AND (chn.name LIKE '%Jae ''Viper'' Hong%' OR chn.name LIKE '%Jae ''Viper'' Hong%')",C:\Users\vanya\Documents\DATA_SYS_LAB\test44\final_benchmarks\test42_100k_exportpatch\queries\job_complex\11.sql
duckdb,job_complex,11,info_type,it2,1,1,2,2.0,over,False,False,"SELECT COUNT(*) FROM ""info_type"" AS it2 WHERE (it2.info = 'rating')","SELECT * FROM ""info_type"" AS it2 WHERE (it2.info = 'rating')",C:\Users\vanya\Documents\DATA_SYS_LAB\test44\final_benchmarks\test42_100k_exportpatch\queries\job_complex\11.sql
postgres,job_complex,11,info_type,it2,1,1,1,1.0,exact,False,False,"SELECT COUNT(*) FROM ""info_type"" AS it2 WHERE (it2.info = 'rating')","SELECT * FROM ""info_type"" AS it2 WHERE (it2.info = 'rating')",C:\Users\vanya\Documents\DATA_SYS_LAB\test44\final_benchmarks\test42_100k_exportpatch\queries\job_complex\11.sql
duckdb,job_complex,11,keyword,k,1,1,1,1.0,exact,False,True,"SELECT COUNT(*) FROM ""keyword"" AS k WHERE (k.keyword = 'murder')","SELECT * FROM ""keyword"" AS k WHERE (k.keyword = 'murder')",C:\Users\vanya\Documents\DATA_SYS_LAB\test44\final_benchmarks\test42_100k_exportpatch\queries\job_complex\11.sql
postgres,job_complex,11,keyword,k,1,1,1,1.0,exact,False,True,"SELECT COUNT(*) FROM ""keyword"" AS k WHERE (k.keyword = 'murder')","SELECT * FROM ""keyword"" AS k WHERE (k.keyword = 'murder')",C:\Users\vanya\Documents\DATA_SYS_LAB\test44\final_benchmarks\test42_100k_exportpatch\queries\job_complex\11.sql
duckdb,job_complex,11,kind_type,kt,1,1,1,1.0,exact,False,False,"SELECT COUNT(*) FROM ""kind_type"" AS kt WHERE (kt.kind = 'movie')","SELECT * FROM ""kind_type"" AS kt WHERE (kt.kind = 'movie')",C:\Users\vanya\Documents\DATA_SYS_LAB\test44\final_benchmarks\test42_100k_exportpatch\queries\job_complex\11.sql
postgres,job_complex,11,kind_type,kt,1,1,1,1.0,exact,False,False,"SELECT COUNT(*) FROM ""kind_type"" AS kt WHERE (kt.kind = 'movie')","SELECT * FROM ""kind_type"" AS kt WHERE (kt.kind = 'movie')",C:\Users\vanya\Documents\DATA_SYS_LAB\test44\final_benchmarks\test42_100k_exportpatch\queries\job_complex\11.sql
duckdb,job_complex,11,title,t,1,42142,50291,1.1933700346447724,over,False,False,"SELECT COUNT(*) FROM ""title"" AS t WHERE (t.production_year > 2049)","SELECT * FROM ""title"" AS t WHERE (t.production_year > 2049)",C:\Users\vanya\Documents\DATA_SYS_LAB\test44\final_benchmarks\test42_100k_exportpatch\queries\job_complex\11.sql
postgres,job_complex,11,title,t,1,42142,42471,1.0078069384462056,over,False,False,"SELECT COUNT(*) FROM ""title"" AS t WHERE (t.production_year > 2049)","SELECT * FROM ""title"" AS t WHERE (t.production_year > 2049)",C:\Users\vanya\Documents\DATA_SYS_LAB\test44\final_benchmarks\test42_100k_exportpatch\queries\job_complex\11.sql
duckdb,job_complex,12,comp_cast_type,cct1,1,1,1,1.0,exact,False,False,"SELECT COUNT(*) FROM ""comp_cast_type"" AS cct1 WHERE (cct1.kind = 'cast')","SELECT * FROM ""comp_cast_type"" AS cct1 WHERE (cct1.kind = 'cast')",C:\Users\vanya\Documents\DATA_SYS_LAB\test44\final_benchmarks\test42_100k_exportpatch\queries\job_complex\12.sql
postgres,job_complex,12,comp_cast_type,cct1,1,1,1,1.0,exact,False,False,"SELECT COUNT(*) FROM ""comp_cast_type"" AS cct1 WHERE (cct1.kind = 'cast')","SELECT * FROM ""comp_cast_type"" AS cct1 WHERE (cct1.kind = 'cast')",C:\Users\vanya\Documents\DATA_SYS_LAB\test44\final_benchmarks\test42_100k_exportpatch\queries\job_complex\12.sql
duckdb,job_complex,12,comp_cast_type,cct2,1,2,1,2.0,under,False,False,"SELECT COUNT(*) FROM ""comp_cast_type"" AS cct2 WHERE (cct2.kind LIKE '%complete%')","SELECT * FROM ""comp_cast_type"" AS cct2 WHERE (cct2.kind LIKE '%complete%')",C:\Users\vanya\Documents\DATA_SYS_LAB\test44\final_benchmarks\test42_100k_exportpatch\queries\job_complex\12.sql
postgres,job_complex,12,comp_cast_type,cct2,1,2,1,2.0,under,False,False,"SELECT COUNT(*) FROM ""comp_cast_type"" AS cct2 WHERE (cct2.kind LIKE '%complete%')","SELECT * FROM ""comp_cast_type"" AS cct2 WHERE (cct2.kind LIKE '%complete%')",C:\Users\vanya\Documents\DATA_SYS_LAB\test44\final_benchmarks\test42_100k_exportpatch\queries\job_complex\12.sql
duckdb,job_complex,12,char_name,chn,2,1,150811,150811.0,over,False,False,"SELECT COUNT(*) FROM ""char_name"" AS chn WHERE (chn.name IS NOT NULL) AND (chn.name LIKE '%Eisa ''Whisper'' Al Nahyan%' OR chn.name LIKE '%Eisa ''Whisper'' Al Nahyan%')","SELECT * FROM ""char_name"" AS chn WHERE (chn.name IS NOT NULL) AND (chn.name LIKE '%Eisa ''Whisper'' Al Nahyan%' OR chn.name LIKE '%Eisa ''Whisper'' Al Nahyan%')",C:\Users\vanya\Documents\DATA_SYS_LAB\test44\final_benchmarks\test42_100k_exportpatch\queries\job_complex\12.sql
postgres,job_complex,12,char_name,chn,2,1,75,75.0,over,False,False,"SELECT COUNT(*) FROM ""char_name"" AS chn WHERE (chn.name IS NOT NULL) AND (chn.name LIKE '%Eisa ''Whisper'' Al Nahyan%' OR chn.name LIKE '%Eisa ''Whisper'' Al Nahyan%')","SELECT * FROM ""char_name"" AS chn WHERE (chn.name IS NOT NULL) AND (chn.name LIKE '%Eisa ''Whisper'' Al Nahyan%' OR chn.name LIKE '%Eisa ''Whisper'' Al Nahyan%')",C:\Users\vanya\Documents\DATA_SYS_LAB\test44\final_benchmarks\test42_100k_exportpatch\queries\job_complex\12.sql
duckdb,job_complex,12,info_type,it2,1,1,2,2.0,over,False,False,"SELECT COUNT(*) FROM ""info_type"" AS it2 WHERE (it2.info = 'rating')","SELECT * FROM ""info_type"" AS it2 WHERE (it2.info = 'rating')",C:\Users\vanya\Documents\DATA_SYS_LAB\test44\final_benchmarks\test42_100k_exportpatch\queries\job_complex\12.sql
postgres,job_complex,12,info_type,it2,1,1,1,1.0,exact,False,False,"SELECT COUNT(*) FROM ""info_type"" AS it2 WHERE (it2.info = 'rating')","SELECT * FROM ""info_type"" AS it2 WHERE (it2.info = 'rating')",C:\Users\vanya\Documents\DATA_SYS_LAB\test44\final_benchmarks\test42_100k_exportpatch\queries\job_complex\12.sql
duckdb,job_complex,12,keyword,k,1,2,2283,1141.5,over,False,False,"SELECT COUNT(*) FROM ""keyword"" AS k WHERE (k.keyword IN ('heavy-historical-reimagining-psychological-study', 'marvel-comics', 'based-on-comic', 'tv-special', 'fight', 'violence', 'magnet', 'web', 'claw', 'laser'))","SELECT * FROM ""keyword"" AS k WHERE (k.keyword IN ('heavy-historical-reimagining-psychological-study', 'marvel-comics', 'based-on-comic', 'tv-special', 'fight', 'violence', 'magnet', 'web', 'claw', 'laser'))",C:\Users\vanya\Documents\DATA_SYS_LAB\test44\final_benchmarks\test42_100k_exportpatch\queries\job_complex\12.sql
postgres,job_complex,12,keyword,k,1,2,10,5.0,over,False,False,"SELECT COUNT(*) FROM ""keyword"" AS k WHERE (k.keyword IN ('heavy-historical-reimagining-psychological-study', 'marvel-comics', 'based-on-comic', 'tv-special', 'fight', 'violence', 'magnet', 'web', 'claw', 'laser'))","SELECT * FROM ""keyword"" AS k WHERE (k.keyword IN ('heavy-historical-reimagining-psychological-study', 'marvel-comics', 'based-on-comic', 'tv-special', 'fight', 'violence', 'magnet', 'web', 'claw', 'laser'))",C:\Users\vanya\Documents\DATA_SYS_LAB\test44\final_benchmarks\test42_100k_exportpatch\queries\job_complex\12.sql
duckdb,job_complex,12,kind_type,kt,1,1,1,1.0,exact,False,False,"SELECT COUNT(*) FROM ""kind_type"" AS kt WHERE (kt.kind = 'movie')","SELECT * FROM ""kind_type"" AS kt WHERE (kt.kind = 'movie')",C:\Users\vanya\Documents\DATA_SYS_LAB\test44\final_benchmarks\test42_100k_exportpatch\queries\job_complex\12.sql
postgres,job_complex,12,kind_type,kt,1,1,1,1.0,exact,False,False,"SELECT COUNT(*) FROM ""kind_type"" AS kt WHERE (kt.kind = 'movie')","SELECT * FROM ""kind_type"" AS kt WHERE (kt.kind = 'movie')",C:\Users\vanya\Documents\DATA_SYS_LAB\test44\final_benchmarks\test42_100k_exportpatch\queries\job_complex\12.sql
duckdb,job_complex,12,title,t,1,249934,50291,4.9697560199638104,under,False,False,"SELECT COUNT(*) FROM ""title"" AS t WHERE (t.production_year >= 2001)","SELECT * FROM ""title"" AS t WHERE (t.production_year >= 2001)",C:\Users\vanya\Documents\DATA_SYS_LAB\test44\final_benchmarks\test42_100k_exportpatch\queries\job_complex\12.sql
postgres,job_complex,12,title,t,1,249934,250030,1.0003841014027703,over,False,False,"SELECT COUNT(*) FROM ""title"" AS t WHERE (t.production_year >= 2001)","SELECT * FROM ""title"" AS t WHERE (t.production_year >= 2001)",C:\Users\vanya\Documents\DATA_SYS_LAB\test44\final_benchmarks\test42_100k_exportpatch\queries\job_complex\12.sql
duckdb,job_complex,13,company_name,cn,1,4725,1800,2.625,under,False,False,"SELECT COUNT(*) FROM ""company_name"" AS cn WHERE (cn.country_code != '[us]')","SELECT * FROM ""company_name"" AS cn WHERE (cn.country_code != '[us]')",C:\Users\vanya\Documents\DATA_SYS_LAB\test44\final_benchmarks\test42_100k_exportpatch\queries\job_complex\13.sql
postgres,job_complex,13,company_name,cn,1,4725,4725,1.0,exact,False,False,"SELECT COUNT(*) FROM ""company_name"" AS cn WHERE (cn.country_code != '[us]')","SELECT * FROM ""company_name"" AS cn WHERE (cn.country_code != '[us]')",C:\Users\vanya\Documents\DATA_SYS_LAB\test44\final_benchmarks\test42_100k_exportpatch\queries\job_complex\13.sql
duckdb,job_complex,13,info_type,it1,1,1,2,2.0,over,False,False,"SELECT COUNT(*) FROM ""info_type"" AS it1 WHERE (it1.info = 'countries')","SELECT * FROM ""info_type"" AS it1 WHERE (it1.info = 'countries')",C:\Users\vanya\Documents\DATA_SYS_LAB\test44\final_benchmarks\test42_100k_exportpatch\queries\job_complex\13.sql
postgres,job_complex,13,info_type,it1,1,1,1,1.0,exact,False,False,"SELECT COUNT(*) FROM ""info_type"" AS it1 WHERE (it1.info = 'countries')","SELECT * FROM ""info_type"" AS it1 WHERE (it1.info = 'countries')",C:\Users\vanya\Documents\DATA_SYS_LAB\test44\final_benchmarks\test42_100k_exportpatch\queries\job_complex\13.sql
duckdb,job_complex,13,info_type,it2,1,1,2,2.0,over,False,False,"SELECT COUNT(*) FROM ""info_type"" AS it2 WHERE (it2.info = 'rating')","SELECT * FROM ""info_type"" AS it2 WHERE (it2.info = 'rating')",C:\Users\vanya\Documents\DATA_SYS_LAB\test44\final_benchmarks\test42_100k_exportpatch\queries\job_complex\13.sql
postgres,job_complex,13,info_type,it2,1,1,1,1.0,exact,False,False,"SELECT COUNT(*) FROM ""info_type"" AS it2 WHERE (it2.info = 'rating')","SELECT * FROM ""info_type"" AS it2 WHERE (it2.info = 'rating')",C:\Users\vanya\Documents\DATA_SYS_LAB\test44\final_benchmarks\test42_100k_exportpatch\queries\job_complex\13.sql
duckdb,job_complex,13,keyword,k,1,4,2283,570.75,over,False,False,"SELECT COUNT(*) FROM ""keyword"" AS k WHERE (k.keyword IN ('murder', 'murder-in-title', 'blood', 'violence'))","SELECT * FROM ""keyword"" AS k WHERE (k.keyword IN ('murder', 'murder-in-title', 'blood', 'violence'))",C:\Users\vanya\Documents\DATA_SYS_LAB\test44\final_benchmarks\test42_100k_exportpatch\queries\job_complex\13.sql
postgres,job_complex,13,keyword,k,1,4,4,1.0,exact,False,False,"SELECT COUNT(*) FROM ""keyword"" AS k WHERE (k.keyword IN ('murder', 'murder-in-title', 'blood', 'violence'))","SELECT * FROM ""keyword"" AS k WHERE (k.keyword IN ('murder', 'murder-in-title', 'blood', 'violence'))",C:\Users\vanya\Documents\DATA_SYS_LAB\test44\final_benchmarks\test42_100k_exportpatch\queries\job_complex\13.sql
duckdb,job_complex,13,kind_type,kt,1,2,1,2.0,under,False,False,"SELECT COUNT(*) FROM ""kind_type"" AS kt WHERE (kt.kind IN ('movie', 'episode'))","SELECT * FROM ""kind_type"" AS kt WHERE (kt.kind IN ('movie', 'episode'))",C:\Users\vanya\Documents\DATA_SYS_LAB\test44\final_benchmarks\test42_100k_exportpatch\queries\job_complex\13.sql
postgres,job_complex,13,kind_type,kt,1,2,2,1.0,exact,False,False,"SELECT COUNT(*) FROM ""kind_type"" AS kt WHERE (kt.kind IN ('movie', 'episode'))","SELECT * FROM ""kind_type"" AS kt WHERE (kt.kind IN ('movie', 'episode'))",C:\Users\vanya\Documents\DATA_SYS_LAB\test44\final_benchmarks\test42_100k_exportpatch\queries\job_complex\13.sql
duckdb,job_complex,13,movie_companies,mc,2,8247,89517,10.854492542742815,over,False,False,"SELECT COUNT(*) FROM ""movie_companies"" AS mc WHERE (mc.note NOT LIKE '%(USA)%') AND (mc.note LIKE '%(200%)%')","SELECT * FROM ""movie_companies"" AS mc WHERE (mc.note NOT LIKE '%(USA)%') AND (mc.note LIKE '%(200%)%')",C:\Users\vanya\Documents\DATA_SYS_LAB\test44\final_benchmarks\test42_100k_exportpatch\queries\job_complex\13.sql
postgres,job_complex,13,movie_companies,mc,2,8247,5081,1.6231056878567212,under,False,False,"SELECT COUNT(*) FROM ""movie_companies"" AS mc WHERE (mc.note NOT LIKE '%(USA)%') AND (mc.note LIKE '%(200%)%')","SELECT * FROM ""movie_companies"" AS mc WHERE (mc.note NOT LIKE '%(USA)%') AND (mc.note LIKE '%(200%)%')",C:\Users\vanya\Documents\DATA_SYS_LAB\test44\final_benchmarks\test42_100k_exportpatch\queries\job_complex\13.sql
duckdb,job_complex,13,movie_info,mi,1,31461,496434,15.779345856775056,over,False,False,"SELECT COUNT(*) FROM ""movie_info"" AS mi WHERE (mi.info IN ('Sweden', 'Norway', 'Germany', 'Denmark', 'Swedish', 'Danish', 'Norwegian', 'German', 'USA', 'American'))","SELECT * FROM ""movie_info"" AS mi WHERE (mi.info IN ('Sweden', 'Norway', 'Germany', 'Denmark', 'Swedish', 'Danish', 'Norwegian', 'German', 'USA', 'American'))",C:\Users\vanya\Documents\DATA_SYS_LAB\test44\final_benchmarks\test42_100k_exportpatch\queries\job_complex\13.sql
postgres,job_complex,13,movie_info,mi,1,31461,23558,1.3354699040665592,under,False,False,"SELECT COUNT(*) FROM ""movie_info"" AS mi WHERE (mi.info IN ('Sweden', 'Norway', 'Germany', 'Denmark', 'Swedish', 'Danish', 'Norwegian', 'German', 'USA', 'American'))","SELECT * FROM ""movie_info"" AS mi WHERE (mi.info IN ('Sweden', 'Norway', 'Germany', 'Denmark', 'Swedish', 'Danish', 'Norwegian', 'German', 'USA', 'American'))",C:\Users\vanya\Documents\DATA_SYS_LAB\test44\final_benchmarks\test42_100k_exportpatch\queries\job_complex\13.sql
duckdb,job_complex,13,movie_info_idx,mi_idx,1,224644,100634,2.2322872985273365,under,False,False,"SELECT COUNT(*) FROM ""movie_info_idx"" AS mi_idx WHERE (mi_idx.info < '8.5')","SELECT * FROM ""movie_info_idx"" AS mi_idx WHERE (mi_idx.info < '8.5')",C:\Users\vanya\Documents\DATA_SYS_LAB\test44\final_benchmarks\test42_100k_exportpatch\queries\job_complex\13.sql
postgres,job_complex,13,movie_info_idx,mi_idx,1,470242,469876,1.0007789289089035,under,False,False,"SELECT COUNT(*) FROM ""movie_info_idx"" AS mi_idx WHERE (mi_idx.info < '8.5')","SELECT * FROM ""movie_info_idx"" AS mi_idx WHERE (mi_idx.info < '8.5')",C:\Users\vanya\Documents\DATA_SYS_LAB\test44\final_benchmarks\test42_100k_exportpatch\queries\job_complex\13.sql
duckdb,job_complex,13,title,t,1,241478,50291,4.801614603010479,under,False,False,"SELECT COUNT(*) FROM ""title"" AS t WHERE (t.production_year > 2005)","SELECT * FROM ""title"" AS t WHERE (t.production_year > 2005)",C:\Users\vanya\Documents\DATA_SYS_LAB\test44\final_benchmarks\test42_100k_exportpatch\queries\job_complex\13.sql
postgres,job_complex,13,title,t,1,241478,241514,1.0001490819039416,over,False,False,"SELECT COUNT(*) FROM ""title"" AS t WHERE (t.production_year > 2005)","SELECT * FROM ""title"" AS t WHERE (t.production_year > 2005)",C:\Users\vanya\Documents\DATA_SYS_LAB\test44\final_benchmarks\test42_100k_exportpatch\queries\job_complex\13.sql
duckdb,job_complex,14,keyword,k,1,1,1,1.0,exact,False,False,"SELECT COUNT(*) FROM ""keyword"" AS k WHERE (k.keyword = 'period-accurate-asteroid belt-virtual reality')","SELECT * FROM ""keyword"" AS k WHERE (k.keyword = 'period-accurate-asteroid belt-virtual reality')",C:\Users\vanya\Documents\DATA_SYS_LAB\test44\final_benchmarks\test42_100k_exportpatch\queries\job_complex\14.sql
postgres,job_complex,14,keyword,k,1,1,1,1.0,exact,False,False,"SELECT COUNT(*) FROM ""keyword"" AS k WHERE (k.keyword = 'period-accurate-asteroid belt-virtual reality')","SELECT * FROM ""keyword"" AS k WHERE (k.keyword = 'period-accurate-asteroid belt-virtual reality')",C:\Users\vanya\Documents\DATA_SYS_LAB\test44\final_benchmarks\test42_100k_exportpatch\queries\job_complex\14.sql
duckdb,job_complex,14,name,n,1,1,48000,48000.0,over,False,False,"SELECT COUNT(*) FROM ""name"" AS n WHERE (n.name LIKE '%Eisa Jassim Al Suwaidi%')","SELECT * FROM ""name"" AS n WHERE (n.name LIKE '%Eisa Jassim Al Suwaidi%')",C:\Users\vanya\Documents\DATA_SYS_LAB\test44\final_benchmarks\test42_100k_exportpatch\queries\job_complex\14.sql
postgres,job_complex,14,name,n,1,1,24,24.0,over,False,False,"SELECT COUNT(*) FROM ""name"" AS n WHERE (n.name LIKE '%Eisa Jassim Al Suwaidi%')","SELECT * FROM ""name"" AS n WHERE (n.name LIKE '%Eisa Jassim Al Suwaidi%')",C:\Users\vanya\Documents\DATA_SYS_LAB\test44\final_benchmarks\test42_100k_exportpatch\queries\job_complex\14.sql
duckdb,job_complex,14,title,t,1,251455,50291,5.0,under,False,False,"SELECT COUNT(*) FROM ""title"" AS t WHERE (t.production_year > 1999)","SELECT * FROM ""title"" AS t WHERE (t.production_year > 1999)",C:\Users\vanya\Documents\DATA_SYS_LAB\test44\final_benchmarks\test42_100k_exportpatch\queries\job_complex\14.sql
postgres,job_complex,14,title,t,1,251455,251455,1.0,exact,False,False,"SELECT COUNT(*) FROM ""title"" AS t WHERE (t.production_year > 1999)","SELECT * FROM ""title"" AS t WHERE (t.production_year > 1999)",C:\Users\vanya\Documents\DATA_SYS_LAB\test44\final_benchmarks\test42_100k_exportpatch\queries\job_complex\14.sql
duckdb,job_complex,15,company_name,cn,1,4275,180,23.75,under,False,False,"SELECT COUNT(*) FROM ""company_name"" AS cn WHERE (cn.country_code = '[us]')","SELECT * FROM ""company_name"" AS cn WHERE (cn.country_code = '[us]')",C:\Users\vanya\Documents\DATA_SYS_LAB\test44\final_benchmarks\test42_100k_exportpatch\queries\job_complex\15.sql
postgres,job_complex,15,company_name,cn,1,4275,4275,1.0,exact,False,False,"SELECT COUNT(*) FROM ""company_name"" AS cn WHERE (cn.country_code = '[us]')","SELECT * FROM ""company_name"" AS cn WHERE (cn.country_code = '[us]')",C:\Users\vanya\Documents\DATA_SYS_LAB\test44\final_benchmarks\test42_100k_exportpatch\queries\job_complex\15.sql
duckdb,job_complex,15,info_type,it1,1,1,2,2.0,over,False,False,"SELECT COUNT(*) FROM ""info_type"" AS it1 WHERE (it1.info = 'release dates')","SELECT * FROM ""info_type"" AS it1 WHERE (it1.info = 'release dates')",C:\Users\vanya\Documents\DATA_SYS_LAB\test44\final_benchmarks\test42_100k_exportpatch\queries\job_complex\15.sql
postgres,job_complex,15,info_type,it1,1,1,1,1.0,exact,False,False,"SELECT COUNT(*) FROM ""info_type"" AS it1 WHERE (it1.info = 'release dates')","SELECT * FROM ""info_type"" AS it1 WHERE (it1.info = 'release dates')",C:\Users\vanya\Documents\DATA_SYS_LAB\test44\final_benchmarks\test42_100k_exportpatch\queries\job_complex\15.sql
duckdb,job_complex,15,movie_info,mi,1,100000,496434,4.96434,over,False,False,"SELECT COUNT(*) FROM ""movie_info"" AS mi WHERE (mi.note LIKE '%internet%')","SELECT * FROM ""movie_info"" AS mi WHERE (mi.note LIKE '%internet%')",C:\Users\vanya\Documents\DATA_SYS_LAB\test44\final_benchmarks\test42_100k_exportpatch\queries\job_complex\15.sql
postgres,job_complex,15,movie_info,mi,1,100000,95729,1.0446155292544579,under,False,False,"SELECT COUNT(*) FROM ""movie_info"" AS mi WHERE (mi.note LIKE '%internet%')","SELECT * FROM ""movie_info"" AS mi WHERE (mi.note LIKE '%internet%')",C:\Users\vanya\Documents\DATA_SYS_LAB\test44\final_benchmarks\test42_100k_exportpatch\queries\job_complex\15.sql
duckdb,job_complex,15,title,t,1,251455,50291,5.0,under,False,False,"SELECT COUNT(*) FROM ""title"" AS t WHERE (t.production_year > 1990)","SELECT * FROM ""title"" AS t WHERE (t.production_year > 1990)",C:\Users\vanya\Documents\DATA_SYS_LAB\test44\final_benchmarks\test42_100k_exportpatch\queries\job_complex\15.sql
postgres,job_complex,15,title,t,1,251455,251455,1.0,exact,False,False,"SELECT COUNT(*) FROM ""title"" AS t WHERE (t.production_year > 1990)","SELECT * FROM ""title"" AS t WHERE (t.production_year > 1990)",C:\Users\vanya\Documents\DATA_SYS_LAB\test44\final_benchmarks\test42_100k_exportpatch\queries\job_complex\15.sql
duckdb,job_complex,16,cast_info,ci,1,190030,560392,2.9489659527443037,over,False,False,"SELECT COUNT(*) FROM ""cast_info"" AS ci WHERE (ci.note IN ('(producer)', '(executive producer)'))","SELECT * FROM ""cast_info"" AS ci WHERE (ci.note IN ('(producer)', '(executive producer)'))",C:\Users\vanya\Documents\DATA_SYS_LAB\test44\final_benchmarks\test42_100k_exportpatch\queries\job_complex\16.sql
postgres,job_complex,16,cast_info,ci,1,190030,192588,1.0134610324685576,over,False,False,"SELECT COUNT(*) FROM ""cast_info"" AS ci WHERE (ci.note IN ('(producer)', '(executive producer)'))","SELECT * FROM ""cast_info"" AS ci WHERE (ci.note IN ('(producer)', '(executive producer)'))",C:\Users\vanya\Documents\DATA_SYS_LAB\test44\final_benchmarks\test42_100k_exportpatch\queries\job_complex\16.sql
duckdb,job_complex,16,info_type,it1,1,1,2,2.0,over,False,False,"SELECT COUNT(*) FROM ""info_type"" AS it1 WHERE (it1.info = 'budget')","SELECT * FROM ""info_type"" AS it1 WHERE (it1.info = 'budget')",C:\Users\vanya\Documents\DATA_SYS_LAB\test44\final_benchmarks\test42_100k_exportpatch\queries\job_complex\16.sql
postgres,job_complex,16,info_type,it1,1,1,1,1.0,exact,False,False,"SELECT COUNT(*) FROM ""info_type"" AS it1 WHERE (it1.info = 'budget')","SELECT * FROM ""info_type"" AS it1 WHERE (it1.info = 'budget')",C:\Users\vanya\Documents\DATA_SYS_LAB\test44\final_benchmarks\test42_100k_exportpatch\queries\job_complex\16.sql
duckdb,job_complex,16,info_type,it2,1,1,2,2.0,over,False,False,"SELECT COUNT(*) FROM ""info_type"" AS it2 WHERE (it2.info = 'votes')","SELECT * FROM ""info_type"" AS it2 WHERE (it2.info = 'votes')",C:\Users\vanya\Documents\DATA_SYS_LAB\test44\final_benchmarks\test42_100k_exportpatch\queries\job_complex\16.sql
postgres,job_complex,16,info_type,it2,1,1,1,1.0,exact,False,False,"SELECT COUNT(*) FROM ""info_type"" AS it2 WHERE (it2.info = 'votes')","SELECT * FROM ""info_type"" AS it2 WHERE (it2.info = 'votes')",C:\Users\vanya\Documents\DATA_SYS_LAB\test44\final_benchmarks\test42_100k_exportpatch\queries\job_complex\16.sql
duckdb,job_complex,16,name,n,2,497,120000,241.44869215291752,over,False,False,"SELECT COUNT(*) FROM ""name"" AS n WHERE (n.gender = 'm') AND (n.name LIKE '%Tim%')","SELECT * FROM ""name"" AS n WHERE (n.gender = 'm') AND (n.name LIKE '%Tim%')",C:\Users\vanya\Documents\DATA_SYS_LAB\test44\final_benchmarks\test42_100k_exportpatch\queries\job_complex\16.sql
postgres,job_complex,16,name,n,2,497,13,38.23076923076923,under,False,False,"SELECT COUNT(*) FROM ""name"" AS n WHERE (n.gender = 'm') AND (n.name LIKE '%Tim%')","SELECT * FROM ""name"" AS n WHERE (n.gender = 'm') AND (n.name LIKE '%Tim%')",C:\Users\vanya\Documents\DATA_SYS_LAB\test44\final_benchmarks\test42_100k_exportpatch\queries\job_complex\16.sql
duckdb,job_complex,17,company_name,cn,1,4725,1800,2.625,under,False,False,"SELECT COUNT(*) FROM ""company_name"" AS cn WHERE (cn.country_code != '[us]')","SELECT * FROM ""company_name"" AS cn WHERE (cn.country_code != '[us]')",C:\Users\vanya\Documents\DATA_SYS_LAB\test44\final_benchmarks\test42_100k_exportpatch\queries\job_complex\17.sql
postgres,job_complex,17,company_name,cn,1,4725,4725,1.0,exact,False,False,"SELECT COUNT(*) FROM ""company_name"" AS cn WHERE (cn.country_code != '[us]')","SELECT * FROM ""company_name"" AS cn WHERE (cn.country_code != '[us]')",C:\Users\vanya\Documents\DATA_SYS_LAB\test44\final_benchmarks\test42_100k_exportpatch\queries\job_complex\17.sql
duckdb,job_complex,17,info_type,it1,1,1,2,2.0,over,False,False,"SELECT COUNT(*) FROM ""info_type"" AS it1 WHERE (it1.info = 'countries')","SELECT * FROM ""info_type"" AS it1 WHERE (it1.info = 'countries')",C:\Users\vanya\Documents\DATA_SYS_LAB\test44\final_benchmarks\test42_100k_exportpatch\queries\job_complex\17.sql
postgres,job_complex,17,info_type,it1,1,1,1,1.0,exact,False,False,"SELECT COUNT(*) FROM ""info_type"" AS it1 WHERE (it1.info = 'countries')","SELECT * FROM ""info_type"" AS it1 WHERE (it1.info = 'countries')",C:\Users\vanya\Documents\DATA_SYS_LAB\test44\final_benchmarks\test42_100k_exportpatch\queries\job_complex\17.sql
duckdb,job_complex,17,info_type,it2,1,1,2,2.0,over,False,False,"SELECT COUNT(*) FROM ""info_type"" AS it2 WHERE (it2.info = 'rating')","SELECT * FROM ""info_type"" AS it2 WHERE (it2.info = 'rating')",C:\Users\vanya\Documents\DATA_SYS_LAB\test44\final_benchmarks\test42_100k_exportpatch\queries\job_complex\17.sql
postgres,job_complex,17,info_type,it2,1,1,1,1.0,exact,False,False,"SELECT COUNT(*) FROM ""info_type"" AS it2 WHERE (it2.info = 'rating')","SELECT * FROM ""info_type"" AS it2 WHERE (it2.info = 'rating')",C:\Users\vanya\Documents\DATA_SYS_LAB\test44\final_benchmarks\test42_100k_exportpatch\queries\job_complex\17.sql
duckdb,job_complex,17,keyword,k,1,4,2283,570.75,over,False,False,"SELECT COUNT(*) FROM ""keyword"" AS k WHERE (k.keyword IN ('murder', 'murder-in-title', 'blood', 'violence'))","SELECT * FROM ""keyword"" AS k WHERE (k.keyword IN ('murder', 'murder-in-title', 'blood', 'violence'))",C:\Users\vanya\Documents\DATA_SYS_LAB\test44\final_benchmarks\test42_100k_exportpatch\queries\job_complex\17.sql
postgres,job_complex,17,keyword,k,1,4,4,1.0,exact,False,False,"SELECT COUNT(*) FROM ""keyword"" AS k WHERE (k.keyword IN ('murder', 'murder-in-title', 'blood', 'violence'))","SELECT * FROM ""keyword"" AS k WHERE (k.keyword IN ('murder', 'murder-in-title', 'blood', 'violence'))",C:\Users\vanya\Documents\DATA_SYS_LAB\test44\final_benchmarks\test42_100k_exportpatch\queries\job_complex\17.sql
duckdb,job_complex,17,kind_type,kt,1,2,1,2.0,under,False,False,"SELECT COUNT(*) FROM ""kind_type"" AS kt WHERE (kt.kind IN ('movie', 'episode'))","SELECT * FROM ""kind_type"" AS kt WHERE (kt.kind IN ('movie', 'episode'))",C:\Users\vanya\Documents\DATA_SYS_LAB\test44\final_benchmarks\test42_100k_exportpatch\queries\job_complex\17.sql
postgres,job_complex,17,kind_type,kt,1,2,2,1.0,exact,False,False,"SELECT COUNT(*) FROM ""kind_type"" AS kt WHERE (kt.kind IN ('movie', 'episode'))","SELECT * FROM ""kind_type"" AS kt WHERE (kt.kind IN ('movie', 'episode'))",C:\Users\vanya\Documents\DATA_SYS_LAB\test44\final_benchmarks\test42_100k_exportpatch\queries\job_complex\17.sql
duckdb,job_complex,17,movie_companies,mc,2,8247,89517,10.854492542742815,over,False,False,"SELECT COUNT(*) FROM ""movie_companies"" AS mc WHERE (mc.note NOT LIKE '%(USA)%') AND (mc.note LIKE '%(200%)%')","SELECT * FROM ""movie_companies"" AS mc WHERE (mc.note NOT LIKE '%(USA)%') AND (mc.note LIKE '%(200%)%')",C:\Users\vanya\Documents\DATA_SYS_LAB\test44\final_benchmarks\test42_100k_exportpatch\queries\job_complex\17.sql
postgres,job_complex,17,movie_companies,mc,2,8247,5081,1.6231056878567212,under,False,False,"SELECT COUNT(*) FROM ""movie_companies"" AS mc WHERE (mc.note NOT LIKE '%(USA)%') AND (mc.note LIKE '%(200%)%')","SELECT * FROM ""movie_companies"" AS mc WHERE (mc.note NOT LIKE '%(USA)%') AND (mc.note LIKE '%(200%)%')",C:\Users\vanya\Documents\DATA_SYS_LAB\test44\final_benchmarks\test42_100k_exportpatch\queries\job_complex\17.sql
duckdb,job_complex,17,movie_info,mi,1,20243,496434,24.52373660030628,over,False,False,"SELECT COUNT(*) FROM ""movie_info"" AS mi WHERE (mi.info IN ('Germany', 'German', 'USA', 'American'))","SELECT * FROM ""movie_info"" AS mi WHERE (mi.info IN ('Germany', 'German', 'USA', 'American'))",C:\Users\vanya\Documents\DATA_SYS_LAB\test44\final_benchmarks\test42_100k_exportpatch\queries\job_complex\17.sql
postgres,job_complex,17,movie_info,mi,1,20243,20667,1.0209455120288495,over,False,False,"SELECT COUNT(*) FROM ""movie_info"" AS mi WHERE (mi.info IN ('Germany', 'German', 'USA', 'American'))","SELECT * FROM ""movie_info"" AS mi WHERE (mi.info IN ('Germany', 'German', 'USA', 'American'))",C:\Users\vanya\Documents\DATA_SYS_LAB\test44\final_benchmarks\test42_100k_exportpatch\queries\job_complex\17.sql
duckdb,job_complex,17,movie_info_idx,mi_idx,1,146050,100634,1.4512987658246717,under,False,False,"SELECT COUNT(*) FROM ""movie_info_idx"" AS mi_idx WHERE (mi_idx.info < '7.0')","SELECT * FROM ""movie_info_idx"" AS mi_idx WHERE (mi_idx.info < '7.0')",C:\Users\vanya\Documents\DATA_SYS_LAB\test44\final_benchmarks\test42_100k_exportpatch\queries\job_complex\17.sql
postgres,job_complex,17,movie_info_idx,mi_idx,1,386441,384262,1.005670610156612,under,False,False,"SELECT COUNT(*) FROM ""movie_info_idx"" AS mi_idx WHERE (mi_idx.info < '7.0')","SELECT * FROM ""movie_info_idx"" AS mi_idx WHERE (mi_idx.info < '7.0')",C:\Users\vanya\Documents\DATA_SYS_LAB\test44\final_benchmarks\test42_100k_exportpatch\queries\job_complex\17.sql
duckdb,job_complex,17,title,t,1,241478,50291,4.801614603010479,under,False,False,"SELECT COUNT(*) FROM ""title"" AS t WHERE (t.production_year > 2005)","SELECT * FROM ""title"" AS t WHERE (t.production_year > 2005)",C:\Users\vanya\Documents\DATA_SYS_LAB\test44\final_benchmarks\test42_100k_exportpatch\queries\job_complex\17.sql
postgres,job_complex,17,title,t,1,241478,241514,1.0001490819039416,over,False,False,"SELECT COUNT(*) FROM ""title"" AS t WHERE (t.production_year > 2005)","SELECT * FROM ""title"" AS t WHERE (t.production_year > 2005)",C:\Users\vanya\Documents\DATA_SYS_LAB\test44\final_benchmarks\test42_100k_exportpatch\queries\job_complex\17.sql
duckdb,job_complex,18,company_name,cn,2,80,36,2.2222222222222223,under,False,False,"SELECT COUNT(*) FROM ""company_name"" AS cn WHERE (cn.country_code = '[hu]') AND (cn.name_pcode_nf = cn.name_pcode_sf)","SELECT * FROM ""company_name"" AS cn WHERE (cn.country_code = '[hu]') AND (cn.name_pcode_nf = cn.name_pcode_sf)",C:\Users\vanya\Documents\DATA_SYS_LAB\test44\final_benchmarks\test42_100k_exportpatch\queries\job_complex\18.sql
postgres,job_complex,18,company_name,cn,2,80,1,80.0,under,False,False,"SELECT COUNT(*) FROM ""company_name"" AS cn WHERE (cn.country_code = '[hu]') AND (cn.name_pcode_nf = cn.name_pcode_sf)","SELECT * FROM ""company_name"" AS cn WHERE (cn.country_code = '[hu]') AND (cn.name_pcode_nf = cn.name_pcode_sf)",C:\Users\vanya\Documents\DATA_SYS_LAB\test44\final_benchmarks\test42_100k_exportpatch\queries\job_complex\18.sql
duckdb,job_complex,18,info_type,it1,1,1,2,2.0,over,False,False,"SELECT COUNT(*) FROM ""info_type"" AS it1 WHERE (it1.info = 'release dates')","SELECT * FROM ""info_type"" AS it1 WHERE (it1.info = 'release dates')",C:\Users\vanya\Documents\DATA_SYS_LAB\test44\final_benchmarks\test42_100k_exportpatch\queries\job_complex\18.sql
postgres,job_complex,18,info_type,it1,1,1,1,1.0,exact,False,False,"SELECT COUNT(*) FROM ""info_type"" AS it1 WHERE (it1.info = 'release dates')","SELECT * FROM ""info_type"" AS it1 WHERE (it1.info = 'release dates')",C:\Users\vanya\Documents\DATA_SYS_LAB\test44\final_benchmarks\test42_100k_exportpatch\queries\job_complex\18.sql
duckdb,job_complex,18,movie_info,mi,3,1,496434,496434.0,over,False,False,"SELECT COUNT(*) FROM ""movie_info"" AS mi WHERE (mi.note LIKE '%(Theatrical)%') AND (mi.info IS NOT NULL) AND (mi.info LIKE 'India:3 February 2000%' OR mi.info LIKE 'India:3 February 2000%')","SELECT * FROM ""movie_info"" AS mi WHERE (mi.note LIKE '%(Theatrical)%') AND (mi.info IS NOT NULL) AND (mi.info LIKE 'India:3 February 2000%' OR mi.info LIKE 'India:3 February 2000%')",C:\Users\vanya\Documents\DATA_SYS_LAB\test44\final_benchmarks\test42_100k_exportpatch\queries\job_complex\18.sql
postgres,job_complex,18,movie_info,mi,3,1,23,23.0,over,False,False,"SELECT COUNT(*) FROM ""movie_info"" AS mi WHERE (mi.note LIKE '%(Theatrical)%') AND (mi.info IS NOT NULL) AND (mi.info LIKE 'India:3 February 2000%' OR mi.info LIKE 'India:3 February 2000%')","SELECT * FROM ""movie_info"" AS mi WHERE (mi.note LIKE '%(Theatrical)%') AND (mi.info IS NOT NULL) AND (mi.info LIKE 'India:3 February 2000%' OR mi.info LIKE 'India:3 February 2000%')",C:\Users\vanya\Documents\DATA_SYS_LAB\test44\final_benchmarks\test42_100k_exportpatch\queries\job_complex\18.sql
duckdb,job_complex,18,title,t,1,251455,50291,5.0,under,False,False,"SELECT COUNT(*) FROM ""title"" AS t WHERE (t.production_year > 1999)","SELECT * FROM ""title"" AS t WHERE (t.production_year > 1999)",C:\Users\vanya\Documents\DATA_SYS_LAB\test44\final_benchmarks\test42_100k_exportpatch\queries\job_complex\18.sql
postgres,job_complex,18,title,t,1,251455,251455,1.0,exact,False,False,"SELECT COUNT(*) FROM ""title"" AS t WHERE (t.production_year > 1999)","SELECT * FROM ""title"" AS t WHERE (t.production_year > 1999)",C:\Users\vanya\Documents\DATA_SYS_LAB\test44\final_benchmarks\test42_100k_exportpatch\queries\job_complex\18.sql
duckdb,job_complex,19,cast_info,ci,1,26369,845,31.205917159763313,under,False,True,"SELECT COUNT(*) FROM ""cast_info"" AS ci WHERE (ci.note = '(uncredited)')","SELECT * FROM ""cast_info"" AS ci WHERE (ci.note = '(uncredited)')",C:\Users\vanya\Documents\DATA_SYS_LAB\test44\final_benchmarks\test42_100k_exportpatch\queries\job_complex\19.sql
postgres,job_complex,19,cast_info,ci,1,26369,24377,1.0817163719899905,under,False,True,"SELECT COUNT(*) FROM ""cast_info"" AS ci WHERE (ci.note = '(uncredited)')","SELECT * FROM ""cast_info"" AS ci WHERE (ci.note = '(uncredited)')",C:\Users\vanya\Documents\DATA_SYS_LAB\test44\final_benchmarks\test42_100k_exportpatch\queries\job_complex\19.sql
duckdb,job_complex,19,company_name,cn,1,1,1,1.0,exact,False,False,"SELECT COUNT(*) FROM ""company_name"" AS cn WHERE (cn.name LIKE 'Echo Works')","SELECT * FROM ""company_name"" AS cn WHERE (cn.name LIKE 'Echo Works')",C:\Users\vanya\Documents\DATA_SYS_LAB\test44\final_benchmarks\test42_100k_exportpatch\queries\job_complex\19.sql
postgres,job_complex,19,company_name,cn,1,1,1,1.0,exact,False,False,"SELECT COUNT(*) FROM ""company_name"" AS cn WHERE (cn.name LIKE 'Echo Works')","SELECT * FROM ""company_name"" AS cn WHERE (cn.name LIKE 'Echo Works')",C:\Users\vanya\Documents\DATA_SYS_LAB\test44\final_benchmarks\test42_100k_exportpatch\queries\job_complex\19.sql
duckdb,job_complex,19,info_type,it1,1,1,2,2.0,over,False,False,"SELECT COUNT(*) FROM ""info_type"" AS it1 WHERE (it1.info = 'genres')","SELECT * FROM ""info_type"" AS it1 WHERE (it1.info = 'genres')",C:\Users\vanya\Documents\DATA_SYS_LAB\test44\final_benchmarks\test42_100k_exportpatch\queries\job_complex\19.sql
postgres,job_complex,19,info_type,it1,1,1,1,1.0,exact,False,False,"SELECT COUNT(*) FROM ""info_type"" AS it1 WHERE (it1.info = 'genres')","SELECT * FROM ""info_type"" AS it1 WHERE (it1.info = 'genres')",C:\Users\vanya\Documents\DATA_SYS_LAB\test44\final_benchmarks\test42_100k_exportpatch\queries\job_complex\19.sql
duckdb,job_complex,19,info_type,it2,1,1,2,2.0,over,False,False,"SELECT COUNT(*) FROM ""info_type"" AS it2 WHERE (it2.info = 'votes')","SELECT * FROM ""info_type"" AS it2 WHERE (it2.info = 'votes')",C:\Users\vanya\Documents\DATA_SYS_LAB\test44\final_benchmarks\test42_100k_exportpatch\queries\job_complex\19.sql
postgres,job_complex,19,info_type,it2,1,1,1,1.0,exact,False,False,"SELECT COUNT(*) FROM ""info_type"" AS it2 WHERE (it2.info = 'votes')","SELECT * FROM ""info_type"" AS it2 WHERE (it2.info = 'votes')",C:\Users\vanya\Documents\DATA_SYS_LAB\test44\final_benchmarks\test42_100k_exportpatch\queries\job_complex\19.sql
duckdb,job_complex,19,keyword,k,1,1,1,1.0,exact,False,True,"SELECT COUNT(*) FROM ""keyword"" AS k WHERE (k.keyword = 'gangster')","SELECT * FROM ""keyword"" AS k WHERE (k.keyword = 'gangster')",C:\Users\vanya\Documents\DATA_SYS_LAB\test44\final_benchmarks\test42_100k_exportpatch\queries\job_complex\19.sql
postgres,job_complex,19,keyword,k,1,1,1,1.0,exact,False,True,"SELECT COUNT(*) FROM ""keyword"" AS k WHERE (k.keyword = 'gangster')","SELECT * FROM ""keyword"" AS k WHERE (k.keyword = 'gangster')",C:\Users\vanya\Documents\DATA_SYS_LAB\test44\final_benchmarks\test42_100k_exportpatch\queries\job_complex\19.sql
duckdb,job_complex,19,movie_info,mi,1,13576,17,798.5882352941177,under,False,True,"SELECT COUNT(*) FROM ""movie_info"" AS mi WHERE (mi.info = 'Crime')","SELECT * FROM ""movie_info"" AS mi WHERE (mi.info = 'Crime')",C:\Users\vanya\Documents\DATA_SYS_LAB\test44\final_benchmarks\test42_100k_exportpatch\queries\job_complex\19.sql
postgres,job_complex,19,movie_info,mi,1,13576,12825,1.0585575048732943,under,False,True,"SELECT COUNT(*) FROM ""movie_info"" AS mi WHERE (mi.info = 'Crime')","SELECT * FROM ""movie_info"" AS mi WHERE (mi.info = 'Crime')",C:\Users\vanya\Documents\DATA_SYS_LAB\test44\final_benchmarks\test42_100k_exportpatch\queries\job_complex\19.sql
duckdb,job_complex,19,name,n,1,124894,120000,1.0407833333333334,under,False,False,"SELECT COUNT(*) FROM ""name"" AS n WHERE (n.gender = 'm')","SELECT * FROM ""name"" AS n WHERE (n.gender = 'm')",C:\Users\vanya\Documents\DATA_SYS_LAB\test44\final_benchmarks\test42_100k_exportpatch\queries\job_complex\19.sql
postgres,job_complex,19,name,n,1,124894,125088,1.0015533172129967,over,False,False,"SELECT COUNT(*) FROM ""name"" AS n WHERE (n.gender = 'm')","SELECT * FROM ""name"" AS n WHERE (n.gender = 'm')",C:\Users\vanya\Documents\DATA_SYS_LAB\test44\final_benchmarks\test42_100k_exportpatch\queries\job_complex\19.sql
duckdb,job_complex,20,comp_cast_type,cct1,1,1,1,1.0,exact,False,False,"SELECT COUNT(*) FROM ""comp_cast_type"" AS cct1 WHERE (cct1.kind = 'cast')","SELECT * FROM ""comp_cast_type"" AS cct1 WHERE (cct1.kind = 'cast')",C:\Users\vanya\Documents\DATA_SYS_LAB\test44\final_benchmarks\test42_100k_exportpatch\queries\job_complex\20.sql
postgres,job_complex,20,comp_cast_type,cct1,1,1,1,1.0,exact,False,False,"SELECT COUNT(*) FROM ""comp_cast_type"" AS cct1 WHERE (cct1.kind = 'cast')","SELECT * FROM ""comp_cast_type"" AS cct1 WHERE (cct1.kind = 'cast')",C:\Users\vanya\Documents\DATA_SYS_LAB\test44\final_benchmarks\test42_100k_exportpatch\queries\job_complex\20.sql
duckdb,job_complex,20,comp_cast_type,cct2,1,1,1,1.0,exact,False,False,"SELECT COUNT(*) FROM ""comp_cast_type"" AS cct2 WHERE (cct2.kind = 'complete+verified')","SELECT * FROM ""comp_cast_type"" AS cct2 WHERE (cct2.kind = 'complete+verified')",C:\Users\vanya\Documents\DATA_SYS_LAB\test44\final_benchmarks\test42_100k_exportpatch\queries\job_complex\20.sql
postgres,job_complex,20,comp_cast_type,cct2,1,1,1,1.0,exact,False,False,"SELECT COUNT(*) FROM ""comp_cast_type"" AS cct2 WHERE (cct2.kind = 'complete+verified')","SELECT * FROM ""comp_cast_type"" AS cct2 WHERE (cct2.kind = 'complete+verified')",C:\Users\vanya\Documents\DATA_SYS_LAB\test44\final_benchmarks\test42_100k_exportpatch\queries\job_complex\20.sql
duckdb,job_complex,20,company_name,cn,1,4725,1800,2.625,under,False,False,"SELECT COUNT(*) FROM ""company_name"" AS cn WHERE (cn.country_code != '[us]')","SELECT * FROM ""company_name"" AS cn WHERE (cn.country_code != '[us]')",C:\Users\vanya\Documents\DATA_SYS_LAB\test44\final_benchmarks\test42_100k_exportpatch\queries\job_complex\20.sql
postgres,job_complex,20,company_name,cn,1,4725,4725,1.0,exact,False,False,"SELECT COUNT(*) FROM ""company_name"" AS cn WHERE (cn.country_code != '[us]')","SELECT * FROM ""company_name"" AS cn WHERE (cn.country_code != '[us]')",C:\Users\vanya\Documents\DATA_SYS_LAB\test44\final_benchmarks\test42_100k_exportpatch\queries\job_complex\20.sql
duckdb,job_complex,20,info_type,it1,1,1,2,2.0,over,False,False,"SELECT COUNT(*) FROM ""info_type"" AS it1 WHERE (it1.info = 'genres')","SELECT * FROM ""info_type"" AS it1 WHERE (it1.info = 'genres')",C:\Users\vanya\Documents\DATA_SYS_LAB\test44\final_benchmarks\test42_100k_exportpatch\queries\job_complex\20.sql
postgres,job_complex,20,info_type,it1,1,1,1,1.0,exact,False,False,"SELECT COUNT(*) FROM ""info_type"" AS it1 WHERE (it1.info = 'genres')","SELECT * FROM ""info_type"" AS it1 WHERE (it1.info = 'genres')",C:\Users\vanya\Documents\DATA_SYS_LAB\test44\final_benchmarks\test42_100k_exportpatch\queries\job_complex\20.sql
duckdb,job_complex,20,info_type,it2,1,1,2,2.0,over,False,False,"SELECT COUNT(*) FROM ""info_type"" AS it2 WHERE (it2.info = 'rating')","SELECT * FROM ""info_type"" AS it2 WHERE (it2.info = 'rating')",C:\Users\vanya\Documents\DATA_SYS_LAB\test44\final_benchmarks\test42_100k_exportpatch\queries\job_complex\20.sql
postgres,job_complex,20,info_type,it2,1,1,1,1.0,exact,False,False,"SELECT COUNT(*) FROM ""info_type"" AS it2 WHERE (it2.info = 'rating')","SELECT * FROM ""info_type"" AS it2 WHERE (it2.info = 'rating')",C:\Users\vanya\Documents\DATA_SYS_LAB\test44\final_benchmarks\test42_100k_exportpatch\queries\job_complex\20.sql
duckdb,job_complex,20,keyword,k,1,4,2283,570.75,over,False,False,"SELECT COUNT(*) FROM ""keyword"" AS k WHERE (k.keyword IN ('tv-episode', 'murder-in-title', 'blood', 'violence'))","SELECT * FROM ""keyword"" AS k WHERE (k.keyword IN ('tv-episode', 'murder-in-title', 'blood', 'violence'))",C:\Users\vanya\Documents\DATA_SYS_LAB\test44\final_benchmarks\test42_100k_exportpatch\queries\job_complex\20.sql
postgres,job_complex,20,keyword,k,1,4,4,1.0,exact,False,False,"SELECT COUNT(*) FROM ""keyword"" AS k WHERE (k.keyword IN ('tv-episode', 'murder-in-title', 'blood', 'violence'))","SELECT * FROM ""keyword"" AS k WHERE (k.keyword IN ('tv-episode', 'murder-in-title', 'blood', 'violence'))",C:\Users\vanya\Documents\DATA_SYS_LAB\test44\final_benchmarks\test42_100k_exportpatch\queries\job_complex\20.sql
duckdb,job_complex,20,kind_type,kt,1,1,1,1.0,exact,False,True,"SELECT COUNT(*) FROM ""kind_type"" AS kt WHERE (kt.kind = 'episode')","SELECT * FROM ""kind_type"" AS kt WHERE (kt.kind = 'episode')",C:\Users\vanya\Documents\DATA_SYS_LAB\test44\final_benchmarks\test42_100k_exportpatch\queries\job_complex\20.sql
postgres,job_complex,20,kind_type,kt,1,1,1,1.0,exact,False,True,"SELECT COUNT(*) FROM ""kind_type"" AS kt WHERE (kt.kind = 'episode')","SELECT * FROM ""kind_type"" AS kt WHERE (kt.kind = 'episode')",C:\Users\vanya\Documents\DATA_SYS_LAB\test44\final_benchmarks\test42_100k_exportpatch\queries\job_complex\20.sql
duckdb,job_complex,20,movie_companies,mc,2,6381,89517,14.02867889045604,over,False,False,"SELECT COUNT(*) FROM ""movie_companies"" AS mc WHERE (mc.note NOT LIKE '%(USA)%') AND (mc.note LIKE '%(2048) (TV)%')","SELECT * FROM ""movie_companies"" AS mc WHERE (mc.note NOT LIKE '%(USA)%') AND (mc.note LIKE '%(2048) (TV)%')",C:\Users\vanya\Documents\DATA_SYS_LAB\test44\final_benchmarks\test42_100k_exportpatch\queries\job_complex\20.sql
postgres,job_complex,20,movie_companies,mc,2,6381,3641,1.752540510848668,under,False,False,"SELECT COUNT(*) FROM ""movie_companies"" AS mc WHERE (mc.note NOT LIKE '%(USA)%') AND (mc.note LIKE '%(2048) (TV)%')","SELECT * FROM ""movie_companies"" AS mc WHERE (mc.note NOT LIKE '%(USA)%') AND (mc.note LIKE '%(2048) (TV)%')",C:\Users\vanya\Documents\DATA_SYS_LAB\test44\final_benchmarks\test42_100k_exportpatch\queries\job_complex\20.sql
duckdb,job_complex,20,movie_info,mi,1,30041,496434,16.52521553876369,over,False,False,"SELECT COUNT(*) FROM ""movie_info"" AS mi WHERE (mi.info IN ('Sci-Fi', 'Norway', 'Germany', 'Denmark', 'Swedish', 'Danish', 'Norwegian', 'German'))","SELECT * FROM ""movie_info"" AS mi WHERE (mi.info IN ('Sci-Fi', 'Norway', 'Germany', 'Denmark', 'Swedish', 'Danish', 'Norwegian', 'German'))",C:\Users\vanya\Documents\DATA_SYS_LAB\test44\final_benchmarks\test42_100k_exportpatch\queries\job_complex\20.sql
postgres,job_complex,20,movie_info,mi,1,30041,21093,1.4242165647371166,under,False,False,"SELECT COUNT(*) FROM ""movie_info"" AS mi WHERE (mi.info IN ('Sci-Fi', 'Norway', 'Germany', 'Denmark', 'Swedish', 'Danish', 'Norwegian', 'German'))","SELECT * FROM ""movie_info"" AS mi WHERE (mi.info IN ('Sci-Fi', 'Norway', 'Germany', 'Denmark', 'Swedish', 'Danish', 'Norwegian', 'German'))",C:\Users\vanya\Documents\DATA_SYS_LAB\test44\final_benchmarks\test42_100k_exportpatch\queries\job_complex\20.sql
duckdb,job_complex,20,movie_info_idx,mi_idx,1,190032,100634,1.8883478744758233,under,False,False,"SELECT COUNT(*) FROM ""movie_info_idx"" AS mi_idx WHERE (mi_idx.info < '7.7')","SELECT * FROM ""movie_info_idx"" AS mi_idx WHERE (mi_idx.info < '7.7')",C:\Users\vanya\Documents\DATA_SYS_LAB\test44\final_benchmarks\test42_100k_exportpatch\queries\job_complex\20.sql
postgres,job_complex,20,movie_info_idx,mi_idx,1,430421,429917,1.0011723193081454,under,False,False,"SELECT COUNT(*) FROM ""movie_info_idx"" AS mi_idx WHERE (mi_idx.info < '7.7')","SELECT * FROM ""movie_info_idx"" AS mi_idx WHERE (mi_idx.info < '7.7')",C:\Users\vanya\Documents\DATA_SYS_LAB\test44\final_benchmarks\test42_100k_exportpatch\queries\job_complex\20.sql
duckdb,job_complex,20,title,t,1,64211,50291,1.2767890875106878,under,False,False,"SELECT COUNT(*) FROM ""title"" AS t WHERE (t.production_year > 2047)","SELECT * FROM ""title"" AS t WHERE (t.production_year > 2047)",C:\Users\vanya\Documents\DATA_SYS_LAB\test44\final_benchmarks\test42_100k_exportpatch\queries\job_complex\20.sql
postgres,job_complex,20,title,t,1,64211,64725,1.0080048589805486,over,False,False,"SELECT COUNT(*) FROM ""title"" AS t WHERE (t.production_year > 2047)","SELECT * FROM ""title"" AS t WHERE (t.production_year > 2047)",C:\Users\vanya\Documents\DATA_SYS_LAB\test44\final_benchmarks\test42_100k_exportpatch\queries\job_complex\20.sql
duckdb,job_complex,21,cast_info,ci,1,151635,560392,3.6956639298315035,over,False,False,"SELECT COUNT(*) FROM ""cast_info"" AS ci WHERE (ci.note IN ('(as Det. J. Tremblay)', '(head writer)', '(written by)', '(story)', '(story editor)'))","SELECT * FROM ""cast_info"" AS ci WHERE (ci.note IN ('(as Det. J. Tremblay)', '(head writer)', '(written by)', '(story)', '(story editor)'))",C:\Users\vanya\Documents\DATA_SYS_LAB\test44\final_benchmarks\test42_100k_exportpatch\queries\job_complex\21.sql
postgres,job_complex,21,cast_info,ci,1,151635,150650,1.006538333886492,under,False,False,"SELECT COUNT(*) FROM ""cast_info"" AS ci WHERE (ci.note IN ('(as Det. J. Tremblay)', '(head writer)', '(written by)', '(story)', '(story editor)'))","SELECT * FROM ""cast_info"" AS ci WHERE (ci.note IN ('(as Det. J. Tremblay)', '(head writer)', '(written by)', '(story)', '(story editor)'))",C:\Users\vanya\Documents\DATA_SYS_LAB\test44\final_benchmarks\test42_100k_exportpatch\queries\job_complex\21.sql
duckdb,job_complex,21,company_name,cn,1,1,1800,1800.0,over,False,False,"SELECT COUNT(*) FROM ""company_name"" AS cn WHERE (cn.name LIKE 'Quartz Productions%')","SELECT * FROM ""company_name"" AS cn WHERE (cn.name LIKE 'Quartz Productions%')",C:\Users\vanya\Documents\DATA_SYS_LAB\test44\final_benchmarks\test42_100k_exportpatch\queries\job_complex\21.sql
postgres,job_complex,21,company_name,cn,1,1,1,1.0,exact,False,False,"SELECT COUNT(*) FROM ""company_name"" AS cn WHERE (cn.name LIKE 'Quartz Productions%')","SELECT * FROM ""company_name"" AS cn WHERE (cn.name LIKE 'Quartz Productions%')",C:\Users\vanya\Documents\DATA_SYS_LAB\test44\final_benchmarks\test42_100k_exportpatch\queries\job_complex\21.sql
duckdb,job_complex,21,info_type,it1,1,1,2,2.0,over,False,False,"SELECT COUNT(*) FROM ""info_type"" AS it1 WHERE (it1.info = 'genres')","SELECT * FROM ""info_type"" AS it1 WHERE (it1.info = 'genres')",C:\Users\vanya\Documents\DATA_SYS_LAB\test44\final_benchmarks\test42_100k_exportpatch\queries\job_complex\21.sql
postgres,job_complex,21,info_type,it1,1,1,1,1.0,exact,False,False,"SELECT COUNT(*) FROM ""info_type"" AS it1 WHERE (it1.info = 'genres')","SELECT * FROM ""info_type"" AS it1 WHERE (it1.info = 'genres')",C:\Users\vanya\Documents\DATA_SYS_LAB\test44\final_benchmarks\test42_100k_exportpatch\queries\job_complex\21.sql
duckdb,job_complex,21,info_type,it2,1,1,2,2.0,over,False,False,"SELECT COUNT(*) FROM ""info_type"" AS it2 WHERE (it2.info = 'rating')","SELECT * FROM ""info_type"" AS it2 WHERE (it2.info = 'rating')",C:\Users\vanya\Documents\DATA_SYS_LAB\test44\final_benchmarks\test42_100k_exportpatch\queries\job_complex\21.sql
postgres,job_complex,21,info_type,it2,1,1,1,1.0,exact,False,False,"SELECT COUNT(*) FROM ""info_type"" AS it2 WHERE (it2.info = 'rating')","SELECT * FROM ""info_type"" AS it2 WHERE (it2.info = 'rating')",C:\Users\vanya\Documents\DATA_SYS_LAB\test44\final_benchmarks\test42_100k_exportpatch\queries\job_complex\21.sql
duckdb,job_complex,21,keyword,k,1,7,2283,326.14285714285717,over,False,False,"SELECT COUNT(*) FROM ""keyword"" AS k WHERE (k.keyword IN ('menacing-espionage', 'violence', 'blood', 'gore', 'death', 'female-nudity', 'hospital'))","SELECT * FROM ""keyword"" AS k WHERE (k.keyword IN ('menacing-espionage', 'violence', 'blood', 'gore', 'death', 'female-nudity', 'hospital'))",C:\Users\vanya\Documents\DATA_SYS_LAB\test44\final_benchmarks\test42_100k_exportpatch\queries\job_complex\21.sql
postgres,job_complex,21,keyword,k,1,7,7,1.0,exact,False,False,"SELECT COUNT(*) FROM ""keyword"" AS k WHERE (k.keyword IN ('menacing-espionage', 'violence', 'blood', 'gore', 'death', 'female-nudity', 'hospital'))","SELECT * FROM ""keyword"" AS k WHERE (k.keyword IN ('menacing-espionage', 'violence', 'blood', 'gore', 'death', 'female-nudity', 'hospital'))",C:\Users\vanya\Documents\DATA_SYS_LAB\test44\final_benchmarks\test42_100k_exportpatch\queries\job_complex\21.sql
duckdb,job_complex,21,movie_info,mi,1,13575,17,798.5294117647059,under,False,True,"SELECT COUNT(*) FROM ""movie_info"" AS mi WHERE (mi.info = 'Thriller')","SELECT * FROM ""movie_info"" AS mi WHERE (mi.info = 'Thriller')",C:\Users\vanya\Documents\DATA_SYS_LAB\test44\final_benchmarks\test42_100k_exportpatch\queries\job_complex\21.sql
postgres,job_complex,21,movie_info,mi,1,13575,13486,1.0065994364526176,under,False,True,"SELECT COUNT(*) FROM ""movie_info"" AS mi WHERE (mi.info = 'Thriller')","SELECT * FROM ""movie_info"" AS mi WHERE (mi.info = 'Thriller')",C:\Users\vanya\Documents\DATA_SYS_LAB\test44\final_benchmarks\test42_100k_exportpatch\queries\job_complex\21.sql
duckdb,job_complex,21,name,n,1,107907,120000,1.1120687258472575,over,False,False,"SELECT COUNT(*) FROM ""name"" AS n WHERE (n.gender = 'f')","SELECT * FROM ""name"" AS n WHERE (n.gender = 'f')",C:\Users\vanya\Documents\DATA_SYS_LAB\test44\final_benchmarks\test42_100k_exportpatch\queries\job_complex\21.sql
postgres,job_complex,21,name,n,1,107907,107984,1.0007135774324187,over,False,False,"SELECT COUNT(*) FROM ""name"" AS n WHERE (n.gender = 'f')","SELECT * FROM ""name"" AS n WHERE (n.gender = 'f')",C:\Users\vanya\Documents\DATA_SYS_LAB\test44\final_benchmarks\test42_100k_exportpatch\queries\job_complex\21.sql
duckdb,job_complex,22,keyword,k,1,3,2283,761.0,over,False,False,"SELECT COUNT(*) FROM ""keyword"" AS k WHERE (k.keyword IN ('blood', 'sequel', 'second-part', 'marvel-comics', 'based-on-comic', 'tv-special', 'fight', 'violence'))","SELECT * FROM ""keyword"" AS k WHERE (k.keyword IN ('blood', 'sequel', 'second-part', 'marvel-comics', 'based-on-comic', 'tv-special', 'fight', 'violence'))",C:\Users\vanya\Documents\DATA_SYS_LAB\test44\final_benchmarks\test42_100k_exportpatch\queries\job_complex\22.sql
postgres,job_complex,22,keyword,k,1,3,8,2.6666666666666665,over,False,False,"SELECT COUNT(*) FROM ""keyword"" AS k WHERE (k.keyword IN ('blood', 'sequel', 'second-part', 'marvel-comics', 'based-on-comic', 'tv-special', 'fight', 'violence'))","SELECT * FROM ""keyword"" AS k WHERE (k.keyword IN ('blood', 'sequel', 'second-part', 'marvel-comics', 'based-on-comic', 'tv-special', 'fight', 'violence'))",C:\Users\vanya\Documents\DATA_SYS_LAB\test44\final_benchmarks\test42_100k_exportpatch\queries\job_complex\22.sql
duckdb,job_complex,22,name,n,1,1346,48000,35.661218424962854,over,False,False,"SELECT COUNT(*) FROM ""name"" AS n WHERE (n.name LIKE '%elik%')","SELECT * FROM ""name"" AS n WHERE (n.name LIKE '%elik%')",C:\Users\vanya\Documents\DATA_SYS_LAB\test44\final_benchmarks\test42_100k_exportpatch\queries\job_complex\22.sql
postgres,job_complex,22,name,n,1,1346,24,56.083333333333336,under,False,False,"SELECT COUNT(*) FROM ""name"" AS n WHERE (n.name LIKE '%elik%')","SELECT * FROM ""name"" AS n WHERE (n.name LIKE '%elik%')",C:\Users\vanya\Documents\DATA_SYS_LAB\test44\final_benchmarks\test42_100k_exportpatch\queries\job_complex\22.sql
duckdb,job_complex,22,title,t,1,249934,50291,4.9697560199638104,under,False,False,"SELECT COUNT(*) FROM ""title"" AS t WHERE (t.production_year > 2000)","SELECT * FROM ""title"" AS t WHERE (t.production_year > 2000)",C:\Users\vanya\Documents\DATA_SYS_LAB\test44\final_benchmarks\test42_100k_exportpatch\queries\job_complex\22.sql
postgres,job_complex,22,title,t,1,249934,250030,1.0003841014027703,over,False,False,"SELECT COUNT(*) FROM ""title"" AS t WHERE (t.production_year > 2000)","SELECT * FROM ""title"" AS t WHERE (t.production_year > 2000)",C:\Users\vanya\Documents\DATA_SYS_LAB\test44\final_benchmarks\test42_100k_exportpatch\queries\job_complex\22.sql
duckdb,job_complex,23,comp_cast_type,cct1,1,1,1,1.0,exact,False,False,"SELECT COUNT(*) FROM ""comp_cast_type"" AS cct1 WHERE (cct1.kind = 'cast')","SELECT * FROM ""comp_cast_type"" AS cct1 WHERE (cct1.kind = 'cast')",C:\Users\vanya\Documents\DATA_SYS_LAB\test44\final_benchmarks\test42_100k_exportpatch\queries\job_complex\23.sql
postgres,job_complex,23,comp_cast_type,cct1,1,1,1,1.0,exact,False,False,"SELECT COUNT(*) FROM ""comp_cast_type"" AS cct1 WHERE (cct1.kind = 'cast')","SELECT * FROM ""comp_cast_type"" AS cct1 WHERE (cct1.kind = 'cast')",C:\Users\vanya\Documents\DATA_SYS_LAB\test44\final_benchmarks\test42_100k_exportpatch\queries\job_complex\23.sql
duckdb,job_complex,23,comp_cast_type,cct2,1,2,1,2.0,under,False,False,"SELECT COUNT(*) FROM ""comp_cast_type"" AS cct2 WHERE (cct2.kind LIKE '%complete%')","SELECT * FROM ""comp_cast_type"" AS cct2 WHERE (cct2.kind LIKE '%complete%')",C:\Users\vanya\Documents\DATA_SYS_LAB\test44\final_benchmarks\test42_100k_exportpatch\queries\job_complex\23.sql
postgres,job_complex,23,comp_cast_type,cct2,1,2,1,2.0,under,False,False,"SELECT COUNT(*) FROM ""comp_cast_type"" AS cct2 WHERE (cct2.kind LIKE '%complete%')","SELECT * FROM ""comp_cast_type"" AS cct2 WHERE (cct2.kind LIKE '%complete%')",C:\Users\vanya\Documents\DATA_SYS_LAB\test44\final_benchmarks\test42_100k_exportpatch\queries\job_complex\23.sql
duckdb,job_complex,23,char_name,chn,2,20853,150811,7.232100896753464,over,False,False,"SELECT COUNT(*) FROM ""char_name"" AS chn WHERE (chn.name IS NOT NULL) AND (chn.name LIKE '%man%' OR chn.name LIKE '%Man%')","SELECT * FROM ""char_name"" AS chn WHERE (chn.name IS NOT NULL) AND (chn.name LIKE '%man%' OR chn.name LIKE '%Man%')",C:\Users\vanya\Documents\DATA_SYS_LAB\test44\final_benchmarks\test42_100k_exportpatch\queries\job_complex\23.sql
postgres,job_complex,23,char_name,chn,2,20853,151,138.09933774834437,under,False,False,"SELECT COUNT(*) FROM ""char_name"" AS chn WHERE (chn.name IS NOT NULL) AND (chn.name LIKE '%man%' OR chn.name LIKE '%Man%')","SELECT * FROM ""char_name"" AS chn WHERE (chn.name IS NOT NULL) AND (chn.name LIKE '%man%' OR chn.name LIKE '%Man%')",C:\Users\vanya\Documents\DATA_SYS_LAB\test44\final_benchmarks\test42_100k_exportpatch\queries\job_complex\23.sql
duckdb,job_complex,23,info_type,it2,1,1,2,2.0,over,False,False,"SELECT COUNT(*) FROM ""info_type"" AS it2 WHERE (it2.info = 'rating')","SELECT * FROM ""info_type"" AS it2 WHERE (it2.info = 'rating')",C:\Users\vanya\Documents\DATA_SYS_LAB\test44\final_benchmarks\test42_100k_exportpatch\queries\job_complex\23.sql
postgres,job_complex,23,info_type,it2,1,1,1,1.0,exact,False,False,"SELECT COUNT(*) FROM ""info_type"" AS it2 WHERE (it2.info = 'rating')","SELECT * FROM ""info_type"" AS it2 WHERE (it2.info = 'rating')",C:\Users\vanya\Documents\DATA_SYS_LAB\test44\final_benchmarks\test42_100k_exportpatch\queries\job_complex\23.sql
duckdb,job_complex,23,keyword,k,1,1,2283,2283.0,over,False,False,"SELECT COUNT(*) FROM ""keyword"" AS k WHERE (k.keyword IN ('superhero', 'marvel-comics', 'based-on-comic', 'tv-special', 'fight', 'violence', 'magnet', 'web', 'claw', 'laser'))","SELECT * FROM ""keyword"" AS k WHERE (k.keyword IN ('superhero', 'marvel-comics', 'based-on-comic', 'tv-special', 'fight', 'violence', 'magnet', 'web', 'claw', 'laser'))",C:\Users\vanya\Documents\DATA_SYS_LAB\test44\final_benchmarks\test42_100k_exportpatch\queries\job_complex\23.sql
postgres,job_complex,23,keyword,k,1,1,10,10.0,over,False,False,"SELECT COUNT(*) FROM ""keyword"" AS k WHERE (k.keyword IN ('superhero', 'marvel-comics', 'based-on-comic', 'tv-special', 'fight', 'violence', 'magnet', 'web', 'claw', 'laser'))","SELECT * FROM ""keyword"" AS k WHERE (k.keyword IN ('superhero', 'marvel-comics', 'based-on-comic', 'tv-special', 'fight', 'violence', 'magnet', 'web', 'claw', 'laser'))",C:\Users\vanya\Documents\DATA_SYS_LAB\test44\final_benchmarks\test42_100k_exportpatch\queries\job_complex\23.sql
duckdb,job_complex,23,kind_type,kt,1,1,1,1.0,exact,False,False,"SELECT COUNT(*) FROM ""kind_type"" AS kt WHERE (kt.kind = 'movie')","SELECT * FROM ""kind_type"" AS kt WHERE (kt.kind = 'movie')",C:\Users\vanya\Documents\DATA_SYS_LAB\test44\final_benchmarks\test42_100k_exportpatch\queries\job_complex\23.sql
postgres,job_complex,23,kind_type,kt,1,1,1,1.0,exact,False,False,"SELECT COUNT(*) FROM ""kind_type"" AS kt WHERE (kt.kind = 'movie')","SELECT * FROM ""kind_type"" AS kt WHERE (kt.kind = 'movie')",C:\Users\vanya\Documents\DATA_SYS_LAB\test44\final_benchmarks\test42_100k_exportpatch\queries\job_complex\23.sql
duckdb,job_complex,23,title,t,1,249934,50291,4.9697560199638104,under,False,False,"SELECT COUNT(*) FROM ""title"" AS t WHERE (t.production_year > 2000)","SELECT * FROM ""title"" AS t WHERE (t.production_year > 2000)",C:\Users\vanya\Documents\DATA_SYS_LAB\test44\final_benchmarks\test42_100k_exportpatch\queries\job_complex\23.sql
postgres,job_complex,23,title,t,1,249934,250030,1.0003841014027703,over,False,False,"SELECT COUNT(*) FROM ""title"" AS t WHERE (t.production_year > 2000)","SELECT * FROM ""title"" AS t WHERE (t.production_year > 2000)",C:\Users\vanya\Documents\DATA_SYS_LAB\test44\final_benchmarks\test42_100k_exportpatch\queries\job_complex\23.sql
duckdb,job_complex,24,keyword,k,1,1,1,1.0,exact,False,False,"SELECT COUNT(*) FROM ""keyword"" AS k WHERE (k.keyword ='satire-international-travel-zany')","SELECT * FROM ""keyword"" AS k WHERE (k.keyword ='satire-international-travel-zany')",C:\Users\vanya\Documents\DATA_SYS_LAB\test44\final_benchmarks\test42_100k_exportpatch\queries\job_complex\24.sql
postgres,job_complex,24,keyword,k,1,1,1,1.0,exact,False,False,"SELECT COUNT(*) FROM ""keyword"" AS k WHERE (k.keyword ='satire-international-travel-zany')","SELECT * FROM ""keyword"" AS k WHERE (k.keyword ='satire-international-travel-zany')",C:\Users\vanya\Documents\DATA_SYS_LAB\test44\final_benchmarks\test42_100k_exportpatch\queries\job_complex\24.sql
duckdb,job_complex,24,name,n,1,1,48000,48000.0,over,False,False,"SELECT COUNT(*) FROM ""name"" AS n WHERE (n.name LIKE '%Evie Grace Lee III%')","SELECT * FROM ""name"" AS n WHERE (n.name LIKE '%Evie Grace Lee III%')",C:\Users\vanya\Documents\DATA_SYS_LAB\test44\final_benchmarks\test42_100k_exportpatch\queries\job_complex\24.sql
postgres,job_complex,24,name,n,1,1,24,24.0,over,False,False,"SELECT COUNT(*) FROM ""name"" AS n WHERE (n.name LIKE '%Evie Grace Lee III%')","SELECT * FROM ""name"" AS n WHERE (n.name LIKE '%Evie Grace Lee III%')",C:\Users\vanya\Documents\DATA_SYS_LAB\test44\final_benchmarks\test42_100k_exportpatch\queries\job_complex\24.sql
duckdb,job_complex,25,comp_cast_type,cct1,1,1,1,1.0,exact,False,False,"SELECT COUNT(*) FROM ""comp_cast_type"" AS cct1 WHERE (cct1.kind = 'cast')","SELECT * FROM ""comp_cast_type"" AS cct1 WHERE (cct1.kind = 'cast')",C:\Users\vanya\Documents\DATA_SYS_LAB\test44\final_benchmarks\test42_100k_exportpatch\queries\job_complex\25.sql
postgres,job_complex,25,comp_cast_type,cct1,1,1,1,1.0,exact,False,False,"SELECT COUNT(*) FROM ""comp_cast_type"" AS cct1 WHERE (cct1.kind = 'cast')","SELECT * FROM ""comp_cast_type"" AS cct1 WHERE (cct1.kind = 'cast')",C:\Users\vanya\Documents\DATA_SYS_LAB\test44\final_benchmarks\test42_100k_exportpatch\queries\job_complex\25.sql
duckdb,job_complex,25,comp_cast_type,cct2,1,2,1,2.0,under,False,False,"SELECT COUNT(*) FROM ""comp_cast_type"" AS cct2 WHERE (cct2.kind LIKE '%complete%')","SELECT * FROM ""comp_cast_type"" AS cct2 WHERE (cct2.kind LIKE '%complete%')",C:\Users\vanya\Documents\DATA_SYS_LAB\test44\final_benchmarks\test42_100k_exportpatch\queries\job_complex\25.sql
postgres,job_complex,25,comp_cast_type,cct2,1,2,1,2.0,under,False,False,"SELECT COUNT(*) FROM ""comp_cast_type"" AS cct2 WHERE (cct2.kind LIKE '%complete%')","SELECT * FROM ""comp_cast_type"" AS cct2 WHERE (cct2.kind LIKE '%complete%')",C:\Users\vanya\Documents\DATA_SYS_LAB\test44\final_benchmarks\test42_100k_exportpatch\queries\job_complex\25.sql
duckdb,job_complex,25,char_name,chn,2,716,150811,210.62988826815644,over,False,False,"SELECT COUNT(*) FROM ""char_name"" AS chn WHERE (chn.name IS NOT NULL) AND (chn.name LIKE '%Andrew%' OR chn.name LIKE '%Andrew%')","SELECT * FROM ""char_name"" AS chn WHERE (chn.name IS NOT NULL) AND (chn.name LIKE '%Andrew%' OR chn.name LIKE '%Andrew%')",C:\Users\vanya\Documents\DATA_SYS_LAB\test44\final_benchmarks\test42_100k_exportpatch\queries\job_complex\25.sql
postgres,job_complex,25,char_name,chn,2,716,75,9.546666666666667,under,False,False,"SELECT COUNT(*) FROM ""char_name"" AS chn WHERE (chn.name IS NOT NULL) AND (chn.name LIKE '%Andrew%' OR chn.name LIKE '%Andrew%')","SELECT * FROM ""char_name"" AS chn WHERE (chn.name IS NOT NULL) AND (chn.name LIKE '%Andrew%' OR chn.name LIKE '%Andrew%')",C:\Users\vanya\Documents\DATA_SYS_LAB\test44\final_benchmarks\test42_100k_exportpatch\queries\job_complex\25.sql
duckdb,job_complex,25,info_type,it2,1,1,2,2.0,over,False,False,"SELECT COUNT(*) FROM ""info_type"" AS it2 WHERE (it2.info = 'rating')","SELECT * FROM ""info_type"" AS it2 WHERE (it2.info = 'rating')",C:\Users\vanya\Documents\DATA_SYS_LAB\test44\final_benchmarks\test42_100k_exportpatch\queries\job_complex\25.sql
postgres,job_complex,25,info_type,it2,1,1,1,1.0,exact,False,False,"SELECT COUNT(*) FROM ""info_type"" AS it2 WHERE (it2.info = 'rating')","SELECT * FROM ""info_type"" AS it2 WHERE (it2.info = 'rating')",C:\Users\vanya\Documents\DATA_SYS_LAB\test44\final_benchmarks\test42_100k_exportpatch\queries\job_complex\25.sql
duckdb,job_complex,25,keyword,k,1,2,2283,1141.5,over,False,False,"SELECT COUNT(*) FROM ""keyword"" AS k WHERE (k.keyword IN ('heist sequence', 'marvel-comics', 'based-on-comic', 'tv-special', 'fight', 'violence', 'magnet', 'web', 'claw', 'laser'))","SELECT * FROM ""keyword"" AS k WHERE (k.keyword IN ('heist sequence', 'marvel-comics', 'based-on-comic', 'tv-special', 'fight', 'violence', 'magnet', 'web', 'claw', 'laser'))",C:\Users\vanya\Documents\DATA_SYS_LAB\test44\final_benchmarks\test42_100k_exportpatch\queries\job_complex\25.sql
postgres,job_complex,25,keyword,k,1,2,10,5.0,over,False,False,"SELECT COUNT(*) FROM ""keyword"" AS k WHERE (k.keyword IN ('heist sequence', 'marvel-comics', 'based-on-comic', 'tv-special', 'fight', 'violence', 'magnet', 'web', 'claw', 'laser'))","SELECT * FROM ""keyword"" AS k WHERE (k.keyword IN ('heist sequence', 'marvel-comics', 'based-on-comic', 'tv-special', 'fight', 'violence', 'magnet', 'web', 'claw', 'laser'))",C:\Users\vanya\Documents\DATA_SYS_LAB\test44\final_benchmarks\test42_100k_exportpatch\queries\job_complex\25.sql
duckdb,job_complex,25,kind_type,kt,1,1,1,1.0,exact,False,False,"SELECT COUNT(*) FROM ""kind_type"" AS kt WHERE (kt.kind = 'movie')","SELECT * FROM ""kind_type"" AS kt WHERE (kt.kind = 'movie')",C:\Users\vanya\Documents\DATA_SYS_LAB\test44\final_benchmarks\test42_100k_exportpatch\queries\job_complex\25.sql
postgres,job_complex,25,kind_type,kt,1,1,1,1.0,exact,False,False,"SELECT COUNT(*) FROM ""kind_type"" AS kt WHERE (kt.kind = 'movie')","SELECT * FROM ""kind_type"" AS kt WHERE (kt.kind = 'movie')",C:\Users\vanya\Documents\DATA_SYS_LAB\test44\final_benchmarks\test42_100k_exportpatch\queries\job_complex\25.sql
duckdb,job_complex,25,title,t,1,249934,50291,4.9697560199638104,under,False,False,"SELECT COUNT(*) FROM ""title"" AS t WHERE (t.production_year > 2000)","SELECT * FROM ""title"" AS t WHERE (t.production_year > 2000)",C:\Users\vanya\Documents\DATA_SYS_LAB\test44\final_benchmarks\test42_100k_exportpatch\queries\job_complex\25.sql
postgres,job_complex,25,title,t,1,249934,250030,1.0003841014027703,over,False,False,"SELECT COUNT(*) FROM ""title"" AS t WHERE (t.production_year > 2000)","SELECT * FROM ""title"" AS t WHERE (t.production_year > 2000)",C:\Users\vanya\Documents\DATA_SYS_LAB\test44\final_benchmarks\test42_100k_exportpatch\queries\job_complex\25.sql
duckdb,job_complex,26,company_name,cn,2,80,36,2.2222222222222223,under,False,False,"SELECT COUNT(*) FROM ""company_name"" AS cn WHERE (cn.country_code ='[hu]') AND (cn.name_pcode_nf = cn.name_pcode_sf)","SELECT * FROM ""company_name"" AS cn WHERE (cn.country_code ='[hu]') AND (cn.name_pcode_nf = cn.name_pcode_sf)",C:\Users\vanya\Documents\DATA_SYS_LAB\test44\final_benchmarks\test42_100k_exportpatch\queries\job_complex\26.sql
postgres,job_complex,26,company_name,cn,2,80,1,80.0,under,False,False,"SELECT COUNT(*) FROM ""company_name"" AS cn WHERE (cn.country_code ='[hu]') AND (cn.name_pcode_nf = cn.name_pcode_sf)","SELECT * FROM ""company_name"" AS cn WHERE (cn.country_code ='[hu]') AND (cn.name_pcode_nf = cn.name_pcode_sf)",C:\Users\vanya\Documents\DATA_SYS_LAB\test44\final_benchmarks\test42_100k_exportpatch\queries\job_complex\26.sql
duckdb,job_complex,26,company_type,ct,1,1,1,1.0,exact,False,False,"SELECT COUNT(*) FROM ""company_type"" AS ct WHERE (ct.kind ='production companies')","SELECT * FROM ""company_type"" AS ct WHERE (ct.kind ='production companies')",C:\Users\vanya\Documents\DATA_SYS_LAB\test44\final_benchmarks\test42_100k_exportpatch\queries\job_complex\26.sql
postgres,job_complex,26,company_type,ct,1,1,1,1.0,exact,False,False,"SELECT COUNT(*) FROM ""company_type"" AS ct WHERE (ct.kind ='production companies')","SELECT * FROM ""company_type"" AS ct WHERE (ct.kind ='production companies')",C:\Users\vanya\Documents\DATA_SYS_LAB\test44\final_benchmarks\test42_100k_exportpatch\queries\job_complex\26.sql
duckdb,job_complex,26,info_type,it,1,1,2,2.0,over,False,False,"SELECT COUNT(*) FROM ""info_type"" AS it WHERE (it.info ='rating')","SELECT * FROM ""info_type"" AS it WHERE (it.info ='rating')",C:\Users\vanya\Documents\DATA_SYS_LAB\test44\final_benchmarks\test42_100k_exportpatch\queries\job_complex\26.sql
postgres,job_complex,26,info_type,it,1,1,1,1.0,exact,False,False,"SELECT COUNT(*) FROM ""info_type"" AS it WHERE (it.info ='rating')","SELECT * FROM ""info_type"" AS it WHERE (it.info ='rating')",C:\Users\vanya\Documents\DATA_SYS_LAB\test44\final_benchmarks\test42_100k_exportpatch\queries\job_complex\26.sql
duckdb,job_complex,26,info_type,it2,1,1,2,2.0,over,False,False,"SELECT COUNT(*) FROM ""info_type"" AS it2 WHERE (it2.info ='genres')","SELECT * FROM ""info_type"" AS it2 WHERE (it2.info ='genres')",C:\Users\vanya\Documents\DATA_SYS_LAB\test44\final_benchmarks\test42_100k_exportpatch\queries\job_complex\26.sql
postgres,job_complex,26,info_type,it2,1,1,1,1.0,exact,False,False,"SELECT COUNT(*) FROM ""info_type"" AS it2 WHERE (it2.info ='genres')","SELECT * FROM ""info_type"" AS it2 WHERE (it2.info ='genres')",C:\Users\vanya\Documents\DATA_SYS_LAB\test44\final_benchmarks\test42_100k_exportpatch\queries\job_complex\26.sql
duckdb,job_complex,26,kind_type,kt,1,1,1,1.0,exact,False,False,"SELECT COUNT(*) FROM ""kind_type"" AS kt WHERE (kt.kind ='movie')","SELECT * FROM ""kind_type"" AS kt WHERE (kt.kind ='movie')",C:\Users\vanya\Documents\DATA_SYS_LAB\test44\final_benchmarks\test42_100k_exportpatch\queries\job_complex\26.sql
postgres,job_complex,26,kind_type,kt,1,1,1,1.0,exact,False,False,"SELECT COUNT(*) FROM ""kind_type"" AS kt WHERE (kt.kind ='movie')","SELECT * FROM ""kind_type"" AS kt WHERE (kt.kind ='movie')",C:\Users\vanya\Documents\DATA_SYS_LAB\test44\final_benchmarks\test42_100k_exportpatch\queries\job_complex\26.sql
duckdb,job_complex,27,company_name,cn,1,4275,180,23.75,under,False,False,"SELECT COUNT(*) FROM ""company_name"" AS cn WHERE (cn.country_code ='[us]')","SELECT * FROM ""company_name"" AS cn WHERE (cn.country_code ='[us]')",C:\Users\vanya\Documents\DATA_SYS_LAB\test44\final_benchmarks\test42_100k_exportpatch\queries\job_complex\27.sql
postgres,job_complex,27,company_name,cn,1,4275,4275,1.0,exact,False,False,"SELECT COUNT(*) FROM ""company_name"" AS cn WHERE (cn.country_code ='[us]')","SELECT * FROM ""company_name"" AS cn WHERE (cn.country_code ='[us]')",C:\Users\vanya\Documents\DATA_SYS_LAB\test44\final_benchmarks\test42_100k_exportpatch\queries\job_complex\27.sql
duckdb,job_complex,27,keyword,k,1,1,1,1.0,exact,False,False,"SELECT COUNT(*) FROM ""keyword"" AS k WHERE (k.keyword ='death')","SELECT * FROM ""keyword"" AS k WHERE (k.keyword ='death')",C:\Users\vanya\Documents\DATA_SYS_LAB\test44\final_benchmarks\test42_100k_exportpatch\queries\job_complex\27.sql
postgres,job_complex,27,keyword,k,1,1,1,1.0,exact,False,False,"SELECT COUNT(*) FROM ""keyword"" AS k WHERE (k.keyword ='death')","SELECT * FROM ""keyword"" AS k WHERE (k.keyword ='death')",C:\Users\vanya\Documents\DATA_SYS_LAB\test44\final_benchmarks\test42_100k_exportpatch\queries\job_complex\27.sql
duckdb,job_complex,27,name,n,1,1,48000,48000.0,over,False,False,"SELECT COUNT(*) FROM ""name"" AS n WHERE (n.name LIKE 'Essi Mari Makinen%')","SELECT * FROM ""name"" AS n WHERE (n.name LIKE 'Essi Mari Makinen%')",C:\Users\vanya\Documents\DATA_SYS_LAB\test44\final_benchmarks\test42_100k_exportpatch\queries\job_complex\27.sql
postgres,job_complex,27,name,n,1,1,24,24.0,over,False,False,"SELECT COUNT(*) FROM ""name"" AS n WHERE (n.name LIKE 'Essi Mari Makinen%')","SELECT * FROM ""name"" AS n WHERE (n.name LIKE 'Essi Mari Makinen%')",C:\Users\vanya\Documents\DATA_SYS_LAB\test44\final_benchmarks\test42_100k_exportpatch\queries\job_complex\27.sql
duckdb,job_complex,28,comp_cast_type,cct1,1,1,1,1.0,exact,False,False,"SELECT COUNT(*) FROM ""comp_cast_type"" AS cct1 WHERE (cct1.kind = 'complete+verified')","SELECT * FROM ""comp_cast_type"" AS cct1 WHERE (cct1.kind = 'complete+verified')",C:\Users\vanya\Documents\DATA_SYS_LAB\test44\final_benchmarks\test42_100k_exportpatch\queries\job_complex\28.sql
postgres,job_complex,28,comp_cast_type,cct1,1,1,1,1.0,exact,False,False,"SELECT COUNT(*) FROM ""comp_cast_type"" AS cct1 WHERE (cct1.kind = 'complete+verified')","SELECT * FROM ""comp_cast_type"" AS cct1 WHERE (cct1.kind = 'complete+verified')",C:\Users\vanya\Documents\DATA_SYS_LAB\test44\final_benchmarks\test42_100k_exportpatch\queries\job_complex\28.sql
duckdb,job_complex,28,company_name,cn,2,80,36,2.2222222222222223,under,False,False,"SELECT COUNT(*) FROM ""company_name"" AS cn WHERE (cn.country_code = '[hu]') AND (cn.name_pcode_nf = cn.name_pcode_sf)","SELECT * FROM ""company_name"" AS cn WHERE (cn.country_code = '[hu]') AND (cn.name_pcode_nf = cn.name_pcode_sf)",C:\Users\vanya\Documents\DATA_SYS_LAB\test44\final_benchmarks\test42_100k_exportpatch\queries\job_complex\28.sql
postgres,job_complex,28,company_name,cn,2,80,1,80.0,under,False,False,"SELECT COUNT(*) FROM ""company_name"" AS cn WHERE (cn.country_code = '[hu]') AND (cn.name_pcode_nf = cn.name_pcode_sf)","SELECT * FROM ""company_name"" AS cn WHERE (cn.country_code = '[hu]') AND (cn.name_pcode_nf = cn.name_pcode_sf)",C:\Users\vanya\Documents\DATA_SYS_LAB\test44\final_benchmarks\test42_100k_exportpatch\queries\job_complex\28.sql
duckdb,job_complex,28,info_type,it1,1,1,2,2.0,over,False,False,"SELECT COUNT(*) FROM ""info_type"" AS it1 WHERE (it1.info = 'release dates')","SELECT * FROM ""info_type"" AS it1 WHERE (it1.info = 'release dates')",C:\Users\vanya\Documents\DATA_SYS_LAB\test44\final_benchmarks\test42_100k_exportpatch\queries\job_complex\28.sql
postgres,job_complex,28,info_type,it1,1,1,1,1.0,exact,False,False,"SELECT COUNT(*) FROM ""info_type"" AS it1 WHERE (it1.info = 'release dates')","SELECT * FROM ""info_type"" AS it1 WHERE (it1.info = 'release dates')",C:\Users\vanya\Documents\DATA_SYS_LAB\test44\final_benchmarks\test42_100k_exportpatch\queries\job_complex\28.sql
duckdb,job_complex,28,kind_type,kt,1,1,1,1.0,exact,False,False,"SELECT COUNT(*) FROM ""kind_type"" AS kt WHERE (kt.kind IN ('movie'))","SELECT * FROM ""kind_type"" AS kt WHERE (kt.kind IN ('movie'))",C:\Users\vanya\Documents\DATA_SYS_LAB\test44\final_benchmarks\test42_100k_exportpatch\queries\job_complex\28.sql
postgres,job_complex,28,kind_type,kt,1,1,1,1.0,exact,False,False,"SELECT COUNT(*) FROM ""kind_type"" AS kt WHERE (kt.kind IN ('movie'))","SELECT * FROM ""kind_type"" AS kt WHERE (kt.kind IN ('movie'))",C:\Users\vanya\Documents\DATA_SYS_LAB\test44\final_benchmarks\test42_100k_exportpatch\queries\job_complex\28.sql
duckdb,job_complex,28,movie_info,mi,3,1,496434,496434.0,over,False,False,"SELECT COUNT(*) FROM ""movie_info"" AS mi WHERE (mi.note LIKE '%(Theatrical)%') AND (mi.info IS NOT NULL) AND (mi.info LIKE 'India:3 February 2000%' OR mi.info LIKE 'India:3 February 2000%')","SELECT * FROM ""movie_info"" AS mi WHERE (mi.note LIKE '%(Theatrical)%') AND (mi.info IS NOT NULL) AND (mi.info LIKE 'India:3 February 2000%' OR mi.info LIKE 'India:3 February 2000%')",C:\Users\vanya\Documents\DATA_SYS_LAB\test44\final_benchmarks\test42_100k_exportpatch\queries\job_complex\28.sql
postgres,job_complex,28,movie_info,mi,3,1,23,23.0,over,False,False,"SELECT COUNT(*) FROM ""movie_info"" AS mi WHERE (mi.note LIKE '%(Theatrical)%') AND (mi.info IS NOT NULL) AND (mi.info LIKE 'India:3 February 2000%' OR mi.info LIKE 'India:3 February 2000%')","SELECT * FROM ""movie_info"" AS mi WHERE (mi.note LIKE '%(Theatrical)%') AND (mi.info IS NOT NULL) AND (mi.info LIKE 'India:3 February 2000%' OR mi.info LIKE 'India:3 February 2000%')",C:\Users\vanya\Documents\DATA_SYS_LAB\test44\final_benchmarks\test42_100k_exportpatch\queries\job_complex\28.sql
duckdb,job_complex,28,title,t,1,251455,50291,5.0,under,False,False,"SELECT COUNT(*) FROM ""title"" AS t WHERE (t.production_year > 1999)","SELECT * FROM ""title"" AS t WHERE (t.production_year > 1999)",C:\Users\vanya\Documents\DATA_SYS_LAB\test44\final_benchmarks\test42_100k_exportpatch\queries\job_complex\28.sql
postgres,job_complex,28,title,t,1,251455,251455,1.0,exact,False,False,"SELECT COUNT(*) FROM ""title"" AS t WHERE (t.production_year > 1999)","SELECT * FROM ""title"" AS t WHERE (t.production_year > 1999)",C:\Users\vanya\Documents\DATA_SYS_LAB\test44\final_benchmarks\test42_100k_exportpatch\queries\job_complex\28.sql
duckdb,job_complex,29,comp_cast_type,cct1,1,1,1,1.0,exact,False,False,"SELECT COUNT(*) FROM ""comp_cast_type"" AS cct1 WHERE (cct1.kind = 'crew')","SELECT * FROM ""comp_cast_type"" AS cct1 WHERE (cct1.kind = 'crew')",C:\Users\vanya\Documents\DATA_SYS_LAB\test44\final_benchmarks\test42_100k_exportpatch\queries\job_complex\29.sql
postgres,job_complex,29,comp_cast_type,cct1,1,1,1,1.0,exact,False,False,"SELECT COUNT(*) FROM ""comp_cast_type"" AS cct1 WHERE (cct1.kind = 'crew')","SELECT * FROM ""comp_cast_type"" AS cct1 WHERE (cct1.kind = 'crew')",C:\Users\vanya\Documents\DATA_SYS_LAB\test44\final_benchmarks\test42_100k_exportpatch\queries\job_complex\29.sql
duckdb,job_complex,29,comp_cast_type,cct2,1,2,1,2.0,under,False,False,"SELECT COUNT(*) FROM ""comp_cast_type"" AS cct2 WHERE (cct2.kind LIKE '%complete%')","SELECT * FROM ""comp_cast_type"" AS cct2 WHERE (cct2.kind LIKE '%complete%')",C:\Users\vanya\Documents\DATA_SYS_LAB\test44\final_benchmarks\test42_100k_exportpatch\queries\job_complex\29.sql
postgres,job_complex,29,comp_cast_type,cct2,1,2,1,2.0,under,False,False,"SELECT COUNT(*) FROM ""comp_cast_type"" AS cct2 WHERE (cct2.kind LIKE '%complete%')","SELECT * FROM ""comp_cast_type"" AS cct2 WHERE (cct2.kind LIKE '%complete%')",C:\Users\vanya\Documents\DATA_SYS_LAB\test44\final_benchmarks\test42_100k_exportpatch\queries\job_complex\29.sql
duckdb,job_complex,29,char_name,chn,2,1,150811,150811.0,over,False,False,"SELECT COUNT(*) FROM ""char_name"" AS chn WHERE (chn.name IS NOT NULL) AND (chn.name LIKE '%Freddie Jack Scott%' OR chn.name LIKE '%Freddie Jack Scott%')","SELECT * FROM ""char_name"" AS chn WHERE (chn.name IS NOT NULL) AND (chn.name LIKE '%Freddie Jack Scott%' OR chn.name LIKE '%Freddie Jack Scott%')",C:\Users\vanya\Documents\DATA_SYS_LAB\test44\final_benchmarks\test42_100k_exportpatch\queries\job_complex\29.sql
postgres,job_complex,29,char_name,chn,2,1,75,75.0,over,False,False,"SELECT COUNT(*) FROM ""char_name"" AS chn WHERE (chn.name IS NOT NULL) AND (chn.name LIKE '%Freddie Jack Scott%' OR chn.name LIKE '%Freddie Jack Scott%')","SELECT * FROM ""char_name"" AS chn WHERE (chn.name IS NOT NULL) AND (chn.name LIKE '%Freddie Jack Scott%' OR chn.name LIKE '%Freddie Jack Scott%')",C:\Users\vanya\Documents\DATA_SYS_LAB\test44\final_benchmarks\test42_100k_exportpatch\queries\job_complex\29.sql
duckdb,job_complex,29,info_type,it2,1,1,2,2.0,over,False,False,"SELECT COUNT(*) FROM ""info_type"" AS it2 WHERE (it2.info = 'votes')","SELECT * FROM ""info_type"" AS it2 WHERE (it2.info = 'votes')",C:\Users\vanya\Documents\DATA_SYS_LAB\test44\final_benchmarks\test42_100k_exportpatch\queries\job_complex\29.sql
postgres,job_complex,29,info_type,it2,1,1,1,1.0,exact,False,False,"SELECT COUNT(*) FROM ""info_type"" AS it2 WHERE (it2.info = 'votes')","SELECT * FROM ""info_type"" AS it2 WHERE (it2.info = 'votes')",C:\Users\vanya\Documents\DATA_SYS_LAB\test44\final_benchmarks\test42_100k_exportpatch\queries\job_complex\29.sql
duckdb,job_complex,29,keyword,k,1,2,2283,1141.5,over,False,False,"SELECT COUNT(*) FROM ""keyword"" AS k WHERE (k.keyword IN ('satire', 'marvel-comics', 'based-on-comic', 'tv-special', 'fight', 'violence', 'magnet', 'web', 'claw', 'laser'))","SELECT * FROM ""keyword"" AS k WHERE (k.keyword IN ('satire', 'marvel-comics', 'based-on-comic', 'tv-special', 'fight', 'violence', 'magnet', 'web', 'claw', 'laser'))",C:\Users\vanya\Documents\DATA_SYS_LAB\test44\final_benchmarks\test42_100k_exportpatch\queries\job_complex\29.sql
postgres,job_complex,29,keyword,k,1,2,10,5.0,over,False,False,"SELECT COUNT(*) FROM ""keyword"" AS k WHERE (k.keyword IN ('satire', 'marvel-comics', 'based-on-comic', 'tv-special', 'fight', 'violence', 'magnet', 'web', 'claw', 'laser'))","SELECT * FROM ""keyword"" AS k WHERE (k.keyword IN ('satire', 'marvel-comics', 'based-on-comic', 'tv-special', 'fight', 'violence', 'magnet', 'web', 'claw', 'laser'))",C:\Users\vanya\Documents\DATA_SYS_LAB\test44\final_benchmarks\test42_100k_exportpatch\queries\job_complex\29.sql
duckdb,job_complex,29,kind_type,kt,1,1,1,1.0,exact,False,False,"SELECT COUNT(*) FROM ""kind_type"" AS kt WHERE (kt.kind = 'movie')","SELECT * FROM ""kind_type"" AS kt WHERE (kt.kind = 'movie')",C:\Users\vanya\Documents\DATA_SYS_LAB\test44\final_benchmarks\test42_100k_exportpatch\queries\job_complex\29.sql
postgres,job_complex,29,kind_type,kt,1,1,1,1.0,exact,False,False,"SELECT COUNT(*) FROM ""kind_type"" AS kt WHERE (kt.kind = 'movie')","SELECT * FROM ""kind_type"" AS kt WHERE (kt.kind = 'movie')",C:\Users\vanya\Documents\DATA_SYS_LAB\test44\final_benchmarks\test42_100k_exportpatch\queries\job_complex\29.sql
duckdb,job_complex,29,movie_info_idx,mi_idx,1,209507,100634,2.0818709382514857,under,False,False,"SELECT COUNT(*) FROM ""movie_info_idx"" AS mi_idx WHERE (mi_idx.info > '1999.9')","SELECT * FROM ""movie_info_idx"" AS mi_idx WHERE (mi_idx.info > '1999.9')",C:\Users\vanya\Documents\DATA_SYS_LAB\test44\final_benchmarks\test42_100k_exportpatch\queries\job_complex\29.sql
postgres,job_complex,29,movie_info_idx,mi_idx,1,361113,360337,1.0021535396032049,under,False,False,"SELECT COUNT(*) FROM ""movie_info_idx"" AS mi_idx WHERE (mi_idx.info > '1999.9')","SELECT * FROM ""movie_info_idx"" AS mi_idx WHERE (mi_idx.info > '1999.9')",C:\Users\vanya\Documents\DATA_SYS_LAB\test44\final_benchmarks\test42_100k_exportpatch\queries\job_complex\29.sql
duckdb,job_complex,29,title,t,1,251455,50291,5.0,under,False,False,"SELECT COUNT(*) FROM ""title"" AS t WHERE (t.production_year > 1999)","SELECT * FROM ""title"" AS t WHERE (t.production_year > 1999)",C:\Users\vanya\Documents\DATA_SYS_LAB\test44\final_benchmarks\test42_100k_exportpatch\queries\job_complex\29.sql
postgres,job_complex,29,title,t,1,251455,251455,1.0,exact,False,False,"SELECT COUNT(*) FROM ""title"" AS t WHERE (t.production_year > 1999)","SELECT * FROM ""title"" AS t WHERE (t.production_year > 1999)",C:\Users\vanya\Documents\DATA_SYS_LAB\test44\final_benchmarks\test42_100k_exportpatch\queries\job_complex\29.sql
duckdb,job_complex,30,company_name,cn,1,4275,180,23.75,under,False,False,"SELECT COUNT(*) FROM ""company_name"" AS cn WHERE (cn.country_code ='[us]')","SELECT * FROM ""company_name"" AS cn WHERE (cn.country_code ='[us]')",C:\Users\vanya\Documents\DATA_SYS_LAB\test44\final_benchmarks\test42_100k_exportpatch\queries\job_complex\30.sql
postgres,job_complex,30,company_name,cn,1,4275,4275,1.0,exact,False,False,"SELECT COUNT(*) FROM ""company_name"" AS cn WHERE (cn.country_code ='[us]')","SELECT * FROM ""company_name"" AS cn WHERE (cn.country_code ='[us]')",C:\Users\vanya\Documents\DATA_SYS_LAB\test44\final_benchmarks\test42_100k_exportpatch\queries\job_complex\30.sql
duckdb,job_complex,30,keyword,k,1,1,1,1.0,exact,False,False,"SELECT COUNT(*) FROM ""keyword"" AS k WHERE (k.keyword ='death')","SELECT * FROM ""keyword"" AS k WHERE (k.keyword ='death')",C:\Users\vanya\Documents\DATA_SYS_LAB\test44\final_benchmarks\test42_100k_exportpatch\queries\job_complex\30.sql
postgres,job_complex,30,keyword,k,1,1,1,1.0,exact,False,False,"SELECT COUNT(*) FROM ""keyword"" AS k WHERE (k.keyword ='death')","SELECT * FROM ""keyword"" AS k WHERE (k.keyword ='death')",C:\Users\vanya\Documents\DATA_SYS_LAB\test44\final_benchmarks\test42_100k_exportpatch\queries\job_complex\30.sql
duckdb,job_complex,30,name,n,1,1,48000,48000.0,over,False,False,"SELECT COUNT(*) FROM ""name"" AS n WHERE (n.name LIKE 'Essi Mari Makinen%')","SELECT * FROM ""name"" AS n WHERE (n.name LIKE 'Essi Mari Makinen%')",C:\Users\vanya\Documents\DATA_SYS_LAB\test44\final_benchmarks\test42_100k_exportpatch\queries\job_complex\30.sql
postgres,job_complex,30,name,n,1,1,24,24.0,over,False,False,"SELECT COUNT(*) FROM ""name"" AS n WHERE (n.name LIKE 'Essi Mari Makinen%')","SELECT * FROM ""name"" AS n WHERE (n.name LIKE 'Essi Mari Makinen%')",C:\Users\vanya\Documents\DATA_SYS_LAB\test44\final_benchmarks\test42_100k_exportpatch\queries\job_complex\30.sql
duckdb,job_light,01,movie_companies,mc,1,285649,223793,1.2763982787665387,under,False,False,"SELECT COUNT(*) FROM ""movie_companies"" AS mc WHERE (mc.company_type_id=2)","SELECT * FROM ""movie_companies"" AS mc WHERE (mc.company_type_id=2)",C:\Users\vanya\Documents\DATA_SYS_LAB\test44\final_benchmarks\test42_100k_exportpatch\queries\job_light\01.sql
postgres,job_light,01,movie_companies,mc,1,285649,285127,1.0018307631336212,under,False,False,"SELECT COUNT(*) FROM ""movie_companies"" AS mc WHERE (mc.company_type_id=2)","SELECT * FROM ""movie_companies"" AS mc WHERE (mc.company_type_id=2)",C:\Users\vanya\Documents\DATA_SYS_LAB\test44\final_benchmarks\test42_100k_exportpatch\queries\job_light\01.sql
duckdb,job_light,01,movie_info_idx,mi_idx,1,250,251585,1006.34,over,False,False,"SELECT COUNT(*) FROM ""movie_info_idx"" AS mi_idx WHERE (mi_idx.info_type_id=112)","SELECT * FROM ""movie_info_idx"" AS mi_idx WHERE (mi_idx.info_type_id=112)",C:\Users\vanya\Documents\DATA_SYS_LAB\test44\final_benchmarks\test42_100k_exportpatch\queries\job_light\01.sql
postgres,job_light,01,movie_info_idx,mi_idx,1,250,268,1.072,over,False,False,"SELECT COUNT(*) FROM ""movie_info_idx"" AS mi_idx WHERE (mi_idx.info_type_id=112)","SELECT * FROM ""movie_info_idx"" AS mi_idx WHERE (mi_idx.info_type_id=112)",C:\Users\vanya\Documents\DATA_SYS_LAB\test44\final_benchmarks\test42_100k_exportpatch\queries\job_light\01.sql
duckdb,job_light,02,movie_companies,mc,1,285649,223793,1.2763982787665387,under,False,False,"SELECT COUNT(*) FROM ""movie_companies"" AS mc WHERE (mc.company_type_id=2)","SELECT * FROM ""movie_companies"" AS mc WHERE (mc.company_type_id=2)",C:\Users\vanya\Documents\DATA_SYS_LAB\test44\final_benchmarks\test42_100k_exportpatch\queries\job_light\02.sql
postgres,job_light,02,movie_companies,mc,1,285649,285127,1.0018307631336212,under,False,False,"SELECT COUNT(*) FROM ""movie_companies"" AS mc WHERE (mc.company_type_id=2)","SELECT * FROM ""movie_companies"" AS mc WHERE (mc.company_type_id=2)",C:\Users\vanya\Documents\DATA_SYS_LAB\test44\final_benchmarks\test42_100k_exportpatch\queries\job_light\02.sql
duckdb,job_light,02,title,t,2,215720,50291,4.289435485474538,under,False,False,"SELECT COUNT(*) FROM ""title"" AS t WHERE (t.production_year>2005) AND (t.production_year<2051)","SELECT * FROM ""title"" AS t WHERE (t.production_year>2005) AND (t.production_year<2051)",C:\Users\vanya\Documents\DATA_SYS_LAB\test44\final_benchmarks\test42_100k_exportpatch\queries\job_light\02.sql
postgres,job_light,02,title,t,2,215720,215489,1.0010719804723212,under,False,False,"SELECT COUNT(*) FROM ""title"" AS t WHERE (t.production_year>2005) AND (t.production_year<2051)","SELECT * FROM ""title"" AS t WHERE (t.production_year>2005) AND (t.production_year<2051)",C:\Users\vanya\Documents\DATA_SYS_LAB\test44\final_benchmarks\test42_100k_exportpatch\queries\job_light\02.sql
duckdb,job_light,02,movie_info_idx,mi_idx,1,10,251585,25158.5,over,False,False,"SELECT COUNT(*) FROM ""movie_info_idx"" AS mi_idx WHERE (mi_idx.info_type_id=113)","SELECT * FROM ""movie_info_idx"" AS mi_idx WHERE (mi_idx.info_type_id=113)",C:\Users\vanya\Documents\DATA_SYS_LAB\test44\final_benchmarks\test42_100k_exportpatch\queries\job_light\02.sql
postgres,job_light,02,movie_info_idx,mi_idx,1,10,1,10.0,under,False,False,"SELECT COUNT(*) FROM ""movie_info_idx"" AS mi_idx WHERE (mi_idx.info_type_id=113)","SELECT * FROM ""movie_info_idx"" AS mi_idx WHERE (mi_idx.info_type_id=113)",C:\Users\vanya\Documents\DATA_SYS_LAB\test44\final_benchmarks\test42_100k_exportpatch\queries\job_light\02.sql
duckdb,job_light,03,movie_companies,mc,1,285649,223793,1.2763982787665387,under,False,False,"SELECT COUNT(*) FROM ""movie_companies"" AS mc WHERE (mc.company_type_id=2)","SELECT * FROM ""movie_companies"" AS mc WHERE (mc.company_type_id=2)",C:\Users\vanya\Documents\DATA_SYS_LAB\test44\final_benchmarks\test42_100k_exportpatch\queries\job_light\03.sql
postgres,job_light,03,movie_companies,mc,1,285649,285127,1.0018307631336212,under,False,False,"SELECT COUNT(*) FROM ""movie_companies"" AS mc WHERE (mc.company_type_id=2)","SELECT * FROM ""movie_companies"" AS mc WHERE (mc.company_type_id=2)",C:\Users\vanya\Documents\DATA_SYS_LAB\test44\final_benchmarks\test42_100k_exportpatch\queries\job_light\03.sql
duckdb,job_light,03,title,t,1,232500,50291,4.623093595275496,under,False,False,"SELECT COUNT(*) FROM ""title"" AS t WHERE (t.production_year>2010)","SELECT * FROM ""title"" AS t WHERE (t.production_year>2010)",C:\Users\vanya\Documents\DATA_SYS_LAB\test44\final_benchmarks\test42_100k_exportpatch\queries\job_light\03.sql
postgres,job_light,03,title,t,1,232500,232730,1.000989247311828,over,False,False,"SELECT COUNT(*) FROM ""title"" AS t WHERE (t.production_year>2010)","SELECT * FROM ""title"" AS t WHERE (t.production_year>2010)",C:\Users\vanya\Documents\DATA_SYS_LAB\test44\final_benchmarks\test42_100k_exportpatch\queries\job_light\03.sql
duckdb,job_light,03,movie_info_idx,mi_idx,1,250,251585,1006.34,over,False,False,"SELECT COUNT(*) FROM ""movie_info_idx"" AS mi_idx WHERE (mi_idx.info_type_id=112)","SELECT * FROM ""movie_info_idx"" AS mi_idx WHERE (mi_idx.info_type_id=112)",C:\Users\vanya\Documents\DATA_SYS_LAB\test44\final_benchmarks\test42_100k_exportpatch\queries\job_light\03.sql
postgres,job_light,03,movie_info_idx,mi_idx,1,250,268,1.072,over,False,False,"SELECT COUNT(*) FROM ""movie_info_idx"" AS mi_idx WHERE (mi_idx.info_type_id=112)","SELECT * FROM ""movie_info_idx"" AS mi_idx WHERE (mi_idx.info_type_id=112)",C:\Users\vanya\Documents\DATA_SYS_LAB\test44\final_benchmarks\test42_100k_exportpatch\queries\job_light\03.sql
duckdb,job_light,04,movie_companies,mc,1,285649,223793,1.2763982787665387,under,False,False,"SELECT COUNT(*) FROM ""movie_companies"" AS mc WHERE (mc.company_type_id=2)","SELECT * FROM ""movie_companies"" AS mc WHERE (mc.company_type_id=2)",C:\Users\vanya\Documents\DATA_SYS_LAB\test44\final_benchmarks\test42_100k_exportpatch\queries\job_light\04.sql
postgres,job_light,04,movie_companies,mc,1,285649,285127,1.0018307631336212,under,False,False,"SELECT COUNT(*) FROM ""movie_companies"" AS mc WHERE (mc.company_type_id=2)","SELECT * FROM ""movie_companies"" AS mc WHERE (mc.company_type_id=2)",C:\Users\vanya\Documents\DATA_SYS_LAB\test44\final_benchmarks\test42_100k_exportpatch\queries\job_light\04.sql
duckdb,job_light,04,title,t,1,249934,50291,4.9697560199638104,under,False,False,"SELECT COUNT(*) FROM ""title"" AS t WHERE (t.production_year>2000)","SELECT * FROM ""title"" AS t WHERE (t.production_year>2000)",C:\Users\vanya\Documents\DATA_SYS_LAB\test44\final_benchmarks\test42_100k_exportpatch\queries\job_light\04.sql
postgres,job_light,04,title,t,1,249934,250030,1.0003841014027703,over,False,False,"SELECT COUNT(*) FROM ""title"" AS t WHERE (t.production_year>2000)","SELECT * FROM ""title"" AS t WHERE (t.production_year>2000)",C:\Users\vanya\Documents\DATA_SYS_LAB\test44\final_benchmarks\test42_100k_exportpatch\queries\job_light\04.sql
duckdb,job_light,04,movie_info_idx,mi_idx,1,10,251585,25158.5,over,False,False,"SELECT COUNT(*) FROM ""movie_info_idx"" AS mi_idx WHERE (mi_idx.info_type_id=113)","SELECT * FROM ""movie_info_idx"" AS mi_idx WHERE (mi_idx.info_type_id=113)",C:\Users\vanya\Documents\DATA_SYS_LAB\test44\final_benchmarks\test42_100k_exportpatch\queries\job_light\04.sql
postgres,job_light,04,movie_info_idx,mi_idx,1,10,1,10.0,under,False,False,"SELECT COUNT(*) FROM ""movie_info_idx"" AS mi_idx WHERE (mi_idx.info_type_id=113)","SELECT * FROM ""movie_info_idx"" AS mi_idx WHERE (mi_idx.info_type_id=113)",C:\Users\vanya\Documents\DATA_SYS_LAB\test44\final_benchmarks\test42_100k_exportpatch\queries\job_light\04.sql
duckdb,job_light,05,movie_keyword,mk,1,145455,129,1127.5581395348838,under,False,False,"SELECT COUNT(*) FROM ""movie_keyword"" AS mk WHERE (mk.keyword_id=8716)","SELECT * FROM ""movie_keyword"" AS mk WHERE (mk.keyword_id=8716)",C:\Users\vanya\Documents\DATA_SYS_LAB\test44\final_benchmarks\test42_100k_exportpatch\queries\job_light\05.sql
postgres,job_light,05,movie_keyword,mk,1,145455,143842,1.0112136928018243,under,False,False,"SELECT COUNT(*) FROM ""movie_keyword"" AS mk WHERE (mk.keyword_id=8716)","SELECT * FROM ""movie_keyword"" AS mk WHERE (mk.keyword_id=8716)",C:\Users\vanya\Documents\DATA_SYS_LAB\test44\final_benchmarks\test42_100k_exportpatch\queries\job_light\05.sql
duckdb,job_light,06,title,t,1,241478,50291,4.801614603010479,under,False,False,"SELECT COUNT(*) FROM ""title"" AS t WHERE (t.production_year>2005)","SELECT * FROM ""title"" AS t WHERE (t.production_year>2005)",C:\Users\vanya\Documents\DATA_SYS_LAB\test44\final_benchmarks\test42_100k_exportpatch\queries\job_light\06.sql
postgres,job_light,06,title,t,1,241478,241514,1.0001490819039416,over,False,False,"SELECT COUNT(*) FROM ""title"" AS t WHERE (t.production_year>2005)","SELECT * FROM ""title"" AS t WHERE (t.production_year>2005)",C:\Users\vanya\Documents\DATA_SYS_LAB\test44\final_benchmarks\test42_100k_exportpatch\queries\job_light\06.sql
duckdb,job_light,07,title,t,1,232500,50291,4.623093595275496,under,False,False,"SELECT COUNT(*) FROM ""title"" AS t WHERE (t.production_year>2010)","SELECT * FROM ""title"" AS t WHERE (t.production_year>2010)",C:\Users\vanya\Documents\DATA_SYS_LAB\test44\final_benchmarks\test42_100k_exportpatch\queries\job_light\07.sql
postgres,job_light,07,title,t,1,232500,232730,1.000989247311828,over,False,False,"SELECT COUNT(*) FROM ""title"" AS t WHERE (t.production_year>2010)","SELECT * FROM ""title"" AS t WHERE (t.production_year>2010)",C:\Users\vanya\Documents\DATA_SYS_LAB\test44\final_benchmarks\test42_100k_exportpatch\queries\job_light\07.sql
duckdb,job_light,08,title,t,1,249934,50291,4.9697560199638104,under,False,False,"SELECT COUNT(*) FROM ""title"" AS t WHERE (t.production_year>2000)","SELECT * FROM ""title"" AS t WHERE (t.production_year>2000)",C:\Users\vanya\Documents\DATA_SYS_LAB\test44\final_benchmarks\test42_100k_exportpatch\queries\job_light\08.sql
postgres,job_light,08,title,t,1,249934,250030,1.0003841014027703,over,False,False,"SELECT COUNT(*) FROM ""title"" AS t WHERE (t.production_year>2000)","SELECT * FROM ""title"" AS t WHERE (t.production_year>2000)",C:\Users\vanya\Documents\DATA_SYS_LAB\test44\final_benchmarks\test42_100k_exportpatch\queries\job_light\08.sql
duckdb,job_light,09,title,t,1,241478,50291,4.801614603010479,under,False,False,"SELECT COUNT(*) FROM ""title"" AS t WHERE (t.production_year>2005)","SELECT * FROM ""title"" AS t WHERE (t.production_year>2005)",C:\Users\vanya\Documents\DATA_SYS_LAB\test44\final_benchmarks\test42_100k_exportpatch\queries\job_light\09.sql
postgres,job_light,09,title,t,1,241478,241514,1.0001490819039416,over,False,False,"SELECT COUNT(*) FROM ""title"" AS t WHERE (t.production_year>2005)","SELECT * FROM ""title"" AS t WHERE (t.production_year>2005)",C:\Users\vanya\Documents\DATA_SYS_LAB\test44\final_benchmarks\test42_100k_exportpatch\queries\job_light\09.sql
duckdb,job_light,09,movie_info_idx,mi_idx,1,251455,251585,1.0005169911117298,over,False,False,"SELECT COUNT(*) FROM ""movie_info_idx"" AS mi_idx WHERE (mi_idx.info_type_id=101)","SELECT * FROM ""movie_info_idx"" AS mi_idx WHERE (mi_idx.info_type_id=101)",C:\Users\vanya\Documents\DATA_SYS_LAB\test44\final_benchmarks\test42_100k_exportpatch\queries\job_light\09.sql
postgres,job_light,09,movie_info_idx,mi_idx,1,251455,252809,1.0053846612714004,over,False,False,"SELECT COUNT(*) FROM ""movie_info_idx"" AS mi_idx WHERE (mi_idx.info_type_id=101)","SELECT * FROM ""movie_info_idx"" AS mi_idx WHERE (mi_idx.info_type_id=101)",C:\Users\vanya\Documents\DATA_SYS_LAB\test44\final_benchmarks\test42_100k_exportpatch\queries\job_light\09.sql
duckdb,job_light,10,title,t,1,232500,50291,4.623093595275496,under,False,False,"SELECT COUNT(*) FROM ""title"" AS t WHERE (t.production_year>2010)","SELECT * FROM ""title"" AS t WHERE (t.production_year>2010)",C:\Users\vanya\Documents\DATA_SYS_LAB\test44\final_benchmarks\test42_100k_exportpatch\queries\job_light\10.sql
postgres,job_light,10,title,t,1,232500,232730,1.000989247311828,over,False,False,"SELECT COUNT(*) FROM ""title"" AS t WHERE (t.production_year>2010)","SELECT * FROM ""title"" AS t WHERE (t.production_year>2010)",C:\Users\vanya\Documents\DATA_SYS_LAB\test44\final_benchmarks\test42_100k_exportpatch\queries\job_light\10.sql
duckdb,job_light,10,movie_info_idx,mi_idx,1,251455,251585,1.0005169911117298,over,False,False,"SELECT COUNT(*) FROM ""movie_info_idx"" AS mi_idx WHERE (mi_idx.info_type_id=101)","SELECT * FROM ""movie_info_idx"" AS mi_idx WHERE (mi_idx.info_type_id=101)",C:\Users\vanya\Documents\DATA_SYS_LAB\test44\final_benchmarks\test42_100k_exportpatch\queries\job_light\10.sql
postgres,job_light,10,movie_info_idx,mi_idx,1,251455,252809,1.0053846612714004,over,False,False,"SELECT COUNT(*) FROM ""movie_info_idx"" AS mi_idx WHERE (mi_idx.info_type_id=101)","SELECT * FROM ""movie_info_idx"" AS mi_idx WHERE (mi_idx.info_type_id=101)",C:\Users\vanya\Documents\DATA_SYS_LAB\test44\final_benchmarks\test42_100k_exportpatch\queries\job_light\10.sql
duckdb,job_light,11,title,t,1,249934,50291,4.9697560199638104,under,False,False,"SELECT COUNT(*) FROM ""title"" AS t WHERE (t.production_year>2000)","SELECT * FROM ""title"" AS t WHERE (t.production_year>2000)",C:\Users\vanya\Documents\DATA_SYS_LAB\test44\final_benchmarks\test42_100k_exportpatch\queries\job_light\11.sql
postgres,job_light,11,title,t,1,249934,250030,1.0003841014027703,over,False,False,"SELECT COUNT(*) FROM ""title"" AS t WHERE (t.production_year>2000)","SELECT * FROM ""title"" AS t WHERE (t.production_year>2000)",C:\Users\vanya\Documents\DATA_SYS_LAB\test44\final_benchmarks\test42_100k_exportpatch\queries\job_light\11.sql
duckdb,job_light,11,movie_info_idx,mi_idx,1,251455,251585,1.0005169911117298,over,False,False,"SELECT COUNT(*) FROM ""movie_info_idx"" AS mi_idx WHERE (mi_idx.info_type_id=101)","SELECT * FROM ""movie_info_idx"" AS mi_idx WHERE (mi_idx.info_type_id=101)",C:\Users\vanya\Documents\DATA_SYS_LAB\test44\final_benchmarks\test42_100k_exportpatch\queries\job_light\11.sql
postgres,job_light,11,movie_info_idx,mi_idx,1,251455,252809,1.0053846612714004,over,False,False,"SELECT COUNT(*) FROM ""movie_info_idx"" AS mi_idx WHERE (mi_idx.info_type_id=101)","SELECT * FROM ""movie_info_idx"" AS mi_idx WHERE (mi_idx.info_type_id=101)",C:\Users\vanya\Documents\DATA_SYS_LAB\test44\final_benchmarks\test42_100k_exportpatch\queries\job_light\11.sql
duckdb,job_light,12,title,t,1,241478,50291,4.801614603010479,under,False,False,"SELECT COUNT(*) FROM ""title"" AS t WHERE (t.production_year>2005)","SELECT * FROM ""title"" AS t WHERE (t.production_year>2005)",C:\Users\vanya\Documents\DATA_SYS_LAB\test44\final_benchmarks\test42_100k_exportpatch\queries\job_light\12.sql
postgres,job_light,12,title,t,1,241478,241514,1.0001490819039416,over,False,False,"SELECT COUNT(*) FROM ""title"" AS t WHERE (t.production_year>2005)","SELECT * FROM ""title"" AS t WHERE (t.production_year>2005)",C:\Users\vanya\Documents\DATA_SYS_LAB\test44\final_benchmarks\test42_100k_exportpatch\queries\job_light\12.sql
duckdb,job_light,12,movie_companies,mc,1,285649,223793,1.2763982787665387,under,False,False,"SELECT COUNT(*) FROM ""movie_companies"" AS mc WHERE (mc.company_type_id=2)","SELECT * FROM ""movie_companies"" AS mc WHERE (mc.company_type_id=2)",C:\Users\vanya\Documents\DATA_SYS_LAB\test44\final_benchmarks\test42_100k_exportpatch\queries\job_light\12.sql
postgres,job_light,12,movie_companies,mc,1,285649,285127,1.0018307631336212,under,False,False,"SELECT COUNT(*) FROM ""movie_companies"" AS mc WHERE (mc.company_type_id=2)","SELECT * FROM ""movie_companies"" AS mc WHERE (mc.company_type_id=2)",C:\Users\vanya\Documents\DATA_SYS_LAB\test44\final_benchmarks\test42_100k_exportpatch\queries\job_light\12.sql
duckdb,job_light,13,title,t,1,232500,50291,4.623093595275496,under,False,False,"SELECT COUNT(*) FROM ""title"" AS t WHERE (t.production_year>2010)","SELECT * FROM ""title"" AS t WHERE (t.production_year>2010)",C:\Users\vanya\Documents\DATA_SYS_LAB\test44\final_benchmarks\test42_100k_exportpatch\queries\job_light\13.sql
postgres,job_light,13,title,t,1,232500,232730,1.000989247311828,over,False,False,"SELECT COUNT(*) FROM ""title"" AS t WHERE (t.production_year>2010)","SELECT * FROM ""title"" AS t WHERE (t.production_year>2010)",C:\Users\vanya\Documents\DATA_SYS_LAB\test44\final_benchmarks\test42_100k_exportpatch\queries\job_light\13.sql
duckdb,job_light,13,movie_companies,mc,1,285649,223793,1.2763982787665387,under,False,False,"SELECT COUNT(*) FROM ""movie_companies"" AS mc WHERE (mc.company_type_id=2)","SELECT * FROM ""movie_companies"" AS mc WHERE (mc.company_type_id=2)",C:\Users\vanya\Documents\DATA_SYS_LAB\test44\final_benchmarks\test42_100k_exportpatch\queries\job_light\13.sql
postgres,job_light,13,movie_companies,mc,1,285649,285127,1.0018307631336212,under,False,False,"SELECT COUNT(*) FROM ""movie_companies"" AS mc WHERE (mc.company_type_id=2)","SELECT * FROM ""movie_companies"" AS mc WHERE (mc.company_type_id=2)",C:\Users\vanya\Documents\DATA_SYS_LAB\test44\final_benchmarks\test42_100k_exportpatch\queries\job_light\13.sql
duckdb,job_light,14,title,t,1,249934,50291,4.9697560199638104,under,False,False,"SELECT COUNT(*) FROM ""title"" AS t WHERE (t.production_year>2000)","SELECT * FROM ""title"" AS t WHERE (t.production_year>2000)",C:\Users\vanya\Documents\DATA_SYS_LAB\test44\final_benchmarks\test42_100k_exportpatch\queries\job_light\14.sql
postgres,job_light,14,title,t,1,249934,250030,1.0003841014027703,over,False,False,"SELECT COUNT(*) FROM ""title"" AS t WHERE (t.production_year>2000)","SELECT * FROM ""title"" AS t WHERE (t.production_year>2000)",C:\Users\vanya\Documents\DATA_SYS_LAB\test44\final_benchmarks\test42_100k_exportpatch\queries\job_light\14.sql
duckdb,job_light,14,movie_companies,mc,1,285649,223793,1.2763982787665387,under,False,False,"SELECT COUNT(*) FROM ""movie_companies"" AS mc WHERE (mc.company_type_id=2)","SELECT * FROM ""movie_companies"" AS mc WHERE (mc.company_type_id=2)",C:\Users\vanya\Documents\DATA_SYS_LAB\test44\final_benchmarks\test42_100k_exportpatch\queries\job_light\14.sql
postgres,job_light,14,movie_companies,mc,1,285649,285127,1.0018307631336212,under,False,False,"SELECT COUNT(*) FROM ""movie_companies"" AS mc WHERE (mc.company_type_id=2)","SELECT * FROM ""movie_companies"" AS mc WHERE (mc.company_type_id=2)",C:\Users\vanya\Documents\DATA_SYS_LAB\test44\final_benchmarks\test42_100k_exportpatch\queries\job_light\14.sql
duckdb,job_light,15,movie_keyword,mk,1,21602,129,167.45736434108528,under,False,False,"SELECT COUNT(*) FROM ""movie_keyword"" AS mk WHERE (mk.keyword_id=8712)","SELECT * FROM ""movie_keyword"" AS mk WHERE (mk.keyword_id=8712)",C:\Users\vanya\Documents\DATA_SYS_LAB\test44\final_benchmarks\test42_100k_exportpatch\queries\job_light\15.sql
postgres,job_light,15,movie_keyword,mk,1,21602,21940,1.015646699379687,over,False,False,"SELECT COUNT(*) FROM ""movie_keyword"" AS mk WHERE (mk.keyword_id=8712)","SELECT * FROM ""movie_keyword"" AS mk WHERE (mk.keyword_id=8712)",C:\Users\vanya\Documents\DATA_SYS_LAB\test44\final_benchmarks\test42_100k_exportpatch\queries\job_light\15.sql
duckdb,job_light,15,title,t,1,232500,50291,4.623093595275496,under,False,False,"SELECT COUNT(*) FROM ""title"" AS t WHERE (t.production_year>2010)","SELECT * FROM ""title"" AS t WHERE (t.production_year>2010)",C:\Users\vanya\Documents\DATA_SYS_LAB\test44\final_benchmarks\test42_100k_exportpatch\queries\job_light\15.sql
postgres,job_light,15,title,t,1,232500,232730,1.000989247311828,over,False,False,"SELECT COUNT(*) FROM ""title"" AS t WHERE (t.production_year>2010)","SELECT * FROM ""title"" AS t WHERE (t.production_year>2010)",C:\Users\vanya\Documents\DATA_SYS_LAB\test44\final_benchmarks\test42_100k_exportpatch\queries\job_light\15.sql
duckdb,job_light,16,title,t,1,226360,50291,4.501004155813168,under,False,False,"SELECT COUNT(*) FROM ""title"" AS t WHERE (t.production_year>2014)","SELECT * FROM ""title"" AS t WHERE (t.production_year>2014)",C:\Users\vanya\Documents\DATA_SYS_LAB\test44\final_benchmarks\test42_100k_exportpatch\queries\job_light\16.sql
postgres,job_light,16,title,t,1,226360,226527,1.0007377628556282,over,False,False,"SELECT COUNT(*) FROM ""title"" AS t WHERE (t.production_year>2014)","SELECT * FROM ""title"" AS t WHERE (t.production_year>2014)",C:\Users\vanya\Documents\DATA_SYS_LAB\test44\final_benchmarks\test42_100k_exportpatch\queries\job_light\16.sql
duckdb,job_light,17,movie_keyword,mk,1,21602,129,167.45736434108528,under,False,False,"SELECT COUNT(*) FROM ""movie_keyword"" AS mk WHERE (mk.keyword_id=8712)","SELECT * FROM ""movie_keyword"" AS mk WHERE (mk.keyword_id=8712)",C:\Users\vanya\Documents\DATA_SYS_LAB\test44\final_benchmarks\test42_100k_exportpatch\queries\job_light\17.sql
postgres,job_light,17,movie_keyword,mk,1,21602,21940,1.015646699379687,over,False,False,"SELECT COUNT(*) FROM ""movie_keyword"" AS mk WHERE (mk.keyword_id=8712)","SELECT * FROM ""movie_keyword"" AS mk WHERE (mk.keyword_id=8712)",C:\Users\vanya\Documents\DATA_SYS_LAB\test44\final_benchmarks\test42_100k_exportpatch\queries\job_light\17.sql
duckdb,job_light,17,title,t,1,226360,50291,4.501004155813168,under,False,False,"SELECT COUNT(*) FROM ""title"" AS t WHERE (t.production_year>2014)","SELECT * FROM ""title"" AS t WHERE (t.production_year>2014)",C:\Users\vanya\Documents\DATA_SYS_LAB\test44\final_benchmarks\test42_100k_exportpatch\queries\job_light\17.sql
postgres,job_light,17,title,t,1,226360,226527,1.0007377628556282,over,False,False,"SELECT COUNT(*) FROM ""title"" AS t WHERE (t.production_year>2014)","SELECT * FROM ""title"" AS t WHERE (t.production_year>2014)",C:\Users\vanya\Documents\DATA_SYS_LAB\test44\final_benchmarks\test42_100k_exportpatch\queries\job_light\17.sql
duckdb,job_light,18,movie_keyword,mk,1,21602,129,167.45736434108528,under,False,False,"SELECT COUNT(*) FROM ""movie_keyword"" AS mk WHERE (mk.keyword_id=8712)","SELECT * FROM ""movie_keyword"" AS mk WHERE (mk.keyword_id=8712)",C:\Users\vanya\Documents\DATA_SYS_LAB\test44\final_benchmarks\test42_100k_exportpatch\queries\job_light\18.sql
postgres,job_light,18,movie_keyword,mk,1,21602,21940,1.015646699379687,over,False,False,"SELECT COUNT(*) FROM ""movie_keyword"" AS mk WHERE (mk.keyword_id=8712)","SELECT * FROM ""movie_keyword"" AS mk WHERE (mk.keyword_id=8712)",C:\Users\vanya\Documents\DATA_SYS_LAB\test44\final_benchmarks\test42_100k_exportpatch\queries\job_light\18.sql
duckdb,job_light,18,title,t,1,249934,50291,4.9697560199638104,under,False,False,"SELECT COUNT(*) FROM ""title"" AS t WHERE (t.production_year>2000)","SELECT * FROM ""title"" AS t WHERE (t.production_year>2000)",C:\Users\vanya\Documents\DATA_SYS_LAB\test44\final_benchmarks\test42_100k_exportpatch\queries\job_light\18.sql
postgres,job_light,18,title,t,1,249934,250030,1.0003841014027703,over,False,False,"SELECT COUNT(*) FROM ""title"" AS t WHERE (t.production_year>2000)","SELECT * FROM ""title"" AS t WHERE (t.production_year>2000)",C:\Users\vanya\Documents\DATA_SYS_LAB\test44\final_benchmarks\test42_100k_exportpatch\queries\job_light\18.sql
duckdb,job_light,19,title,t,1,249934,50291,4.9697560199638104,under,False,False,"SELECT COUNT(*) FROM ""title"" AS t WHERE (t.production_year>2000)","SELECT * FROM ""title"" AS t WHERE (t.production_year>2000)",C:\Users\vanya\Documents\DATA_SYS_LAB\test44\final_benchmarks\test42_100k_exportpatch\queries\job_light\19.sql
postgres,job_light,19,title,t,1,249934,250030,1.0003841014027703,over,False,False,"SELECT COUNT(*) FROM ""title"" AS t WHERE (t.production_year>2000)","SELECT * FROM ""title"" AS t WHERE (t.production_year>2000)",C:\Users\vanya\Documents\DATA_SYS_LAB\test44\final_benchmarks\test42_100k_exportpatch\queries\job_light\19.sql
duckdb,job_light,20,title,t,2,23574,50291,2.1333248494103674,over,False,False,"SELECT COUNT(*) FROM ""title"" AS t WHERE (t.production_year>2000) AND (t.production_year<2015)","SELECT * FROM ""title"" AS t WHERE (t.production_year>2000) AND (t.production_year<2015)",C:\Users\vanya\Documents\DATA_SYS_LAB\test44\final_benchmarks\test42_100k_exportpatch\queries\job_light\20.sql
postgres,job_light,20,title,t,2,23574,23503,1.0030208909500915,under,False,False,"SELECT COUNT(*) FROM ""title"" AS t WHERE (t.production_year>2000) AND (t.production_year<2015)","SELECT * FROM ""title"" AS t WHERE (t.production_year>2000) AND (t.production_year<2015)",C:\Users\vanya\Documents\DATA_SYS_LAB\test44\final_benchmarks\test42_100k_exportpatch\queries\job_light\20.sql
duckdb,job_light,21,title,t,2,4582,50291,10.975774770842428,over,False,False,"SELECT COUNT(*) FROM ""title"" AS t WHERE (t.production_year>2000) AND (t.production_year<2004)","SELECT * FROM ""title"" AS t WHERE (t.production_year>2000) AND (t.production_year<2004)",C:\Users\vanya\Documents\DATA_SYS_LAB\test44\final_benchmarks\test42_100k_exportpatch\queries\job_light\21.sql
postgres,job_light,21,title,t,2,4582,4644,1.0135312090790047,over,False,False,"SELECT COUNT(*) FROM ""title"" AS t WHERE (t.production_year>2000) AND (t.production_year<2004)","SELECT * FROM ""title"" AS t WHERE (t.production_year>2000) AND (t.production_year<2004)",C:\Users\vanya\Documents\DATA_SYS_LAB\test44\final_benchmarks\test42_100k_exportpatch\queries\job_light\21.sql
duckdb,job_light,22,title,t,2,14576,50291,3.450260702524698,over,False,False,"SELECT COUNT(*) FROM ""title"" AS t WHERE (t.production_year>2000) AND (t.production_year<2010)","SELECT * FROM ""title"" AS t WHERE (t.production_year>2000) AND (t.production_year<2010)",C:\Users\vanya\Documents\DATA_SYS_LAB\test44\final_benchmarks\test42_100k_exportpatch\queries\job_light\22.sql
postgres,job_light,22,title,t,2,14576,14392,1.0127848804891606,under,False,False,"SELECT COUNT(*) FROM ""title"" AS t WHERE (t.production_year>2000) AND (t.production_year<2010)","SELECT * FROM ""title"" AS t WHERE (t.production_year>2000) AND (t.production_year<2010)",C:\Users\vanya\Documents\DATA_SYS_LAB\test44\final_benchmarks\test42_100k_exportpatch\queries\job_light\22.sql
duckdb,job_light,23,cast_info,ci,1,696911,233497,2.984667897232084,under,False,False,"SELECT COUNT(*) FROM ""cast_info"" AS ci WHERE (ci.role_id=2)","SELECT * FROM ""cast_info"" AS ci WHERE (ci.role_id=2)",C:\Users\vanya\Documents\DATA_SYS_LAB\test44\final_benchmarks\test42_100k_exportpatch\queries\job_light\23.sql
postgres,job_light,23,cast_info,ci,1,696911,694140,1.0039919900884549,under,False,False,"SELECT COUNT(*) FROM ""cast_info"" AS ci WHERE (ci.role_id=2)","SELECT * FROM ""cast_info"" AS ci WHERE (ci.role_id=2)",C:\Users\vanya\Documents\DATA_SYS_LAB\test44\final_benchmarks\test42_100k_exportpatch\queries\job_light\23.sql
duckdb,job_light,24,cast_info,ci,1,190030,233497,1.2287375677524601,over,False,False,"SELECT COUNT(*) FROM ""cast_info"" AS ci WHERE (ci.role_id=4)","SELECT * FROM ""cast_info"" AS ci WHERE (ci.role_id=4)",C:\Users\vanya\Documents\DATA_SYS_LAB\test44\final_benchmarks\test42_100k_exportpatch\queries\job_light\24.sql
postgres,job_light,24,cast_info,ci,1,190030,184930,1.0275780024874277,under,False,False,"SELECT COUNT(*) FROM ""cast_info"" AS ci WHERE (ci.role_id=4)","SELECT * FROM ""cast_info"" AS ci WHERE (ci.role_id=4)",C:\Users\vanya\Documents\DATA_SYS_LAB\test44\final_benchmarks\test42_100k_exportpatch\queries\job_light\24.sql
duckdb,job_light,25,cast_info,ci,1,39789,233497,5.868380708235945,over,False,False,"SELECT COUNT(*) FROM ""cast_info"" AS ci WHERE (ci.role_id=7)","SELECT * FROM ""cast_info"" AS ci WHERE (ci.role_id=7)",C:\Users\vanya\Documents\DATA_SYS_LAB\test44\final_benchmarks\test42_100k_exportpatch\queries\job_light\25.sql
postgres,job_light,25,cast_info,ci,1,39789,38013,1.0467208586536185,under,False,False,"SELECT COUNT(*) FROM ""cast_info"" AS ci WHERE (ci.role_id=7)","SELECT * FROM ""cast_info"" AS ci WHERE (ci.role_id=7)",C:\Users\vanya\Documents\DATA_SYS_LAB\test44\final_benchmarks\test42_100k_exportpatch\queries\job_light\25.sql
duckdb,job_light,26,cast_info,ci,1,696911,233497,2.984667897232084,under,False,False,"SELECT COUNT(*) FROM ""cast_info"" AS ci WHERE (ci.role_id=2)","SELECT * FROM ""cast_info"" AS ci WHERE (ci.role_id=2)",C:\Users\vanya\Documents\DATA_SYS_LAB\test44\final_benchmarks\test42_100k_exportpatch\queries\job_light\26.sql
postgres,job_light,26,cast_info,ci,1,696911,694140,1.0039919900884549,under,False,False,"SELECT COUNT(*) FROM ""cast_info"" AS ci WHERE (ci.role_id=2)","SELECT * FROM ""cast_info"" AS ci WHERE (ci.role_id=2)",C:\Users\vanya\Documents\DATA_SYS_LAB\test44\final_benchmarks\test42_100k_exportpatch\queries\job_light\26.sql
duckdb,job_light,26,title,t,2,15118,50291,3.326564360365128,over,False,False,"SELECT COUNT(*) FROM ""title"" AS t WHERE (t.production_year>2005) AND (t.production_year<2015)","SELECT * FROM ""title"" AS t WHERE (t.production_year>2005) AND (t.production_year<2015)",C:\Users\vanya\Documents\DATA_SYS_LAB\test44\final_benchmarks\test42_100k_exportpatch\queries\job_light\26.sql
postgres,job_light,26,title,t,2,15118,14987,1.008740908787616,under,False,False,"SELECT COUNT(*) FROM ""title"" AS t WHERE (t.production_year>2005) AND (t.production_year<2015)","SELECT * FROM ""title"" AS t WHERE (t.production_year>2005) AND (t.production_year<2015)",C:\Users\vanya\Documents\DATA_SYS_LAB\test44\final_benchmarks\test42_100k_exportpatch\queries\job_light\26.sql
duckdb,job_light,27,cast_info,ci,1,696911,233497,2.984667897232084,under,False,False,"SELECT COUNT(*) FROM ""cast_info"" AS ci WHERE (ci.role_id=2)","SELECT * FROM ""cast_info"" AS ci WHERE (ci.role_id=2)",C:\Users\vanya\Documents\DATA_SYS_LAB\test44\final_benchmarks\test42_100k_exportpatch\queries\job_light\27.sql
postgres,job_light,27,cast_info,ci,1,696911,694140,1.0039919900884549,under,False,False,"SELECT COUNT(*) FROM ""cast_info"" AS ci WHERE (ci.role_id=2)","SELECT * FROM ""cast_info"" AS ci WHERE (ci.role_id=2)",C:\Users\vanya\Documents\DATA_SYS_LAB\test44\final_benchmarks\test42_100k_exportpatch\queries\job_light\27.sql
duckdb,job_light,27,title,t,2,3048,50291,16.4996719160105,over,False,False,"SELECT COUNT(*) FROM ""title"" AS t WHERE (t.production_year>2007) AND (t.production_year<2010)","SELECT * FROM ""title"" AS t WHERE (t.production_year>2007) AND (t.production_year<2010)",C:\Users\vanya\Documents\DATA_SYS_LAB\test44\final_benchmarks\test42_100k_exportpatch\queries\job_light\27.sql
postgres,job_light,27,title,t,2,3048,2900,1.0510344827586207,under,False,False,"SELECT COUNT(*) FROM ""title"" AS t WHERE (t.production_year>2007) AND (t.production_year<2010)","SELECT * FROM ""title"" AS t WHERE (t.production_year>2007) AND (t.production_year<2010)",C:\Users\vanya\Documents\DATA_SYS_LAB\test44\final_benchmarks\test42_100k_exportpatch\queries\job_light\27.sql
duckdb,job_light,28,title,t,1,241478,50291,4.801614603010479,under,False,False,"SELECT COUNT(*) FROM ""title"" AS t WHERE (t.production_year>2005)","SELECT * FROM ""title"" AS t WHERE (t.production_year>2005)",C:\Users\vanya\Documents\DATA_SYS_LAB\test44\final_benchmarks\test42_100k_exportpatch\queries\job_light\28.sql
postgres,job_light,28,title,t,1,241478,241514,1.0001490819039416,over,False,False,"SELECT COUNT(*) FROM ""title"" AS t WHERE (t.production_year>2005)","SELECT * FROM ""title"" AS t WHERE (t.production_year>2005)",C:\Users\vanya\Documents\DATA_SYS_LAB\test44\final_benchmarks\test42_100k_exportpatch\queries\job_light\28.sql
duckdb,job_light,28,cast_info,ci,1,930580,233497,3.9854045233985875,under,False,False,"SELECT COUNT(*) FROM ""cast_info"" AS ci WHERE (ci.role_id=1)","SELECT * FROM ""cast_info"" AS ci WHERE (ci.role_id=1)",C:\Users\vanya\Documents\DATA_SYS_LAB\test44\final_benchmarks\test42_100k_exportpatch\queries\job_light\28.sql
postgres,job_light,28,cast_info,ci,1,930580,928291,1.0024658216012006,under,False,False,"SELECT COUNT(*) FROM ""cast_info"" AS ci WHERE (ci.role_id=1)","SELECT * FROM ""cast_info"" AS ci WHERE (ci.role_id=1)",C:\Users\vanya\Documents\DATA_SYS_LAB\test44\final_benchmarks\test42_100k_exportpatch\queries\job_light\28.sql
duckdb,job_light,29,title,t,1,232500,50291,4.623093595275496,under,False,False,"SELECT COUNT(*) FROM ""title"" AS t WHERE (t.production_year>2010)","SELECT * FROM ""title"" AS t WHERE (t.production_year>2010)",C:\Users\vanya\Documents\DATA_SYS_LAB\test44\final_benchmarks\test42_100k_exportpatch\queries\job_light\29.sql
postgres,job_light,29,title,t,1,232500,232730,1.000989247311828,over,False,False,"SELECT COUNT(*) FROM ""title"" AS t WHERE (t.production_year>2010)","SELECT * FROM ""title"" AS t WHERE (t.production_year>2010)",C:\Users\vanya\Documents\DATA_SYS_LAB\test44\final_benchmarks\test42_100k_exportpatch\queries\job_light\29.sql
duckdb,job_light,29,cast_info,ci,1,930580,233497,3.9854045233985875,under,False,False,"SELECT COUNT(*) FROM ""cast_info"" AS ci WHERE (ci.role_id=1)","SELECT * FROM ""cast_info"" AS ci WHERE (ci.role_id=1)",C:\Users\vanya\Documents\DATA_SYS_LAB\test44\final_benchmarks\test42_100k_exportpatch\queries\job_light\29.sql
postgres,job_light,29,cast_info,ci,1,930580,928291,1.0024658216012006,under,False,False,"SELECT COUNT(*) FROM ""cast_info"" AS ci WHERE (ci.role_id=1)","SELECT * FROM ""cast_info"" AS ci WHERE (ci.role_id=1)",C:\Users\vanya\Documents\DATA_SYS_LAB\test44\final_benchmarks\test42_100k_exportpatch\queries\job_light\29.sql
duckdb,job_light,30,title,t,1,249934,50291,4.9697560199638104,under,False,False,"SELECT COUNT(*) FROM ""title"" AS t WHERE (t.production_year>2000)","SELECT * FROM ""title"" AS t WHERE (t.production_year>2000)",C:\Users\vanya\Documents\DATA_SYS_LAB\test44\final_benchmarks\test42_100k_exportpatch\queries\job_light\30.sql
postgres,job_light,30,title,t,1,249934,250030,1.0003841014027703,over,False,False,"SELECT COUNT(*) FROM ""title"" AS t WHERE (t.production_year>2000)","SELECT * FROM ""title"" AS t WHERE (t.production_year>2000)",C:\Users\vanya\Documents\DATA_SYS_LAB\test44\final_benchmarks\test42_100k_exportpatch\queries\job_light\30.sql
duckdb,job_light,31,title,t,2,224176,50291,4.45757690242787,under,False,False,"SELECT COUNT(*) FROM ""title"" AS t WHERE (t.production_year>2000) AND (t.production_year<2051)","SELECT * FROM ""title"" AS t WHERE (t.production_year>2000) AND (t.production_year<2051)",C:\Users\vanya\Documents\DATA_SYS_LAB\test44\final_benchmarks\test42_100k_exportpatch\queries\job_light\31.sql
postgres,job_light,31,title,t,2,224176,224004,1.0007678434313674,under,False,False,"SELECT COUNT(*) FROM ""title"" AS t WHERE (t.production_year>2000) AND (t.production_year<2051)","SELECT * FROM ""title"" AS t WHERE (t.production_year>2000) AND (t.production_year<2051)",C:\Users\vanya\Documents\DATA_SYS_LAB\test44\final_benchmarks\test42_100k_exportpatch\queries\job_light\31.sql
duckdb,job_light,31,movie_keyword,mk,1,12725,129,98.64341085271317,under,False,False,"SELECT COUNT(*) FROM ""movie_keyword"" AS mk WHERE (mk.keyword_id=8715)","SELECT * FROM ""movie_keyword"" AS mk WHERE (mk.keyword_id=8715)",C:\Users\vanya\Documents\DATA_SYS_LAB\test44\final_benchmarks\test42_100k_exportpatch\queries\job_light\31.sql
postgres,job_light,31,movie_keyword,mk,1,12725,13633,1.0713555992141455,over,False,False,"SELECT COUNT(*) FROM ""movie_keyword"" AS mk WHERE (mk.keyword_id=8715)","SELECT * FROM ""movie_keyword"" AS mk WHERE (mk.keyword_id=8715)",C:\Users\vanya\Documents\DATA_SYS_LAB\test44\final_benchmarks\test42_100k_exportpatch\queries\job_light\31.sql
duckdb,job_light,31,movie_companies,mc,1,285649,223793,1.2763982787665387,under,False,False,"SELECT COUNT(*) FROM ""movie_companies"" AS mc WHERE (mc.company_type_id=2)","SELECT * FROM ""movie_companies"" AS mc WHERE (mc.company_type_id=2)",C:\Users\vanya\Documents\DATA_SYS_LAB\test44\final_benchmarks\test42_100k_exportpatch\queries\job_light\31.sql
postgres,job_light,31,movie_companies,mc,1,285649,285127,1.0018307631336212,under,False,False,"SELECT COUNT(*) FROM ""movie_companies"" AS mc WHERE (mc.company_type_id=2)","SELECT * FROM ""movie_companies"" AS mc WHERE (mc.company_type_id=2)",C:\Users\vanya\Documents\DATA_SYS_LAB\test44\final_benchmarks\test42_100k_exportpatch\queries\job_light\31.sql
duckdb,job_light,32,movie_keyword,mk,1,12725,129,98.64341085271317,under,False,False,"SELECT COUNT(*) FROM ""movie_keyword"" AS mk WHERE (mk.keyword_id=8715)","SELECT * FROM ""movie_keyword"" AS mk WHERE (mk.keyword_id=8715)",C:\Users\vanya\Documents\DATA_SYS_LAB\test44\final_benchmarks\test42_100k_exportpatch\queries\job_light\32.sql
postgres,job_light,32,movie_keyword,mk,1,12725,13633,1.0713555992141455,over,False,False,"SELECT COUNT(*) FROM ""movie_keyword"" AS mk WHERE (mk.keyword_id=8715)","SELECT * FROM ""movie_keyword"" AS mk WHERE (mk.keyword_id=8715)",C:\Users\vanya\Documents\DATA_SYS_LAB\test44\final_benchmarks\test42_100k_exportpatch\queries\job_light\32.sql
duckdb,job_light,32,movie_companies,mc,1,285649,223793,1.2763982787665387,under,False,False,"SELECT COUNT(*) FROM ""movie_companies"" AS mc WHERE (mc.company_type_id=2)","SELECT * FROM ""movie_companies"" AS mc WHERE (mc.company_type_id=2)",C:\Users\vanya\Documents\DATA_SYS_LAB\test44\final_benchmarks\test42_100k_exportpatch\queries\job_light\32.sql
postgres,job_light,32,movie_companies,mc,1,285649,285127,1.0018307631336212,under,False,False,"SELECT COUNT(*) FROM ""movie_companies"" AS mc WHERE (mc.company_type_id=2)","SELECT * FROM ""movie_companies"" AS mc WHERE (mc.company_type_id=2)",C:\Users\vanya\Documents\DATA_SYS_LAB\test44\final_benchmarks\test42_100k_exportpatch\queries\job_light\32.sql
duckdb,job_light,33,title,t,1,249934,50291,4.9697560199638104,under,False,False,"SELECT COUNT(*) FROM ""title"" AS t WHERE (t.production_year>2000)","SELECT * FROM ""title"" AS t WHERE (t.production_year>2000)",C:\Users\vanya\Documents\DATA_SYS_LAB\test44\final_benchmarks\test42_100k_exportpatch\queries\job_light\33.sql
postgres,job_light,33,title,t,1,249934,250030,1.0003841014027703,over,False,False,"SELECT COUNT(*) FROM ""title"" AS t WHERE (t.production_year>2000)","SELECT * FROM ""title"" AS t WHERE (t.production_year>2000)",C:\Users\vanya\Documents\DATA_SYS_LAB\test44\final_benchmarks\test42_100k_exportpatch\queries\job_light\33.sql
duckdb,job_light,34,title,t,2,3072,50291,16.370768229166668,over,False,False,"SELECT COUNT(*) FROM ""title"" AS t WHERE (t.production_year>2005) AND (t.production_year<2008)","SELECT * FROM ""title"" AS t WHERE (t.production_year>2005) AND (t.production_year<2008)",C:\Users\vanya\Documents\DATA_SYS_LAB\test44\final_benchmarks\test42_100k_exportpatch\queries\job_light\34.sql
postgres,job_light,34,title,t,2,3072,2976,1.032258064516129,under,False,False,"SELECT COUNT(*) FROM ""title"" AS t WHERE (t.production_year>2005) AND (t.production_year<2008)","SELECT * FROM ""title"" AS t WHERE (t.production_year>2005) AND (t.production_year<2008)",C:\Users\vanya\Documents\DATA_SYS_LAB\test44\final_benchmarks\test42_100k_exportpatch\queries\job_light\34.sql
duckdb,job_light,34,movie_info,mi,1,245455,165479,1.483299995769856,under,False,False,"SELECT COUNT(*) FROM ""movie_info"" AS mi WHERE (mi.info_type_id=3)","SELECT * FROM ""movie_info"" AS mi WHERE (mi.info_type_id=3)",C:\Users\vanya\Documents\DATA_SYS_LAB\test44\final_benchmarks\test42_100k_exportpatch\queries\job_light\34.sql
postgres,job_light,34,movie_info,mi,1,245455,249706,1.0173188568169318,over,False,False,"SELECT COUNT(*) FROM ""movie_info"" AS mi WHERE (mi.info_type_id=3)","SELECT * FROM ""movie_info"" AS mi WHERE (mi.info_type_id=3)",C:\Users\vanya\Documents\DATA_SYS_LAB\test44\final_benchmarks\test42_100k_exportpatch\queries\job_light\34.sql
duckdb,job_light,34,movie_info_idx,mi_idx,1,251455,251585,1.0005169911117298,over,False,False,"SELECT COUNT(*) FROM ""movie_info_idx"" AS mi_idx WHERE (mi_idx.info_type_id=101)","SELECT * FROM ""movie_info_idx"" AS mi_idx WHERE (mi_idx.info_type_id=101)",C:\Users\vanya\Documents\DATA_SYS_LAB\test44\final_benchmarks\test42_100k_exportpatch\queries\job_light\34.sql
postgres,job_light,34,movie_info_idx,mi_idx,1,251455,252809,1.0053846612714004,over,False,False,"SELECT COUNT(*) FROM ""movie_info_idx"" AS mi_idx WHERE (mi_idx.info_type_id=101)","SELECT * FROM ""movie_info_idx"" AS mi_idx WHERE (mi_idx.info_type_id=101)",C:\Users\vanya\Documents\DATA_SYS_LAB\test44\final_benchmarks\test42_100k_exportpatch\queries\job_light\34.sql
duckdb,job_light,34,movie_companies,mc,1,285649,223793,1.2763982787665387,under,False,False,"SELECT COUNT(*) FROM ""movie_companies"" AS mc WHERE (mc.company_type_id=2)","SELECT * FROM ""movie_companies"" AS mc WHERE (mc.company_type_id=2)",C:\Users\vanya\Documents\DATA_SYS_LAB\test44\final_benchmarks\test42_100k_exportpatch\queries\job_light\34.sql
postgres,job_light,34,movie_companies,mc,1,285649,285127,1.0018307631336212,under,False,False,"SELECT COUNT(*) FROM ""movie_companies"" AS mc WHERE (mc.company_type_id=2)","SELECT * FROM ""movie_companies"" AS mc WHERE (mc.company_type_id=2)",C:\Users\vanya\Documents\DATA_SYS_LAB\test44\final_benchmarks\test42_100k_exportpatch\queries\job_light\34.sql
duckdb,job_light,35,movie_info,mi,1,100000,165479,1.65479,over,False,False,"SELECT COUNT(*) FROM ""movie_info"" AS mi WHERE (mi.info_type_id=105)","SELECT * FROM ""movie_info"" AS mi WHERE (mi.info_type_id=105)",C:\Users\vanya\Documents\DATA_SYS_LAB\test44\final_benchmarks\test42_100k_exportpatch\queries\job_light\35.sql
postgres,job_light,35,movie_info,mi,1,100000,105823,1.05823,over,False,False,"SELECT COUNT(*) FROM ""movie_info"" AS mi WHERE (mi.info_type_id=105)","SELECT * FROM ""movie_info"" AS mi WHERE (mi.info_type_id=105)",C:\Users\vanya\Documents\DATA_SYS_LAB\test44\final_benchmarks\test42_100k_exportpatch\queries\job_light\35.sql
duckdb,job_light,35,movie_info_idx,mi_idx,1,10,251585,25158.5,over,False,False,"SELECT COUNT(*) FROM ""movie_info_idx"" AS mi_idx WHERE (mi_idx.info_type_id=113)","SELECT * FROM ""movie_info_idx"" AS mi_idx WHERE (mi_idx.info_type_id=113)",C:\Users\vanya\Documents\DATA_SYS_LAB\test44\final_benchmarks\test42_100k_exportpatch\queries\job_light\35.sql
postgres,job_light,35,movie_info_idx,mi_idx,1,10,1,10.0,under,False,False,"SELECT COUNT(*) FROM ""movie_info_idx"" AS mi_idx WHERE (mi_idx.info_type_id=113)","SELECT * FROM ""movie_info_idx"" AS mi_idx WHERE (mi_idx.info_type_id=113)",C:\Users\vanya\Documents\DATA_SYS_LAB\test44\final_benchmarks\test42_100k_exportpatch\queries\job_light\35.sql
duckdb,job_light,36,title,t,2,14576,50291,3.450260702524698,over,False,False,"SELECT COUNT(*) FROM ""title"" AS t WHERE (t.production_year>2000) AND (t.production_year<2010)","SELECT * FROM ""title"" AS t WHERE (t.production_year>2000) AND (t.production_year<2010)",C:\Users\vanya\Documents\DATA_SYS_LAB\test44\final_benchmarks\test42_100k_exportpatch\queries\job_light\36.sql
postgres,job_light,36,title,t,2,14576,14392,1.0127848804891606,under,False,False,"SELECT COUNT(*) FROM ""title"" AS t WHERE (t.production_year>2000) AND (t.production_year<2010)","SELECT * FROM ""title"" AS t WHERE (t.production_year>2000) AND (t.production_year<2010)",C:\Users\vanya\Documents\DATA_SYS_LAB\test44\final_benchmarks\test42_100k_exportpatch\queries\job_light\36.sql
duckdb,job_light,36,movie_info,mi,1,245455,165479,1.483299995769856,under,False,False,"SELECT COUNT(*) FROM ""movie_info"" AS mi WHERE (mi.info_type_id=3)","SELECT * FROM ""movie_info"" AS mi WHERE (mi.info_type_id=3)",C:\Users\vanya\Documents\DATA_SYS_LAB\test44\final_benchmarks\test42_100k_exportpatch\queries\job_light\36.sql
postgres,job_light,36,movie_info,mi,1,245455,249706,1.0173188568169318,over,False,False,"SELECT COUNT(*) FROM ""movie_info"" AS mi WHERE (mi.info_type_id=3)","SELECT * FROM ""movie_info"" AS mi WHERE (mi.info_type_id=3)",C:\Users\vanya\Documents\DATA_SYS_LAB\test44\final_benchmarks\test42_100k_exportpatch\queries\job_light\36.sql
duckdb,job_light,36,movie_info_idx,mi_idx,1,251455,251585,1.0005169911117298,over,False,False,"SELECT COUNT(*) FROM ""movie_info_idx"" AS mi_idx WHERE (mi_idx.info_type_id=101)","SELECT * FROM ""movie_info_idx"" AS mi_idx WHERE (mi_idx.info_type_id=101)",C:\Users\vanya\Documents\DATA_SYS_LAB\test44\final_benchmarks\test42_100k_exportpatch\queries\job_light\36.sql
postgres,job_light,36,movie_info_idx,mi_idx,1,251455,252809,1.0053846612714004,over,False,False,"SELECT COUNT(*) FROM ""movie_info_idx"" AS mi_idx WHERE (mi_idx.info_type_id=101)","SELECT * FROM ""movie_info_idx"" AS mi_idx WHERE (mi_idx.info_type_id=101)",C:\Users\vanya\Documents\DATA_SYS_LAB\test44\final_benchmarks\test42_100k_exportpatch\queries\job_light\36.sql
duckdb,job_light,36,movie_companies,mc,1,285649,223793,1.2763982787665387,under,False,False,"SELECT COUNT(*) FROM ""movie_companies"" AS mc WHERE (mc.company_type_id=2)","SELECT * FROM ""movie_companies"" AS mc WHERE (mc.company_type_id=2)",C:\Users\vanya\Documents\DATA_SYS_LAB\test44\final_benchmarks\test42_100k_exportpatch\queries\job_light\36.sql
postgres,job_light,36,movie_companies,mc,1,285649,285127,1.0018307631336212,under,False,False,"SELECT COUNT(*) FROM ""movie_companies"" AS mc WHERE (mc.company_type_id=2)","SELECT * FROM ""movie_companies"" AS mc WHERE (mc.company_type_id=2)",C:\Users\vanya\Documents\DATA_SYS_LAB\test44\final_benchmarks\test42_100k_exportpatch\queries\job_light\36.sql
duckdb,job_light,37,title,t,1,100000,83819,1.1930469225354634,under,False,False,"SELECT COUNT(*) FROM ""title"" AS t WHERE (t.kind_id=1)","SELECT * FROM ""title"" AS t WHERE (t.kind_id=1)",C:\Users\vanya\Documents\DATA_SYS_LAB\test44\final_benchmarks\test42_100k_exportpatch\queries\job_light\37.sql
postgres,job_light,37,title,t,1,100000,100356,1.00356,over,False,False,"SELECT COUNT(*) FROM ""title"" AS t WHERE (t.kind_id=1)","SELECT * FROM ""title"" AS t WHERE (t.kind_id=1)",C:\Users\vanya\Documents\DATA_SYS_LAB\test44\final_benchmarks\test42_100k_exportpatch\queries\job_light\37.sql
duckdb,job_light,37,movie_info,mi,1,682960,165479,4.127170214951746,under,False,False,"SELECT COUNT(*) FROM ""movie_info"" AS mi WHERE (mi.info_type_id=16)","SELECT * FROM ""movie_info"" AS mi WHERE (mi.info_type_id=16)",C:\Users\vanya\Documents\DATA_SYS_LAB\test44\final_benchmarks\test42_100k_exportpatch\queries\job_light\37.sql
postgres,job_light,37,movie_info,mi,1,682960,671758,1.0166756480756463,under,False,False,"SELECT COUNT(*) FROM ""movie_info"" AS mi WHERE (mi.info_type_id=16)","SELECT * FROM ""movie_info"" AS mi WHERE (mi.info_type_id=16)",C:\Users\vanya\Documents\DATA_SYS_LAB\test44\final_benchmarks\test42_100k_exportpatch\queries\job_light\37.sql
duckdb,job_light,37,movie_companies,mc,1,285649,223793,1.2763982787665387,under,False,False,"SELECT COUNT(*) FROM ""movie_companies"" AS mc WHERE (mc.company_type_id=2)","SELECT * FROM ""movie_companies"" AS mc WHERE (mc.company_type_id=2)",C:\Users\vanya\Documents\DATA_SYS_LAB\test44\final_benchmarks\test42_100k_exportpatch\queries\job_light\37.sql
postgres,job_light,37,movie_companies,mc,1,285649,285127,1.0018307631336212,under,False,False,"SELECT COUNT(*) FROM ""movie_companies"" AS mc WHERE (mc.company_type_id=2)","SELECT * FROM ""movie_companies"" AS mc WHERE (mc.company_type_id=2)",C:\Users\vanya\Documents\DATA_SYS_LAB\test44\final_benchmarks\test42_100k_exportpatch\queries\job_light\37.sql
duckdb,job_light,37,movie_info_idx,mi_idx,1,251455,251585,1.0005169911117298,over,False,False,"SELECT COUNT(*) FROM ""movie_info_idx"" AS mi_idx WHERE (mi_idx.info_type_id=101)","SELECT * FROM ""movie_info_idx"" AS mi_idx WHERE (mi_idx.info_type_id=101)",C:\Users\vanya\Documents\DATA_SYS_LAB\test44\final_benchmarks\test42_100k_exportpatch\queries\job_light\37.sql
postgres,job_light,37,movie_info_idx,mi_idx,1,251455,252809,1.0053846612714004,over,False,False,"SELECT COUNT(*) FROM ""movie_info_idx"" AS mi_idx WHERE (mi_idx.info_type_id=101)","SELECT * FROM ""movie_info_idx"" AS mi_idx WHERE (mi_idx.info_type_id=101)",C:\Users\vanya\Documents\DATA_SYS_LAB\test44\final_benchmarks\test42_100k_exportpatch\queries\job_light\37.sql
duckdb,job_light,38,title,t,2,81045,83819,1.0342278980813129,over,False,False,"SELECT COUNT(*) FROM ""title"" AS t WHERE (t.production_year>2010) AND (t.kind_id=1)","SELECT * FROM ""title"" AS t WHERE (t.production_year>2010) AND (t.kind_id=1)",C:\Users\vanya\Documents\DATA_SYS_LAB\test44\final_benchmarks\test42_100k_exportpatch\queries\job_light\38.sql
postgres,job_light,38,title,t,2,81045,92883,1.1460669998149176,over,False,False,"SELECT COUNT(*) FROM ""title"" AS t WHERE (t.production_year>2010) AND (t.kind_id=1)","SELECT * FROM ""title"" AS t WHERE (t.production_year>2010) AND (t.kind_id=1)",C:\Users\vanya\Documents\DATA_SYS_LAB\test44\final_benchmarks\test42_100k_exportpatch\queries\job_light\38.sql
duckdb,job_light,38,movie_info,mi,1,245455,165479,1.483299995769856,under,False,False,"SELECT COUNT(*) FROM ""movie_info"" AS mi WHERE (mi.info_type_id=8)","SELECT * FROM ""movie_info"" AS mi WHERE (mi.info_type_id=8)",C:\Users\vanya\Documents\DATA_SYS_LAB\test44\final_benchmarks\test42_100k_exportpatch\queries\job_light\38.sql
postgres,job_light,38,movie_info,mi,1,245455,241763,1.0152711539813783,under,False,False,"SELECT COUNT(*) FROM ""movie_info"" AS mi WHERE (mi.info_type_id=8)","SELECT * FROM ""movie_info"" AS mi WHERE (mi.info_type_id=8)",C:\Users\vanya\Documents\DATA_SYS_LAB\test44\final_benchmarks\test42_100k_exportpatch\queries\job_light\38.sql
duckdb,job_light,38,movie_info_idx,mi_idx,1,251455,251585,1.0005169911117298,over,False,False,"SELECT COUNT(*) FROM ""movie_info_idx"" AS mi_idx WHERE (mi_idx.info_type_id=101)","SELECT * FROM ""movie_info_idx"" AS mi_idx WHERE (mi_idx.info_type_id=101)",C:\Users\vanya\Documents\DATA_SYS_LAB\test44\final_benchmarks\test42_100k_exportpatch\queries\job_light\38.sql
postgres,job_light,38,movie_info_idx,mi_idx,1,251455,252809,1.0053846612714004,over,False,False,"SELECT COUNT(*) FROM ""movie_info_idx"" AS mi_idx WHERE (mi_idx.info_type_id=101)","SELECT * FROM ""movie_info_idx"" AS mi_idx WHERE (mi_idx.info_type_id=101)",C:\Users\vanya\Documents\DATA_SYS_LAB\test44\final_benchmarks\test42_100k_exportpatch\queries\job_light\38.sql
duckdb,job_light,39,title,t,1,100000,83819,1.1930469225354634,under,False,False,"SELECT COUNT(*) FROM ""title"" AS t WHERE (t.kind_id=1)","SELECT * FROM ""title"" AS t WHERE (t.kind_id=1)",C:\Users\vanya\Documents\DATA_SYS_LAB\test44\final_benchmarks\test42_100k_exportpatch\queries\job_light\39.sql
postgres,job_light,39,title,t,1,100000,100356,1.00356,over,False,False,"SELECT COUNT(*) FROM ""title"" AS t WHERE (t.kind_id=1)","SELECT * FROM ""title"" AS t WHERE (t.kind_id=1)",C:\Users\vanya\Documents\DATA_SYS_LAB\test44\final_benchmarks\test42_100k_exportpatch\queries\job_light\39.sql
duckdb,job_light,39,movie_info,mi,1,245455,165479,1.483299995769856,under,False,False,"SELECT COUNT(*) FROM ""movie_info"" AS mi WHERE (mi.info_type_id=8)","SELECT * FROM ""movie_info"" AS mi WHERE (mi.info_type_id=8)",C:\Users\vanya\Documents\DATA_SYS_LAB\test44\final_benchmarks\test42_100k_exportpatch\queries\job_light\39.sql
postgres,job_light,39,movie_info,mi,1,245455,241763,1.0152711539813783,under,False,False,"SELECT COUNT(*) FROM ""movie_info"" AS mi WHERE (mi.info_type_id=8)","SELECT * FROM ""movie_info"" AS mi WHERE (mi.info_type_id=8)",C:\Users\vanya\Documents\DATA_SYS_LAB\test44\final_benchmarks\test42_100k_exportpatch\queries\job_light\39.sql
duckdb,job_light,39,movie_info_idx,mi_idx,1,251455,251585,1.0005169911117298,over,False,False,"SELECT COUNT(*) FROM ""movie_info_idx"" AS mi_idx WHERE (mi_idx.info_type_id=101)","SELECT * FROM ""movie_info_idx"" AS mi_idx WHERE (mi_idx.info_type_id=101)",C:\Users\vanya\Documents\DATA_SYS_LAB\test44\final_benchmarks\test42_100k_exportpatch\queries\job_light\39.sql
postgres,job_light,39,movie_info_idx,mi_idx,1,251455,252809,1.0053846612714004,over,False,False,"SELECT COUNT(*) FROM ""movie_info_idx"" AS mi_idx WHERE (mi_idx.info_type_id=101)","SELECT * FROM ""movie_info_idx"" AS mi_idx WHERE (mi_idx.info_type_id=101)",C:\Users\vanya\Documents\DATA_SYS_LAB\test44\final_benchmarks\test42_100k_exportpatch\queries\job_light\39.sql
duckdb,job_light,40,title,t,1,241478,50291,4.801614603010479,under,False,False,"SELECT COUNT(*) FROM ""title"" AS t WHERE (t.production_year>2005)","SELECT * FROM ""title"" AS t WHERE (t.production_year>2005)",C:\Users\vanya\Documents\DATA_SYS_LAB\test44\final_benchmarks\test42_100k_exportpatch\queries\job_light\40.sql
postgres,job_light,40,title,t,1,241478,241514,1.0001490819039416,over,False,False,"SELECT COUNT(*) FROM ""title"" AS t WHERE (t.production_year>2005)","SELECT * FROM ""title"" AS t WHERE (t.production_year>2005)",C:\Users\vanya\Documents\DATA_SYS_LAB\test44\final_benchmarks\test42_100k_exportpatch\queries\job_light\40.sql
duckdb,job_light,40,movie_info,mi,1,245455,165479,1.483299995769856,under,False,False,"SELECT COUNT(*) FROM ""movie_info"" AS mi WHERE (mi.info_type_id=8)","SELECT * FROM ""movie_info"" AS mi WHERE (mi.info_type_id=8)",C:\Users\vanya\Documents\DATA_SYS_LAB\test44\final_benchmarks\test42_100k_exportpatch\queries\job_light\40.sql
postgres,job_light,40,movie_info,mi,1,245455,241763,1.0152711539813783,under,False,False,"SELECT COUNT(*) FROM ""movie_info"" AS mi WHERE (mi.info_type_id=8)","SELECT * FROM ""movie_info"" AS mi WHERE (mi.info_type_id=8)",C:\Users\vanya\Documents\DATA_SYS_LAB\test44\final_benchmarks\test42_100k_exportpatch\queries\job_light\40.sql
duckdb,job_light,40,movie_info_idx,mi_idx,1,251455,251585,1.0005169911117298,over,False,False,"SELECT COUNT(*) FROM ""movie_info_idx"" AS mi_idx WHERE (mi_idx.info_type_id=101)","SELECT * FROM ""movie_info_idx"" AS mi_idx WHERE (mi_idx.info_type_id=101)",C:\Users\vanya\Documents\DATA_SYS_LAB\test44\final_benchmarks\test42_100k_exportpatch\queries\job_light\40.sql
postgres,job_light,40,movie_info_idx,mi_idx,1,251455,252809,1.0053846612714004,over,False,False,"SELECT COUNT(*) FROM ""movie_info_idx"" AS mi_idx WHERE (mi_idx.info_type_id=101)","SELECT * FROM ""movie_info_idx"" AS mi_idx WHERE (mi_idx.info_type_id=101)",C:\Users\vanya\Documents\DATA_SYS_LAB\test44\final_benchmarks\test42_100k_exportpatch\queries\job_light\40.sql
duckdb,job_light,41,title,t,1,249934,50291,4.9697560199638104,under,False,False,"SELECT COUNT(*) FROM ""title"" AS t WHERE (t.production_year>2000)","SELECT * FROM ""title"" AS t WHERE (t.production_year>2000)",C:\Users\vanya\Documents\DATA_SYS_LAB\test44\final_benchmarks\test42_100k_exportpatch\queries\job_light\41.sql
postgres,job_light,41,title,t,1,249934,250030,1.0003841014027703,over,False,False,"SELECT COUNT(*) FROM ""title"" AS t WHERE (t.production_year>2000)","SELECT * FROM ""title"" AS t WHERE (t.production_year>2000)",C:\Users\vanya\Documents\DATA_SYS_LAB\test44\final_benchmarks\test42_100k_exportpatch\queries\job_light\41.sql
duckdb,job_light,41,movie_info,mi,1,682960,165479,4.127170214951746,under,False,False,"SELECT COUNT(*) FROM ""movie_info"" AS mi WHERE (mi.info_type_id=16)","SELECT * FROM ""movie_info"" AS mi WHERE (mi.info_type_id=16)",C:\Users\vanya\Documents\DATA_SYS_LAB\test44\final_benchmarks\test42_100k_exportpatch\queries\job_light\41.sql
postgres,job_light,41,movie_info,mi,1,682960,671758,1.0166756480756463,under,False,False,"SELECT COUNT(*) FROM ""movie_info"" AS mi WHERE (mi.info_type_id=16)","SELECT * FROM ""movie_info"" AS mi WHERE (mi.info_type_id=16)",C:\Users\vanya\Documents\DATA_SYS_LAB\test44\final_benchmarks\test42_100k_exportpatch\queries\job_light\41.sql
duckdb,job_light,42,title,t,2,6120,50291,8.21748366013072,over,False,False,"SELECT COUNT(*) FROM ""title"" AS t WHERE (t.production_year>2005) AND (t.production_year<2010)","SELECT * FROM ""title"" AS t WHERE (t.production_year>2005) AND (t.production_year<2010)",C:\Users\vanya\Documents\DATA_SYS_LAB\test44\final_benchmarks\test42_100k_exportpatch\queries\job_light\42.sql
postgres,job_light,42,title,t,2,6120,5876,1.0415248468345812,under,False,False,"SELECT COUNT(*) FROM ""title"" AS t WHERE (t.production_year>2005) AND (t.production_year<2010)","SELECT * FROM ""title"" AS t WHERE (t.production_year>2005) AND (t.production_year<2010)",C:\Users\vanya\Documents\DATA_SYS_LAB\test44\final_benchmarks\test42_100k_exportpatch\queries\job_light\42.sql
duckdb,job_light,42,movie_info,mi,1,682960,165479,4.127170214951746,under,False,False,"SELECT COUNT(*) FROM ""movie_info"" AS mi WHERE (mi.info_type_id=16)","SELECT * FROM ""movie_info"" AS mi WHERE (mi.info_type_id=16)",C:\Users\vanya\Documents\DATA_SYS_LAB\test44\final_benchmarks\test42_100k_exportpatch\queries\job_light\42.sql
postgres,job_light,42,movie_info,mi,1,682960,671758,1.0166756480756463,under,False,False,"SELECT COUNT(*) FROM ""movie_info"" AS mi WHERE (mi.info_type_id=16)","SELECT * FROM ""movie_info"" AS mi WHERE (mi.info_type_id=16)",C:\Users\vanya\Documents\DATA_SYS_LAB\test44\final_benchmarks\test42_100k_exportpatch\queries\job_light\42.sql
duckdb,job_light,43,title,t,1,249934,50291,4.9697560199638104,under,False,False,"SELECT COUNT(*) FROM ""title"" AS t WHERE (t.production_year>2000)","SELECT * FROM ""title"" AS t WHERE (t.production_year>2000)",C:\Users\vanya\Documents\DATA_SYS_LAB\test44\final_benchmarks\test42_100k_exportpatch\queries\job_light\43.sql
postgres,job_light,43,title,t,1,249934,250030,1.0003841014027703,over,False,False,"SELECT COUNT(*) FROM ""title"" AS t WHERE (t.production_year>2000)","SELECT * FROM ""title"" AS t WHERE (t.production_year>2000)",C:\Users\vanya\Documents\DATA_SYS_LAB\test44\final_benchmarks\test42_100k_exportpatch\queries\job_light\43.sql
duckdb,job_light,43,movie_info,mi,1,682960,165479,4.127170214951746,under,False,False,"SELECT COUNT(*) FROM ""movie_info"" AS mi WHERE (mi.info_type_id=16)","SELECT * FROM ""movie_info"" AS mi WHERE (mi.info_type_id=16)",C:\Users\vanya\Documents\DATA_SYS_LAB\test44\final_benchmarks\test42_100k_exportpatch\queries\job_light\43.sql
postgres,job_light,43,movie_info,mi,1,682960,671758,1.0166756480756463,under,False,False,"SELECT COUNT(*) FROM ""movie_info"" AS mi WHERE (mi.info_type_id=16)","SELECT * FROM ""movie_info"" AS mi WHERE (mi.info_type_id=16)",C:\Users\vanya\Documents\DATA_SYS_LAB\test44\final_benchmarks\test42_100k_exportpatch\queries\job_light\43.sql
duckdb,job_light,44,movie_keyword,mk,1,145455,129,1127.5581395348838,under,False,False,"SELECT COUNT(*) FROM ""movie_keyword"" AS mk WHERE (mk.keyword_id=8716)","SELECT * FROM ""movie_keyword"" AS mk WHERE (mk.keyword_id=8716)",C:\Users\vanya\Documents\DATA_SYS_LAB\test44\final_benchmarks\test42_100k_exportpatch\queries\job_light\44.sql
postgres,job_light,44,movie_keyword,mk,1,145455,143842,1.0112136928018243,under,False,False,"SELECT COUNT(*) FROM ""movie_keyword"" AS mk WHERE (mk.keyword_id=8716)","SELECT * FROM ""movie_keyword"" AS mk WHERE (mk.keyword_id=8716)",C:\Users\vanya\Documents\DATA_SYS_LAB\test44\final_benchmarks\test42_100k_exportpatch\queries\job_light\44.sql
duckdb,job_light,45,movie_info,mi,1,100000,165479,1.65479,over,False,False,"SELECT COUNT(*) FROM ""movie_info"" AS mi WHERE (mi.info_type_id=105)","SELECT * FROM ""movie_info"" AS mi WHERE (mi.info_type_id=105)",C:\Users\vanya\Documents\DATA_SYS_LAB\test44\final_benchmarks\test42_100k_exportpatch\queries\job_light\45.sql
postgres,job_light,45,movie_info,mi,1,100000,105823,1.05823,over,False,False,"SELECT COUNT(*) FROM ""movie_info"" AS mi WHERE (mi.info_type_id=105)","SELECT * FROM ""movie_info"" AS mi WHERE (mi.info_type_id=105)",C:\Users\vanya\Documents\DATA_SYS_LAB\test44\final_benchmarks\test42_100k_exportpatch\queries\job_light\45.sql
duckdb,job_light,45,movie_info_idx,mi_idx,1,251455,251585,1.0005169911117298,over,False,False,"SELECT COUNT(*) FROM ""movie_info_idx"" AS mi_idx WHERE (mi_idx.info_type_id=100)","SELECT * FROM ""movie_info_idx"" AS mi_idx WHERE (mi_idx.info_type_id=100)",C:\Users\vanya\Documents\DATA_SYS_LAB\test44\final_benchmarks\test42_100k_exportpatch\queries\job_light\45.sql
postgres,job_light,45,movie_info_idx,mi_idx,1,251455,250092,1.00544999440206,under,False,False,"SELECT COUNT(*) FROM ""movie_info_idx"" AS mi_idx WHERE (mi_idx.info_type_id=100)","SELECT * FROM ""movie_info_idx"" AS mi_idx WHERE (mi_idx.info_type_id=100)",C:\Users\vanya\Documents\DATA_SYS_LAB\test44\final_benchmarks\test42_100k_exportpatch\queries\job_light\45.sql
duckdb,job_light,46,title,t,2,8985,50291,5.597217584863662,over,False,False,"SELECT COUNT(*) FROM ""title"" AS t WHERE (t.production_year>2008) AND (t.production_year<2014)","SELECT * FROM ""title"" AS t WHERE (t.production_year>2008) AND (t.production_year<2014)",C:\Users\vanya\Documents\DATA_SYS_LAB\test44\final_benchmarks\test42_100k_exportpatch\queries\job_light\46.sql
postgres,job_light,46,title,t,2,8985,8860,1.0141083521444696,under,False,False,"SELECT COUNT(*) FROM ""title"" AS t WHERE (t.production_year>2008) AND (t.production_year<2014)","SELECT * FROM ""title"" AS t WHERE (t.production_year>2008) AND (t.production_year<2014)",C:\Users\vanya\Documents\DATA_SYS_LAB\test44\final_benchmarks\test42_100k_exportpatch\queries\job_light\46.sql
duckdb,job_light,46,movie_info,mi,1,245455,165479,1.483299995769856,under,False,False,"SELECT COUNT(*) FROM ""movie_info"" AS mi WHERE (mi.info_type_id=3)","SELECT * FROM ""movie_info"" AS mi WHERE (mi.info_type_id=3)",C:\Users\vanya\Documents\DATA_SYS_LAB\test44\final_benchmarks\test42_100k_exportpatch\queries\job_light\46.sql
postgres,job_light,46,movie_info,mi,1,245455,249706,1.0173188568169318,over,False,False,"SELECT COUNT(*) FROM ""movie_info"" AS mi WHERE (mi.info_type_id=3)","SELECT * FROM ""movie_info"" AS mi WHERE (mi.info_type_id=3)",C:\Users\vanya\Documents\DATA_SYS_LAB\test44\final_benchmarks\test42_100k_exportpatch\queries\job_light\46.sql
duckdb,job_light,46,movie_info_idx,mi_idx,1,251455,251585,1.0005169911117298,over,False,False,"SELECT COUNT(*) FROM ""movie_info_idx"" AS mi_idx WHERE (mi_idx.info_type_id=101)","SELECT * FROM ""movie_info_idx"" AS mi_idx WHERE (mi_idx.info_type_id=101)",C:\Users\vanya\Documents\DATA_SYS_LAB\test44\final_benchmarks\test42_100k_exportpatch\queries\job_light\46.sql
postgres,job_light,46,movie_info_idx,mi_idx,1,251455,252809,1.0053846612714004,over,False,False,"SELECT COUNT(*) FROM ""movie_info_idx"" AS mi_idx WHERE (mi_idx.info_type_id=101)","SELECT * FROM ""movie_info_idx"" AS mi_idx WHERE (mi_idx.info_type_id=101)",C:\Users\vanya\Documents\DATA_SYS_LAB\test44\final_benchmarks\test42_100k_exportpatch\queries\job_light\46.sql
duckdb,job_light,47,movie_info,mi,1,245455,165479,1.483299995769856,under,False,False,"SELECT COUNT(*) FROM ""movie_info"" AS mi WHERE (mi.info_type_id=3)","SELECT * FROM ""movie_info"" AS mi WHERE (mi.info_type_id=3)",C:\Users\vanya\Documents\DATA_SYS_LAB\test44\final_benchmarks\test42_100k_exportpatch\queries\job_light\47.sql
postgres,job_light,47,movie_info,mi,1,245455,249706,1.0173188568169318,over,False,False,"SELECT COUNT(*) FROM ""movie_info"" AS mi WHERE (mi.info_type_id=3)","SELECT * FROM ""movie_info"" AS mi WHERE (mi.info_type_id=3)",C:\Users\vanya\Documents\DATA_SYS_LAB\test44\final_benchmarks\test42_100k_exportpatch\queries\job_light\47.sql
duckdb,job_light,47,movie_info_idx,mi_idx,1,251455,251585,1.0005169911117298,over,False,False,"SELECT COUNT(*) FROM ""movie_info_idx"" AS mi_idx WHERE (mi_idx.info_type_id=100)","SELECT * FROM ""movie_info_idx"" AS mi_idx WHERE (mi_idx.info_type_id=100)",C:\Users\vanya\Documents\DATA_SYS_LAB\test44\final_benchmarks\test42_100k_exportpatch\queries\job_light\47.sql
postgres,job_light,47,movie_info_idx,mi_idx,1,251455,250092,1.00544999440206,under,False,False,"SELECT COUNT(*) FROM ""movie_info_idx"" AS mi_idx WHERE (mi_idx.info_type_id=100)","SELECT * FROM ""movie_info_idx"" AS mi_idx WHERE (mi_idx.info_type_id=100)",C:\Users\vanya\Documents\DATA_SYS_LAB\test44\final_benchmarks\test42_100k_exportpatch\queries\job_light\47.sql
duckdb,job_light,48,title,t,2,4594,50291,10.947104919460166,over,False,False,"SELECT COUNT(*) FROM ""title"" AS t WHERE (t.production_year>2005) AND (t.production_year<2009)","SELECT * FROM ""title"" AS t WHERE (t.production_year>2005) AND (t.production_year<2009)",C:\Users\vanya\Documents\DATA_SYS_LAB\test44\final_benchmarks\test42_100k_exportpatch\queries\job_light\48.sql
postgres,job_light,48,title,t,2,4594,4476,1.0263628239499554,under,False,False,"SELECT COUNT(*) FROM ""title"" AS t WHERE (t.production_year>2005) AND (t.production_year<2009)","SELECT * FROM ""title"" AS t WHERE (t.production_year>2005) AND (t.production_year<2009)",C:\Users\vanya\Documents\DATA_SYS_LAB\test44\final_benchmarks\test42_100k_exportpatch\queries\job_light\48.sql
duckdb,job_light,48,movie_info,mi,1,682960,165479,4.127170214951746,under,False,False,"SELECT COUNT(*) FROM ""movie_info"" AS mi WHERE (mi.info_type_id=16)","SELECT * FROM ""movie_info"" AS mi WHERE (mi.info_type_id=16)",C:\Users\vanya\Documents\DATA_SYS_LAB\test44\final_benchmarks\test42_100k_exportpatch\queries\job_light\48.sql
postgres,job_light,48,movie_info,mi,1,682960,671758,1.0166756480756463,under,False,False,"SELECT COUNT(*) FROM ""movie_info"" AS mi WHERE (mi.info_type_id=16)","SELECT * FROM ""movie_info"" AS mi WHERE (mi.info_type_id=16)",C:\Users\vanya\Documents\DATA_SYS_LAB\test44\final_benchmarks\test42_100k_exportpatch\queries\job_light\48.sql
duckdb,job_light,48,cast_info,ci,1,696911,233497,2.984667897232084,under,False,False,"SELECT COUNT(*) FROM ""cast_info"" AS ci WHERE (ci.role_id=2)","SELECT * FROM ""cast_info"" AS ci WHERE (ci.role_id=2)",C:\Users\vanya\Documents\DATA_SYS_LAB\test44\final_benchmarks\test42_100k_exportpatch\queries\job_light\48.sql
postgres,job_light,48,cast_info,ci,1,696911,694140,1.0039919900884549,under,False,False,"SELECT COUNT(*) FROM ""cast_info"" AS ci WHERE (ci.role_id=2)","SELECT * FROM ""cast_info"" AS ci WHERE (ci.role_id=2)",C:\Users\vanya\Documents\DATA_SYS_LAB\test44\final_benchmarks\test42_100k_exportpatch\queries\job_light\48.sql
duckdb,job_light,49,movie_info,mi,1,682960,165479,4.127170214951746,under,False,False,"SELECT COUNT(*) FROM ""movie_info"" AS mi WHERE (mi.info_type_id=16)","SELECT * FROM ""movie_info"" AS mi WHERE (mi.info_type_id=16)",C:\Users\vanya\Documents\DATA_SYS_LAB\test44\final_benchmarks\test42_100k_exportpatch\queries\job_light\49.sql
postgres,job_light,49,movie_info,mi,1,682960,671758,1.0166756480756463,under,False,False,"SELECT COUNT(*) FROM ""movie_info"" AS mi WHERE (mi.info_type_id=16)","SELECT * FROM ""movie_info"" AS mi WHERE (mi.info_type_id=16)",C:\Users\vanya\Documents\DATA_SYS_LAB\test44\final_benchmarks\test42_100k_exportpatch\queries\job_light\49.sql
duckdb,job_light,49,cast_info,ci,1,696911,233497,2.984667897232084,under,False,False,"SELECT COUNT(*) FROM ""cast_info"" AS ci WHERE (ci.role_id=2)","SELECT * FROM ""cast_info"" AS ci WHERE (ci.role_id=2)",C:\Users\vanya\Documents\DATA_SYS_LAB\test44\final_benchmarks\test42_100k_exportpatch\queries\job_light\49.sql
postgres,job_light,49,cast_info,ci,1,696911,694140,1.0039919900884549,under,False,False,"SELECT COUNT(*) FROM ""cast_info"" AS ci WHERE (ci.role_id=2)","SELECT * FROM ""cast_info"" AS ci WHERE (ci.role_id=2)",C:\Users\vanya\Documents\DATA_SYS_LAB\test44\final_benchmarks\test42_100k_exportpatch\queries\job_light\49.sql
duckdb,job_light,50,title,t,1,249934,50291,4.9697560199638104,under,False,False,"SELECT COUNT(*) FROM ""title"" AS t WHERE (t.production_year>2000)","SELECT * FROM ""title"" AS t WHERE (t.production_year>2000)",C:\Users\vanya\Documents\DATA_SYS_LAB\test44\final_benchmarks\test42_100k_exportpatch\queries\job_light\50.sql
postgres,job_light,50,title,t,1,249934,250030,1.0003841014027703,over,False,False,"SELECT COUNT(*) FROM ""title"" AS t WHERE (t.production_year>2000)","SELECT * FROM ""title"" AS t WHERE (t.production_year>2000)",C:\Users\vanya\Documents\DATA_SYS_LAB\test44\final_benchmarks\test42_100k_exportpatch\queries\job_light\50.sql
duckdb,job_light,50,movie_info,mi,1,682960,165479,4.127170214951746,under,False,False,"SELECT COUNT(*) FROM ""movie_info"" AS mi WHERE (mi.info_type_id=16)","SELECT * FROM ""movie_info"" AS mi WHERE (mi.info_type_id=16)",C:\Users\vanya\Documents\DATA_SYS_LAB\test44\final_benchmarks\test42_100k_exportpatch\queries\job_light\50.sql
postgres,job_light,50,movie_info,mi,1,682960,671758,1.0166756480756463,under,False,False,"SELECT COUNT(*) FROM ""movie_info"" AS mi WHERE (mi.info_type_id=16)","SELECT * FROM ""movie_info"" AS mi WHERE (mi.info_type_id=16)",C:\Users\vanya\Documents\DATA_SYS_LAB\test44\final_benchmarks\test42_100k_exportpatch\queries\job_light\50.sql
duckdb,job_light,50,cast_info,ci,1,696911,233497,2.984667897232084,under,False,False,"SELECT COUNT(*) FROM ""cast_info"" AS ci WHERE (ci.role_id=2)","SELECT * FROM ""cast_info"" AS ci WHERE (ci.role_id=2)",C:\Users\vanya\Documents\DATA_SYS_LAB\test44\final_benchmarks\test42_100k_exportpatch\queries\job_light\50.sql
postgres,job_light,50,cast_info,ci,1,696911,694140,1.0039919900884549,under,False,False,"SELECT COUNT(*) FROM ""cast_info"" AS ci WHERE (ci.role_id=2)","SELECT * FROM ""cast_info"" AS ci WHERE (ci.role_id=2)",C:\Users\vanya\Documents\DATA_SYS_LAB\test44\final_benchmarks\test42_100k_exportpatch\queries\job_light\50.sql
duckdb,job_light,51,title,t,2,98479,83819,1.1749006788436989,under,False,False,"SELECT COUNT(*) FROM ""title"" AS t WHERE (t.production_year>2000) AND (t.kind_id=1)","SELECT * FROM ""title"" AS t WHERE (t.production_year>2000) AND (t.kind_id=1)",C:\Users\vanya\Documents\DATA_SYS_LAB\test44\final_benchmarks\test42_100k_exportpatch\queries\job_light\51.sql
postgres,job_light,51,title,t,2,98479,99787,1.0132820195168513,over,False,False,"SELECT COUNT(*) FROM ""title"" AS t WHERE (t.production_year>2000) AND (t.kind_id=1)","SELECT * FROM ""title"" AS t WHERE (t.production_year>2000) AND (t.kind_id=1)",C:\Users\vanya\Documents\DATA_SYS_LAB\test44\final_benchmarks\test42_100k_exportpatch\queries\job_light\51.sql
duckdb,job_light,52,title,t,2,98479,83819,1.1749006788436989,under,False,False,"SELECT COUNT(*) FROM ""title"" AS t WHERE (t.production_year>2000) AND (t.kind_id=1)","SELECT * FROM ""title"" AS t WHERE (t.production_year>2000) AND (t.kind_id=1)",C:\Users\vanya\Documents\DATA_SYS_LAB\test44\final_benchmarks\test42_100k_exportpatch\queries\job_light\52.sql
postgres,job_light,52,title,t,2,98479,99787,1.0132820195168513,over,False,False,"SELECT COUNT(*) FROM ""title"" AS t WHERE (t.production_year>2000) AND (t.kind_id=1)","SELECT * FROM ""title"" AS t WHERE (t.production_year>2000) AND (t.kind_id=1)",C:\Users\vanya\Documents\DATA_SYS_LAB\test44\final_benchmarks\test42_100k_exportpatch\queries\job_light\52.sql
duckdb,job_light,53,title,t,2,224176,50291,4.45757690242787,under,False,False,"SELECT COUNT(*) FROM ""title"" AS t WHERE (t.production_year>2000) AND (t.production_year<2051)","SELECT * FROM ""title"" AS t WHERE (t.production_year>2000) AND (t.production_year<2051)",C:\Users\vanya\Documents\DATA_SYS_LAB\test44\final_benchmarks\test42_100k_exportpatch\queries\job_light\53.sql
postgres,job_light,53,title,t,2,224176,224004,1.0007678434313674,under,False,False,"SELECT COUNT(*) FROM ""title"" AS t WHERE (t.production_year>2000) AND (t.production_year<2051)","SELECT * FROM ""title"" AS t WHERE (t.production_year>2000) AND (t.production_year<2051)",C:\Users\vanya\Documents\DATA_SYS_LAB\test44\final_benchmarks\test42_100k_exportpatch\queries\job_light\53.sql
duckdb,job_light,53,movie_keyword,mk,1,12725,129,98.64341085271317,under,False,False,"SELECT COUNT(*) FROM ""movie_keyword"" AS mk WHERE (mk.keyword_id=8715)","SELECT * FROM ""movie_keyword"" AS mk WHERE (mk.keyword_id=8715)",C:\Users\vanya\Documents\DATA_SYS_LAB\test44\final_benchmarks\test42_100k_exportpatch\queries\job_light\53.sql
postgres,job_light,53,movie_keyword,mk,1,12725,13633,1.0713555992141455,over,False,False,"SELECT COUNT(*) FROM ""movie_keyword"" AS mk WHERE (mk.keyword_id=8715)","SELECT * FROM ""movie_keyword"" AS mk WHERE (mk.keyword_id=8715)",C:\Users\vanya\Documents\DATA_SYS_LAB\test44\final_benchmarks\test42_100k_exportpatch\queries\job_light\53.sql
duckdb,job_light,53,movie_companies,mc,1,285649,223793,1.2763982787665387,under,False,False,"SELECT COUNT(*) FROM ""movie_companies"" AS mc WHERE (mc.company_type_id=2)","SELECT * FROM ""movie_companies"" AS mc WHERE (mc.company_type_id=2)",C:\Users\vanya\Documents\DATA_SYS_LAB\test44\final_benchmarks\test42_100k_exportpatch\queries\job_light\53.sql
postgres,job_light,53,movie_companies,mc,1,285649,285127,1.0018307631336212,under,False,False,"SELECT COUNT(*) FROM ""movie_companies"" AS mc WHERE (mc.company_type_id=2)","SELECT * FROM ""movie_companies"" AS mc WHERE (mc.company_type_id=2)",C:\Users\vanya\Documents\DATA_SYS_LAB\test44\final_benchmarks\test42_100k_exportpatch\queries\job_light\53.sql
duckdb,job_light,54,title,t,2,224176,50291,4.45757690242787,under,False,False,"SELECT COUNT(*) FROM ""title"" AS t WHERE (t.production_year>2000) AND (t.production_year<2051)","SELECT * FROM ""title"" AS t WHERE (t.production_year>2000) AND (t.production_year<2051)",C:\Users\vanya\Documents\DATA_SYS_LAB\test44\final_benchmarks\test42_100k_exportpatch\queries\job_light\54.sql
postgres,job_light,54,title,t,2,224176,224004,1.0007678434313674,under,False,False,"SELECT COUNT(*) FROM ""title"" AS t WHERE (t.production_year>2000) AND (t.production_year<2051)","SELECT * FROM ""title"" AS t WHERE (t.production_year>2000) AND (t.production_year<2051)",C:\Users\vanya\Documents\DATA_SYS_LAB\test44\final_benchmarks\test42_100k_exportpatch\queries\job_light\54.sql
duckdb,job_light,54,movie_keyword,mk,1,12725,129,98.64341085271317,under,False,False,"SELECT COUNT(*) FROM ""movie_keyword"" AS mk WHERE (mk.keyword_id=8715)","SELECT * FROM ""movie_keyword"" AS mk WHERE (mk.keyword_id=8715)",C:\Users\vanya\Documents\DATA_SYS_LAB\test44\final_benchmarks\test42_100k_exportpatch\queries\job_light\54.sql
postgres,job_light,54,movie_keyword,mk,1,12725,13633,1.0713555992141455,over,False,False,"SELECT COUNT(*) FROM ""movie_keyword"" AS mk WHERE (mk.keyword_id=8715)","SELECT * FROM ""movie_keyword"" AS mk WHERE (mk.keyword_id=8715)",C:\Users\vanya\Documents\DATA_SYS_LAB\test44\final_benchmarks\test42_100k_exportpatch\queries\job_light\54.sql
duckdb,job_light,54,movie_companies,mc,1,285649,223793,1.2763982787665387,under,False,False,"SELECT COUNT(*) FROM ""movie_companies"" AS mc WHERE (mc.company_type_id=2)","SELECT * FROM ""movie_companies"" AS mc WHERE (mc.company_type_id=2)",C:\Users\vanya\Documents\DATA_SYS_LAB\test44\final_benchmarks\test42_100k_exportpatch\queries\job_light\54.sql
postgres,job_light,54,movie_companies,mc,1,285649,285127,1.0018307631336212,under,False,False,"SELECT COUNT(*) FROM ""movie_companies"" AS mc WHERE (mc.company_type_id=2)","SELECT * FROM ""movie_companies"" AS mc WHERE (mc.company_type_id=2)",C:\Users\vanya\Documents\DATA_SYS_LAB\test44\final_benchmarks\test42_100k_exportpatch\queries\job_light\54.sql
duckdb,job_light,55,title,t,2,224176,50291,4.45757690242787,under,False,False,"SELECT COUNT(*) FROM ""title"" AS t WHERE (t.production_year>2000) AND (t.production_year<2051)","SELECT * FROM ""title"" AS t WHERE (t.production_year>2000) AND (t.production_year<2051)",C:\Users\vanya\Documents\DATA_SYS_LAB\test44\final_benchmarks\test42_100k_exportpatch\queries\job_light\55.sql
postgres,job_light,55,title,t,2,224176,224004,1.0007678434313674,under,False,False,"SELECT COUNT(*) FROM ""title"" AS t WHERE (t.production_year>2000) AND (t.production_year<2051)","SELECT * FROM ""title"" AS t WHERE (t.production_year>2000) AND (t.production_year<2051)",C:\Users\vanya\Documents\DATA_SYS_LAB\test44\final_benchmarks\test42_100k_exportpatch\queries\job_light\55.sql
duckdb,job_light,55,movie_keyword,mk,1,12725,129,98.64341085271317,under,False,False,"SELECT COUNT(*) FROM ""movie_keyword"" AS mk WHERE (mk.keyword_id=8715)","SELECT * FROM ""movie_keyword"" AS mk WHERE (mk.keyword_id=8715)",C:\Users\vanya\Documents\DATA_SYS_LAB\test44\final_benchmarks\test42_100k_exportpatch\queries\job_light\55.sql
postgres,job_light,55,movie_keyword,mk,1,12725,13633,1.0713555992141455,over,False,False,"SELECT COUNT(*) FROM ""movie_keyword"" AS mk WHERE (mk.keyword_id=8715)","SELECT * FROM ""movie_keyword"" AS mk WHERE (mk.keyword_id=8715)",C:\Users\vanya\Documents\DATA_SYS_LAB\test44\final_benchmarks\test42_100k_exportpatch\queries\job_light\55.sql
duckdb,job_light,55,movie_companies,mc,1,285649,223793,1.2763982787665387,under,False,False,"SELECT COUNT(*) FROM ""movie_companies"" AS mc WHERE (mc.company_type_id=2)","SELECT * FROM ""movie_companies"" AS mc WHERE (mc.company_type_id=2)",C:\Users\vanya\Documents\DATA_SYS_LAB\test44\final_benchmarks\test42_100k_exportpatch\queries\job_light\55.sql
postgres,job_light,55,movie_companies,mc,1,285649,285127,1.0018307631336212,under,False,False,"SELECT COUNT(*) FROM ""movie_companies"" AS mc WHERE (mc.company_type_id=2)","SELECT * FROM ""movie_companies"" AS mc WHERE (mc.company_type_id=2)",C:\Users\vanya\Documents\DATA_SYS_LAB\test44\final_benchmarks\test42_100k_exportpatch\queries\job_light\55.sql
duckdb,job_light,56,title,t,1,236884,50291,4.710266250422541,under,False,False,"SELECT COUNT(*) FROM ""title"" AS t WHERE (t.production_year>2008)","SELECT * FROM ""title"" AS t WHERE (t.production_year>2008)",C:\Users\vanya\Documents\DATA_SYS_LAB\test44\final_benchmarks\test42_100k_exportpatch\queries\job_light\56.sql
postgres,job_light,56,title,t,1,236884,237038,1.0006501072254774,over,False,False,"SELECT COUNT(*) FROM ""title"" AS t WHERE (t.production_year>2008)","SELECT * FROM ""title"" AS t WHERE (t.production_year>2008)",C:\Users\vanya\Documents\DATA_SYS_LAB\test44\final_benchmarks\test42_100k_exportpatch\queries\job_light\56.sql
duckdb,job_light,56,movie_info,mi,1,245455,165479,1.483299995769856,under,False,False,"SELECT COUNT(*) FROM ""movie_info"" AS mi WHERE (mi.info_type_id=8)","SELECT * FROM ""movie_info"" AS mi WHERE (mi.info_type_id=8)",C:\Users\vanya\Documents\DATA_SYS_LAB\test44\final_benchmarks\test42_100k_exportpatch\queries\job_light\56.sql
postgres,job_light,56,movie_info,mi,1,245455,241763,1.0152711539813783,under,False,False,"SELECT COUNT(*) FROM ""movie_info"" AS mi WHERE (mi.info_type_id=8)","SELECT * FROM ""movie_info"" AS mi WHERE (mi.info_type_id=8)",C:\Users\vanya\Documents\DATA_SYS_LAB\test44\final_benchmarks\test42_100k_exportpatch\queries\job_light\56.sql
duckdb,job_light,56,movie_info_idx,mi_idx,1,251455,251585,1.0005169911117298,over,False,False,"SELECT COUNT(*) FROM ""movie_info_idx"" AS mi_idx WHERE (mi_idx.info_type_id=101)","SELECT * FROM ""movie_info_idx"" AS mi_idx WHERE (mi_idx.info_type_id=101)",C:\Users\vanya\Documents\DATA_SYS_LAB\test44\final_benchmarks\test42_100k_exportpatch\queries\job_light\56.sql
postgres,job_light,56,movie_info_idx,mi_idx,1,251455,252809,1.0053846612714004,over,False,False,"SELECT COUNT(*) FROM ""movie_info_idx"" AS mi_idx WHERE (mi_idx.info_type_id=101)","SELECT * FROM ""movie_info_idx"" AS mi_idx WHERE (mi_idx.info_type_id=101)",C:\Users\vanya\Documents\DATA_SYS_LAB\test44\final_benchmarks\test42_100k_exportpatch\queries\job_light\56.sql
duckdb,job_light,57,title,t,1,235358,50291,4.679922849018711,under,False,False,"SELECT COUNT(*) FROM ""title"" AS t WHERE (t.production_year>2009)","SELECT * FROM ""title"" AS t WHERE (t.production_year>2009)",C:\Users\vanya\Documents\DATA_SYS_LAB\test44\final_benchmarks\test42_100k_exportpatch\queries\job_light\57.sql
postgres,job_light,57,title,t,1,235358,235638,1.0011896770026938,over,False,False,"SELECT COUNT(*) FROM ""title"" AS t WHERE (t.production_year>2009)","SELECT * FROM ""title"" AS t WHERE (t.production_year>2009)",C:\Users\vanya\Documents\DATA_SYS_LAB\test44\final_benchmarks\test42_100k_exportpatch\queries\job_light\57.sql
duckdb,job_light,57,movie_info,mi,1,245455,165479,1.483299995769856,under,False,False,"SELECT COUNT(*) FROM ""movie_info"" AS mi WHERE (mi.info_type_id=8)","SELECT * FROM ""movie_info"" AS mi WHERE (mi.info_type_id=8)",C:\Users\vanya\Documents\DATA_SYS_LAB\test44\final_benchmarks\test42_100k_exportpatch\queries\job_light\57.sql
postgres,job_light,57,movie_info,mi,1,245455,241763,1.0152711539813783,under,False,False,"SELECT COUNT(*) FROM ""movie_info"" AS mi WHERE (mi.info_type_id=8)","SELECT * FROM ""movie_info"" AS mi WHERE (mi.info_type_id=8)",C:\Users\vanya\Documents\DATA_SYS_LAB\test44\final_benchmarks\test42_100k_exportpatch\queries\job_light\57.sql
duckdb,job_light,57,movie_info_idx,mi_idx,1,251455,251585,1.0005169911117298,over,False,False,"SELECT COUNT(*) FROM ""movie_info_idx"" AS mi_idx WHERE (mi_idx.info_type_id=101)","SELECT * FROM ""movie_info_idx"" AS mi_idx WHERE (mi_idx.info_type_id=101)",C:\Users\vanya\Documents\DATA_SYS_LAB\test44\final_benchmarks\test42_100k_exportpatch\queries\job_light\57.sql
postgres,job_light,57,movie_info_idx,mi_idx,1,251455,252809,1.0053846612714004,over,False,False,"SELECT COUNT(*) FROM ""movie_info_idx"" AS mi_idx WHERE (mi_idx.info_type_id=101)","SELECT * FROM ""movie_info_idx"" AS mi_idx WHERE (mi_idx.info_type_id=101)",C:\Users\vanya\Documents\DATA_SYS_LAB\test44\final_benchmarks\test42_100k_exportpatch\queries\job_light\57.sql
duckdb,job_light,58,title,t,1,232500,50291,4.623093595275496,under,False,False,"SELECT COUNT(*) FROM ""title"" AS t WHERE (t.production_year>2010)","SELECT * FROM ""title"" AS t WHERE (t.production_year>2010)",C:\Users\vanya\Documents\DATA_SYS_LAB\test44\final_benchmarks\test42_100k_exportpatch\queries\job_light\58.sql
postgres,job_light,58,title,t,1,232500,232730,1.000989247311828,over,False,False,"SELECT COUNT(*) FROM ""title"" AS t WHERE (t.production_year>2010)","SELECT * FROM ""title"" AS t WHERE (t.production_year>2010)",C:\Users\vanya\Documents\DATA_SYS_LAB\test44\final_benchmarks\test42_100k_exportpatch\queries\job_light\58.sql
duckdb,job_light,58,movie_info,mi,1,682960,165479,4.127170214951746,under,False,False,"SELECT COUNT(*) FROM ""movie_info"" AS mi WHERE (mi.info_type_id=16)","SELECT * FROM ""movie_info"" AS mi WHERE (mi.info_type_id=16)",C:\Users\vanya\Documents\DATA_SYS_LAB\test44\final_benchmarks\test42_100k_exportpatch\queries\job_light\58.sql
postgres,job_light,58,movie_info,mi,1,682960,671758,1.0166756480756463,under,False,False,"SELECT COUNT(*) FROM ""movie_info"" AS mi WHERE (mi.info_type_id=16)","SELECT * FROM ""movie_info"" AS mi WHERE (mi.info_type_id=16)",C:\Users\vanya\Documents\DATA_SYS_LAB\test44\final_benchmarks\test42_100k_exportpatch\queries\job_light\58.sql
duckdb,job_light,58,cast_info,ci,1,696911,233497,2.984667897232084,under,False,False,"SELECT COUNT(*) FROM ""cast_info"" AS ci WHERE (ci.role_id=2)","SELECT * FROM ""cast_info"" AS ci WHERE (ci.role_id=2)",C:\Users\vanya\Documents\DATA_SYS_LAB\test44\final_benchmarks\test42_100k_exportpatch\queries\job_light\58.sql
postgres,job_light,58,cast_info,ci,1,696911,694140,1.0039919900884549,under,False,False,"SELECT COUNT(*) FROM ""cast_info"" AS ci WHERE (ci.role_id=2)","SELECT * FROM ""cast_info"" AS ci WHERE (ci.role_id=2)",C:\Users\vanya\Documents\DATA_SYS_LAB\test44\final_benchmarks\test42_100k_exportpatch\queries\job_light\58.sql
duckdb,job_light,59,title,t,1,232500,50291,4.623093595275496,under,False,False,"SELECT COUNT(*) FROM ""title"" AS t WHERE (t.production_year>2010)","SELECT * FROM ""title"" AS t WHERE (t.production_year>2010)",C:\Users\vanya\Documents\DATA_SYS_LAB\test44\final_benchmarks\test42_100k_exportpatch\queries\job_light\59.sql
postgres,job_light,59,title,t,1,232500,232730,1.000989247311828,over,False,False,"SELECT COUNT(*) FROM ""title"" AS t WHERE (t.production_year>2010)","SELECT * FROM ""title"" AS t WHERE (t.production_year>2010)",C:\Users\vanya\Documents\DATA_SYS_LAB\test44\final_benchmarks\test42_100k_exportpatch\queries\job_light\59.sql
duckdb,job_light,59,movie_info,mi,1,682960,165479,4.127170214951746,under,False,False,"SELECT COUNT(*) FROM ""movie_info"" AS mi WHERE (mi.info_type_id=16)","SELECT * FROM ""movie_info"" AS mi WHERE (mi.info_type_id=16)",C:\Users\vanya\Documents\DATA_SYS_LAB\test44\final_benchmarks\test42_100k_exportpatch\queries\job_light\59.sql
postgres,job_light,59,movie_info,mi,1,682960,671758,1.0166756480756463,under,False,False,"SELECT COUNT(*) FROM ""movie_info"" AS mi WHERE (mi.info_type_id=16)","SELECT * FROM ""movie_info"" AS mi WHERE (mi.info_type_id=16)",C:\Users\vanya\Documents\DATA_SYS_LAB\test44\final_benchmarks\test42_100k_exportpatch\queries\job_light\59.sql
duckdb,job_light,59,movie_companies,mc,1,1854,95,19.51578947368421,under,False,False,"SELECT COUNT(*) FROM ""movie_companies"" AS mc WHERE (mc.company_id=284)","SELECT * FROM ""movie_companies"" AS mc WHERE (mc.company_id=284)",C:\Users\vanya\Documents\DATA_SYS_LAB\test44\final_benchmarks\test42_100k_exportpatch\queries\job_light\59.sql
postgres,job_light,59,movie_companies,mc,1,1854,1865,1.005933117583603,over,False,False,"SELECT COUNT(*) FROM ""movie_companies"" AS mc WHERE (mc.company_id=284)","SELECT * FROM ""movie_companies"" AS mc WHERE (mc.company_id=284)",C:\Users\vanya\Documents\DATA_SYS_LAB\test44\final_benchmarks\test42_100k_exportpatch\queries\job_light\59.sql
duckdb,job_light,59,cast_info,ci,1,696911,233497,2.984667897232084,under,False,False,"SELECT COUNT(*) FROM ""cast_info"" AS ci WHERE (ci.role_id=2)","SELECT * FROM ""cast_info"" AS ci WHERE (ci.role_id=2)",C:\Users\vanya\Documents\DATA_SYS_LAB\test44\final_benchmarks\test42_100k_exportpatch\queries\job_light\59.sql
postgres,job_light,59,cast_info,ci,1,696911,694140,1.0039919900884549,under,False,False,"SELECT COUNT(*) FROM ""cast_info"" AS ci WHERE (ci.role_id=2)","SELECT * FROM ""cast_info"" AS ci WHERE (ci.role_id=2)",C:\Users\vanya\Documents\DATA_SYS_LAB\test44\final_benchmarks\test42_100k_exportpatch\queries\job_light\59.sql
duckdb,job_light,60,title,t,1,249934,50291,4.9697560199638104,under,False,False,"SELECT COUNT(*) FROM ""title"" AS t WHERE (t.production_year>2000)","SELECT * FROM ""title"" AS t WHERE (t.production_year>2000)",C:\Users\vanya\Documents\DATA_SYS_LAB\test44\final_benchmarks\test42_100k_exportpatch\queries\job_light\60.sql
postgres,job_light,60,title,t,1,249934,250030,1.0003841014027703,over,False,False,"SELECT COUNT(*) FROM ""title"" AS t WHERE (t.production_year>2000)","SELECT * FROM ""title"" AS t WHERE (t.production_year>2000)",C:\Users\vanya\Documents\DATA_SYS_LAB\test44\final_benchmarks\test42_100k_exportpatch\queries\job_light\60.sql
duckdb,job_light,60,movie_info,mi,1,682960,165479,4.127170214951746,under,False,False,"SELECT COUNT(*) FROM ""movie_info"" AS mi WHERE (mi.info_type_id=16)","SELECT * FROM ""movie_info"" AS mi WHERE (mi.info_type_id=16)",C:\Users\vanya\Documents\DATA_SYS_LAB\test44\final_benchmarks\test42_100k_exportpatch\queries\job_light\60.sql
postgres,job_light,60,movie_info,mi,1,682960,671758,1.0166756480756463,under,False,False,"SELECT COUNT(*) FROM ""movie_info"" AS mi WHERE (mi.info_type_id=16)","SELECT * FROM ""movie_info"" AS mi WHERE (mi.info_type_id=16)",C:\Users\vanya\Documents\DATA_SYS_LAB\test44\final_benchmarks\test42_100k_exportpatch\queries\job_light\60.sql
duckdb,job_light,60,cast_info,ci,1,696911,233497,2.984667897232084,under,False,False,"SELECT COUNT(*) FROM ""cast_info"" AS ci WHERE (ci.role_id=2)","SELECT * FROM ""cast_info"" AS ci WHERE (ci.role_id=2)",C:\Users\vanya\Documents\DATA_SYS_LAB\test44\final_benchmarks\test42_100k_exportpatch\queries\job_light\60.sql
postgres,job_light,60,cast_info,ci,1,696911,694140,1.0039919900884549,under,False,False,"SELECT COUNT(*) FROM ""cast_info"" AS ci WHERE (ci.role_id=2)","SELECT * FROM ""cast_info"" AS ci WHERE (ci.role_id=2)",C:\Users\vanya\Documents\DATA_SYS_LAB\test44\final_benchmarks\test42_100k_exportpatch\queries\job_light\60.sql
duckdb,job_light,61,movie_info,mi,1,245455,165479,1.483299995769856,under,False,False,"SELECT COUNT(*) FROM ""movie_info"" AS mi WHERE (mi.info_type_id=3)","SELECT * FROM ""movie_info"" AS mi WHERE (mi.info_type_id=3)",C:\Users\vanya\Documents\DATA_SYS_LAB\test44\final_benchmarks\test42_100k_exportpatch\queries\job_light\61.sql
postgres,job_light,61,movie_info,mi,1,245455,249706,1.0173188568169318,over,False,False,"SELECT COUNT(*) FROM ""movie_info"" AS mi WHERE (mi.info_type_id=3)","SELECT * FROM ""movie_info"" AS mi WHERE (mi.info_type_id=3)",C:\Users\vanya\Documents\DATA_SYS_LAB\test44\final_benchmarks\test42_100k_exportpatch\queries\job_light\61.sql
duckdb,job_light,61,movie_info_idx,mi_idx,1,251455,251585,1.0005169911117298,over,False,False,"SELECT COUNT(*) FROM ""movie_info_idx"" AS mi_idx WHERE (mi_idx.info_type_id=100)","SELECT * FROM ""movie_info_idx"" AS mi_idx WHERE (mi_idx.info_type_id=100)",C:\Users\vanya\Documents\DATA_SYS_LAB\test44\final_benchmarks\test42_100k_exportpatch\queries\job_light\61.sql
postgres,job_light,61,movie_info_idx,mi_idx,1,251455,250092,1.00544999440206,under,False,False,"SELECT COUNT(*) FROM ""movie_info_idx"" AS mi_idx WHERE (mi_idx.info_type_id=100)","SELECT * FROM ""movie_info_idx"" AS mi_idx WHERE (mi_idx.info_type_id=100)",C:\Users\vanya\Documents\DATA_SYS_LAB\test44\final_benchmarks\test42_100k_exportpatch\queries\job_light\61.sql
duckdb,job_light,62,title,t,1,232500,50291,4.623093595275496,under,False,False,"SELECT COUNT(*) FROM ""title"" AS t WHERE (t.production_year>2010)","SELECT * FROM ""title"" AS t WHERE (t.production_year>2010)",C:\Users\vanya\Documents\DATA_SYS_LAB\test44\final_benchmarks\test42_100k_exportpatch\queries\job_light\62.sql
postgres,job_light,62,title,t,1,232500,232730,1.000989247311828,over,False,False,"SELECT COUNT(*) FROM ""title"" AS t WHERE (t.production_year>2010)","SELECT * FROM ""title"" AS t WHERE (t.production_year>2010)",C:\Users\vanya\Documents\DATA_SYS_LAB\test44\final_benchmarks\test42_100k_exportpatch\queries\job_light\62.sql
duckdb,job_light,62,movie_info,mi,1,245455,165479,1.483299995769856,under,False,False,"SELECT COUNT(*) FROM ""movie_info"" AS mi WHERE (mi.info_type_id=3)","SELECT * FROM ""movie_info"" AS mi WHERE (mi.info_type_id=3)",C:\Users\vanya\Documents\DATA_SYS_LAB\test44\final_benchmarks\test42_100k_exportpatch\queries\job_light\62.sql
postgres,job_light,62,movie_info,mi,1,245455,249706,1.0173188568169318,over,False,False,"SELECT COUNT(*) FROM ""movie_info"" AS mi WHERE (mi.info_type_id=3)","SELECT * FROM ""movie_info"" AS mi WHERE (mi.info_type_id=3)",C:\Users\vanya\Documents\DATA_SYS_LAB\test44\final_benchmarks\test42_100k_exportpatch\queries\job_light\62.sql
duckdb,job_light,62,movie_info_idx,mi_idx,1,251455,251585,1.0005169911117298,over,False,False,"SELECT COUNT(*) FROM ""movie_info_idx"" AS mi_idx WHERE (mi_idx.info_type_id=100)","SELECT * FROM ""movie_info_idx"" AS mi_idx WHERE (mi_idx.info_type_id=100)",C:\Users\vanya\Documents\DATA_SYS_LAB\test44\final_benchmarks\test42_100k_exportpatch\queries\job_light\62.sql
postgres,job_light,62,movie_info_idx,mi_idx,1,251455,250092,1.00544999440206,under,False,False,"SELECT COUNT(*) FROM ""movie_info_idx"" AS mi_idx WHERE (mi_idx.info_type_id=100)","SELECT * FROM ""movie_info_idx"" AS mi_idx WHERE (mi_idx.info_type_id=100)",C:\Users\vanya\Documents\DATA_SYS_LAB\test44\final_benchmarks\test42_100k_exportpatch\queries\job_light\62.sql
duckdb,job_light,63,title,t,2,98479,83819,1.1749006788436989,under,False,False,"SELECT COUNT(*) FROM ""title"" AS t WHERE (t.production_year>2000) AND (t.kind_id=1)","SELECT * FROM ""title"" AS t WHERE (t.production_year>2000) AND (t.kind_id=1)",C:\Users\vanya\Documents\DATA_SYS_LAB\test44\final_benchmarks\test42_100k_exportpatch\queries\job_light\63.sql
postgres,job_light,63,title,t,2,98479,99787,1.0132820195168513,over,False,False,"SELECT COUNT(*) FROM ""title"" AS t WHERE (t.production_year>2000) AND (t.kind_id=1)","SELECT * FROM ""title"" AS t WHERE (t.production_year>2000) AND (t.kind_id=1)",C:\Users\vanya\Documents\DATA_SYS_LAB\test44\final_benchmarks\test42_100k_exportpatch\queries\job_light\63.sql
duckdb,job_light,63,movie_info_idx,mi_idx,1,251455,251585,1.0005169911117298,over,False,False,"SELECT COUNT(*) FROM ""movie_info_idx"" AS mi_idx WHERE (mi_idx.info_type_id=101)","SELECT * FROM ""movie_info_idx"" AS mi_idx WHERE (mi_idx.info_type_id=101)",C:\Users\vanya\Documents\DATA_SYS_LAB\test44\final_benchmarks\test42_100k_exportpatch\queries\job_light\63.sql
postgres,job_light,63,movie_info_idx,mi_idx,1,251455,252809,1.0053846612714004,over,False,False,"SELECT COUNT(*) FROM ""movie_info_idx"" AS mi_idx WHERE (mi_idx.info_type_id=101)","SELECT * FROM ""movie_info_idx"" AS mi_idx WHERE (mi_idx.info_type_id=101)",C:\Users\vanya\Documents\DATA_SYS_LAB\test44\final_benchmarks\test42_100k_exportpatch\queries\job_light\63.sql
duckdb,job_light,64,title,t,2,90023,83819,1.0740166310741002,under,False,False,"SELECT COUNT(*) FROM ""title"" AS t WHERE (t.production_year>2005) AND (t.kind_id=1)","SELECT * FROM ""title"" AS t WHERE (t.production_year>2005) AND (t.kind_id=1)",C:\Users\vanya\Documents\DATA_SYS_LAB\test44\final_benchmarks\test42_100k_exportpatch\queries\job_light\64.sql
postgres,job_light,64,title,t,2,90023,96388,1.0707041533830244,over,False,False,"SELECT COUNT(*) FROM ""title"" AS t WHERE (t.production_year>2005) AND (t.kind_id=1)","SELECT * FROM ""title"" AS t WHERE (t.production_year>2005) AND (t.kind_id=1)",C:\Users\vanya\Documents\DATA_SYS_LAB\test44\final_benchmarks\test42_100k_exportpatch\queries\job_light\64.sql
duckdb,job_light,64,movie_info_idx,mi_idx,1,251455,251585,1.0005169911117298,over,False,False,"SELECT COUNT(*) FROM ""movie_info_idx"" AS mi_idx WHERE (mi_idx.info_type_id=101)","SELECT * FROM ""movie_info_idx"" AS mi_idx WHERE (mi_idx.info_type_id=101)",C:\Users\vanya\Documents\DATA_SYS_LAB\test44\final_benchmarks\test42_100k_exportpatch\queries\job_light\64.sql
postgres,job_light,64,movie_info_idx,mi_idx,1,251455,252809,1.0053846612714004,over,False,False,"SELECT COUNT(*) FROM ""movie_info_idx"" AS mi_idx WHERE (mi_idx.info_type_id=101)","SELECT * FROM ""movie_info_idx"" AS mi_idx WHERE (mi_idx.info_type_id=101)",C:\Users\vanya\Documents\DATA_SYS_LAB\test44\final_benchmarks\test42_100k_exportpatch\queries\job_light\64.sql
duckdb,job_light,65,title,t,1,16384,3224,5.0818858560794045,under,False,False,"SELECT COUNT(*) FROM ""title"" AS t WHERE (t.production_year=2050)","SELECT * FROM ""title"" AS t WHERE (t.production_year=2050)",C:\Users\vanya\Documents\DATA_SYS_LAB\test44\final_benchmarks\test42_100k_exportpatch\queries\job_light\65.sql
postgres,job_light,65,title,t,1,16384,16445,1.00372314453125,over,False,False,"SELECT COUNT(*) FROM ""title"" AS t WHERE (t.production_year=2050)","SELECT * FROM ""title"" AS t WHERE (t.production_year=2050)",C:\Users\vanya\Documents\DATA_SYS_LAB\test44\final_benchmarks\test42_100k_exportpatch\queries\job_light\65.sql
duckdb,job_light,65,movie_keyword,mk,1,12725,129,98.64341085271317,under,False,False,"SELECT COUNT(*) FROM ""movie_keyword"" AS mk WHERE (mk.keyword_id=8715)","SELECT * FROM ""movie_keyword"" AS mk WHERE (mk.keyword_id=8715)",C:\Users\vanya\Documents\DATA_SYS_LAB\test44\final_benchmarks\test42_100k_exportpatch\queries\job_light\65.sql
postgres,job_light,65,movie_keyword,mk,1,12725,13633,1.0713555992141455,over,False,False,"SELECT COUNT(*) FROM ""movie_keyword"" AS mk WHERE (mk.keyword_id=8715)","SELECT * FROM ""movie_keyword"" AS mk WHERE (mk.keyword_id=8715)",C:\Users\vanya\Documents\DATA_SYS_LAB\test44\final_benchmarks\test42_100k_exportpatch\queries\job_light\65.sql
duckdb,job_light,65,movie_companies,mc,1,285649,223793,1.2763982787665387,under,False,False,"SELECT COUNT(*) FROM ""movie_companies"" AS mc WHERE (mc.company_type_id=2)","SELECT * FROM ""movie_companies"" AS mc WHERE (mc.company_type_id=2)",C:\Users\vanya\Documents\DATA_SYS_LAB\test44\final_benchmarks\test42_100k_exportpatch\queries\job_light\65.sql
postgres,job_light,65,movie_companies,mc,1,285649,285127,1.0018307631336212,under,False,False,"SELECT COUNT(*) FROM ""movie_companies"" AS mc WHERE (mc.company_type_id=2)","SELECT * FROM ""movie_companies"" AS mc WHERE (mc.company_type_id=2)",C:\Users\vanya\Documents\DATA_SYS_LAB\test44\final_benchmarks\test42_100k_exportpatch\queries\job_light\65.sql
duckdb,job_light,66,title,t,1,249934,50291,4.9697560199638104,under,False,False,"SELECT COUNT(*) FROM ""title"" AS t WHERE (t.production_year>2000)","SELECT * FROM ""title"" AS t WHERE (t.production_year>2000)",C:\Users\vanya\Documents\DATA_SYS_LAB\test44\final_benchmarks\test42_100k_exportpatch\queries\job_light\66.sql
postgres,job_light,66,title,t,1,249934,250030,1.0003841014027703,over,False,False,"SELECT COUNT(*) FROM ""title"" AS t WHERE (t.production_year>2000)","SELECT * FROM ""title"" AS t WHERE (t.production_year>2000)",C:\Users\vanya\Documents\DATA_SYS_LAB\test44\final_benchmarks\test42_100k_exportpatch\queries\job_light\66.sql
duckdb,job_light,66,movie_info,mi,1,245455,165479,1.483299995769856,under,False,False,"SELECT COUNT(*) FROM ""movie_info"" AS mi WHERE (mi.info_type_id=8)","SELECT * FROM ""movie_info"" AS mi WHERE (mi.info_type_id=8)",C:\Users\vanya\Documents\DATA_SYS_LAB\test44\final_benchmarks\test42_100k_exportpatch\queries\job_light\66.sql
postgres,job_light,66,movie_info,mi,1,245455,241763,1.0152711539813783,under,False,False,"SELECT COUNT(*) FROM ""movie_info"" AS mi WHERE (mi.info_type_id=8)","SELECT * FROM ""movie_info"" AS mi WHERE (mi.info_type_id=8)",C:\Users\vanya\Documents\DATA_SYS_LAB\test44\final_benchmarks\test42_100k_exportpatch\queries\job_light\66.sql
duckdb,job_light,66,movie_info_idx,mi_idx,1,251455,251585,1.0005169911117298,over,False,False,"SELECT COUNT(*) FROM ""movie_info_idx"" AS mi_idx WHERE (mi_idx.info_type_id=101)","SELECT * FROM ""movie_info_idx"" AS mi_idx WHERE (mi_idx.info_type_id=101)",C:\Users\vanya\Documents\DATA_SYS_LAB\test44\final_benchmarks\test42_100k_exportpatch\queries\job_light\66.sql
postgres,job_light,66,movie_info_idx,mi_idx,1,251455,252809,1.0053846612714004,over,False,False,"SELECT COUNT(*) FROM ""movie_info_idx"" AS mi_idx WHERE (mi_idx.info_type_id=101)","SELECT * FROM ""movie_info_idx"" AS mi_idx WHERE (mi_idx.info_type_id=101)",C:\Users\vanya\Documents\DATA_SYS_LAB\test44\final_benchmarks\test42_100k_exportpatch\queries\job_light\66.sql
duckdb,job_light,67,title,t,1,241478,50291,4.801614603010479,under,False,False,"SELECT COUNT(*) FROM ""title"" AS t WHERE (t.production_year>2005)","SELECT * FROM ""title"" AS t WHERE (t.production_year>2005)",C:\Users\vanya\Documents\DATA_SYS_LAB\test44\final_benchmarks\test42_100k_exportpatch\queries\job_light\67.sql
postgres,job_light,67,title,t,1,241478,241514,1.0001490819039416,over,False,False,"SELECT COUNT(*) FROM ""title"" AS t WHERE (t.production_year>2005)","SELECT * FROM ""title"" AS t WHERE (t.production_year>2005)",C:\Users\vanya\Documents\DATA_SYS_LAB\test44\final_benchmarks\test42_100k_exportpatch\queries\job_light\67.sql
duckdb,job_light,67,movie_info,mi,1,245455,165479,1.483299995769856,under,False,False,"SELECT COUNT(*) FROM ""movie_info"" AS mi WHERE (mi.info_type_id=8)","SELECT * FROM ""movie_info"" AS mi WHERE (mi.info_type_id=8)",C:\Users\vanya\Documents\DATA_SYS_LAB\test44\final_benchmarks\test42_100k_exportpatch\queries\job_light\67.sql
postgres,job_light,67,movie_info,mi,1,245455,241763,1.0152711539813783,under,False,False,"SELECT COUNT(*) FROM ""movie_info"" AS mi WHERE (mi.info_type_id=8)","SELECT * FROM ""movie_info"" AS mi WHERE (mi.info_type_id=8)",C:\Users\vanya\Documents\DATA_SYS_LAB\test44\final_benchmarks\test42_100k_exportpatch\queries\job_light\67.sql
duckdb,job_light,67,movie_info_idx,mi_idx,1,251455,251585,1.0005169911117298,over,False,False,"SELECT COUNT(*) FROM ""movie_info_idx"" AS mi_idx WHERE (mi_idx.info_type_id=101)","SELECT * FROM ""movie_info_idx"" AS mi_idx WHERE (mi_idx.info_type_id=101)",C:\Users\vanya\Documents\DATA_SYS_LAB\test44\final_benchmarks\test42_100k_exportpatch\queries\job_light\67.sql
postgres,job_light,67,movie_info_idx,mi_idx,1,251455,252809,1.0053846612714004,over,False,False,"SELECT COUNT(*) FROM ""movie_info_idx"" AS mi_idx WHERE (mi_idx.info_type_id=101)","SELECT * FROM ""movie_info_idx"" AS mi_idx WHERE (mi_idx.info_type_id=101)",C:\Users\vanya\Documents\DATA_SYS_LAB\test44\final_benchmarks\test42_100k_exportpatch\queries\job_light\67.sql
duckdb,job_light,68,title,t,2,224176,50291,4.45757690242787,under,False,False,"SELECT COUNT(*) FROM ""title"" AS t WHERE (t.production_year>2000) AND (t.production_year<2051)","SELECT * FROM ""title"" AS t WHERE (t.production_year>2000) AND (t.production_year<2051)",C:\Users\vanya\Documents\DATA_SYS_LAB\test44\final_benchmarks\test42_100k_exportpatch\queries\job_light\68.sql
postgres,job_light,68,title,t,2,224176,224004,1.0007678434313674,under,False,False,"SELECT COUNT(*) FROM ""title"" AS t WHERE (t.production_year>2000) AND (t.production_year<2051)","SELECT * FROM ""title"" AS t WHERE (t.production_year>2000) AND (t.production_year<2051)",C:\Users\vanya\Documents\DATA_SYS_LAB\test44\final_benchmarks\test42_100k_exportpatch\queries\job_light\68.sql
duckdb,job_light,68,movie_info,mi,1,682960,165479,4.127170214951746,under,False,False,"SELECT COUNT(*) FROM ""movie_info"" AS mi WHERE (mi.info_type_id=16)","SELECT * FROM ""movie_info"" AS mi WHERE (mi.info_type_id=16)",C:\Users\vanya\Documents\DATA_SYS_LAB\test44\final_benchmarks\test42_100k_exportpatch\queries\job_light\68.sql
postgres,job_light,68,movie_info,mi,1,682960,671758,1.0166756480756463,under,False,False,"SELECT COUNT(*) FROM ""movie_info"" AS mi WHERE (mi.info_type_id=16)","SELECT * FROM ""movie_info"" AS mi WHERE (mi.info_type_id=16)",C:\Users\vanya\Documents\DATA_SYS_LAB\test44\final_benchmarks\test42_100k_exportpatch\queries\job_light\68.sql
duckdb,job_light,68,cast_info,ci,1,696911,233497,2.984667897232084,under,False,False,"SELECT COUNT(*) FROM ""cast_info"" AS ci WHERE (ci.role_id=2)","SELECT * FROM ""cast_info"" AS ci WHERE (ci.role_id=2)",C:\Users\vanya\Documents\DATA_SYS_LAB\test44\final_benchmarks\test42_100k_exportpatch\queries\job_light\68.sql
postgres,job_light,68,cast_info,ci,1,696911,694140,1.0039919900884549,under,False,False,"SELECT COUNT(*) FROM ""cast_info"" AS ci WHERE (ci.role_id=2)","SELECT * FROM ""cast_info"" AS ci WHERE (ci.role_id=2)",C:\Users\vanya\Documents\DATA_SYS_LAB\test44\final_benchmarks\test42_100k_exportpatch\queries\job_light\68.sql
duckdb,job_light,68,movie_keyword,mk,1,11922,129,92.4186046511628,under,False,False,"SELECT COUNT(*) FROM ""movie_keyword"" AS mk WHERE (mk.keyword_id=8717)","SELECT * FROM ""movie_keyword"" AS mk WHERE (mk.keyword_id=8717)",C:\Users\vanya\Documents\DATA_SYS_LAB\test44\final_benchmarks\test42_100k_exportpatch\queries\job_light\68.sql
postgres,job_light,68,movie_keyword,mk,1,11922,11964,1.003522898842476,over,False,False,"SELECT COUNT(*) FROM ""movie_keyword"" AS mk WHERE (mk.keyword_id=8717)","SELECT * FROM ""movie_keyword"" AS mk WHERE (mk.keyword_id=8717)",C:\Users\vanya\Documents\DATA_SYS_LAB\test44\final_benchmarks\test42_100k_exportpatch\queries\job_light\68.sql
duckdb,job_light,69,title,t,2,224176,50291,4.45757690242787,under,False,False,"SELECT COUNT(*) FROM ""title"" AS t WHERE (t.production_year>2000) AND (t.production_year<2051)","SELECT * FROM ""title"" AS t WHERE (t.production_year>2000) AND (t.production_year<2051)",C:\Users\vanya\Documents\DATA_SYS_LAB\test44\final_benchmarks\test42_100k_exportpatch\queries\job_light\69.sql
postgres,job_light,69,title,t,2,224176,224004,1.0007678434313674,under,False,False,"SELECT COUNT(*) FROM ""title"" AS t WHERE (t.production_year>2000) AND (t.production_year<2051)","SELECT * FROM ""title"" AS t WHERE (t.production_year>2000) AND (t.production_year<2051)",C:\Users\vanya\Documents\DATA_SYS_LAB\test44\final_benchmarks\test42_100k_exportpatch\queries\job_light\69.sql
duckdb,job_light,69,movie_info,mi,1,682960,165479,4.127170214951746,under,False,False,"SELECT COUNT(*) FROM ""movie_info"" AS mi WHERE (mi.info_type_id=16)","SELECT * FROM ""movie_info"" AS mi WHERE (mi.info_type_id=16)",C:\Users\vanya\Documents\DATA_SYS_LAB\test44\final_benchmarks\test42_100k_exportpatch\queries\job_light\69.sql
postgres,job_light,69,movie_info,mi,1,682960,671758,1.0166756480756463,under,False,False,"SELECT COUNT(*) FROM ""movie_info"" AS mi WHERE (mi.info_type_id=16)","SELECT * FROM ""movie_info"" AS mi WHERE (mi.info_type_id=16)",C:\Users\vanya\Documents\DATA_SYS_LAB\test44\final_benchmarks\test42_100k_exportpatch\queries\job_light\69.sql
duckdb,job_light,69,cast_info,ci,1,696911,233497,2.984667897232084,under,False,False,"SELECT COUNT(*) FROM ""cast_info"" AS ci WHERE (ci.role_id=2)","SELECT * FROM ""cast_info"" AS ci WHERE (ci.role_id=2)",C:\Users\vanya\Documents\DATA_SYS_LAB\test44\final_benchmarks\test42_100k_exportpatch\queries\job_light\69.sql
postgres,job_light,69,cast_info,ci,1,696911,694140,1.0039919900884549,under,False,False,"SELECT COUNT(*) FROM ""cast_info"" AS ci WHERE (ci.role_id=2)","SELECT * FROM ""cast_info"" AS ci WHERE (ci.role_id=2)",C:\Users\vanya\Documents\DATA_SYS_LAB\test44\final_benchmarks\test42_100k_exportpatch\queries\job_light\69.sql
duckdb,job_light,69,movie_keyword,mk,1,11922,129,92.4186046511628,under,False,False,"SELECT COUNT(*) FROM ""movie_keyword"" AS mk WHERE (mk.keyword_id=8717)","SELECT * FROM ""movie_keyword"" AS mk WHERE (mk.keyword_id=8717)",C:\Users\vanya\Documents\DATA_SYS_LAB\test44\final_benchmarks\test42_100k_exportpatch\queries\job_light\69.sql
postgres,job_light,69,movie_keyword,mk,1,11922,11964,1.003522898842476,over,False,False,"SELECT COUNT(*) FROM ""movie_keyword"" AS mk WHERE (mk.keyword_id=8717)","SELECT * FROM ""movie_keyword"" AS mk WHERE (mk.keyword_id=8717)",C:\Users\vanya\Documents\DATA_SYS_LAB\test44\final_benchmarks\test42_100k_exportpatch\queries\job_light\69.sql
duckdb,job_light,70,title,t,1,249934,50291,4.9697560199638104,under,False,False,"SELECT COUNT(*) FROM ""title"" AS t WHERE (t.production_year>2000)","SELECT * FROM ""title"" AS t WHERE (t.production_year>2000)",C:\Users\vanya\Documents\DATA_SYS_LAB\test44\final_benchmarks\test42_100k_exportpatch\queries\job_light\70.sql
postgres,job_light,70,title,t,1,249934,250030,1.0003841014027703,over,False,False,"SELECT COUNT(*) FROM ""title"" AS t WHERE (t.production_year>2000)","SELECT * FROM ""title"" AS t WHERE (t.production_year>2000)",C:\Users\vanya\Documents\DATA_SYS_LAB\test44\final_benchmarks\test42_100k_exportpatch\queries\job_light\70.sql
duckdb,job_light,70,movie_info,mi,1,245455,165479,1.483299995769856,under,False,False,"SELECT COUNT(*) FROM ""movie_info"" AS mi WHERE (mi.info_type_id=3)","SELECT * FROM ""movie_info"" AS mi WHERE (mi.info_type_id=3)",C:\Users\vanya\Documents\DATA_SYS_LAB\test44\final_benchmarks\test42_100k_exportpatch\queries\job_light\70.sql
postgres,job_light,70,movie_info,mi,1,245455,249706,1.0173188568169318,over,False,False,"SELECT COUNT(*) FROM ""movie_info"" AS mi WHERE (mi.info_type_id=3)","SELECT * FROM ""movie_info"" AS mi WHERE (mi.info_type_id=3)",C:\Users\vanya\Documents\DATA_SYS_LAB\test44\final_benchmarks\test42_100k_exportpatch\queries\job_light\70.sql
duckdb,job_light,70,movie_info_idx,mi_idx,1,251455,251585,1.0005169911117298,over,False,False,"SELECT COUNT(*) FROM ""movie_info_idx"" AS mi_idx WHERE (mi_idx.info_type_id=100)","SELECT * FROM ""movie_info_idx"" AS mi_idx WHERE (mi_idx.info_type_id=100)",C:\Users\vanya\Documents\DATA_SYS_LAB\test44\final_benchmarks\test42_100k_exportpatch\queries\job_light\70.sql
postgres,job_light,70,movie_info_idx,mi_idx,1,251455,250092,1.00544999440206,under,False,False,"SELECT COUNT(*) FROM ""movie_info_idx"" AS mi_idx WHERE (mi_idx.info_type_id=100)","SELECT * FROM ""movie_info_idx"" AS mi_idx WHERE (mi_idx.info_type_id=100)",C:\Users\vanya\Documents\DATA_SYS_LAB\test44\final_benchmarks\test42_100k_exportpatch\queries\job_light\70.sql
